  0
SECTION
  2
HEADER
  9
$ACADVER
  1
AC1032
  9
$ACADMAINTVER
 90
       55
  9
$DWGCODEPAGE
  3
ANSI_936
  9
$LASTSAVEDBY
  1
wfei0
  9
$REQUIREDVERSIONS
160
                 0
  9
$INSBASE
 10
0.0
 20
0.0
 30
0.0
  9
$EXTMIN
 10
-1402.626568023516
 20
-263.0488330616311
 30
0.0
  9
$EXTMAX
 10
5659.514737959544
 20
2691.899766020755
 30
0.0
  9
$LIMMIN
 10
0.0
 20
0.0
  9
$LIMMAX
 10
420.0
 20
297.0
  9
$ORTHOMODE
 70
     0
  9
$REGENMODE
 70
     1
  9
$FILLMODE
 70
     1
  9
$QTEXTMODE
 70
     0
  9
$MIRRTEXT
 70
     1
  9
$LTSCALE
 40
1.0
  9
$ATTMODE
 70
     1
  9
$TEXTSIZE
 40
2.5
  9
$TRACEWID
 40
1.0
  9
$TEXTSTYLE
  7
Standard
  9
$CLAYER
  8
0
  9
$CELTYPE
  6
ByLayer
  9
$CECOLOR
 62
   256
  9
$CELTSCALE
 40
1.0
  9
$DISPSILH
 70
     0
  9
$DIMSCALE
 40
1.0
  9
$DIMASZ
 40
2.5
  9
$DIMEXO
 40
0.625
  9
$DIMDLI
 40
3.75
  9
$DIMRND
 40
0.0
  9
$DIMDLE
 40
5.0
  9
$DIMEXE
 40
1.25
  9
$DIMTP
 40
0.0
  9
$DIMTM
 40
0.0
  9
$DIMTXT
 40
2.5
  9
$DIMCEN
 40
2.5
  9
$DIMTSZ
 40
0.0
  9
$DIMTOL
 70
     0
  9
$DIMLIM
 70
     0
  9
$DIMTIH
 70
     0
  9
$DIMTOH
 70
     0
  9
$DIMSE1
 70
     0
  9
$DIMSE2
 70
     0
  9
$DIMTAD
 70
     1
  9
$DIMZIN
 70
     8
  9
$DIMBLK
  1

  9
$DIMASO
 70
     1
  9
$DIMSHO
 70
     1
  9
$DIMPOST
  1

  9
$DIMAPOST
  1

  9
$DIMALT
 70
     0
  9
$DIMALTD
 70
     3
  9
$DIMALTF
 40
0.03937007874
  9
$DIMLFAC
 40
1.0
  9
$DIMTOFL
 70
     1
  9
$DIMTVP
 40
0.0
  9
$DIMTIX
 70
     0
  9
$DIMSOXD
 70
     0
  9
$DIMSAH
 70
     0
  9
$DIMBLK1
  1

  9
$DIMBLK2
  1

  9
$DIMSTYLE
  2
Standard
  9
$DIMCLRD
 70
     0
  9
$DIMCLRE
 70
     0
  9
$DIMCLRT
 70
     0
  9
$DIMTFAC
 40
1.0
  9
$DIMGAP
 40
0.625
  9
$DIMJUST
 70
     0
  9
$DIMSD1
 70
     0
  9
$DIMSD2
 70
     0
  9
$DIMTOLJ
 70
     1
  9
$DIMTZIN
 70
     8
  9
$DIMALTZ
 70
     0
  9
$DIMALTTZ
 70
     0
  9
$DIMUPT
 70
     0
  9
$DIMDEC
 70
     2
  9
$DIMTDEC
 70
     2
  9
$DIMALTU
 70
     2
  9
$DIMALTTD
 70
     3
  9
$DIMTXSTY
  7
Standard
  9
$DIMAUNIT
 70
     0
  9
$DIMADEC
 70
     0
  9
$DIMALTRND
 40
0.0
  9
$DIMAZIN
 70
     0
  9
$DIMDSEP
 70
    44
  9
$DIMATFIT
 70
     3
  9
$DIMFRAC
 70
     0
  9
$DIMLDRBLK
  1

  9
$DIMLUNIT
 70
     2
  9
$DIMLWD
 70
    -2
  9
$DIMLWE
 70
    -2
  9
$DIMTMOVE
 70
     0
  9
$DIMFXL
 40
1.0
  9
$DIMFXLON
 70
     0
  9
$DIMJOGANG
 40
0.7853981633974483
  9
$DIMTFILL
 70
     0
  9
$DIMTFILLCLR
 70
     0
  9
$DIMARCSYM
 70
     0
  9
$DIMLTYPE
  6
Continuous
  9
$DIMLTEX1
  6
Continuous
  9
$DIMLTEX2
  6
Continuous
  9
$DIMTXTDIRECTION
 70
     0
  9
$LUNITS
 70
     2
  9
$LUPREC
 70
     4
  9
$SKETCHINC
 40
1.0
  9
$FILLETRAD
 40
0.0
  9
$AUNITS
 70
     0
  9
$AUPREC
 70
     0
  9
$MENU
  1
.
  9
$ELEVATION
 40
0.0
  9
$PELEVATION
 40
0.0
  9
$THICKNESS
 40
0.0
  9
$LIMCHECK
 70
     0
  9
$CHAMFERA
 40
0.0
  9
$CHAMFERB
 40
0.0
  9
$CHAMFERC
 40
0.0
  9
$CHAMFERD
 40
0.0
  9
$SKPOLY
 70
     0
  9
$TDCREATE
 40
2461109.351686134
  9
$TDUCREATE
 40
2461109.018352801
  9
$TDUPDATE
 40
2461109.351687025
  9
$TDUUPDATE
 40
2461109.018353692
  9
$TDINDWG
 40
0.0000000116
  9
$TDUSRTIMER
 40
0.0000000116
  9
$USRTIMER
 70
     1
  9
$ANGBASE
 50
0.0
  9
$ANGDIR
 70
     0
  9
$PDMODE
 70
     0
  9
$PDSIZE
 40
-5.0
  9
$PLINEWID
 40
0.0
  9
$SPLFRAME
 70
     0
  9
$SPLINETYPE
 70
     6
  9
$SPLINESEGS
 70
     8
  9
$HANDSEED
  5
52C
  9
$SURFTAB1
 70
     6
  9
$SURFTAB2
 70
     6
  9
$SURFTYPE
 70
     6
  9
$SURFU
 70
     6
  9
$SURFV
 70
     6
  9
$UCSBASE
  2

  9
$UCSNAME
  2

  9
$UCSORG
 10
0.0
 20
0.0
 30
0.0
  9
$UCSXDIR
 10
1.0
 20
0.0
 30
0.0
  9
$UCSYDIR
 10
0.0
 20
1.0
 30
0.0
  9
$UCSORTHOREF
  2

  9
$UCSORTHOVIEW
 70
     0
  9
$UCSORGTOP
 10
0.0
 20
0.0
 30
0.0
  9
$UCSORGBOTTOM
 10
0.0
 20
0.0
 30
0.0
  9
$UCSORGLEFT
 10
0.0
 20
0.0
 30
0.0
  9
$UCSORGRIGHT
 10
0.0
 20
0.0
 30
0.0
  9
$UCSORGFRONT
 10
0.0
 20
0.0
 30
0.0
  9
$UCSORGBACK
 10
0.0
 20
0.0
 30
0.0
  9
$PUCSBASE
  2

  9
$PUCSNAME
  2

  9
$PUCSORG
 10
0.0
 20
0.0
 30
0.0
  9
$PUCSXDIR
 10
1.0
 20
0.0
 30
0.0
  9
$PUCSYDIR
 10
0.0
 20
1.0
 30
0.0
  9
$PUCSORTHOREF
  2

  9
$PUCSORTHOVIEW
 70
     0
  9
$PUCSORGTOP
 10
0.0
 20
0.0
 30
0.0
  9
$PUCSORGBOTTOM
 10
0.0
 20
0.0
 30
0.0
  9
$PUCSORGLEFT
 10
0.0
 20
0.0
 30
0.0
  9
$PUCSORGRIGHT
 10
0.0
 20
0.0
 30
0.0
  9
$PUCSORGFRONT
 10
0.0
 20
0.0
 30
0.0
  9
$PUCSORGBACK
 10
0.0
 20
0.0
 30
0.0
  9
$USERI1
 70
     0
  9
$USERI2
 70
     0
  9
$USERI3
 70
     0
  9
$USERI4
 70
     0
  9
$USERI5
 70
     0
  9
$USERR1
 40
0.0
  9
$USERR2
 40
0.0
  9
$USERR3
 40
0.0
  9
$USERR4
 40
0.0
  9
$USERR5
 40
0.0
  9
$WORLDVIEW
 70
     1
  9
$SHADEDGE
 70
     3
  9
$SHADEDIF
 70
    70
  9
$TILEMODE
 70
     1
  9
$MAXACTVP
 70
    64
  9
$PINSBASE
 10
0.0
 20
0.0
 30
0.0
  9
$PLIMCHECK
 70
     0
  9
$PEXTMIN
 10
1.000000000000000E+20
 20
1.000000000000000E+20
 30
1.000000000000000E+20
  9
$PEXTMAX
 10
-1.000000000000000E+20
 20
-1.000000000000000E+20
 30
-1.000000000000000E+20
  9
$PLIMMIN
 10
0.0
 20
0.0
  9
$PLIMMAX
 10
420.0
 20
297.0
  9
$UNITMODE
 70
     0
  9
$VISRETAIN
 70
     1
  9
$PLINEGEN
 70
     0
  9
$PSLTSCALE
 70
     1
  9
$TREEDEPTH
 70
  3020
  9
$CMLSTYLE
  2
Standard
  9
$CMLJUST
 70
     0
  9
$CMLSCALE
 40
20.0
  9
$PROXYGRAPHICS
 70
     1
  9
$MEASUREMENT
 70
     1
  9
$CELWEIGHT
370
    -1
  9
$ENDCAPS
280
     0
  9
$JOINSTYLE
280
     0
  9
$LWDISPLAY
290
     0
  9
$INSUNITS
 70
     4
  9
$HYPERLINKBASE
  1

  9
$STYLESHEET
  1

  9
$XEDIT
290
     1
  9
$CEPSNTYPE
380
     0
  9
$PSTYLEMODE
290
     1
  9
$FINGERPRINTGUID
  2
{2b17bd4c-117a-4263-a455-bfd7a3f38c23}
  9
$VERSIONGUID
  2
{FAEB1C32-E019-11D5-929B-00C0DF256EC4}
  9
$EXTNAMES
290
     1
  9
$PSVPSCALE
 40
0.0
  9
$OLESTARTUP
290
     0
  9
$SORTENTS
280
   127
  9
$INDEXCTL
280
     0
  9
$HIDETEXT
280
     1
  9
$XCLIPFRAME
280
     2
  9
$HALOGAP
280
     0
  9
$OBSCOLOR
 70
   257
  9
$OBSLTYPE
280
     0
  9
$INTERSECTIONDISPLAY
280
     0
  9
$INTERSECTIONCOLOR
 70
   257
  9
$DIMASSOC
280
     2
  9
$PROJECTNAME
  1

  9
$CAMERADISPLAY
290
     0
  9
$LENSLENGTH
 40
50.0
  9
$CAMERAHEIGHT
 40
0.0
  9
$STEPSPERSEC
 40
2.0
  9
$STEPSIZE
 40
6.0
  9
$3DDWFPREC
 40
2.0
  9
$PSOLWIDTH
 40
5.0
  9
$PSOLHEIGHT
 40
80.0
  9
$LOFTANG1
 40
1.570796326794897
  9
$LOFTANG2
 40
1.570796326794897
  9
$LOFTMAG1
 40
0.0
  9
$LOFTMAG2
 40
0.0
  9
$LOFTPARAM
 70
     7
  9
$LOFTNORMALS
280
     1
  9
$LATITUDE
 40
37.795
  9
$LONGITUDE
 40
-122.394
  9
$NORTHDIRECTION
 40
0.0
  9
$TIMEZONE
 70
 -8000
  9
$LIGHTGLYPHDISPLAY
280
     1
  9
$TILEMODELIGHTSYNCH
280
     1
  9
$CMATERIAL
347
44
  9
$SOLIDHIST
280
     0
  9
$SHOWHIST
280
     1
  9
$DWFFRAME
280
     2
  9
$DGNFRAME
280
     2
  9
$REALWORLDSCALE
290
     1
  9
$INTERFERECOLOR
 62
   256
  9
$CSHADOW
280
     0
  9
$SHADOWPLANELOCATION
 40
0.0
  0
ENDSEC
  0
SECTION
  2
CLASSES
  0
CLASS
  1
ACDBDICTIONARYWDFLT
  2
AcDbDictionaryWithDefault
  3
ObjectDBX Classes
 90
        0
 91
        3
280
     0
281
     0
  0
CLASS
  1
VISUALSTYLE
  2
AcDbVisualStyle
  3
ObjectDBX Classes
 90
     4095
 91
        3
280
     0
281
     0
  0
CLASS
  1
MATERIAL
  2
AcDbMaterial
  3
ObjectDBX Classes
 90
     1153
 91
        3
280
     0
281
     0
  0
CLASS
  1
SCALE
  2
AcDbScale
  3
ObjectDBX Classes
 90
     1153
 91
        3
280
     0
281
     0
  0
CLASS
  1
TABLESTYLE
  2
AcDbTableStyle
  3
ObjectDBX Classes
 90
     4095
 91
        3
280
     0
281
     0
  0
CLASS
  1
MLEADERSTYLE
  2
AcDbMLeaderStyle
  3
ACDB_MLEADERSTYLE_CLASS
 90
     4095
 91
        3
280
     0
281
     0
  0
CLASS
  1
SUN
  2
AcDbSun
  3
SCENEOE
 90
     1153
 91
        3
280
     0
281
     0
  0
CLASS
  1
SPATIAL_FILTER
  2
AcDbSpatialFilter
  3
ObjectDBX Classes
 90
        0
 91
        3
280
     0
281
     0
  0
CLASS
  1
WIPEOUTVARIABLES
  2
AcDbWipeoutVariables
  3
WipeOut|AutoCAD Express Tool|expresstools@autodesk.com
 90
        0
 91
        3
280
     0
281
     0
  0
CLASS
  1
DICTIONARYVAR
  2
AcDbDictionaryVar
  3
ObjectDBX Classes
 90
        0
 91
        3
280
     0
281
     0
  0
CLASS
  1
CELLSTYLEMAP
  2
AcDbCellStyleMap
  3
ObjectDBX Classes
 90
     1152
 91
        3
280
     0
281
     0
  0
ENDSEC
  0
SECTION
  2
TABLES
  0
TABLE
  2
VPORT
  5
8
330
0
100
AcDbSymbolTable
 70
     1
  0
VPORT
  5
29
330
8
100
AcDbSymbolTableRecord
100
AcDbViewportTableRecord
  2
*Active
 70
     0
 10
0.0
 20
0.0
 11
1.0
 21
1.0
 12
2128.444084968014
 22
1214.425466479562
 13
0.0
 23
0.0
 14
0.5
 24
0.5
 15
0.5
 25
0.5
 16
0.0
 26
0.0
 36
1.0
 17
0.0
 27
0.0
 37
0.0
 40
2954.948599082386
 41
2.389937106918239
 42
50.0
 43
0.0
 44
0.0
 50
0.0
 51
0.0
 71
     0
 72
   100
 73
     1
 74
     3
 75
     0
 76
     0
 77
     0
 78
     0
281
     0
 65
     1
110
0.0
120
0.0
130
0.0
111
1.0
121
0.0
131
0.0
112
0.0
122
1.0
132
0.0
 79
     0
146
0.0
348
2F
 60
     3
 61
     5
292
     1
282
     1
141
0.0
142
0.0
 63
   250
361
5D
  0
ENDTAB
  0
TABLE
  2
LTYPE
  5
5
330
0
100
AcDbSymbolTable
 70
     4
  0
LTYPE
  5
14
330
5
100
AcDbSymbolTableRecord
100
AcDbLinetypeTableRecord
  2
ByBlock
 70
     0
  3

 72
    65
 73
     0
 40
0.0
  0
LTYPE
  5
15
330
5
100
AcDbSymbolTableRecord
100
AcDbLinetypeTableRecord
  2
ByLayer
 70
     0
  3

 72
    65
 73
     0
 40
0.0
  0
LTYPE
  5
16
330
5
100
AcDbSymbolTableRecord
100
AcDbLinetypeTableRecord
  2
Continuous
 70
     0
  3
Solid line
 72
    65
 73
     0
 40
0.0
  0
LTYPE
  5
D2
330
5
100
AcDbSymbolTableRecord
100
AcDbLinetypeTableRecord
  2
虚线
 70
     0
  3
虚线: __ __ __ __ __ __ __ __ __ __ __ __ __
 72
    65
 73
     4
 40
18.0
 49
9.0
 74
     0
 49
-9.0
 74
     0
 49
0.0
 74
     0
 49
0.0
 74
     0
  0
LTYPE
  5
D3
330
5
100
AcDbSymbolTableRecord
100
AcDbLinetypeTableRecord
  2
点画线
 70
     0
  3
点画线: ____ . ____ . ____ . ____ . ____ . ____
 72
    65
 73
     6
 40
162.0
 49
108.0
 74
     0
 49
-18.0
 74
     0
 49
18.0
 74
     0
 49
-18.0
 74
     0
 49
0.0
 74
     0
 49
0.0
 74
     0
  0
LTYPE
  5
D4
330
5
100
AcDbSymbolTableRecord
100
AcDbLinetypeTableRecord
  2
双点画线
 70
     0
  3
双点画线: ____ . . ____ . . ____ . . ____ . . ____ 
 72
    65
 73
     6
 40
22.0
 49
12.0
 74
     0
 49
-2.0
 74
     0
 49
2.0
 74
     0
 49
-2.0
 74
     0
 49
2.0
 74
     0
 49
-2.0
 74
     0
  0
ENDTAB
  0
TABLE
  2
LAYER
  5
2
330
0
100
AcDbSymbolTable
 70
    13
  0
LAYER
  5
10
330
2
100
AcDbSymbolTableRecord
100
AcDbLayerTableRecord
  2
0
 70
     0
 62
     7
  6
Continuous
370
    18
390
F
347
46
348
0
1001
AcAecLayerStandard
1000

1000

  0
LAYER
  5
D6
330
2
100
AcDbSymbolTableRecord
100
AcDbLayerTableRecord
  2
中心线层
 70
     0
 62
     1
  6
点画线
370
    18
390
F
347
46
348
0
1001
AcAecLayerStandard
1000

1000

  0
LAYER
  5
D7
330
2
100
AcDbSymbolTableRecord
100
AcDbLayerTableRecord
  2
虚线层
 70
     0
 62
     6
  6
虚线
370
    18
390
F
347
46
348
0
1001
AcAecLayerStandard
1000

1000

  0
LAYER
  5
D8
330
2
100
AcDbSymbolTableRecord
100
AcDbLayerTableRecord
  2
细实线层
 70
     0
 62
     7
  6
Continuous
370
    18
390
F
347
46
348
0
1001
AcAecLayerStandard
1000

1000

  0
LAYER
  5
D9
330
2
100
AcDbSymbolTableRecord
100
AcDbLayerTableRecord
  2
粗实线层
 70
     0
 62
     7
  6
Continuous
370
    35
390
F
347
46
348
0
1001
AcAecLayerStandard
1000

1000

  0
LAYER
  5
DA
330
2
100
AcDbSymbolTableRecord
100
AcDbLayerTableRecord
  2
尺寸线层
 70
     0
 62
     3
  6
Continuous
370
    18
390
F
347
46
348
0
1001
AcAecLayerStandard
1000

1000

  0
LAYER
  5
DB
330
2
100
AcDbSymbolTableRecord
100
AcDbLayerTableRecord
  2
剖面线层
 70
     0
 62
     4
  6
Continuous
370
    18
390
F
347
46
348
0
1001
AcAecLayerStandard
1000

1000

  0
LAYER
  5
DC
330
2
100
AcDbSymbolTableRecord
100
AcDbLayerTableRecord
  2
隐藏层
 70
     0
 62
    -7
  6
Continuous
370
    18
390
F
347
46
348
0
1001
AcAecLayerStandard
1000

1000

  0
LAYER
  5
DD
330
2
100
AcDbSymbolTableRecord
100
AcDbLayerTableRecord
  2
Defpoints
 70
     0
 62
     7
  6
Continuous
290
     0
370
    18
390
F
347
46
348
0
1001
AcAecLayerStandard
1000

1000

  0
LAYER
  5
DE
330
2
100
AcDbSymbolTableRecord
100
AcDbLayerTableRecord
  2
实体线
 70
     0
 62
     5
  6
Continuous
370
    50
390
F
347
46
348
0
1001
AcAecLayerStandard
1000

1000

  0
LAYER
  5
DF
330
2
100
AcDbSymbolTableRecord
100
AcDbLayerTableRecord
  2
标记
 70
     0
 62
     7
  6
Continuous
370
    18
390
F
347
46
348
0
1001
AcAecLayerStandard
1000

1000

  0
LAYER
  5
E0
330
2
100
AcDbSymbolTableRecord
100
AcDbLayerTableRecord
  2
文字
 70
     0
 62
     7
  6
Continuous
370
    18
390
F
347
46
348
0
1001
AcAecLayerStandard
1000

1000

  0
LAYER
  5
E1
330
2
100
AcDbSymbolTableRecord
100
AcDbLayerTableRecord
  2
粗符号线
 70
     0
 62
     6
  6
Continuous
370
    18
390
F
347
46
348
0
1001
AcAecLayerStandard
1000

1000
粗线符号
  0
ENDTAB
  0
TABLE
  2
STYLE
  5
3
330
0
100
AcDbSymbolTable
 70
     6
  0
STYLE
  5
11
330
3
100
AcDbSymbolTableRecord
100
AcDbTextStyleTableRecord
  2
Standard
 70
     0
 40
0.0
 41
1.0
 50
0.0
 71
     0
 42
3.5
  3
txt
  4

1001
CAXA_DRAFT_TXTSTYLE
1041
0.0
1041
1.667
1001
ACAD
1000
宋体
1071
    34306
  0
STYLE
  5
E2
330
3
100
AcDbSymbolTableRecord
100
AcDbTextStyleTableRecord
  2
标准
 70
     0
 40
0.0
 41
0.667
 50
0.0
 71
     0
 42
2.5
  3

  4

1001
CAXA_DRAFT_TXTSTYLE
1041
0.1
1041
1.918
1001
ACAD
1000
宋体
1071
    34306
  0
STYLE
  5
E3
330
3
100
AcDbSymbolTableRecord
100
AcDbTextStyleTableRecord
  2
机械
 70
     0
 40
0.0
 41
0.667
 50
0.0
 71
     0
 42
2.5
  3

  4

1001
CAXA_DRAFT_TXTSTYLE
1041
0.1
1041
1.918
1001
ACAD
1000
宋体
1071
    34306
  0
STYLE
  5
E4
330
3
100
AcDbSymbolTableRecord
100
AcDbTextStyleTableRecord
  2
UserTxtStyle4
 70
     0
 40
0.0
 41
0.667
 50
0.0
 71
     0
 42
2.5
  3

  4

1001
CAXA_DRAFT_TXTSTYLE
1041
0.1
1041
1.918
1001
ACAD
1000
宋体
1071
    34306
  0
STYLE
  5
E5
330
3
100
AcDbSymbolTableRecord
100
AcDbTextStyleTableRecord
  2
TSSD_Num
 70
     0
 40
0.0
 41
0.7
 50
0.0
 71
     0
 42
2.5
  3

  4

1001
CAXA_DRAFT_TXTSTYLE
1041
0.0
1041
1.667
1001
ACAD
1000
宋体
1071
    34306
  0
STYLE
  5
E6
330
3
100
AcDbSymbolTableRecord
100
AcDbTextStyleTableRecord
  2
TSSD_Label
 70
     0
 40
0.0
 41
0.7
 50
0.0
 71
     0
 42
2.5
  3

  4

1001
CAXA_DRAFT_TXTSTYLE
1041
0.0
1041
1.667
1001
ACAD
1000
宋体
1071
    34306
  0
ENDTAB
  0
TABLE
  2
VIEW
  5
6
330
0
100
AcDbSymbolTable
 70
     0
  0
ENDTAB
  0
TABLE
  2
UCS
  5
7
330
0
100
AcDbSymbolTable
 70
     0
  0
ENDTAB
  0
TABLE
  2
APPID
  5
9
330
0
100
AcDbSymbolTable
 70
   117
  0
APPID
  5
12
330
9
100
AcDbSymbolTableRecord
100
AcDbRegAppTableRecord
  2
ACAD
 70
     0
  0
APPID
  5
5E
330
9
100
AcDbSymbolTableRecord
100
AcDbRegAppTableRecord
  2
CAXA_DRAFT_PAPERORDER
 70
     0
  0
APPID
  5
5F
330
9
100
AcDbSymbolTableRecord
100
AcDbRegAppTableRecord
  2
CAXA_DRAFT_ROUGH
 70
     0
  0
APPID
  5
60
330
9
100
AcDbSymbolTableRecord
100
AcDbRegAppTableRecord
  2
CAXA_DRAFT_ROUGH_STD
 70
     0
  0
APPID
  5
61
330
9
100
AcDbSymbolTableRecord
100
AcDbRegAppTableRecord
  2
CAXA_DRAFT_FORMATED_TXT
 70
     0
  0
APPID
  5
62
330
9
100
AcDbSymbolTableRecord
100
AcDbRegAppTableRecord
  2
CAXA_DRAFT_DATUM
 70
     0
  0
APPID
  5
63
330
9
100
AcDbSymbolTableRecord
100
AcDbRegAppTableRecord
  2
CAXA_DRAFT_WELD
 70
     0
  0
APPID
  5
64
330
9
100
AcDbSymbolTableRecord
100
AcDbRegAppTableRecord
  2
CAXA_DRAFT_GEOTOL
 70
     0
  0
APPID
  5
65
330
9
100
AcDbSymbolTableRecord
100
AcDbRegAppTableRecord
  2
CAXA_DRAFT_CUTS
 70
     0
  0
APPID
  5
66
330
9
100
AcDbSymbolTableRecord
100
AcDbRegAppTableRecord
  2
CAXA_DRAFT_DIMHALF
 70
     0
  0
APPID
  5
67
330
9
100
AcDbSymbolTableRecord
100
AcDbRegAppTableRecord
  2
CAXA_DRAFT_DIMRAY
 70
     0
  0
APPID
  5
68
330
9
100
AcDbSymbolTableRecord
100
AcDbRegAppTableRecord
  2
CAXA_DRAFT_DIMARCLEN
 70
     0
  0
APPID
  5
69
330
9
100
AcDbSymbolTableRecord
100
AcDbRegAppTableRecord
  2
CAXA_DRAFT_DIMTAPER
 70
     0
  0
APPID
  5
6A
330
9
100
AcDbSymbolTableRecord
100
AcDbRegAppTableRecord
  2
CAXA_DRAFT_DIMPITCH
 70
     0
  0
APPID
  5
6B
330
9
100
AcDbSymbolTableRecord
100
AcDbRegAppTableRecord
  2
CAXA_DRAFT_DIMCOORD
 70
     0
  0
APPID
  5
6C
330
9
100
AcDbSymbolTableRecord
100
AcDbRegAppTableRecord
  2
CAXA_DRAFT_DIMORIALIGN
 70
     0
  0
APPID
  5
6D
330
9
100
AcDbSymbolTableRecord
100
AcDbRegAppTableRecord
  2
CAXA_DRAFT_DIMHOLEPOS
 70
     0
  0
APPID
  5
6E
330
9
100
AcDbSymbolTableRecord
100
AcDbRegAppTableRecord
  2
CAXA_DRAFT_DIMCRDLEADER
 70
     0
  0
APPID
  5
6F
330
9
100
AcDbSymbolTableRecord
100
AcDbRegAppTableRecord
  2
CAXA_DRAFT_DIMCHAMFER
 70
     0
  0
APPID
  5
70
330
9
100
AcDbSymbolTableRecord
100
AcDbRegAppTableRecord
  2
CAXA_DRAFT_DIMCENTERHOLE
 70
     0
  0
APPID
  5
71
330
9
100
AcDbSymbolTableRecord
100
AcDbRegAppTableRecord
  2
CAXA_DRAFT_DIMLEADER
 70
     0
  0
APPID
  5
72
330
9
100
AcDbSymbolTableRecord
100
AcDbRegAppTableRecord
  2
CAXA_DRAFT_DIMCRDLIST
 70
     0
  0
APPID
  5
73
330
9
100
AcDbSymbolTableRecord
100
AcDbRegAppTableRecord
  2
CAXA_DRAFT_PAPERSCALE
 70
     0
  0
APPID
  5
74
330
9
100
AcDbSymbolTableRecord
100
AcDbRegAppTableRecord
  2
CAXA_DRAFT_FILEVERSION
 70
     0
  0
APPID
  5
75
330
9
100
AcDbSymbolTableRecord
100
AcDbRegAppTableRecord
  2
CAXA_DRAFT_PRODUCTVERSION
 70
     0
  0
APPID
  5
76
330
9
100
AcDbSymbolTableRecord
100
AcDbRegAppTableRecord
  2
CAXA_DRAFT_DATATABLE
 70
     0
  0
APPID
  5
77
330
9
100
AcDbSymbolTableRecord
100
AcDbRegAppTableRecord
  2
CAXA_DRAFT_PAPERINFO
 70
     0
  0
APPID
  5
78
330
9
100
AcDbSymbolTableRecord
100
AcDbRegAppTableRecord
  2
CAXA_DRAFT_PAPERFRAME
 70
     0
  0
APPID
  5
79
330
9
100
AcDbSymbolTableRecord
100
AcDbRegAppTableRecord
  2
CAXA_DRAFT_PAPERTITLE
 70
     0
  0
APPID
  5
7A
330
9
100
AcDbSymbolTableRecord
100
AcDbRegAppTableRecord
  2
CAXA_DRAFT_PAPERPAREATABLE
 70
     0
  0
APPID
  5
7B
330
9
100
AcDbSymbolTableRecord
100
AcDbRegAppTableRecord
  2
CAXA_DRAFT_PARTNO
 70
     0
  0
APPID
  5
7C
330
9
100
AcDbSymbolTableRecord
100
AcDbRegAppTableRecord
  2
CAXA_DRAFT_BOMTABLE
 70
     0
  0
APPID
  5
7D
330
9
100
AcDbSymbolTableRecord
100
AcDbRegAppTableRecord
  2
CAXA_DRAFT_BLKREF_EXTATT
 70
     0
  0
APPID
  5
7E
330
9
100
AcDbSymbolTableRecord
100
AcDbRegAppTableRecord
  2
CAXA_DRAFT_DBVIEWDATA
 70
     0
  0
APPID
  5
7F
330
9
100
AcDbSymbolTableRecord
100
AcDbRegAppTableRecord
  2
CAXA_DRAFT_DIMSYMTOL
 70
     0
  0
APPID
  5
80
330
9
100
AcDbSymbolTableRecord
100
AcDbRegAppTableRecord
  2
CAXA_DRAFT_DIMASSEMTOL
 70
     0
  0
APPID
  5
81
330
9
100
AcDbSymbolTableRecord
100
AcDbRegAppTableRecord
  2
CAXA_DRAFT_DIMANGLETOL
 70
     0
  0
APPID
  5
82
330
9
100
AcDbSymbolTableRecord
100
AcDbRegAppTableRecord
  2
CAXA_DRAFT_DRAFTDATA
 70
     0
  0
APPID
  5
83
330
9
100
AcDbSymbolTableRecord
100
AcDbRegAppTableRecord
  2
CAXA_DRAFT_DIMORIGIN
 70
     0
  0
APPID
  5
84
330
9
100
AcDbSymbolTableRecord
100
AcDbRegAppTableRecord
  2
CAXA_DRAFT_ENLARGE_EDGE
 70
     0
  0
APPID
  5
85
330
9
100
AcDbSymbolTableRecord
100
AcDbRegAppTableRecord
  2
CAXA_DRAFT_DIMSTY_T_VPOS
 70
     0
  0
APPID
  5
86
330
9
100
AcDbSymbolTableRecord
100
AcDbRegAppTableRecord
  2
CAXA_DRAFT_DIMSTY_AT_VPOS
 70
     0
  0
APPID
  5
87
330
9
100
AcDbSymbolTableRecord
100
AcDbRegAppTableRecord
  2
CAXA_DRAFT_BLKHIDE
 70
     0
  0
APPID
  5
88
330
9
100
AcDbSymbolTableRecord
100
AcDbRegAppTableRecord
  2
CAXA_DRAFT_DIMARROWREVERSE
 70
     0
  0
APPID
  5
89
330
9
100
AcDbSymbolTableRecord
100
AcDbRegAppTableRecord
  2
CAXA_DRAFT_TXTSTYLE
 70
     0
  0
APPID
  5
8A
330
9
100
AcDbSymbolTableRecord
100
AcDbRegAppTableRecord
  2
CAXA_DRAFT_ATTRIBUTE_2PT
 70
     0
  0
APPID
  5
8B
330
9
100
AcDbSymbolTableRecord
100
AcDbRegAppTableRecord
  2
CAXA_DRAFT_ATTDEF_2PT
 70
     0
  0
APPID
  5
8C
330
9
100
AcDbSymbolTableRecord
100
AcDbRegAppTableRecord
  2
CAXA_DRAFT_DIMBIGARC
 70
     0
  0
APPID
  5
8D
330
9
100
AcDbSymbolTableRecord
100
AcDbRegAppTableRecord
  2
CAXA_DRAFT_ISNEB09R3
 70
     0
  0
APPID
  5
8E
330
9
100
AcDbSymbolTableRecord
100
AcDbRegAppTableRecord
  2
CAXA_DRAFT_WIPEOUT_B_HIDE
 70
     0
  0
APPID
  5
8F
330
9
100
AcDbSymbolTableRecord
100
AcDbRegAppTableRecord
  2
CAXA_DRAFT_BLKREF_SYMBOL
 70
     0
  0
APPID
  5
90
330
9
100
AcDbSymbolTableRecord
100
AcDbRegAppTableRecord
  2
CAXA_DRAFT_ENL_COMMENTS
 70
     0
  0
APPID
  5
91
330
9
100
AcDbSymbolTableRecord
100
AcDbRegAppTableRecord
  2
CAXA_DRAFT_ENL_TSCALE
 70
     0
  0
APPID
  5
92
330
9
100
AcDbSymbolTableRecord
100
AcDbRegAppTableRecord
  2
CAXA_DRAFT_TXTSCALE
 70
     0
  0
APPID
  5
93
330
9
100
AcDbSymbolTableRecord
100
AcDbRegAppTableRecord
  2
CAXA_DRAFT_KEEPLTSEG_ZOOM
 70
     0
  0
APPID
  5
94
330
9
100
AcDbSymbolTableRecord
100
AcDbRegAppTableRecord
  2
CAXA_DRAFT_SPECLIB
 70
     0
  0
APPID
  5
95
330
9
100
AcDbSymbolTableRecord
100
AcDbRegAppTableRecord
  2
CAXA_DRAFT_DATUM_2011R2
 70
     0
  0
APPID
  5
96
330
9
100
AcDbSymbolTableRecord
100
AcDbRegAppTableRecord
  2
CAXA_DRAFT_ROUGH_2011R2
 70
     0
  0
APPID
  5
97
330
9
100
AcDbSymbolTableRecord
100
AcDbRegAppTableRecord
  2
CAXA_DRAFT_GEOTOL_2011R2
 70
     0
  0
APPID
  5
98
330
9
100
AcDbSymbolTableRecord
100
AcDbRegAppTableRecord
  2
CAXA_DRAFT_DMOVMAP_2011R3
 70
     0
  0
APPID
  5
99
330
9
100
AcDbSymbolTableRecord
100
AcDbRegAppTableRecord
  2
CAXA_DRAFT_DDTSTY_2011R3
 70
     0
  0
APPID
  5
9A
330
9
100
AcDbSymbolTableRecord
100
AcDbRegAppTableRecord
  2
CAXA_DRAFT_SDTSTY_2011R3
 70
     0
  0
APPID
  5
9B
330
9
100
AcDbSymbolTableRecord
100
AcDbRegAppTableRecord
  2
CDRAFT_TXTROT_2011R3
 70
     0
  0
APPID
  5
9C
330
9
100
AcDbSymbolTableRecord
100
AcDbRegAppTableRecord
  2
CDRAFT_TOLOUT_2011R3
 70
     0
  0
APPID
  5
9D
330
9
100
AcDbSymbolTableRecord
100
AcDbRegAppTableRecord
  2
CAXA_DRAFT_DIMARCLENSTYLE
 70
     0
  0
APPID
  5
9E
330
9
100
AcDbSymbolTableRecord
100
AcDbRegAppTableRecord
  2
CAXA_DRAFT_DMOVMAP_2013
 70
     0
  0
APPID
  5
9F
330
9
100
AcDbSymbolTableRecord
100
AcDbRegAppTableRecord
  2
CAXA_DRAFT_DS_DLLNTYPE
 70
     0
  0
APPID
  5
A0
330
9
100
AcDbSymbolTableRecord
100
AcDbRegAppTableRecord
  2
CAXA_DRAFT_DS_LBLLNTYPE
 70
     0
  0
APPID
  5
A1
330
9
100
AcDbSymbolTableRecord
100
AcDbRegAppTableRecord
  2
CAXA_DRAFT_DS_RBLLNTYPE
 70
     0
  0
APPID
  5
A2
330
9
100
AcDbSymbolTableRecord
100
AcDbRegAppTableRecord
  2
CAXA_DRAFT_DS_ISFILLDFM
 70
     0
  0
APPID
  5
A3
330
9
100
AcDbSymbolTableRecord
100
AcDbRegAppTableRecord
  2
CAXA_DRAFT_DS_DISPZTOOL
 70
     0
  0
APPID
  5
A4
330
9
100
AcDbSymbolTableRecord
100
AcDbRegAppTableRecord
  2
CAXA_DRAFT_DS_SYMCOLOR
 70
     0
  0
APPID
  5
A5
330
9
100
AcDbSymbolTableRecord
100
AcDbRegAppTableRecord
  2
CAXA_DRAFT_HATCH_SCALE_ANGLE
 70
     0
  0
APPID
  5
A6
330
9
100
AcDbSymbolTableRecord
100
AcDbRegAppTableRecord
  2
CAXA_DRAFT_GEOTOL_ISFROMDWG
 70
     0
  0
APPID
  5
A7
330
9
100
AcDbSymbolTableRecord
100
AcDbRegAppTableRecord
  2
CxDragDiaDimLnStyle
 70
     0
  0
APPID
  5
A8
330
9
100
AcDbSymbolTableRecord
100
AcDbRegAppTableRecord
  2
CxDragRadDimLnStyle
 70
     0
  0
APPID
  5
A9
330
9
100
AcDbSymbolTableRecord
100
AcDbRegAppTableRecord
  2
CX_DbAnnotate_SimDimOriTxt
 70
     0
  0
APPID
  5
AA
330
9
100
AcDbSymbolTableRecord
100
AcDbRegAppTableRecord
  2
CX_DbAnnotate_TxtLocPara
 70
     0
  0
APPID
  5
AB
330
9
100
AcDbSymbolTableRecord
100
AcDbRegAppTableRecord
  2
CX_DbAnnotate_DragTxtLoc
 70
     0
  0
APPID
  5
AC
330
9
100
AcDbSymbolTableRecord
100
AcDbRegAppTableRecord
  2
UserSetTxtLoc
 70
     0
  0
APPID
  5
AD
330
9
100
AcDbSymbolTableRecord
100
AcDbRegAppTableRecord
  2
UserSetTxtLocType
 70
     0
  0
APPID
  5
AE
330
9
100
AcDbSymbolTableRecord
100
AcDbRegAppTableRecord
  2
UserSetTxtLocPt
 70
     0
  0
APPID
  5
AF
330
9
100
AcDbSymbolTableRecord
100
AcDbRegAppTableRecord
  2
CAXA_DRAFT_IMAGE_BINARY
 70
     0
  0
APPID
  5
B0
330
9
100
AcDbSymbolTableRecord
100
AcDbRegAppTableRecord
  2
DimTxtFrmStyle_2015R1
 70
     0
  0
APPID
  5
B1
330
9
100
AcDbSymbolTableRecord
100
AcDbRegAppTableRecord
  2
CAXA_DRAFT_GEOTOL_ISSHX
 70
     0
  0
APPID
  5
B2
330
9
100
AcDbSymbolTableRecord
100
AcDbRegAppTableRecord
  2
CAXA_SUPGRAPHICDIM
 70
     0
  0
APPID
  5
B3
330
9
100
AcDbSymbolTableRecord
100
AcDbRegAppTableRecord
  2
CAXA_GRAPHICARCLEN_HASLN
 70
     0
  0
APPID
  5
B4
330
9
100
AcDbSymbolTableRecord
100
AcDbRegAppTableRecord
  2
CAXA_GRAPHICDIM_OUT
 70
     0
  0
APPID
  5
B5
330
9
100
AcDbSymbolTableRecord
100
AcDbRegAppTableRecord
  2
CAXA_DATUM_LEADLNBKMODE
 70
     0
  0
APPID
  5
B6
330
9
100
AcDbSymbolTableRecord
100
AcDbRegAppTableRecord
  2
CX_DbDim_CrdDimLineAndArrow
 70
     0
  0
APPID
  5
B7
330
9
100
AcDbSymbolTableRecord
100
AcDbRegAppTableRecord
  2
CX_DbDim_TaperAngleStd
 70
     0
  0
APPID
  5
B8
330
9
100
AcDbSymbolTableRecord
100
AcDbRegAppTableRecord
  2
CX_DbAttribDef_OptionalVal
 70
     0
  0
APPID
  5
B9
330
9
100
AcDbSymbolTableRecord
100
AcDbRegAppTableRecord
  2
CAXA_DRAFT_LEADER_MLEADERLINE
 70
     0
  0
APPID
  5
BA
330
9
100
AcDbSymbolTableRecord
100
AcDbRegAppTableRecord
  2
CAXA_DRAFT_WELD_MLEADERLINE
 70
     0
  0
APPID
  5
BB
330
9
100
AcDbSymbolTableRecord
100
AcDbRegAppTableRecord
  2
CAXA_DRAFT_GEOTOL_MLEADERLINE
 70
     0
  0
APPID
  5
BC
330
9
100
AcDbSymbolTableRecord
100
AcDbRegAppTableRecord
  2
CAXA_DRAFT_ROUGH_MLEADERLINE
 70
     0
  0
APPID
  5
BD
330
9
100
AcDbSymbolTableRecord
100
AcDbRegAppTableRecord
  2
CAXA_DRAFT_DATUM_MLEADERLINE
 70
     0
  0
APPID
  5
BE
330
9
100
AcDbSymbolTableRecord
100
AcDbRegAppTableRecord
  2
CAXA_DRAFT_ROUGH_STDSPTDATA
 70
     0
  0
APPID
  5
BF
330
9
100
AcDbSymbolTableRecord
100
AcDbRegAppTableRecord
  2
CAXA_DRAFT_CUTS_LABLEDATA
 70
     0
  0
APPID
  5
C0
330
9
100
AcDbSymbolTableRecord
100
AcDbRegAppTableRecord
  2
CAXA_DRAFT_LEADER_DISPREFLINE
 70
     0
  0
APPID
  5
C1
330
9
100
AcDbSymbolTableRecord
100
AcDbRegAppTableRecord
  2
CAXA_DRAFT_TAPER_TEXTTYPE
 70
     0
  0
APPID
  5
C2
330
9
100
AcDbSymbolTableRecord
100
AcDbRegAppTableRecord
  2
CAXA_DRAFT_TAPER_RATEFORMAT
 70
     0
  0
APPID
  5
C3
330
9
100
AcDbSymbolTableRecord
100
AcDbRegAppTableRecord
  2
CAXA_DRAFT_TAPER_RATESEPAR
 70
     0
  0
APPID
  5
C4
330
9
100
AcDbSymbolTableRecord
100
AcDbRegAppTableRecord
  2
CX_DIMSTYLE_TXTFRAME
 70
     0
  0
APPID
  5
C5
330
9
100
AcDbSymbolTableRecord
100
AcDbRegAppTableRecord
  2
CX_DBDIM_TXTFRAME
 70
     0
  0
APPID
  5
C6
330
9
100
AcDbSymbolTableRecord
100
AcDbRegAppTableRecord
  2
CAXA_DRAFT_TABLEENT
 70
     0
  0
APPID
  5
C7
330
9
100
AcDbSymbolTableRecord
100
AcDbRegAppTableRecord
  2
CDRAFT_DIM_STD_REV_NAME
 70
     0
  0
APPID
  5
C8
330
9
100
AcDbSymbolTableRecord
100
AcDbRegAppTableRecord
  2
CAXA_DRAFT_BOM_STDSPTDATA
 70
     0
  0
APPID
  5
C9
330
9
100
AcDbSymbolTableRecord
100
AcDbRegAppTableRecord
  2
CAXA_DRAFT_PARTNO_STDSPTDATA
 70
     0
  0
APPID
  5
CA
330
9
100
AcDbSymbolTableRecord
100
AcDbRegAppTableRecord
  2
CAXA_DRAFT_DATUM_LOCPTEDIT
 70
     0
  0
APPID
  5
CB
330
9
100
AcDbSymbolTableRecord
100
AcDbRegAppTableRecord
  2
CAXA_DRAFT_INFO_WMFLAG
 70
     0
  0
APPID
  5
CC
330
9
100
AcDbSymbolTableRecord
100
AcDbRegAppTableRecord
  2
CX_DbDim_CrdDimTypeAndData
 70
     0
  0
APPID
  5
CD
330
9
100
AcDbSymbolTableRecord
100
AcDbRegAppTableRecord
  2
CX_DbDim_DimOriginBiText
 70
     0
  0
APPID
  5
CE
330
9
100
AcDbSymbolTableRecord
100
AcDbRegAppTableRecord
  2
CX_DbDim_DimCrdLeaderPts
 70
     0
  0
APPID
  5
CF
330
9
100
AcDbSymbolTableRecord
100
AcDbRegAppTableRecord
  2
CAXA_SOLID_FLAG
 70
     0
  0
APPID
  5
D5
330
9
100
AcDbSymbolTableRecord
100
AcDbRegAppTableRecord
  2
AcAecLayerStandard
 70
     0
  0
APPID
  5
1C9
330
9
100
AcDbSymbolTableRecord
100
AcDbRegAppTableRecord
  2
ACAD_DSTYLE_DIMINSPECT
 70
     0
  0
ENDTAB
  0
TABLE
  2
DIMSTYLE
  5
A
330
0
100
AcDbSymbolTable
 70
     6
100
AcDbDimStyleTable
  0
DIMSTYLE
105
E7
102
{ACAD_REACTORS
330
1CA
330
1F0
330
235
330
23F
330
249
330
253
330
25D
330
267
330
271
330
27B
330
285
330
291
330
29B
330
2A5
330
2AF
330
2B9
330
2C4
330
2CF
330
2F3
330
2FD
330
307
330
311
330
31B
330
325
330
32F
330
339
330
37F
330
38E
330
397
330
3AC
330
3B6
330
3EB
330
3F5
330
3FF
330
409
330
413
330
41D
330
427
330
431
330
43B
330
445
330
44F
330
459
330
463
330
46D
330
477
330
481
330
48B
330
495
330
49F
330
4A9
330
4B3
330
4BD
330
4C7
330
4D1
330
4DB
330
4E5
330
4EE
330
4F8
330
502
330
50C
102
}
330
A
100
AcDbSymbolTableRecord
100
AcDbDimStyleTableRecord
  2
标准
 70
     0
 41
4.0
 42
0.0
 43
10.0
 44
2.0
 46
8.0
 90
        1
 73
     0
 74
     0
 77
     1
 78
     8
 79
     2
140
3.5
141
0.0
143
1.0
146
0.7071067811865475
147
0.625
172
     1
178
     0
179
     2
271
     2
272
     3
274
     3
276
     2
279
     2
284
     8
340
E2
342
E8
345
15
346
15
347
15
1001
CAXA_DRAFT_DIMSTY_AT_VPOS
1070
     1
1001
CAXA_DRAFT_SDTSTY_2011R3
1070
     0
1001
CAXA_DRAFT_DS_ISFILLDFM
1070
     1
1001
CAXA_DRAFT_DS_DISPZTOOL
1070
     0
1001
CAXA_DRAFT_DS_SYMCOLOR
1071
1090519039
1001
DimTxtFrmStyle_2015R1
1070
     3
1001
CX_DIMSTYLE_TXTFRAME
1070
     0
1070
     0
  0
DIMSTYLE
105
EC
330
A
100
AcDbSymbolTableRecord
100
AcDbDimStyleTableRecord
  2
Standard
 70
     0
 41
2.5
 42
0.625
 43
3.75
 44
1.25
 46
5.0
 73
     0
 74
     0
 77
     1
 78
     8
 79
     3
140
2.5
141
2.5
143
0.03937007874
147
0.625
171
     3
172
     1
178
     0
179
     2
271
     2
272
     2
274
     3
278
    44
284
     8
340
11
345
16
346
16
347
16
1001
CAXA_DRAFT_DIMSTY_AT_VPOS
1070
     0
1001
CAXA_DRAFT_SDTSTY_2011R3
1070
     0
1001
CAXA_DRAFT_DS_ISFILLDFM
1070
     1
1001
CAXA_DRAFT_DS_DISPZTOOL
1070
     0
1001
CAXA_DRAFT_DS_SYMCOLOR
1071
1090519039
1001
DimTxtFrmStyle_2015R1
1070
     3
1001
CX_DIMSTYLE_TXTFRAME
1070
     0
1070
     0
  0
DIMSTYLE
105
ED
330
A
100
AcDbSymbolTableRecord
100
AcDbDimStyleTableRecord
  2
CUSTOM_DIMSTYLE
 70
     0
 40
5.0
 41
5.0
 42
0.0
 43
3.75
 44
1.25
 46
10.0
 73
     0
 74
     0
 77
     1
 78
     8
 79
     3
140
3.5
141
2.5
143
0.03937007874
147
0.625
171
     3
172
     1
176
     3
178
     0
179
     3
271
     2
272
     2
274
     3
284
     8
340
11
345
16
346
16
347
16
1001
CAXA_DRAFT_DIMSTY_AT_VPOS
1070
     0
1001
CAXA_DRAFT_SDTSTY_2011R3
1070
     0
1001
CAXA_DRAFT_DS_ISFILLDFM
1070
     1
1001
CAXA_DRAFT_DS_DISPZTOOL
1070
     0
1001
CAXA_DRAFT_DS_SYMCOLOR
1071
1090519039
1001
DimTxtFrmStyle_2015R1
1070
     3
1001
CX_DIMSTYLE_TXTFRAME
1070
     0
1070
     0
  0
DIMSTYLE
105
EE
330
A
100
AcDbSymbolTableRecord
100
AcDbDimStyleTableRecord
  2
GB_尺寸
 70
     0
 41
4.0
 42
0.0
 43
10.0
 44
2.0
 46
8.0
 90
        1
 73
     0
 74
     0
 77
     1
 78
     8
 79
     2
140
3.5
141
0.0
143
1.0
146
0.7071067811865475
147
0.625
172
     1
178
     0
179
     2
271
     2
272
     3
274
     3
276
     2
279
     2
284
     8
340
E2
342
E8
345
15
346
15
347
15
1001
CAXA_DRAFT_DIMSTY_AT_VPOS
1070
     1
1001
CAXA_DRAFT_SDTSTY_2011R3
1070
     0
1001
CAXA_DRAFT_DS_ISFILLDFM
1070
     1
1001
CAXA_DRAFT_DS_DISPZTOOL
1070
     0
1001
CAXA_DRAFT_DS_SYMCOLOR
1071
1090519039
1001
DimTxtFrmStyle_2015R1
1070
     3
1001
CX_DIMSTYLE_TXTFRAME
1070
     0
1070
     0
  0
DIMSTYLE
105
EF
330
A
100
AcDbSymbolTableRecord
100
AcDbDimStyleTableRecord
  2
GB_引出说明(1984)
 70
     0
 41
4.0
 42
0.0
 43
10.0
 44
2.0
 46
8.0
 90
        1
 73
     0
 74
     0
 77
     1
 78
     8
 79
     2
140
3.5
141
0.0
143
1.0
146
0.7071067811865475
147
0.625
172
     1
178
     0
179
     2
271
     2
272
     3
274
     3
276
     2
279
     2
284
     8
340
E2
342
E8
345
15
346
15
347
15
1001
CAXA_DRAFT_DIMSTY_AT_VPOS
1070
     1
1001
CAXA_DRAFT_SDTSTY_2011R3
1070
     0
1001
CAXA_DRAFT_DS_ISFILLDFM
1070
     1
1001
CAXA_DRAFT_DS_DISPZTOOL
1070
     0
1001
CAXA_DRAFT_DS_SYMCOLOR
1071
1090519039
1001
DimTxtFrmStyle_2015R1
1070
     3
1001
CX_DIMSTYLE_TXTFRAME
1070
     0
1070
     0
  0
DIMSTYLE
105
F0
330
A
100
AcDbSymbolTableRecord
100
AcDbDimStyleTableRecord
  2
GB_锥度(2003)
 70
     0
 41
4.0
 42
0.0
 43
10.0
 44
2.0
 46
8.0
 90
        1
 73
     0
 74
     0
 77
     1
 78
     8
 79
     2
140
3.5
141
0.0
143
1.0
146
0.7071067811865475
147
0.625
172
     1
178
     0
179
     2
271
     2
272
     3
274
     3
276
     2
279
     2
284
     8
340
E2
342
E8
345
15
346
15
347
15
1001
CAXA_DRAFT_DIMSTY_AT_VPOS
1070
     1
1001
CAXA_DRAFT_SDTSTY_2011R3
1070
     0
1001
CAXA_DRAFT_DS_ISFILLDFM
1070
     1
1001
CAXA_DRAFT_DS_DISPZTOOL
1070
     0
1001
CAXA_DRAFT_DS_SYMCOLOR
1071
1090519039
1001
DimTxtFrmStyle_2015R1
1070
     3
1001
CX_DIMSTYLE_TXTFRAME
1070
     0
1070
     0
  0
ENDTAB
  0
TABLE
  2
BLOCK_RECORD
  5
1
330
0
100
AcDbSymbolTable
 70
    73
  0
BLOCK_RECORD
  5
1F
330
1
100
AcDbSymbolTableRecord
100
AcDbBlockTableRecord
  2
*Model_Space
340
22
 70
     0
280
     1
281
     0
1001
CAXA_DRAFT_PAPERSCALE
1041
1.0
1001
CAXA_DRAFT_PAPERINFO
1041
2673.0
1041
1890.0
1071
        0
1070
     1
1070
     0
1070
     1
1070
     0
1001
CAXA_DRAFT_KEEPLTSEG_ZOOM
1070
     1
  0
BLOCK_RECORD
  5
1B
330
1
100
AcDbSymbolTableRecord
100
AcDbBlockTableRecord
  2
*Paper_Space
340
1E
 70
     0
280
     1
281
     0
1001
CAXA_DRAFT_PAPERSCALE
1041
1.0
1001
CAXA_DRAFT_PAPERINFO
1041
0.0
1041
0.0
1071
        0
1070
     1
1070
     0
1070
     1
1070
     0
1001
CAXA_DRAFT_KEEPLTSEG_ZOOM
1070
     1
  0
BLOCK_RECORD
  5
E8
330
1
100
AcDbSymbolTableRecord
100
AcDbBlockTableRecord
  2
_CAXARROW
340
0
 70
     0
280
     1
281
     0
  0
BLOCK_RECORD
  5
121
330
1
100
AcDbSymbolTableRecord
100
AcDbBlockTableRecord
  2
*X2
340
0
102
{BLKREFS
331
120
102
}
 70
     0
280
     1
281
     0
  0
BLOCK_RECORD
  5
12D
330
1
100
AcDbSymbolTableRecord
100
AcDbBlockTableRecord
  2
*X3
340
0
102
{BLKREFS
331
12C
102
}
 70
     0
280
     1
281
     0
  0
BLOCK_RECORD
  5
1C0
330
1
100
AcDbSymbolTableRecord
100
AcDbBlockTableRecord
  2
*X4
340
0
 70
     0
280
     1
281
     0
  0
BLOCK_RECORD
  5
1CB
330
1
100
AcDbSymbolTableRecord
100
AcDbBlockTableRecord
  2
*X5
340
0
102
{BLKREFS
331
1D6
102
}
 70
     0
280
     1
281
     0
  0
BLOCK_RECORD
  5
1D7
330
1
100
AcDbSymbolTableRecord
100
AcDbBlockTableRecord
  2
*X6
340
0
102
{BLKREFS
331
1E2
102
}
 70
     0
280
     1
281
     0
  0
BLOCK_RECORD
  5
1E6
330
1
100
AcDbSymbolTableRecord
100
AcDbBlockTableRecord
  2
*X7
340
0
 70
     0
280
     1
281
     0
  0
BLOCK_RECORD
  5
22C
330
1
100
AcDbSymbolTableRecord
100
AcDbBlockTableRecord
  2
*X8
340
0
 70
     0
280
     1
281
     0
  0
BLOCK_RECORD
  5
236
330
1
100
AcDbSymbolTableRecord
100
AcDbBlockTableRecord
  2
*X9
340
0
 70
     0
280
     1
281
     0
  0
BLOCK_RECORD
  5
240
330
1
100
AcDbSymbolTableRecord
100
AcDbBlockTableRecord
  2
*X10
340
0
 70
     0
280
     1
281
     0
  0
BLOCK_RECORD
  5
24A
330
1
100
AcDbSymbolTableRecord
100
AcDbBlockTableRecord
  2
*X11
340
0
 70
     0
280
     1
281
     0
  0
BLOCK_RECORD
  5
254
330
1
100
AcDbSymbolTableRecord
100
AcDbBlockTableRecord
  2
*X12
340
0
 70
     0
280
     1
281
     0
  0
BLOCK_RECORD
  5
25E
330
1
100
AcDbSymbolTableRecord
100
AcDbBlockTableRecord
  2
*X13
340
0
 70
     0
280
     1
281
     0
  0
BLOCK_RECORD
  5
268
330
1
100
AcDbSymbolTableRecord
100
AcDbBlockTableRecord
  2
*X14
340
0
 70
     0
280
     1
281
     0
  0
BLOCK_RECORD
  5
272
330
1
100
AcDbSymbolTableRecord
100
AcDbBlockTableRecord
  2
*X15
340
0
 70
     0
280
     1
281
     0
  0
BLOCK_RECORD
  5
27C
330
1
100
AcDbSymbolTableRecord
100
AcDbBlockTableRecord
  2
*X16
340
0
 70
     0
280
     1
281
     0
  0
BLOCK_RECORD
  5
288
330
1
100
AcDbSymbolTableRecord
100
AcDbBlockTableRecord
  2
*X17
340
0
 70
     0
280
     1
281
     0
  0
BLOCK_RECORD
  5
292
330
1
100
AcDbSymbolTableRecord
100
AcDbBlockTableRecord
  2
*X18
340
0
 70
     0
280
     1
281
     0
  0
BLOCK_RECORD
  5
29C
330
1
100
AcDbSymbolTableRecord
100
AcDbBlockTableRecord
  2
*X19
340
0
 70
     0
280
     1
281
     0
  0
BLOCK_RECORD
  5
2A6
330
1
100
AcDbSymbolTableRecord
100
AcDbBlockTableRecord
  2
*X20
340
0
 70
     0
280
     1
281
     0
  0
BLOCK_RECORD
  5
2B0
330
1
100
AcDbSymbolTableRecord
100
AcDbBlockTableRecord
  2
*X21
340
0
 70
     0
280
     1
281
     0
  0
BLOCK_RECORD
  5
2BB
330
1
100
AcDbSymbolTableRecord
100
AcDbBlockTableRecord
  2
*X22
340
0
 70
     0
280
     1
281
     0
  0
BLOCK_RECORD
  5
2C5
330
1
100
AcDbSymbolTableRecord
100
AcDbBlockTableRecord
  2
*X23
340
0
 70
     0
280
     1
281
     0
  0
BLOCK_RECORD
  5
2EA
330
1
100
AcDbSymbolTableRecord
100
AcDbBlockTableRecord
  2
*X24
340
0
 70
     0
280
     1
281
     0
  0
BLOCK_RECORD
  5
2F4
330
1
100
AcDbSymbolTableRecord
100
AcDbBlockTableRecord
  2
*X25
340
0
 70
     0
280
     1
281
     0
  0
BLOCK_RECORD
  5
2FE
330
1
100
AcDbSymbolTableRecord
100
AcDbBlockTableRecord
  2
*X26
340
0
 70
     0
280
     1
281
     0
  0
BLOCK_RECORD
  5
308
330
1
100
AcDbSymbolTableRecord
100
AcDbBlockTableRecord
  2
*X27
340
0
 70
     0
280
     1
281
     0
  0
BLOCK_RECORD
  5
312
330
1
100
AcDbSymbolTableRecord
100
AcDbBlockTableRecord
  2
*X28
340
0
 70
     0
280
     1
281
     0
  0
BLOCK_RECORD
  5
31C
330
1
100
AcDbSymbolTableRecord
100
AcDbBlockTableRecord
  2
*X29
340
0
 70
     0
280
     1
281
     0
  0
BLOCK_RECORD
  5
326
330
1
100
AcDbSymbolTableRecord
100
AcDbBlockTableRecord
  2
*X30
340
0
 70
     0
280
     1
281
     0
  0
BLOCK_RECORD
  5
330
330
1
100
AcDbSymbolTableRecord
100
AcDbBlockTableRecord
  2
*X31
340
0
 70
     0
280
     1
281
     0
  0
BLOCK_RECORD
  5
33F
330
1
100
AcDbSymbolTableRecord
100
AcDbBlockTableRecord
  2
*X32
340
0
102
{BLKREFS
331
33E
102
}
 70
     0
280
     1
281
     0
  0
BLOCK_RECORD
  5
347
330
1
100
AcDbSymbolTableRecord
100
AcDbBlockTableRecord
  2
*X33
340
0
102
{BLKREFS
331
346
102
}
 70
     0
280
     1
281
     0
  0
BLOCK_RECORD
  5
34E
330
1
100
AcDbSymbolTableRecord
100
AcDbBlockTableRecord
  2
*X34
340
0
102
{BLKREFS
331
34D
102
}
 70
     0
280
     1
281
     0
  0
BLOCK_RECORD
  5
350
330
1
100
AcDbSymbolTableRecord
100
AcDbBlockTableRecord
  2
*X35
340
0
102
{BLKREFS
331
34F
102
}
 70
     0
280
     1
281
     0
  0
BLOCK_RECORD
  5
363
330
1
100
AcDbSymbolTableRecord
100
AcDbBlockTableRecord
  2
*X36
340
0
102
{BLKREFS
331
36A
102
}
 70
     0
280
     1
281
     0
  0
BLOCK_RECORD
  5
36B
330
1
100
AcDbSymbolTableRecord
100
AcDbBlockTableRecord
  2
*X37
340
0
102
{BLKREFS
331
372
102
}
 70
     0
280
     1
281
     0
  0
BLOCK_RECORD
  5
376
330
1
100
AcDbSymbolTableRecord
100
AcDbBlockTableRecord
  2
*X38
340
0
 70
     0
280
     1
281
     0
  0
BLOCK_RECORD
  5
385
330
1
100
AcDbSymbolTableRecord
100
AcDbBlockTableRecord
  2
*X39
340
0
 70
     0
280
     1
281
     0
  0
BLOCK_RECORD
  5
390
330
1
100
AcDbSymbolTableRecord
100
AcDbBlockTableRecord
  2
*X40
340
0
 70
     0
280
     1
281
     0
  0
BLOCK_RECORD
  5
399
330
1
100
AcDbSymbolTableRecord
100
AcDbBlockTableRecord
  2
主视图_1
340
0
102
{BLKREFS
331
398
102
}
 70
     0
280
     1
281
     0
  0
BLOCK_RECORD
  5
3A3
330
1
100
AcDbSymbolTableRecord
100
AcDbBlockTableRecord
  2
*X42
340
0
 70
     0
280
     1
281
     0
  0
BLOCK_RECORD
  5
3AD
330
1
100
AcDbSymbolTableRecord
100
AcDbBlockTableRecord
  2
*X43
340
0
 70
     0
280
     1
281
     0
  0
BLOCK_RECORD
  5
3E2
330
1
100
AcDbSymbolTableRecord
100
AcDbBlockTableRecord
  2
*X44
340
0
 70
     0
280
     1
281
     0
  0
BLOCK_RECORD
  5
3EC
330
1
100
AcDbSymbolTableRecord
100
AcDbBlockTableRecord
  2
*X45
340
0
 70
     0
280
     1
281
     0
  0
BLOCK_RECORD
  5
3F6
330
1
100
AcDbSymbolTableRecord
100
AcDbBlockTableRecord
  2
*X46
340
0
 70
     0
280
     1
281
     0
  0
BLOCK_RECORD
  5
400
330
1
100
AcDbSymbolTableRecord
100
AcDbBlockTableRecord
  2
*X47
340
0
 70
     0
280
     1
281
     0
  0
BLOCK_RECORD
  5
40A
330
1
100
AcDbSymbolTableRecord
100
AcDbBlockTableRecord
  2
*X48
340
0
 70
     0
280
     1
281
     0
  0
BLOCK_RECORD
  5
414
330
1
100
AcDbSymbolTableRecord
100
AcDbBlockTableRecord
  2
*X49
340
0
 70
     0
280
     1
281
     0
  0
BLOCK_RECORD
  5
41E
330
1
100
AcDbSymbolTableRecord
100
AcDbBlockTableRecord
  2
*X50
340
0
 70
     0
280
     1
281
     0
  0
BLOCK_RECORD
  5
428
330
1
100
AcDbSymbolTableRecord
100
AcDbBlockTableRecord
  2
*X51
340
0
 70
     0
280
     1
281
     0
  0
BLOCK_RECORD
  5
432
330
1
100
AcDbSymbolTableRecord
100
AcDbBlockTableRecord
  2
*X52
340
0
 70
     0
280
     1
281
     0
  0
BLOCK_RECORD
  5
43C
330
1
100
AcDbSymbolTableRecord
100
AcDbBlockTableRecord
  2
*X53
340
0
 70
     0
280
     1
281
     0
  0
BLOCK_RECORD
  5
446
330
1
100
AcDbSymbolTableRecord
100
AcDbBlockTableRecord
  2
*X54
340
0
 70
     0
280
     1
281
     0
  0
BLOCK_RECORD
  5
450
330
1
100
AcDbSymbolTableRecord
100
AcDbBlockTableRecord
  2
*X55
340
0
 70
     0
280
     1
281
     0
  0
BLOCK_RECORD
  5
45A
330
1
100
AcDbSymbolTableRecord
100
AcDbBlockTableRecord
  2
*X56
340
0
 70
     0
280
     1
281
     0
  0
BLOCK_RECORD
  5
464
330
1
100
AcDbSymbolTableRecord
100
AcDbBlockTableRecord
  2
*X57
340
0
 70
     0
280
     1
281
     0
  0
BLOCK_RECORD
  5
46E
330
1
100
AcDbSymbolTableRecord
100
AcDbBlockTableRecord
  2
*X58
340
0
 70
     0
280
     1
281
     0
  0
BLOCK_RECORD
  5
478
330
1
100
AcDbSymbolTableRecord
100
AcDbBlockTableRecord
  2
*X59
340
0
 70
     0
280
     1
281
     0
  0
BLOCK_RECORD
  5
482
330
1
100
AcDbSymbolTableRecord
100
AcDbBlockTableRecord
  2
*X60
340
0
 70
     0
280
     1
281
     0
  0
BLOCK_RECORD
  5
48C
330
1
100
AcDbSymbolTableRecord
100
AcDbBlockTableRecord
  2
*X61
340
0
 70
     0
280
     1
281
     0
  0
BLOCK_RECORD
  5
496
330
1
100
AcDbSymbolTableRecord
100
AcDbBlockTableRecord
  2
*X62
340
0
 70
     0
280
     1
281
     0
  0
BLOCK_RECORD
  5
4A0
330
1
100
AcDbSymbolTableRecord
100
AcDbBlockTableRecord
  2
*X63
340
0
 70
     0
280
     1
281
     0
  0
BLOCK_RECORD
  5
4AA
330
1
100
AcDbSymbolTableRecord
100
AcDbBlockTableRecord
  2
*X64
340
0
 70
     0
280
     1
281
     0
  0
BLOCK_RECORD
  5
4B4
330
1
100
AcDbSymbolTableRecord
100
AcDbBlockTableRecord
  2
*X65
340
0
 70
     0
280
     1
281
     0
  0
BLOCK_RECORD
  5
4BE
330
1
100
AcDbSymbolTableRecord
100
AcDbBlockTableRecord
  2
*X66
340
0
 70
     0
280
     1
281
     0
  0
BLOCK_RECORD
  5
4C8
330
1
100
AcDbSymbolTableRecord
100
AcDbBlockTableRecord
  2
*X67
340
0
 70
     0
280
     1
281
     0
  0
BLOCK_RECORD
  5
4D2
330
1
100
AcDbSymbolTableRecord
100
AcDbBlockTableRecord
  2
*X68
340
0
 70
     0
280
     1
281
     0
  0
BLOCK_RECORD
  5
4DC
330
1
100
AcDbSymbolTableRecord
100
AcDbBlockTableRecord
  2
*X69
340
0
 70
     0
280
     1
281
     0
  0
BLOCK_RECORD
  5
4E6
330
1
100
AcDbSymbolTableRecord
100
AcDbBlockTableRecord
  2
*X70
340
0
 70
     0
280
     1
281
     0
  0
BLOCK_RECORD
  5
4EF
330
1
100
AcDbSymbolTableRecord
100
AcDbBlockTableRecord
  2
*X71
340
0
 70
     0
280
     1
281
     0
  0
BLOCK_RECORD
  5
4F9
330
1
100
AcDbSymbolTableRecord
100
AcDbBlockTableRecord
  2
*X72
340
0
 70
     0
280
     1
281
     0
  0
BLOCK_RECORD
  5
503
330
1
100
AcDbSymbolTableRecord
100
AcDbBlockTableRecord
  2
*X73
340
0
 70
     0
280
     1
281
     0
  0
ENDTAB
  0
ENDSEC
  0
SECTION
  2
BLOCKS
  0
BLOCK
  5
20
330
1F
100
AcDbEntity
  8
0
100
AcDbBlockBegin
  2
*Model_Space
 70
     0
 10
0.0
 20
0.0
 30
0.0
  3
*Model_Space
  1

  0
ENDBLK
  5
21
330
1F
100
AcDbEntity
  8
0
100
AcDbBlockEnd
  0
BLOCK
  5
1C
330
1B
100
AcDbEntity
 67
     1
  8
0
100
AcDbBlockBegin
  2
*Paper_Space
 70
     0
 10
0.0
 20
0.0
 30
0.0
  3
*Paper_Space
  1

  0
ENDBLK
  5
1D
330
1B
100
AcDbEntity
 67
     1
  8
0
100
AcDbBlockEnd
  0
BLOCK
  5
EA
330
E8
100
AcDbEntity
  8
0
100
AcDbBlockBegin
  2
_CAXARROW
 70
     0
 10
0.0
 20
0.0
 30
0.0
  3
_CAXARROW
  1

  0
HATCH
  5
E9
330
E8
100
AcDbEntity
  8
0
 62
     0
100
AcDbHatch
 10
0.0
 20
0.0
 30
0.0
210
0.0
220
0.0
230
1.0
  2
SOLID
 70
     1
 71
     0
 91
        1
 92
        0
 93
        3
 72
     1
 10
0.0
 20
0.0
 11
-1.0
 21
0.125
 72
     1
 10
-1.0
 20
0.125
 11
-1.0
 21
-0.125
 72
     1
 10
-1.0
 20
-0.125
 11
0.0
 21
0.0
 97
        0
 75
     0
 76
     1
 98
        1
 10
0.0
 20
0.0
  0
ENDBLK
  5
EB
330
E8
100
AcDbEntity
  8
0
100
AcDbBlockEnd
  0
BLOCK
  5
12A
330
121
100
AcDbEntity
  8
0
100
AcDbBlockBegin
  2
*X2
 70
     1
 10
0.0
 20
0.0
 30
0.0
  3
*X2
  1

  0
LINE
  5
122
330
121
100
AcDbEntity
  8
细实线层
100
AcDbLine
 10
-210.0
 20
-148.5
 30
0.0
 11
210.0
 21
-148.5
 31
0.0
  0
LINE
  5
123
330
121
100
AcDbEntity
  8
细实线层
100
AcDbLine
 10
210.0
 20
-148.5
 30
0.0
 11
210.0
 21
148.5
 31
0.0
  0
LINE
  5
124
330
121
100
AcDbEntity
  8
细实线层
100
AcDbLine
 10
210.0
 20
148.5
 30
0.0
 11
-210.0
 21
148.5
 31
0.0
  0
LINE
  5
125
330
121
100
AcDbEntity
  8
细实线层
100
AcDbLine
 10
-210.0
 20
148.5
 30
0.0
 11
-210.0
 21
-148.5
 31
0.0
  0
LINE
  5
126
330
121
100
AcDbEntity
  8
粗实线层
100
AcDbLine
 10
-200.0
 20
138.5
 30
0.0
 11
-200.0
 21
-138.5
 31
0.0
  0
LINE
  5
127
330
121
100
AcDbEntity
  8
粗实线层
100
AcDbLine
 10
-200.0
 20
-138.5
 30
0.0
 11
200.0
 21
-138.5
 31
0.0
  0
LINE
  5
128
330
121
100
AcDbEntity
  8
粗实线层
100
AcDbLine
 10
200.0
 20
-138.5
 30
0.0
 11
200.0
 21
138.5
 31
0.0
  0
LINE
  5
129
330
121
100
AcDbEntity
  8
粗实线层
100
AcDbLine
 10
200.0
 20
138.5
 30
0.0
 11
-200.0
 21
138.5
 31
0.0
  0
ENDBLK
  5
12B
330
121
100
AcDbEntity
  8
0
100
AcDbBlockEnd
  0
BLOCK
  5
18C
330
12D
100
AcDbEntity
  8
0
100
AcDbBlockBegin
  2
*X3
 70
     3
 10
0.0
 20
0.0
 30
0.0
  3
*X3
  1

  0
MTEXT
  5
12E
330
12D
100
AcDbEntity
  8
尺寸线层
  6
Continuous
 62
     7
370
    18
100
AcDbMText
 10
-90.45390702454006
 20
43.31644267174988
 30
0.0
 40
3.703804350631636
 41
81.29754821243455
 46
4.856099037494817
 71
     5
 72
     1
  1
\T1.1;羿射旭减隔震张家口有限公司
  7
UserTxtStyle4
 73
     1
 44
1.194679239590679
1001
CAXA_DRAFT_TXTSCALE
1041
9.0
  0
LINE
  5
12F
330
12D
100
AcDbEntity
  8
实体线
100
AcDbLine
 10
-180.0
 20
50.0
 30
0.0
 11
0.0
 21
50.0
 31
0.0
  0
LINE
  5
130
330
12D
100
AcDbEntity
  8
实体线
100
AcDbLine
 10
0.0
 20
50.0
 30
0.0
 11
0.0
 21
0.0
 31
0.0
  0
LINE
  5
131
330
12D
100
AcDbEntity
  8
实体线
100
AcDbLine
 10
0.0
 20
0.0
 30
0.0
 11
-180.0
 21
0.0
 31
0.0
  0
LINE
  5
132
330
12D
100
AcDbEntity
  8
实体线
100
AcDbLine
 10
-180.0
 20
0.0
 30
0.0
 11
-180.0
 21
50.0
 31
0.0
  0
LINE
  5
133
330
12D
100
AcDbEntity
  8
实体线
100
AcDbLine
 10
-120.0
 20
0.0
 30
0.0
 11
-120.0
 21
50.0
 31
0.0
  0
LINE
  5
134
330
12D
100
AcDbEntity
  8
实体线
100
AcDbLine
 10
-60.0
 20
0.0
 30
0.0
 11
-60.0
 21
50.0
 31
0.0
  0
LINE
  5
135
330
12D
100
AcDbEntity
  8
实体线
100
AcDbLine
 10
-60.0
 20
5.0
 30
0.0
 11
-180.0
 21
5.0
 31
0.0
  0
LINE
  5
136
330
12D
100
AcDbEntity
  8
实体线
100
AcDbLine
 10
-60.0
 20
15.0
 30
0.0
 11
-180.0
 21
15.0
 31
0.0
  0
LINE
  5
137
330
12D
100
AcDbEntity
  8
实体线
100
AcDbLine
 10
-60.0
 20
25.0
 30
0.0
 11
-180.0
 21
25.0
 31
0.0
  0
LINE
  5
138
330
12D
100
AcDbEntity
  8
实体线
100
AcDbLine
 10
-120.0
 20
45.0
 30
0.0
 11
-180.0
 21
45.0
 31
0.0
  0
LINE
  5
139
330
12D
100
AcDbEntity
  8
实体线
100
AcDbLine
 10
-120.0
 20
40.0
 30
0.0
 11
-180.0
 21
40.0
 31
0.0
  0
LINE
  5
13A
330
12D
100
AcDbEntity
  8
实体线
100
AcDbLine
 10
-120.0
 20
40.0
 30
0.0
 11
-180.0
 21
40.0
 31
0.0
  0
LINE
  5
13B
330
12D
100
AcDbEntity
  8
实体线
100
AcDbLine
 10
-120.0
 20
35.0
 30
0.0
 11
-180.0
 21
35.0
 31
0.0
  0
LINE
  5
13C
330
12D
100
AcDbEntity
  8
实体线
100
AcDbLine
 10
-120.0
 20
30.0
 30
0.0
 11
-180.0
 21
30.0
 31
0.0
  0
LINE
  5
13D
330
12D
100
AcDbEntity
  8
实体线
100
AcDbLine
 10
-120.0
 20
20.0
 30
0.0
 11
-180.0
 21
20.0
 31
0.0
  0
LINE
  5
13E
330
12D
100
AcDbEntity
  8
实体线
100
AcDbLine
 10
-120.0
 20
10.0
 30
0.0
 11
-180.0
 21
10.0
 31
0.0
  0
LINE
  5
13F
330
12D
100
AcDbEntity
  8
实体线
100
AcDbLine
 10
-105.0
 20
5.0
 30
0.0
 11
-105.0
 21
25.0
 31
0.0
  0
LINE
  5
140
330
12D
100
AcDbEntity
  8
实体线
100
AcDbLine
 10
-90.0
 20
0.0
 30
0.0
 11
-90.0
 21
25.0
 31
0.0
  0
LINE
  5
141
330
12D
100
AcDbEntity
  8
实体线
100
AcDbLine
 10
-75.0
 20
5.0
 30
0.0
 11
-75.0
 21
25.0
 31
0.0
  0
LINE
  5
142
330
12D
100
AcDbEntity
  8
实体线
100
AcDbLine
 10
0.0
 20
37.5
 30
0.0
 11
-60.0
 21
37.5
 31
0.0
  0
LINE
  5
143
330
12D
100
AcDbEntity
  8
实体线
100
AcDbLine
 10
0.0
 20
25.0
 30
0.0
 11
-60.0
 21
25.0
 31
0.0
  0
LINE
  5
144
330
12D
100
AcDbEntity
  8
实体线
100
AcDbLine
 10
0.0
 20
12.5
 30
0.0
 11
-60.0
 21
12.5
 31
0.0
  0
LINE
  5
145
330
12D
100
AcDbEntity
  8
实体线
100
AcDbLine
 10
-171.0
 20
25.0
 30
0.0
 11
-171.0
 21
50.0
 31
0.0
  0
LINE
  5
146
330
12D
100
AcDbEntity
  8
实体线
100
AcDbLine
 10
-144.0
 20
25.0
 30
0.0
 11
-144.0
 21
50.0
 31
0.0
  0
LINE
  5
147
330
12D
100
AcDbEntity
  8
实体线
100
AcDbLine
 10
-150.0
 20
0.0
 30
0.0
 11
-150.0
 21
25.0
 31
0.0
  0
LINE
  5
148
330
12D
100
AcDbEntity
  8
实体线
100
AcDbLine
 10
-165.0
 20
0.0
 30
0.0
 11
-165.0
 21
25.0
 31
0.0
  0
LINE
  5
149
330
12D
100
AcDbEntity
  8
实体线
100
AcDbLine
 10
-162.0
 20
25.0
 30
0.0
 11
-162.0
 21
50.0
 31
0.0
  0
LINE
  5
14A
330
12D
100
AcDbEntity
  8
实体线
100
AcDbLine
 10
-130.0
 20
25.0
 30
0.0
 11
-130.0
 21
50.0
 31
0.0
  0
LINE
  5
14B
330
12D
100
AcDbEntity
  8
实体线
100
AcDbLine
 10
-135.0
 20
0.0
 30
0.0
 11
-135.0
 21
25.0
 31
0.0
  0
ATTDEF
  5
14C
330
12D
100
AcDbEntity
  8
尺寸线层
 62
     0
100
AcDbText
 10
-175.5
 20
46.36228813559321
 30
0.0
 40
2.275423728813581
  1

 41
0.667
  7
机械
 72
     1
 11
-175.5
 21
47.5
 31
0.0
100
AcDbAttributeDefinition
  3
标记4
  2
标记4
 70
     0
 74
     2
280
     0
 71
     1
 72
     0
 11
-175.5
 21
47.5
 31
0.0
1001
CAXA_DRAFT_TXTSCALE
1041
9.0
1001
CAXA_DRAFT_ATTDEF_2PT
1070
     1
1041
7.0
1041
3.000000000000028
1001
CX_DbAttribDef_OptionalVal
1000

  0
ATTDEF
  5
14D
330
12D
100
AcDbEntity
  8
尺寸线层
 62
     0
100
AcDbText
 10
-175.5
 20
41.36228813559322
 30
0.0
 40
2.27542372881356
  1

 41
0.667
  7
机械
 72
     1
 11
-175.5
 21
42.5
 31
0.0
100
AcDbAttributeDefinition
  3
标记3
  2
标记3
 70
     0
 74
     2
280
     0
 71
     1
 72
     0
 11
-175.5
 21
42.5
 31
0.0
1001
CAXA_DRAFT_TXTSCALE
1041
9.0
1001
CAXA_DRAFT_ATTDEF_2PT
1070
     1
1041
7.000000000000028
1041
3.000000000000014
1001
CX_DbAttribDef_OptionalVal
1000

  0
ATTDEF
  5
14E
330
12D
100
AcDbEntity
  8
尺寸线层
 62
     0
100
AcDbText
 10
-175.5
 20
36.36228813559322
 30
0.0
 40
2.27542372881356
  1

 41
0.667
  7
机械
 72
     1
 11
-175.5
 21
37.5
 31
0.0
100
AcDbAttributeDefinition
  3
标记2
  2
标记2
 70
     0
 74
     2
280
     0
 71
     1
 72
     0
 11
-175.5
 21
37.5
 31
0.0
1001
CAXA_DRAFT_TXTSCALE
1041
9.0
1001
CAXA_DRAFT_ATTDEF_2PT
1070
     1
1041
7.000000000000028
1041
3.000000000000014
1001
CX_DbAttribDef_OptionalVal
1000

  0
ATTDEF
  5
14F
330
12D
100
AcDbEntity
  8
尺寸线层
 62
     0
100
AcDbText
 10
-175.5
 20
31.36228813559322
 30
0.0
 40
2.27542372881356
  1

 41
0.667
  7
机械
 72
     1
 11
-175.5
 21
32.5
 31
0.0
100
AcDbAttributeDefinition
  3
标记1
  2
标记1
 70
     0
 74
     2
280
     0
 71
     1
 72
     0
 11
-175.5
 21
32.5
 31
0.0
1001
CAXA_DRAFT_TXTSCALE
1041
9.0
1001
CAXA_DRAFT_ATTDEF_2PT
1070
     1
1041
7.000000000000028
1041
3.000000000000014
1001
CX_DbAttribDef_OptionalVal
1000

  0
ATTDEF
  5
150
330
12D
100
AcDbEntity
  8
尺寸线层
 62
     0
100
AcDbText
 10
-166.5
 20
31.36228813559321
 30
0.0
 40
2.275423728813581
  1

 41
0.667
  7
机械
 72
     1
 11
-166.5
 21
32.5
 31
0.0
100
AcDbAttributeDefinition
  3
处数A
  2
处数A
 70
     0
 74
     2
280
     0
 71
     1
 72
     0
 11
-166.5
 21
32.5
 31
0.0
1001
CAXA_DRAFT_TXTSCALE
1041
9.0
1001
CAXA_DRAFT_ATTDEF_2PT
1070
     1
1041
7.0
1041
3.000000000000028
1001
CX_DbAttribDef_OptionalVal
1000

  0
ATTDEF
  5
151
330
12D
100
AcDbEntity
  8
尺寸线层
 62
     0
100
AcDbText
 10
-166.5
 20
36.36228813559321
 30
0.0
 40
2.275423728813581
  1

 41
0.667
  7
机械
 72
     1
 11
-166.5
 21
37.5
 31
0.0
100
AcDbAttributeDefinition
  3
处数B
  2
处数B
 70
     0
 74
     2
280
     0
 71
     1
 72
     0
 11
-166.5
 21
37.5
 31
0.0
1001
CAXA_DRAFT_TXTSCALE
1041
9.0
1001
CAXA_DRAFT_ATTDEF_2PT
1070
     1
1041
7.0
1041
3.000000000000028
1001
CX_DbAttribDef_OptionalVal
1000

  0
ATTDEF
  5
152
330
12D
100
AcDbEntity
  8
尺寸线层
 62
     0
100
AcDbText
 10
-166.5
 20
41.36228813559321
 30
0.0
 40
2.275423728813581
  1

 41
0.667
  7
机械
 72
     1
 11
-166.5
 21
42.5
 31
0.0
100
AcDbAttributeDefinition
  3
处数C
  2
处数C
 70
     0
 74
     2
280
     0
 71
     1
 72
     0
 11
-166.5
 21
42.5
 31
0.0
1001
CAXA_DRAFT_TXTSCALE
1041
9.0
1001
CAXA_DRAFT_ATTDEF_2PT
1070
     1
1041
7.0
1041
3.000000000000028
1001
CX_DbAttribDef_OptionalVal
1000

  0
ATTDEF
  5
153
330
12D
100
AcDbEntity
  8
尺寸线层
 62
     0
100
AcDbText
 10
-166.5
 20
46.36228813559322
 30
0.0
 40
2.275423728813559
  1

 41
0.667
  7
机械
 72
     1
 11
-166.5
 21
47.5
 31
0.0
100
AcDbAttributeDefinition
  3
处数D
  2
处数D
 70
     0
 74
     2
280
     0
 71
     1
 72
     0
 11
-166.5
 21
47.5
 31
0.0
1001
CAXA_DRAFT_TXTSCALE
1041
9.0
1001
CAXA_DRAFT_ATTDEF_2PT
1070
     1
1041
7.0
1041
3.000000000000014
1001
CX_DbAttribDef_OptionalVal
1000

  0
ATTDEF
  5
154
330
12D
100
AcDbEntity
  8
尺寸线层
 62
     0
100
AcDbText
 10
-153.0
 20
31.36228813559321
 30
0.0
 40
2.27542372881357
  1

 41
0.667
  7
机械
 72
     1
 11
-153.0
 21
32.5
 31
0.0
100
AcDbAttributeDefinition
  3
更改文件1
  2
更改文件1
 70
     0
 74
     2
280
     0
 71
     1
 72
     0
 11
-153.0
 21
32.5
 31
0.0
1001
CAXA_DRAFT_TXTSCALE
1041
9.0
1001
CAXA_DRAFT_ATTDEF_2PT
1070
     1
1041
16.0
1041
3.000000000000014
1001
CX_DbAttribDef_OptionalVal
1000

  0
ATTDEF
  5
155
330
12D
100
AcDbEntity
  8
尺寸线层
 62
     0
100
AcDbText
 10
-153.0
 20
36.36228813559322
 30
0.0
 40
2.27542372881357
  1

 41
0.667
  7
机械
 72
     1
 11
-153.0
 21
37.5
 31
0.0
100
AcDbAttributeDefinition
  3
更改文件1
  2
更改文件2
 70
     0
 74
     2
280
     0
 71
     1
 72
     0
 11
-153.0
 21
37.5
 31
0.0
1001
CAXA_DRAFT_TXTSCALE
1041
9.0
1001
CAXA_DRAFT_ATTDEF_2PT
1070
     1
1041
16.00000000000003
1041
3.000000000000014
1001
CX_DbAttribDef_OptionalVal
1000

  0
ATTDEF
  5
156
330
12D
100
AcDbEntity
  8
尺寸线层
 62
     0
100
AcDbText
 10
-153.0
 20
41.3622881355932
 30
0.0
 40
2.275423728813592
  1

 41
0.667
  7
机械
 72
     1
 11
-153.0
 21
42.5
 31
0.0
100
AcDbAttributeDefinition
  3
更改文件3
  2
更改文件3
 70
     0
 74
     2
280
     0
 71
     1
 72
     0
 11
-153.0
 21
42.5
 31
0.0
1001
CAXA_DRAFT_TXTSCALE
1041
9.0
1001
CAXA_DRAFT_ATTDEF_2PT
1070
     1
1041
16.0
1041
3.000000000000028
1001
CX_DbAttribDef_OptionalVal
1000

  0
ATTDEF
  5
157
330
12D
100
AcDbEntity
  8
尺寸线层
 62
     0
100
AcDbText
 10
-153.0
 20
46.3622881355932
 30
0.0
 40
2.275423728813592
  1

 41
0.667
  7
机械
 72
     1
 11
-153.0
 21
47.5
 31
0.0
100
AcDbAttributeDefinition
  3
更改文件4
  2
更改文件4
 70
     0
 74
     2
280
     0
 71
     1
 72
     0
 11
-153.0
 21
47.5
 31
0.0
1001
CAXA_DRAFT_TXTSCALE
1041
9.0
1001
CAXA_DRAFT_ATTDEF_2PT
1070
     1
1041
16.00000000000003
1041
3.000000000000028
1001
CX_DbAttribDef_OptionalVal
1000

  0
ATTDEF
  5
158
330
12D
100
AcDbEntity
  8
尺寸线层
 62
     0
100
AcDbText
 10
-137.0
 20
31.33260869565217
 30
0.0
 40
2.334782608695663
  1

 41
0.667
  7
机械
 72
     1
 11
-137.0
 21
32.5
 31
0.0
100
AcDbAttributeDefinition
  3
签名1
  2
签名1
 70
     0
 74
     2
280
     0
 71
     1
 72
     0
 11
-137.0
 21
32.5
 31
0.0
1001
CAXA_DRAFT_TXTSCALE
1041
9.0
1001
CAXA_DRAFT_ATTDEF_2PT
1070
     1
1041
12.0
1041
3.000000000000014
1001
CX_DbAttribDef_OptionalVal
1000

  0
ATTDEF
  5
159
330
12D
100
AcDbEntity
  8
尺寸线层
 62
     0
100
AcDbText
 10
-137.0
 20
36.33260869565217
 30
0.0
 40
2.334782608695663
  1

 41
0.667
  7
机械
 72
     1
 11
-137.0
 21
37.5
 31
0.0
100
AcDbAttributeDefinition
  3
签名2
  2
签名2
 70
     0
 74
     2
280
     0
 71
     1
 72
     0
 11
-137.0
 21
37.5
 31
0.0
1001
CAXA_DRAFT_TXTSCALE
1041
9.0
1001
CAXA_DRAFT_ATTDEF_2PT
1070
     1
1041
12.0
1041
3.000000000000014
1001
CX_DbAttribDef_OptionalVal
1000

  0
ATTDEF
  5
15A
330
12D
100
AcDbEntity
  8
尺寸线层
 62
     0
100
AcDbText
 10
-137.0
 20
41.33260869565216
 30
0.0
 40
2.334782608695686
  1

 41
0.667
  7
机械
 72
     1
 11
-137.0
 21
42.5
 31
0.0
100
AcDbAttributeDefinition
  3
签名3
  2
签名3
 70
     0
 74
     2
280
     0
 71
     1
 72
     0
 11
-137.0
 21
42.5
 31
0.0
1001
CAXA_DRAFT_TXTSCALE
1041
9.0
1001
CAXA_DRAFT_ATTDEF_2PT
1070
     1
1041
12.0
1041
3.000000000000028
1001
CX_DbAttribDef_OptionalVal
1000

  0
ATTDEF
  5
15B
330
12D
100
AcDbEntity
  8
尺寸线层
 62
     0
100
AcDbText
 10
-137.0
 20
46.33260869565217
 30
0.0
 40
2.334782608695663
  1

 41
0.667
  7
机械
 72
     1
 11
-137.0
 21
47.5
 31
0.0
100
AcDbAttributeDefinition
  3
签名4
  2
签名4
 70
     0
 74
     2
280
     0
 71
     1
 72
     0
 11
-137.0
 21
47.5
 31
0.0
1001
CAXA_DRAFT_TXTSCALE
1041
9.0
1001
CAXA_DRAFT_ATTDEF_2PT
1070
     1
1041
12.0
1041
3.000000000000014
1001
CX_DbAttribDef_OptionalVal
1000

  0
ATTDEF
  5
15C
330
12D
100
AcDbEntity
  8
尺寸线层
 62
     0
100
AcDbText
 10
-125.0
 20
46.3426724137931
 30
0.0
 40
2.314655172413804
  1

 41
0.667
  7
机械
 72
     1
 11
-125.0
 21
47.5
 31
0.0
100
AcDbAttributeDefinition
  3
日期
  2
日期
 70
     0
 74
     2
280
     0
 71
     1
 72
     0
 11
-125.0
 21
47.5
 31
0.0
1001
CAXA_DRAFT_TXTSCALE
1041
9.0
1001
CAXA_DRAFT_ATTDEF_2PT
1070
     1
1041
8.0
1041
3.000000000000014
1001
CX_DbAttribDef_OptionalVal
1000

  0
ATTDEF
  5
15D
330
12D
100
AcDbEntity
  8
尺寸线层
 62
     0
100
AcDbText
 10
-125.0
 20
41.34267241379311
 30
0.0
 40
2.314655172413782
  1

 41
0.667
  7
机械
 72
     1
 11
-125.0
 21
42.5
 31
0.0
100
AcDbAttributeDefinition
  3
日期
  2
日期
 70
     0
 74
     2
280
     0
 71
     1
 72
     0
 11
-125.0
 21
42.5
 31
0.0
1001
CAXA_DRAFT_TXTSCALE
1041
9.0
1001
CAXA_DRAFT_ATTDEF_2PT
1070
     1
1041
8.0
1041
3.0
1001
CX_DbAttribDef_OptionalVal
1000

  0
ATTDEF
  5
15E
330
12D
100
AcDbEntity
  8
尺寸线层
 62
     0
100
AcDbText
 10
-125.0
 20
36.34267241379311
 30
0.0
 40
2.314655172413782
  1

 41
0.667
  7
机械
 72
     1
 11
-125.0
 21
37.5
 31
0.0
100
AcDbAttributeDefinition
  3
日期
  2
日期
 70
     0
 74
     2
280
     0
 71
     1
 72
     0
 11
-125.0
 21
37.5
 31
0.0
1001
CAXA_DRAFT_TXTSCALE
1041
9.0
1001
CAXA_DRAFT_ATTDEF_2PT
1070
     1
1041
8.0
1041
3.0
1001
CX_DbAttribDef_OptionalVal
1000

  0
ATTDEF
  5
15F
330
12D
100
AcDbEntity
  8
尺寸线层
 62
     0
100
AcDbText
 10
-125.0
 20
31.34267241379311
 30
0.0
 40
2.314655172413782
  1

 41
0.667
  7
机械
 72
     1
 11
-125.0
 21
32.5
 31
0.0
100
AcDbAttributeDefinition
  3
日期
  2
日期
 70
     0
 74
     2
280
     0
 71
     1
 72
     0
 11
-125.0
 21
32.5
 31
0.0
1001
CAXA_DRAFT_TXTSCALE
1041
9.0
1001
CAXA_DRAFT_ATTDEF_2PT
1070
     1
1041
8.0
1041
3.0
1001
CX_DbAttribDef_OptionalVal
1000

  0
ATTDEF
  5
160
330
12D
100
AcDbEntity
  8
尺寸线层
 62
     0
100
AcDbText
 10
-157.5
 20
21.32236842105263
 30
0.0
 40
2.355263157894748
  1

 41
0.667
  7
机械
 72
     1
 11
-157.5
 21
22.5
 31
0.0
100
AcDbAttributeDefinition
  3
设计
  2
设计
 70
     0
 74
     2
280
     0
 71
     1
 72
     0
 11
-157.5
 21
22.5
 31
0.0
1001
CAXA_DRAFT_TXTSCALE
1041
9.0
1001
CAXA_DRAFT_ATTDEF_2PT
1070
     1
1041
13.0
1041
3.000000000000014
1001
CX_DbAttribDef_OptionalVal
1000

  0
ATTDEF
  5
161
330
12D
100
AcDbEntity
  8
尺寸线层
 62
     0
100
AcDbText
 10
-157.5
 20
16.3525641025641
 30
0.0
 40
2.294871794871796
  1

 41
0.667
  7
机械
 72
     1
 11
-157.5
 21
17.5
 31
0.0
100
AcDbAttributeDefinition
  3
制图
  2
制图
 70
     0
 74
     2
280
     0
 71
     1
 72
     0
 11
-157.5
 21
17.5
 31
0.0
1001
CAXA_DRAFT_TXTSCALE
1041
9.0
1001
CAXA_DRAFT_ATTDEF_2PT
1070
     1
1041
13.0
1041
3.0
1001
CX_DbAttribDef_OptionalVal
1000

  0
ATTDEF
  5
162
330
12D
100
AcDbEntity
  8
尺寸线层
 62
     0
100
AcDbText
 10
-157.5
 20
11.36228813559322
 30
0.0
 40
2.275423728813559
  1

 41
0.667
  7
机械
 72
     1
 11
-157.5
 21
12.5
 31
0.0
100
AcDbAttributeDefinition
  3
审核
  2
审核
 70
     0
 74
     2
280
     0
 71
     1
 72
     0
 11
-157.5
 21
12.5
 31
0.0
1001
CAXA_DRAFT_TXTSCALE
1041
9.0
1001
CAXA_DRAFT_ATTDEF_2PT
1070
     1
1041
13.00000000000003
1041
3.0
1001
CX_DbAttribDef_OptionalVal
1000

  0
ATTDEF
  5
163
330
12D
100
AcDbEntity
  8
尺寸线层
 62
     0
100
AcDbText
 10
-127.5
 20
21.34267241379311
 30
0.0
 40
2.314655172413782
  1

 41
0.667
  7
机械
 72
     1
 11
-127.5
 21
22.5
 31
0.0
100
AcDbAttributeDefinition
  3
日期
  2
日期
 70
     0
 74
     2
280
     0
 71
     1
 72
     0
 11
-127.5
 21
22.5
 31
0.0
1001
CAXA_DRAFT_TXTSCALE
1041
9.0
1001
CAXA_DRAFT_ATTDEF_2PT
1070
     1
1041
13.0
1041
3.0
1001
CX_DbAttribDef_OptionalVal
1000

  0
ATTDEF
  5
164
330
12D
100
AcDbEntity
  8
尺寸线层
 62
     0
100
AcDbText
 10
-127.5
 20
16.3426724137931
 30
0.0
 40
2.314655172413804
  1

 41
0.667
  7
机械
 72
     1
 11
-127.5
 21
17.5
 31
0.0
100
AcDbAttributeDefinition
  3
日期
  2
日期
 70
     0
 74
     2
280
     0
 71
     1
 72
     0
 11
-127.5
 21
17.5
 31
0.0
1001
CAXA_DRAFT_TXTSCALE
1041
9.0
1001
CAXA_DRAFT_ATTDEF_2PT
1070
     1
1041
13.0
1041
3.000000000000014
1001
CX_DbAttribDef_OptionalVal
1000

  0
ATTDEF
  5
165
330
12D
100
AcDbEntity
  8
尺寸线层
 62
     0
100
AcDbText
 10
-127.5
 20
11.34267241379311
 30
0.0
 40
2.314655172413782
  1

 41
0.667
  7
机械
 72
     1
 11
-127.5
 21
12.5
 31
0.0
100
AcDbAttributeDefinition
  3
日期
  2
日期
 70
     0
 74
     2
280
     0
 71
     1
 72
     0
 11
-127.5
 21
12.5
 31
0.0
1001
CAXA_DRAFT_TXTSCALE
1041
9.0
1001
CAXA_DRAFT_ATTDEF_2PT
1070
     1
1041
13.0
1041
3.0
1001
CX_DbAttribDef_OptionalVal
1000

  0
ATTDEF
  5
166
330
12D
100
AcDbEntity
  8
尺寸线层
 62
     0
100
AcDbText
 10
-127.5
 20
1.699472220618274
 30
0.0
 40
2.314655172413782
  1

 41
0.667
  7
机械
 72
     1
 11
-127.5
 21
2.856799806825165
 31
0.0
100
AcDbAttributeDefinition
  3
日期
  2
日期
 70
     0
 74
     2
280
     0
 71
     1
 72
     0
 11
-127.5
 21
2.856799806825165
 31
0.0
1001
CAXA_DRAFT_TXTSCALE
1041
9.0
1001
CAXA_DRAFT_ATTDEF_2PT
1070
     1
1041
13.0
1041
3.0
1001
CX_DbAttribDef_OptionalVal
1000

  0
ATTDEF
  5
167
330
12D
100
AcDbEntity
  8
尺寸线层
 62
     0
100
AcDbText
 10
-112.5
 20
8.111814345991561
 30
0.0
 40
3.776371308016877
  1

 41
0.667
  7
机械
 72
     1
 11
-112.5
 21
10.0
 31
0.0
100
AcDbAttributeDefinition
  3
材料
  2
材料
 70
     0
 74
     2
280
     0
 71
     1
 72
     0
 11
-112.5
 21
10.0
 31
0.0
1001
CAXA_DRAFT_TXTSCALE
1041
9.0
1001
CAXA_DRAFT_ATTDEF_2PT
1070
     1
1041
10.0
1041
5.0
1001
CX_DbAttribDef_OptionalVal
1000

  0
ATTDEF
  5
168
330
12D
100
AcDbEntity
  8
尺寸线层
 62
     0
100
AcDbText
 10
-97.5
 20
8.103813559322035
 30
0.0
 40
3.792372881355933
  1

 41
0.667
  7
机械
 72
     1
 11
-97.5
 21
10.0
 31
0.0
100
AcDbAttributeDefinition
  3
数量
  2
数量
 70
     0
 74
     2
280
     0
 71
     1
 72
     0
 11
-97.5
 21
10.0
 31
0.0
1001
CAXA_DRAFT_TXTSCALE
1041
9.0
1001
CAXA_DRAFT_ATTDEF_2PT
1070
     1
1041
10.0
1041
5.0
1001
CX_DbAttribDef_OptionalVal
1000

  0
ATTDEF
  5
169
330
12D
100
AcDbEntity
  8
尺寸线层
 62
     0
100
AcDbText
 10
-82.5
 20
8.011111111111111
 30
0.0
 40
3.977777777777778
  1

 41
0.667
  7
机械
 72
     1
 11
-82.5
 21
10.0
 31
0.0
100
AcDbAttributeDefinition
  3
重量
  2
重量
 70
     0
 74
     2
280
     0
 71
     1
 72
     0
 11
-82.5
 21
10.0
 31
0.0
1001
CAXA_DRAFT_TXTSCALE
1041
9.0
1001
CAXA_DRAFT_ATTDEF_2PT
1070
     1
1041
10.0
1041
5.0
1001
CX_DbAttribDef_OptionalVal
1000

  0
LINE
  5
16A
330
12D
100
AcDbEntity
  8
实体线
100
AcDbLine
 10
-40.0
 20
0.0
 30
0.0
 11
-40.0
 21
50.0
 31
0.0
  0
ATTDEF
  5
16B
330
12D
100
AcDbEntity
  8
尺寸线层
 62
     0
100
AcDbText
 10
-20.0
 20
4.164194915254237
 30
0.0
 40
4.171610169491526
  1

 41
0.667
  7
机械
 72
     1
 11
-20.0
 21
6.25
 31
0.0
100
AcDbAttributeDefinition
  3
图纸编号
  2
图纸编号
 70
     0
 74
     2
280
     0
 71
     1
 72
     0
 11
-20.0
 21
6.25
 31
0.0
1001
CAXA_DRAFT_TXTSCALE
1041
9.0
1001
CAXA_DRAFT_ATTDEF_2PT
1070
     1
1041
33.0
1041
5.5
1001
CX_DbAttribDef_OptionalVal
1000

  0
ATTDEF
  5
16C
330
12D
100
AcDbEntity
  8
尺寸线层
 62
     0
100
AcDbText
 10
-20.0
 20
16.66419491525424
 30
0.0
 40
4.171610169491525
  1

 41
0.667
  7
机械
 72
     1
 11
-20.0
 21
18.75
 31
0.0
100
AcDbAttributeDefinition
  3
产品型号
  2
产品型号
 70
     0
 74
     2
280
     0
 71
     1
 72
     0
 11
-20.0
 21
18.75
 31
0.0
1001
CAXA_DRAFT_TXTSCALE
1041
9.0
1001
CAXA_DRAFT_ATTDEF_2PT
1070
     1
1041
33.0
1041
5.5
1001
CX_DbAttribDef_OptionalVal
1000

  0
ATTDEF
  5
16D
330
12D
100
AcDbEntity
  8
尺寸线层
 62
     0
100
AcDbText
 10
-20.0
 20
29.16419491525424
 30
0.0
 40
4.171610169491525
  1

 41
0.667
  7
机械
 72
     1
 11
-20.0
 21
31.25
 31
0.0
100
AcDbAttributeDefinition
  3
零件名称
  2
零件名称
 70
     0
 74
     2
280
     0
 71
     1
 72
     0
 11
-20.0
 21
31.25
 31
0.0
1001
CAXA_DRAFT_TXTSCALE
1041
9.0
1001
CAXA_DRAFT_ATTDEF_2PT
1070
     1
1041
33.0
1041
5.5
1001
CX_DbAttribDef_OptionalVal
1000

  0
ATTDEF
  5
16E
330
12D
100
AcDbEntity
  8
尺寸线层
 62
     0
100
AcDbText
 10
-20.0
 20
41.65531914893616
 30
0.0
 40
4.189361702127679
  1

 41
0.667
  7
机械
 72
     1
 11
-20.0
 21
43.75
 31
0.0
100
AcDbAttributeDefinition
  3
项目名称
  2
项目名称
 70
     0
 74
     2
280
     0
 71
     1
 72
     0
 11
-20.0
 21
43.75
 31
0.0
1001
CAXA_DRAFT_TXTSCALE
1041
9.0
1001
CAXA_DRAFT_ATTDEF_2PT
1070
     1
1041
33.0
1041
5.500000000000014
1001
CX_DbAttribDef_OptionalVal
1000

  0
MTEXT
  5
16F
330
12D
100
AcDbEntity
  8
尺寸线层
 62
     0
100
AcDbMText
 10
-178.4950980366889
 20
29.45563089178086
 30
0.0
 40
3.0
 41
15.11912454812736
 46
11.33934341109558
 71
     1
 72
     1
  1
\T1.1;标记
  7
机械
 73
     1
 44
1.0
1001
CAXA_DRAFT_TXTSCALE
1041
9.0
  0
MTEXT
  5
170
330
12D
100
AcDbEntity
  8
尺寸线层
 62
     0
100
AcDbMText
 10
-169.6102791664314
 20
29.45563089178086
 30
0.0
 40
3.0
 41
15.11912454812736
 46
11.33934341109558
 71
     1
 72
     1
  1
\T1.1;处数
  7
机械
 73
     1
 44
1.0
1001
CAXA_DRAFT_TXTSCALE
1041
9.0
  0
MTEXT
  5
171
330
12D
100
AcDbEntity
  8
尺寸线层
 62
     0
100
AcDbMText
 10
-158.1875278627638
 20
29.0718399240759
 30
0.0
 40
3.0
 41
15.11912454812736
 46
11.3393434110956
 71
     1
 72
     1
  1
\T1.1;更改文件名
  7
机械
 73
     1
 44
1.0
1001
CAXA_DRAFT_TXTSCALE
1041
9.0
  0
MTEXT
  5
172
330
12D
100
AcDbEntity
  8
尺寸线层
 62
     0
100
AcDbMText
 10
-139.3236864829
 20
29.45563089178086
 30
0.0
 40
3.0
 41
15.11912454812733
 46
11.33934341109558
 71
     1
 72
     1
  1
\T1.1;签名
  7
机械
 73
     1
 44
1.0
1001
CAXA_DRAFT_TXTSCALE
1041
9.0
  0
MTEXT
  5
173
330
12D
100
AcDbEntity
  8
尺寸线层
 62
     0
100
AcDbMText
 10
-127.0552856726977
 20
29.45563089178086
 30
0.0
 40
3.0
 41
15.11912454812735
 46
11.33934341109558
 71
     1
 72
     1
  1
\T1.1;日期
  7
机械
 73
     1
 44
1.0
1001
CAXA_DRAFT_TXTSCALE
1041
9.0
  0
MTEXT
  5
174
330
12D
100
AcDbEntity
  8
尺寸线层
 62
     0
100
AcDbMText
 10
-175.1352925815495
 20
24.3785915373478
 30
0.0
 40
3.0
 41
15.11912454812736
 46
11.33934341109558
 71
     1
 72
     1
  1
\T1.1;设计
  7
机械
 73
     1
 44
1.0
1001
CAXA_DRAFT_TXTSCALE
1041
9.0
  0
MTEXT
  5
175
330
12D
100
AcDbEntity
  8
尺寸线层
 62
     0
100
AcDbMText
 10
-175.1352925815495
 20
19.30155218291497
 30
0.0
 40
3.0
 41
15.11912454812736
 46
11.33934341109558
 71
     1
 72
     1
  1
\T1.1;制图
  7
机械
 73
     1
 44
1.0
1001
CAXA_DRAFT_TXTSCALE
1041
9.0
  0
MTEXT
  5
176
330
12D
100
AcDbEntity
  8
尺寸线层
 62
     0
100
AcDbMText
 10
-175.1153356856535
 20
14.14985048503445
 30
0.0
 40
3.0
 41
15.11912454812736
 46
11.33934341109558
 71
     1
 72
     1
  1
\T1.1;审核
  7
机械
 73
     1
 44
1.0
1001
CAXA_DRAFT_TXTSCALE
1041
9.0
  0
MTEXT
  5
177
330
12D
100
AcDbEntity
  8
尺寸线层
 62
     0
100
AcDbMText
 10
-116.0002278263141
 20
22.50270015822844
 30
0.0
 40
3.5
 41
15.11912454812736
 46
11.33934341109557
 71
     1
 72
     1
  1
\T1.1;材料
  7
机械
 73
     1
 44
1.0
1001
CAXA_DRAFT_TXTSCALE
1041
9.0
  0
MTEXT
  5
178
330
12D
100
AcDbEntity
  8
尺寸线层
 62
     0
100
AcDbMText
 10
-101.1449102250347
 20
22.23391572181731
 30
0.0
 40
3.5
 41
15.11912454812736
 46
11.3393434110956
 71
     1
 72
     1
  1
\T1.1;数量
  7
机械
 73
     1
 44
1.0
1001
CAXA_DRAFT_TXTSCALE
1041
9.0
  0
MTEXT
  5
179
330
12D
100
AcDbEntity
  8
尺寸线层
 62
     0
100
AcDbMText
 10
-86.0631168486309
 20
22.23391572181731
 30
0.0
 40
3.5
 41
15.11912454812736
 46
11.3393434110956
 71
     1
 72
     1
  1
\T1.1;重量
  7
机械
 73
     1
 44
1.0
1001
CAXA_DRAFT_TXTSCALE
1041
9.0
  0
MTEXT
  5
17A
330
12D
100
AcDbEntity
  8
实体线
 62
     0
100
AcDbMText
 10
-70.8668412122745
 20
22.12192220664588
 30
0.0
 40
3.5
 41
15.11912454812737
 46
11.33934341109558
 71
     1
 72
     1
  1
\T1.1;比例
  7
机械
 73
     1
 44
1.0
1001
CAXA_DRAFT_TXTSCALE
1041
9.0
  0
MTEXT
  5
17B
330
12D
100
AcDbEntity
  8
尺寸线层
 62
     0
100
AcDbMText
 10
-56.49655737795729
 20
46.07970376278877
 30
0.0
 40
4.0
 41
15.11912454812736
 46
11.33934341109558
 71
     1
 72
     1
  1
\T1.1;项目名称
  7
机械
 73
     1
 44
1.0
1001
CAXA_DRAFT_TXTSCALE
1041
9.0
  0
MTEXT
  5
17C
330
12D
100
AcDbEntity
  8
尺寸线层
 62
     0
100
AcDbMText
 10
-56.60446705520758
 20
33.71138446829082
 30
0.0
 40
4.0
 41
15.11912454812736
 46
11.33934341109558
 71
     1
 72
     1
  1
\T1.1;零件名称
  7
机械
 73
     1
 44
1.0
1001
CAXA_DRAFT_TXTSCALE
1041
9.0
  0
MTEXT
  5
17D
330
12D
100
AcDbEntity
  8
尺寸线层
 62
     0
100
AcDbMText
 10
-56.60446705520758
 20
20.42148733462818
 30
0.0
 40
4.0
 41
15.11912454812736
 46
11.33934341109558
 71
     1
 72
     1
  1
\T1.1;产品型号
  7
机械
 73
     1
 44
1.0
1001
CAXA_DRAFT_TXTSCALE
1041
9.0
  0
MTEXT
  5
17E
330
12D
100
AcDbEntity
  8
尺寸线层
 62
     0
100
AcDbMText
 10
-55.90164570073853
 20
8.639928876481008
 30
0.0
 40
4.0
 41
15.11912454812735
 46
11.3393434110956
 71
     1
 72
     1
  1
\T1.1;图纸编号
  7
机械
 73
     1
 44
1.0
1001
CAXA_DRAFT_TXTSCALE
1041
9.0
  0
MTEXT
  5
17F
330
12D
100
AcDbEntity
  8
尺寸线层
 62
     0
100
AcDbMText
 10
-145.2454677547166
 20
24.07751967088029
 30
0.0
 40
3.0
 41
15.11912454812736
 46
11.33934341109558
 71
     1
 72
     1
  1
\T1.1;日期
  7
机械
 73
     1
 44
1.0
1001
CAXA_DRAFT_TXTSCALE
1041
9.0
  0
MTEXT
  5
180
330
12D
100
AcDbEntity
  8
尺寸线层
 62
     0
100
AcDbMText
 10
-145.34501754598
 20
19.22421551895172
 30
0.0
 40
3.0
 41
15.11912454812736
 46
11.33934341109558
 71
     1
 72
     1
  1
\T1.1;日期
  7
机械
 73
     1
 44
1.0
1001
CAXA_DRAFT_TXTSCALE
1041
9.0
  0
MTEXT
  5
181
330
12D
100
AcDbEntity
  8
尺寸线层
 62
     0
100
AcDbMText
 10
-145.4943422328752
 20
14.17407639233807
 30
0.0
 40
3.0
 41
15.11912454812736
 46
11.33934341109558
 71
     1
 72
     1
  1
\T1.1;日期
  7
机械
 73
     1
 44
1.0
1001
CAXA_DRAFT_TXTSCALE
1041
9.0
  0
MTEXT
  5
182
330
12D
100
AcDbEntity
  8
尺寸线层
 62
     0
100
AcDbMText
 10
-145.5690045763226
 20
4.231706794175352
 30
0.0
 40
3.0
 41
15.11912454812736
 46
11.33934341109558
 71
     1
 72
     1
  1
\T1.1;日期
  7
机械
 73
     1
 44
1.0
1001
CAXA_DRAFT_TXTSCALE
1041
9.0
  0
MTEXT
  5
183
330
12D
100
AcDbEntity
  8
实体线
 62
     0
100
AcDbMText
 10
-112.2618956841045
 20
3.451711484043926
 30
0.0
 40
2.0
 41
39.58577013805724
 46
14.2148901859388
 71
     1
 72
     1
  1
\T1.1;第         页
  7
机械
 73
     1
 44
1.0
1001
CAXA_DRAFT_TXTSCALE
1041
9.0
  0
MTEXT
  5
184
330
12D
100
AcDbEntity
  8
尺寸线层
 62
     0
100
AcDbMText
 10
-81.6595629443807
 20
3.557473559993923
 30
0.0
 40
2.0
 41
39.58577013805724
 46
14.2148901859388
 71
     1
 72
     1
  1
\T1.1;共         页
  7
机械
 73
     1
 44
1.0
1001
CAXA_DRAFT_TXTSCALE
1041
9.0
  0
HATCH
  5
185
330
12D
100
AcDbEntity
  8
标记
  6
Continuous
 62
   138
100
AcDbHatch
 10
0.0
 20
0.0
 30
0.0
210
0.0
220
0.0
230
1.0
  2
SOLID
 70
     1
 71
     0
 91
        1
 92
        0
 93
       65
 72
     1
 10
-94.29796138856409
 20
34.05882934956549
 11
-94.29796138856409
 21
33.58545653088026
 72
     1
 10
-94.29796138856409
 20
33.58545653088026
 11
-94.53464779779893
 21
32.8280600209855
 72
     1
 10
-94.53464779779893
 20
32.8280600209855
 11
-94.77133420704558
 21
32.35468720229119
 72
     1
 10
-94.77133420704558
 20
32.35468720229119
 11
-95.43405615292704
 21
31.45527884678631
 72
     1
 10
-95.43405615292704
 20
31.45527884678631
 11
-96.52281363542352
 21
30.60320777315633
 72
     1
 10
-96.52281363542352
 20
30.60320777315633
 11
-97.37488470868175
 21
30.22450951820224
 72
     1
 10
-97.37488470868175
 20
30.22450951820224
 11
-98.13228121826933
 21
30.08249767260077
 72
     1
 10
-98.13228121826933
 20
30.08249767260077
 11
-98.2269557819584
 21
29.98782310885963
 72
     1
 10
-98.2269557819584
 20
29.98782310885963
 11
-97.99026937271037
 21
29.893148545126
 72
     1
 10
-97.99026937271037
 20
29.893148545126
 11
-97.09086101761068
 21
29.89314854512531
 72
     1
 10
-97.09086101761068
 20
29.89314854512531
 11
-95.86009168953365
 21
30.17717223633258
 72
     1
 10
-95.86009168953365
 20
30.17717223633258
 11
-95.24470702552003
 21
30.46119592754644
 72
     1
 10
-95.24470702552003
 20
30.46119592754644
 11
-94.67665964334446
 21
30.83989418249803
 72
     1
 10
-94.67665964334446
 20
30.83989418249803
 11
-94.06127497931266
 21
31.40794156492666
 72
     1
 10
-94.06127497931266
 20
31.40794156492666
 11
-93.49322759713868
 21
32.16533807481915
 72
     1
 10
-93.49322759713868
 20
32.16533807481915
 11
-93.16186662419136
 21
32.828060020983
 72
     1
 10
-93.16186662419136
 20
32.828060020983
 11
-92.92518021496312
 21
33.63279381275174
 72
     1
 10
-92.92518021496312
 20
33.63279381275174
 11
-91.0790262228893
 21
34.57953945011946
 72
     1
 10
-91.0790262228893
 20
34.57953945011946
 11
-92.95358258406986
 21
35.51681763112492
 72
     1
 10
-92.95358258406986
 20
35.51681763112492
 11
-93.30387846975373
 21
36.56770528861011
 72
     1
 10
-93.30387846975373
 20
36.56770528861011
 11
-93.72991400638034
 21
37.27776451663703
 72
     1
 10
-93.72991400638034
 20
37.27776451663703
 11
-94.67665964334287
 21
38.27184743587782
 72
     1
 10
-94.67665964334287
 20
38.27184743587782
 11
-95.81275440770241
 21
38.93456938204349
 72
     1
 10
-95.81275440770241
 20
38.93456938204349
 11
-96.99618645390638
 21
39.26593035511951
 72
     1
 10
-96.99618645390638
 20
39.26593035511951
 11
-98.22695578195521
 21
39.26593035512019
 72
     1
 10
-98.22695578195521
 20
39.26593035512019
 11
-98.46364219120665
 21
39.21859307325235
 72
     1
 10
-98.46364219120665
 20
39.21859307325235
 11
-98.55831675489435
 21
39.12391850951553
 72
     1
 10
-98.55831675489435
 20
39.12391850951553
 11
-97.56423383607694
 21
38.93456938204508
 72
     1
 10
-97.56423383607694
 20
38.93456938204508
 11
-96.61748819911782
 21
38.55587112709168
 72
     1
 10
-96.61748819911782
 20
38.55587112709168
 11
-95.9074289713933
 21
38.08249830840668
 72
     1
 10
-95.9074289713933
 20
38.08249830840668
 11
-95.24470702552503
 21
37.41977636224351
 72
     1
 10
-95.24470702552503
 20
37.41977636224351
 11
-94.72399692519093
 21
36.66237985234375
 72
     1
 10
-94.72399692519093
 20
36.66237985234375
 11
-94.34529867041374
 21
35.71563421496921
 72
     1
 10
-94.34529867041374
 20
35.71563421496921
 11
-94.25062410671285
 21
35.28959867815388
 72
     1
 10
-94.25062410671285
 20
35.28959867815388
 11
-94.25062410671626
 21
35.14758683254399
 72
     1
 10
-94.25062410671626
 20
35.14758683254399
 11
-94.34529867041374
 21
35.05291226881036
 72
     1
 10
-94.34529867041374
 20
35.05291226881036
 11
-100.3571334651151
 21
35.00557498693911
 72
     1
 10
-100.3571334651151
 20
35.00557498693911
 11
-100.4518080288162
 21
35.14758683254649
 72
     1
 10
-100.4518080288162
 20
35.14758683254649
 11
-100.4518080288128
 21
36.33101887926591
 72
     1
 10
-100.4518080288128
 20
36.33101887926591
 11
-100.5464825925221
 21
36.42569344299613
 72
     1
 10
-100.5464825925221
 20
36.42569344299613
 11
-101.4458909476434
 21
36.42569344299955
 72
     1
 10
-101.4458909476434
 20
36.42569344299955
 11
-101.5405655113377
 21
36.331018879265
 72
     1
 10
-101.5405655113377
 20
36.331018879265
 11
-101.4932282294712
 21
34.20084119517037
 72
     1
 10
-101.4932282294712
 20
34.20084119517037
 11
-101.5405655113409
 21
34.1535039133073
 72
     1
 10
-101.5405655113409
 20
34.1535039133073
 11
-101.4932282294712
 21
32.78072273911152
 72
     1
 10
-101.4932282294712
 20
32.78072273911152
 11
-101.3985536657738
 21
32.63871089350664
 72
     1
 10
-101.3985536657738
 20
32.63871089350664
 11
-100.8778435654444
 21
32.59137361163857
 72
     1
 10
-100.8778435654444
 20
32.59137361163857
 11
-100.5464825925187
 21
32.63871089351005
 72
     1
 10
-100.5464825925187
 20
32.63871089351005
 11
-100.4518080288128
 21
32.73338545724278
 72
     1
 10
-100.4518080288128
 20
32.73338545724278
 11
-100.4518080288128
 21
33.91681750396151
 72
     1
 10
-100.4518080288128
 20
33.91681750396151
 11
-100.3097961832655
 21
34.05882934956549
 72
     1
 10
-100.3097961832655
 20
34.05882934956549
 11
-98.70032860043989
 21
34.05882934956549
 72
     1
 10
-98.70032860043989
 20
34.05882934956549
 11
-98.55831675489935
 21
33.86948022209253
 72
     1
 10
-98.55831675489935
 20
33.86948022209253
 11
-98.55831675489594
 21
32.73338545724346
 72
     1
 10
-98.55831675489594
 20
32.73338545724346
 11
-98.46364219119823
 21
32.63871089350846
 72
     1
 10
-98.46364219119823
 20
32.63871089350846
 11
-96.90151189020048
 21
32.5913736116388
 72
     1
 10
-96.90151189020048
 20
32.5913736116388
 11
-95.86009168954206
 21
32.63871089351005
 72
     1
 10
-95.86009168954206
 20
32.63871089351005
 11
-95.76541712584435
 21
32.73338545724278
 72
     1
 10
-95.76541712584435
 20
32.73338545724278
 11
-95.76541712584435
 21
33.4434446852772
 72
     1
 10
-95.76541712584435
 20
33.4434446852772
 11
-95.86009168954206
 21
33.53811924901311
 72
     1
 10
-95.86009168954206
 20
33.53811924901311
 11
-97.37488470868675
 21
33.49078196713936
 72
     1
 10
-97.37488470868675
 20
33.49078196713936
 11
-97.46955927239287
 21
33.58545653088208
 72
     1
 10
-97.46955927239287
 20
33.58545653088208
 11
-97.46955927239105
 21
33.96415478583526
 72
     1
 10
-97.46955927239105
 20
33.96415478583526
 11
-97.32754742683551
 21
34.05882934956367
 72
     1
 10
-97.32754742683551
 20
34.05882934956367
 11
-94.29796138857591
 21
34.05882934956549
 97
        0
 75
     0
 76
     1
 98
        1
 10
2789.336609894168
 20
36682.01322006969
  0
HATCH
  5
186
330
12D
100
AcDbEntity
  8
标记
  6
Continuous
 62
   138
100
AcDbHatch
 10
0.0
 20
0.0
 30
0.0
210
0.0
220
0.0
230
1.0
  2
SOLID
 70
     1
 71
     0
 91
        1
 92
        0
 93
        8
 72
     1
 10
-95.85909678517305
 20
35.80185497688058
 11
-95.76442222147557
 21
35.8965295406183
 72
     1
 10
-95.76442222147557
 20
35.8965295406183
 11
-95.76442222148398
 21
36.60658876864841
 72
     1
 10
-95.76442222148398
 20
36.60658876864841
 11
-95.85909678518146
 21
36.70126333237954
 72
     1
 10
-95.85909678518146
 20
36.70126333237954
 11
-98.55732185053557
 21
36.65392605051147
 72
     1
 10
-98.55732185053557
 20
36.65392605051147
 11
-98.60465913238681
 21
36.60658876864773
 72
     1
 10
-98.60465913238681
 20
36.60658876864773
 11
-98.604659132385
 21
35.99120410435171
 72
     1
 10
-98.604659132385
 20
35.99120410435171
 11
-98.46264728683786
 21
35.80185497687967
 72
     1
 10
-98.46264728683786
 20
35.80185497687967
 11
-95.85909678517987
 21
35.80185497688058
 97
        0
 75
     0
 76
     1
 98
        1
 10
2764.863189804119
 20
36692.75264952271
  0
HATCH
  5
187
330
12D
100
AcDbEntity
  8
标记
  6
Continuous
 62
     1
100
AcDbHatch
 10
0.0
 20
0.0
 30
0.0
210
0.0
220
0.0
230
1.0
  2
SOLID
 70
     1
 71
     0
 91
        2
 92
        0
 93
       19
 72
     1
 10
-87.14293398384189
 20
35.50601274527162
 11
-87.19027126568972
 21
35.45867546340196
 72
     1
 10
-87.19027126568972
 20
35.45867546340196
 11
-87.14293398386349
 21
33.42317234304642
 72
     1
 10
-87.14293398386349
 20
33.42317234304642
 11
-86.95358485645988
 21
32.99713680623358
 72
     1
 10
-86.95358485645988
 20
32.99713680623358
 11
-86.5748866016695
 21
32.66577583314734
 72
     1
 10
-86.5748866016695
 20
32.66577583314734
 11
-85.91216465579646
 21
32.52376398754495
 72
     1
 10
-85.91216465579646
 20
32.52376398754495
 11
-84.01867338188458
 21
32.52376398754177
 72
     1
 10
-84.01867338188458
 20
32.52376398754177
 11
-83.78198697260632
 21
32.6184385512845
 72
     1
 10
-83.78198697260632
 20
32.6184385512845
 11
-83.82932425449098
 21
36.40542110077467
 72
     1
 10
-83.82932425449098
 20
36.40542110077467
 11
-84.91808173699928
 21
36.45275838264433
 72
     1
 10
-84.91808173699928
 20
36.45275838264433
 11
-85.01275630071359
 21
36.35808381890661
 72
     1
 10
-85.01275630071359
 20
36.35808381890661
 11
-85.01275630070018
 21
33.56518418865812
 72
     1
 10
-85.01275630070018
 20
33.56518418865812
 11
-85.1547681462423
 21
33.4705096249179
 72
     1
 10
-85.1547681462423
 20
33.4705096249179
 11
-85.77015281025592
 21
33.51784690678596
 72
     1
 10
-85.77015281025592
 20
33.51784690678596
 11
-85.91216465579987
 21
33.61252147052278
 72
     1
 10
-85.91216465579987
 20
33.61252147052278
 11
-85.95950193767112
 21
36.31074653704195
 72
     1
 10
-85.95950193767112
 20
36.31074653704195
 11
-86.14885106503289
 21
36.45275838264183
 72
     1
 10
-86.14885106503289
 20
36.45275838264183
 11
-87.09559670202566
 21
36.40542110077718
 72
     1
 10
-87.09559670202566
 20
36.40542110077718
 11
-87.19027126571314
 21
36.31074653704036
 72
     1
 10
-87.19027126571314
 20
36.31074653704036
 11
-87.14293398386349
 21
35.50601274527003
 97
        0
 92
        0
 93
       41
 72
     1
 10
-91.45062663202998
 20
33.18648593370722
 11
-91.49796391387781
 21
33.13914865183665
 72
     1
 10
-91.49796391387781
 20
33.13914865183665
 11
-90.88257924987101
 21
32.47642670567279
 72
     1
 10
-90.88257924987101
 20
32.47642670567279
 11
-90.69323012246582
 21
32.42908942380814
 72
     1
 10
-90.69323012246582
 20
32.42908942380814
 11
-90.36186914952668
 21
33.09181136997131
 72
     1
 10
-90.36186914952668
 20
33.09181136997131
 11
-90.1725200221365
 21
33.28116049744244
 72
     1
 10
-90.1725200221365
 20
33.28116049744244
 11
-89.69914720365182
 21
33.51784690678505
 72
     1
 10
-89.69914720365182
 20
33.51784690678505
 11
-89.1784371033209
 21
33.51784690678846
 72
     1
 10
-89.1784371033209
 20
33.51784690678846
 11
-88.75240156669929
 21
33.32849777931551
 72
     1
 10
-88.75240156669929
 20
33.32849777931551
 11
-88.51571515745627
 21
33.09181136996949
 72
     1
 10
-88.51571515745627
 20
33.09181136996949
 11
-88.18435418452032
 21
32.38175214193848
 72
     1
 10
-88.18435418452032
 20
32.38175214193848
 11
-88.08967962081124
 21
32.3817521419378
 72
     1
 10
-88.08967962081124
 20
32.3817521419378
 11
-87.52163223864045
 21
32.90246224249245
 72
     1
 10
-87.52163223864045
 20
32.90246224249245
 11
-87.3796203930799
 21
33.18648593370904
 72
     1
 10
-87.3796203930799
 20
33.18648593370904
 11
-87.47429495679603
 21
33.28116049744335
 72
     1
 10
-87.47429495679603
 20
33.28116049744335
 11
-87.90033049342924
 21
33.37583506118017
 72
     1
 10
-87.90033049342924
 20
33.37583506118017
 11
-88.32636603005085
 21
33.75453331612766
 72
     1
 10
-88.32636603005085
 20
33.75453331612766
 11
-88.51571515745627
 21
34.18056885294641
 72
     1
 10
-88.51571515745627
 20
34.18056885294641
 11
-88.51571515744945
 21
34.70127895350447
 72
     1
 10
-88.51571515744945
 20
34.70127895350447
 11
-88.27902874819802
 21
35.22198905406344
 72
     1
 10
-88.27902874819802
 20
35.22198905406344
 11
-87.85299321157959
 21
35.55335002713878
 72
     1
 10
-87.85299321157959
 20
35.55335002713878
 11
-87.37962039308331
 21
35.69536187274525
 72
     1
 10
-87.37962039308331
 20
35.69536187274525
 11
-87.52163223864568
 21
35.97938556395752
 72
     1
 10
-87.52163223864568
 20
35.97938556395752
 11
-88.23169146635337
 21
36.54743294637615
 72
     1
 10
-88.23169146635337
 20
36.54743294637615
 11
-88.32636603005267
 21
36.40542110077376
 72
     1
 10
-88.32636603005267
 20
36.40542110077376
 11
-88.3737033118905
 21
36.07406012769525
 72
     1
 10
-88.3737033118905
 20
36.07406012769525
 11
-88.70506428485305
 21
35.64802459087468
 72
     1
 10
-88.70506428485305
 20
35.64802459087468
 11
-89.2731116670102
 21
35.36400089966673
 72
     1
 10
-89.2731116670102
 20
35.36400089966673
 11
-89.65180992180899
 21
35.36400089966924
 72
     1
 10
-89.65180992180899
 20
35.36400089966924
 11
-90.07784545842901
 21
35.50601274527253
 72
     1
 10
-90.07784545842901
 20
35.50601274527253
 11
-90.40920643138816
 21
35.79003643648639
 72
     1
 10
-90.40920643138816
 20
35.79003643648639
 11
-90.69323012246582
 21
36.45275838264683
 72
     1
 10
-90.69323012246582
 20
36.45275838264683
 11
-90.92991653170725
 21
36.40542110077718
 72
     1
 10
-90.92991653170725
 20
36.40542110077718
 11
-91.49796391388463
 21
35.79003643648639
 72
     1
 10
-91.49796391388463
 20
35.79003643648639
 11
-91.45062663203498
 21
35.60068730901503
 72
     1
 10
-91.45062663203498
 20
35.60068730901503
 11
-90.9772538135469
 21
35.50601274527071
 72
     1
 10
-90.9772538135469
 20
35.50601274527071
 11
-90.64589284061958
 21
35.22198905406276
 72
     1
 10
-90.64589284061958
 20
35.22198905406276
 11
-90.40920643138315
 21
34.70127895349879
 72
     1
 10
-90.40920643138315
 20
34.70127895349879
 11
-90.40920643138634
 21
34.22790613481698
 72
     1
 10
-90.40920643138634
 20
34.22790613481698
 11
-90.59855555876811
 21
33.75453331612675
 72
     1
 10
-90.59855555876811
 20
33.75453331612675
 11
-90.78790468616512
 21
33.51784690678846
 72
     1
 10
-90.78790468616512
 20
33.51784690678846
 11
-91.45062663203316
 21
33.18648593370904
 97
        0
 75
     0
 76
     1
 98
        2
 10
2665.48830259261
 20
36637.44806977462
 10
2665.48830259261
 20
36637.44806977462
  0
HATCH
  5
188
330
12D
100
AcDbEntity
  8
标记
  6
Continuous
 62
   138
100
AcDbHatch
 10
0.0
 20
0.0
 30
0.0
210
0.0
220
0.0
230
1.0
  2
SOLID
 70
     1
 71
     0
 91
       18
 92
        0
 93
        5
 72
     1
 10
-70.96068143742127
 20
35.05291226880877
 11
-70.96068143742127
 21
35.81030877870694
 72
     1
 10
-70.96068143742127
 20
35.81030877870694
 11
-70.86600687373198
 21
35.90498334244467
 72
     1
 10
-70.86600687373198
 20
35.90498334244467
 11
-70.34529677340106
 21
35.85764606058001
 72
     1
 10
-70.34529677340106
 20
35.85764606058001
 11
-70.34529677340447
 21
35.05291226881218
 72
     1
 10
-70.34529677340447
 20
35.05291226881218
 11
-70.96068143742286
 21
35.05291226880877
 97
        0
 92
        0
 93
        7
 72
     1
 10
-70.96068143742127
 20
33.82214294022197
 11
-70.96068143742127
 21
34.57953945012036
 72
     1
 10
-70.96068143742127
 20
34.57953945012036
 11
-70.86600687373198
 21
34.67421401385968
 72
     1
 10
-70.86600687373198
 20
34.67421401385968
 11
-70.39263405525071
 21
34.67421401386127
 72
     1
 10
-70.39263405525071
 20
34.67421401386127
 11
-70.29795949155323
 21
34.43752760451798
 72
     1
 10
-70.29795949155323
 20
34.43752760451798
 11
-70.29795949155482
 21
33.9168175039606
 72
     1
 10
-70.29795949155482
 20
33.9168175039606
 11
-70.39263405525253
 21
33.77480565835731
 72
     1
 10
-70.39263405525253
 20
33.77480565835731
 11
-70.96068143742286
 21
33.82214294021946
 97
        0
 92
        0
 93
        7
 72
     1
 10
-71.33937969223007
 20
36.18900703365944
 11
-71.38671697405789
 21
36.14166975179319
 72
     1
 10
-71.38671697405789
 20
36.14166975179319
 11
-71.38671697407813
 21
33.49078196713936
 72
     1
 10
-71.38671697407813
 20
33.49078196713936
 11
-71.24470512852236
 21
33.39610740341004
 72
     1
 10
-71.24470512852236
 20
33.39610740341004
 11
-70.10861036416304
 21
33.4434446852747
 72
     1
 10
-70.10861036416304
 20
33.4434446852747
 11
-69.91926123677445
 21
33.63279381275493
 72
     1
 10
-69.91926123677445
 20
33.63279381275493
 11
-69.91926123677786
 21
36.18900703365853
 72
     1
 10
-69.91926123677786
 20
36.18900703365853
 11
-71.33937969223007
 21
36.18900703365944
 97
        0
 92
        0
 93
       25
 72
     1
 10
-73.23287096616036
 20
33.0647464303288
 11
-73.28020824798818
 21
33.01740914845823
 72
     1
 10
-73.28020824798818
 20
33.01740914845823
 11
-73.28020824798818
 21
32.82806002098619
 72
     1
 10
-73.28020824798818
 20
32.82806002098619
 11
-73.13819640242264
 21
32.73338545724187
 72
     1
 10
-73.13819640242264
 20
32.73338545724187
 11
-72.90150999320622
 21
32.78072273911334
 72
     1
 10
-72.90150999320622
 20
32.78072273911334
 11
-72.71216086580762
 21
32.97007186658607
 72
     1
 10
-72.71216086580762
 20
32.97007186658607
 11
-72.71216086580603
 21
35.47894780563092
 72
     1
 10
-72.71216086580603
 20
35.47894780563092
 11
-72.57014902025867
 21
35.57362236936365
 72
     1
 10
-72.57014902025867
 20
35.57362236936365
 11
-72.09677620177581
 21
35.52628508749558
 72
     1
 10
-72.09677620177581
 20
35.52628508749558
 11
-72.04943891994776
 21
32.92273458471141
 72
     1
 10
-72.04943891994776
 20
32.92273458471141
 11
-71.90742707438562
 21
32.78072273910993
 72
     1
 10
-71.90742707438562
 20
32.78072273910993
 11
-69.96659851860409
 21
32.78072273911084
 72
     1
 10
-69.96659851860409
 20
32.78072273911084
 11
-69.8719239549282
 21
32.87539730285084
 72
     1
 10
-69.8719239549282
 20
32.87539730285084
 11
-69.9665985186291
 21
33.11208371218777
 72
     1
 10
-69.9665985186291
 20
33.11208371218777
 11
-71.5760661014549
 21
33.11208371218845
 72
     1
 10
-71.5760661014549
 20
33.11208371218845
 11
-71.6707406651642
 21
33.20675827592868
 72
     1
 10
-71.6707406651642
 20
33.20675827592868
 11
-71.67074066516261
 21
35.85764606058001
 72
     1
 10
-71.67074066516261
 20
35.85764606058001
 11
-71.81275251068791
 21
35.95232062431523
 72
     1
 10
-71.81275251068791
 20
35.95232062431523
 11
-72.6648235839748
 21
35.95232062431091
 72
     1
 10
-72.6648235839748
 20
35.95232062431091
 11
-72.80683542950192
 21
36.23634431552
 72
     1
 10
-72.80683542950192
 20
36.23634431552
 11
-73.04352183874335
 21
36.2363443155225
 72
     1
 10
-73.04352183874335
 20
36.2363443155225
 11
-73.28020824801001
 21
35.8576460605791
 72
     1
 10
-73.28020824801001
 20
35.8576460605791
 11
-73.28020824798818
 21
35.62095965123831
 72
     1
 10
-73.28020824798818
 20
35.62095965123831
 11
-73.13819640242264
 21
35.52628508749876
 72
     1
 10
-73.13819640242264
 20
35.52628508749876
 11
-73.090859120613
 21
33.25409555779925
 72
     1
 10
-73.090859120613
 20
33.25409555779925
 11
-73.23287096615695
 21
33.06474643032971
 97
        0
 92
        0
 93
        9
 72
     1
 10
-75.45772321300615
 20
33.63279381274992
 11
-75.5050604948458
 21
33.53811924900992
 72
     1
 10
-75.5050604948458
 20
33.53811924900992
 11
-75.36304864930526
 21
33.34877012153515
 72
     1
 10
-75.36304864930526
 20
33.34877012153515
 11
-75.07902495822577
 21
33.34877012153197
 72
     1
 10
-75.07902495822577
 20
33.34877012153197
 11
-74.93701311267205
 21
33.4434446852722
 72
     1
 10
-74.93701311267205
 20
33.4434446852722
 11
-74.93701311267523
 21
34.95823770507104
 72
     1
 10
-74.93701311267523
 20
34.95823770507104
 11
-75.03168767636453
 21
35.05291226880877
 72
     1
 10
-75.03168767636453
 20
35.05291226880877
 11
-75.31571136746902
 21
35.00557498693911
 72
     1
 10
-75.31571136746902
 20
35.00557498693911
 11
-75.31571136745742
 21
33.82214294022288
 72
     1
 10
-75.31571136745742
 20
33.82214294022288
 11
-75.45772321299455
 21
33.63279381275242
 97
        0
 92
        0
 93
       18
 72
     1
 10
-75.55239777669544
 20
35.71563421496921
 11
-75.5997350585435
 21
35.66829693310547
 72
     1
 10
-75.5997350585435
 20
35.66829693310547
 11
-75.5997350585435
 21
35.57362236936615
 72
     1
 10
-75.5997350585435
 20
35.57362236936615
 11
-75.45772321300615
 21
35.43161052375945
 72
     1
 10
-75.45772321300615
 20
35.43161052375945
 11
-74.6056521397245
 21
35.3842732418932
 72
     1
 10
-74.6056521397245
 20
35.3842732418932
 11
-74.6056521397229
 21
33.0647464303272
 72
     1
 10
-74.6056521397229
 20
33.0647464303272
 11
-75.31571136745742
 21
33.01740914845823
 72
     1
 10
-75.31571136745742
 20
33.01740914845823
 11
-75.4103859311549
 21
32.82806002098619
 72
     1
 10
-75.4103859311549
 20
32.82806002098619
 11
-75.26837408561096
 21
32.6860481753788
 72
     1
 10
-75.26837408561096
 20
32.6860481753788
 11
-74.36896573050308
 21
32.68604817537471
 72
     1
 10
-74.36896573050308
 20
32.68604817537471
 11
-74.17961660310948
 21
32.8280600209805
 72
     1
 10
-74.17961660310948
 20
32.8280600209805
 11
-74.17961660310789
 21
35.3842732418907
 72
     1
 10
-74.17961660310789
 20
35.3842732418907
 11
-74.08494203939017
 21
35.47894780562842
 72
     1
 10
-74.08494203939017
 20
35.47894780562842
 11
-74.1796166031113
 21
36.14166975178978
 72
     1
 10
-74.1796166031113
 20
36.14166975178978
 11
-74.2742911668056
 21
36.2363443155225
 72
     1
 10
-74.2742911668056
 20
36.2363443155225
 11
-74.6056521397245
 21
36.18900703365853
 72
     1
 10
-74.6056521397245
 20
36.18900703365853
 11
-74.65298942159257
 21
35.81030877871035
 72
     1
 10
-74.65298942159257
 20
35.81030877871035
 11
-75.17369952192689
 21
35.81030877871035
 72
     1
 10
-75.17369952192689
 20
35.81030877871035
 11
-75.55239777669044
 21
35.71563421497012
 97
        0
 92
        0
 93
        5
 72
     1
 10
-77.1145280776816
 20
35.47894780562933
 11
-77.1145280776816
 21
35.71563421496671
 72
     1
 10
-77.1145280776816
 20
35.71563421496671
 11
-76.21511972258031
 21
35.76297149683887
 72
     1
 10
-76.21511972258031
 20
35.76297149683887
 11
-76.2151197225819
 21
35.52628508749717
 72
     1
 10
-76.2151197225819
 20
35.52628508749717
 11
-76.35713156812926
 21
35.43161052375785
 72
     1
 10
-76.35713156812926
 20
35.43161052375785
 11
-77.11452807768501
 21
35.47894780563092
 97
        0
 92
        0
 93
        5
 72
     1
 10
-77.1145280776816
 20
34.86356314133172
 11
-77.1145280776816
 21
35.05291226880877
 72
     1
 10
-77.1145280776816
 20
35.05291226880877
 11
-76.35713156812767
 21
35.1475868325424
 72
     1
 10
-76.35713156812767
 20
35.1475868325424
 11
-76.16778244072407
 21
35.0055749869407
 72
     1
 10
-76.16778244072407
 20
35.0055749869407
 11
-76.26245700443155
 21
34.81622585946707
 72
     1
 10
-76.26245700443155
 20
34.81622585946707
 11
-77.11452807768319
 21
34.86356314133513
 97
        0
 92
        0
 93
        6
 72
     1
 10
-77.1145280776816
 20
34.24817847704094
 11
-77.1145280776816
 21
34.43752760451798
 72
     1
 10
-77.1145280776816
 20
34.43752760451798
 11
-76.92517895029982
 21
34.5322021682523
 72
     1
 10
-76.92517895029982
 20
34.5322021682523
 11
-76.35713156812767
 21
34.53220216825889
 72
     1
 10
-76.35713156812767
 20
34.53220216825889
 11
-76.16778244072407
 21
34.390190322649
 72
     1
 10
-76.16778244072407
 20
34.390190322649
 11
-76.30979428627279
 21
34.20084119516787
 72
     1
 10
-76.30979428627279
 20
34.20084119516787
 11
-77.11452807768319
 21
34.24817847704162
 97
        0
 92
        0
 93
       18
 72
     1
 10
-77.49322633247039
 20
36.04699518804705
 11
-77.54056361431822
 21
35.9996579061833
 72
     1
 10
-77.54056361431822
 20
35.9996579061833
 11
-77.54056361434004
 21
33.96415478582958
 72
     1
 10
-77.54056361434004
 20
33.96415478582958
 11
-77.44588905063415
 21
33.86948022209162
 72
     1
 10
-77.44588905063415
 20
33.86948022209162
 11
-76.21511972259214
 21
33.86948022209162
 72
     1
 10
-76.21511972259214
 20
33.86948022209162
 11
-76.16778244072407
 21
33.15942099406334
 72
     1
 10
-76.16778244072407
 20
33.15942099406334
 11
-76.26245700443155
 21
33.01740914845755
 72
     1
 10
-76.26245700443155
 20
33.01740914845755
 11
-76.4991434136632
 21
33.01740914845914
 72
     1
 10
-76.4991434136632
 20
33.01740914845914
 11
-76.5938179773691
 21
32.87539730285516
 72
     1
 10
-76.5938179773691
 20
32.87539730285516
 11
-76.45180613179673
 21
32.68604817537471
 72
     1
 10
-76.45180613179673
 20
32.68604817537471
 11
-75.93109603148923
 21
32.68604817537471
 72
     1
 10
-75.93109603148923
 20
32.68604817537471
 11
-75.74174690409745
 21
32.87539730285175
 72
     1
 10
-75.74174690409745
 20
32.87539730285175
 11
-75.78908418594528
 21
35.9996579061808
 72
     1
 10
-75.78908418594528
 20
35.9996579061808
 11
-75.88375874964117
 21
36.09433246991762
 72
     1
 10
-75.88375874964117
 20
36.09433246991762
 11
-76.45180613181356
 21
36.09433246992171
 72
     1
 10
-76.45180613181356
 20
36.09433246992171
 11
-76.54648069551286
 21
36.2363443155275
 72
     1
 10
-76.54648069551286
 20
36.2363443155275
 11
-76.925178950298
 21
36.2363443155225
 72
     1
 10
-76.925178950298
 20
36.2363443155225
 11
-77.06719079583695
 21
36.0943324699183
 72
     1
 10
-77.06719079583695
 20
36.0943324699183
 11
-77.49322633247039
 21
36.04699518805205
 97
        0
 92
        0
 93
       10
 72
     1
 10
-77.49322633247039
 20
32.97007186658789
 11
-77.54056361431822
 21
32.92273458471732
 72
     1
 10
-77.54056361431822
 20
32.92273458471732
 11
-77.54056361434004
 21
32.78072273910993
 72
     1
 10
-77.54056361434004
 20
32.78072273910993
 11
-77.44588905063415
 21
32.6860481753763
 72
     1
 10
-77.44588905063415
 20
32.6860481753763
 11
-77.06719079583377
 21
32.68604817537471
 72
     1
 10
-77.06719079583377
 20
32.68604817537471
 11
-76.83050438660894
 21
32.87539730285175
 72
     1
 10
-76.83050438660894
 20
32.87539730285175
 11
-76.59381797737069
 21
33.4434446852747
 72
     1
 10
-76.59381797737069
 20
33.4434446852747
 11
-76.59381797737251
 21
33.6801310946189
 72
     1
 10
-76.59381797737251
 20
33.6801310946189
 11
-76.87784166845177
 21
33.68013109461799
 72
     1
 10
-76.87784166845177
 20
33.68013109461799
 11
-77.16186535954125
 21
33.11208371219277
 72
     1
 10
-77.16186535954125
 20
33.11208371219277
 11
-77.49322633246857
 21
32.97007186658539
 97
        0
 92
        0
 93
        7
 72
     1
 10
-79.90742770672978
 20
34.53220216825889
 11
-79.95476498857784
 21
34.48486488638923
 72
     1
 10
-79.95476498857784
 20
34.48486488638923
 11
-79.9074277067316
 21
34.24817847704094
 72
     1
 10
-79.9074277067316
 20
34.24817847704094
 11
-79.52872945194122
 21
34.24817847704094
 72
     1
 10
-79.52872945194122
 20
34.24817847704094
 11
-79.38671760638886
 21
34.34285304078116
 72
     1
 10
-79.38671760638886
 20
34.34285304078116
 11
-79.15003119714561
 21
34.76888857759741
 72
     1
 10
-79.15003119714561
 20
34.76888857759741
 11
-79.52872945194281
 21
34.81622585946798
 72
     1
 10
-79.52872945194281
 20
34.81622585946798
 11
-79.90742770673319
 21
34.53220216825639
 97
        0
 92
        0
 93
        9
 72
     1
 10
-79.95476498858125
 20
35.99965790618398
 11
-80.00210227042749
 21
35.90498334244376
 72
     1
 10
-80.00210227042749
 20
35.90498334244376
 11
-79.90742770672978
 21
35.81030877871035
 72
     1
 10
-79.90742770672978
 20
35.81030877871035
 11
-78.86600750606453
 21
35.76297149683978
 72
     1
 10
-78.86600750606453
 20
35.76297149683978
 11
-78.86600750606635
 21
34.3901903226465
 72
     1
 10
-78.86600750606635
 20
34.3901903226465
 11
-78.77133294237706
 21
34.24817847703912
 72
     1
 10
-78.77133294237706
 20
34.24817847703912
 11
-78.43997196944974
 21
34.2955157589106
 72
     1
 10
-78.43997196944974
 20
34.2955157589106
 11
-78.43997196943974
 21
36.14166975178978
 72
     1
 10
-78.43997196943974
 20
36.14166975178978
 11
-79.9074277067316
 21
36.1524668848183
 72
     1
 10
-79.9074277067316
 20
36.1524668848183
 11
-79.95476498857784
 21
35.9996579061833
 97
        0
 92
        0
 93
        9
 72
     1
 10
-79.95476498858125
 20
35.10024955067843
 11
-80.00210227042749
 21
35.05291226880877
 72
     1
 10
-80.00210227042749
 20
35.05291226880877
 11
-79.90742770672978
 21
34.95823770506945
 72
     1
 10
-79.90742770672978
 20
34.95823770506945
 11
-79.38671760638545
 21
34.95823770506945
 72
     1
 10
-79.38671760638545
 20
34.95823770506945
 11
-79.15003119714561
 21
35.33693596001763
 72
     1
 10
-79.15003119714561
 20
35.33693596001763
 11
-79.1973684790155
 21
35.47894780563092
 72
     1
 10
-79.1973684790155
 20
35.47894780563092
 11
-79.43405488827534
 21
35.47894780562933
 72
     1
 10
-79.43405488827534
 20
35.47894780562933
 11
-79.67074129748175
 21
35.2422613962824
 72
     1
 10
-79.67074129748175
 20
35.2422613962824
 11
-79.90742770673319
 21
35.24226139628581
 72
     1
 10
-79.90742770673319
 20
35.24226139628581
 11
-79.95476498857784
 21
35.10024955068184
 97
        0
 92
        0
 93
        9
 72
     1
 10
-81.80091898064666
 20
36.14166975178819
 11
-81.84825626249471
 21
36.09433246991762
 72
     1
 10
-81.84825626249471
 20
36.09433246991762
 11
-81.8482562624963
 21
35.85764606058251
 72
     1
 10
-81.8482562624963
 20
35.85764606058251
 11
-81.75358169879883
 21
35.76297149684228
 72
     1
 10
-81.75358169879883
 20
35.76297149684228
 11
-80.75949877998323
 21
35.76297149684069
 72
     1
 10
-80.75949877998323
 20
35.76297149684069
 11
-80.71216149813677
 21
34.2955157589106
 72
     1
 10
-80.71216149813677
 20
34.2955157589106
 11
-80.38080052522628
 21
34.24817847704253
 72
     1
 10
-80.38080052522628
 20
34.24817847704253
 11
-80.28612596151856
 21
34.34285304078116
 72
     1
 10
-80.28612596151856
 20
34.34285304078116
 11
-80.33346324336662
 21
36.14166975179137
 72
     1
 10
-80.33346324336662
 20
36.14166975179137
 11
-81.80091898064848
 21
36.14166975178819
 97
        0
 92
        0
 93
        8
 72
     1
 10
-81.80091898064666
 20
35.24226139628581
 11
-81.84825626249471
 21
35.19492411441615
 72
     1
 10
-81.84825626249471
 20
35.19492411441615
 11
-81.80091898064848
 21
34.95823770507104
 72
     1
 10
-81.80091898064848
 20
34.95823770507104
 11
-81.28020888031415
 21
34.95823770506945
 72
     1
 10
-81.28020888031415
 20
34.95823770506945
 11
-81.0435224710659
 21
35.28959867815388
 72
     1
 10
-81.0435224710659
 20
35.28959867815388
 11
-81.04352247108432
 21
35.4789478056266
 72
     1
 10
-81.04352247108432
 20
35.4789478056266
 11
-81.32754616218199
 21
35.47894780562933
 72
     1
 10
-81.32754616218199
 20
35.47894780562933
 11
-81.61156985324806
 21
35.2422613962824
 72
     1
 10
-81.61156985324806
 20
35.2422613962824
 11
-81.80091898065348
 21
35.24226139628581
 97
        0
 92
        0
 93
       32
 72
     1
 10
-81.80091898064666
 20
32.97007186658789
 11
-81.84825626249471
 21
32.92273458471732
 72
     1
 10
-81.84825626249471
 20
32.92273458471732
 11
-81.8482562624963
 21
32.82806002097959
 72
     1
 10
-81.8482562624963
 20
32.82806002097959
 11
-81.70624441694918
 21
32.73338545724187
 72
     1
 10
-81.70624441694918
 20
32.73338545724187
 11
-81.13819703478703
 21
32.78072273911334
 72
     1
 10
-81.13819703478703
 20
32.78072273911334
 11
-81.04352247108432
 21
32.87539730285084
 72
     1
 10
-81.04352247108432
 20
32.87539730285084
 11
-81.04352247108432
 21
33.25409555779834
 72
     1
 10
-81.04352247108432
 20
33.25409555779834
 11
-80.90151062553696
 21
33.34877012153856
 72
     1
 10
-80.90151062553696
 20
33.34877012153856
 11
-79.15003119714902
 21
33.34877012153197
 72
     1
 10
-79.15003119714902
 20
33.34877012153197
 11
-79.05535663345813
 21
33.20675827592777
 72
     1
 10
-79.05535663345813
 20
33.20675827592777
 11
-79.05535663345654
 21
32.82806002098209
 72
     1
 10
-79.05535663345654
 20
32.82806002098209
 11
-78.913344787921
 21
32.73338545724187
 72
     1
 10
-78.913344787921
 20
32.73338545724187
 11
-78.67665837868276
 21
32.73338545724278
 72
     1
 10
-78.67665837868276
 20
32.73338545724278
 11
-78.53464653315223
 21
32.87539730285266
 72
     1
 10
-78.53464653315223
 20
32.87539730285266
 11
-78.53464653313381
 21
33.25409555779834
 72
     1
 10
-78.53464653313381
 20
33.25409555779834
 11
-78.39263468757827
 21
33.39610740341004
 72
     1
 10
-78.39263468757827
 20
33.39610740341004
 11
-78.39263468760169
 21
33.6801310946139
 72
     1
 10
-78.39263468760169
 20
33.6801310946139
 11
-78.53464653315223
 21
33.77480565835731
 72
     1
 10
-78.53464653315223
 20
33.77480565835731
 11
-78.53464653313381
 21
33.91681750396151
 72
     1
 10
-78.53464653313381
 20
33.91681750396151
 11
-78.6293210968231
 21
34.01149206769742
 72
     1
 10
-78.6293210968231
 20
34.01149206769742
 11
-79.00801935161007
 21
34.01149206769242
 72
     1
 10
-79.00801935161007
 20
34.01149206769242
 11
-79.15003119714561
 21
33.72746837648356
 72
     1
 10
-79.15003119714561
 20
33.72746837648356
 11
-80.99618518924467
 21
33.72746837648606
 72
     1
 10
-80.99618518924467
 20
33.72746837648606
 11
-81.13819703478521
 21
34.01149206769492
 72
     1
 10
-81.13819703478521
 20
34.01149206769492
 11
-81.46955800771934
 21
34.01149206769242
 72
     1
 10
-81.46955800771934
 20
34.01149206769242
 11
-81.61156985324988
 21
33.91681750395901
 72
     1
 10
-81.61156985324988
 20
33.91681750395901
 11
-81.61156985324806
 21
33.77480565835731
 72
     1
 10
-81.61156985324806
 20
33.77480565835731
 11
-81.84825626248971
 21
33.63279381274992
 72
     1
 10
-81.84825626248971
 20
33.63279381274992
 11
-81.8482562624963
 21
33.39610740340504
 72
     1
 10
-81.8482562624963
 20
33.39610740340504
 11
-81.65890713510453
 21
33.34877012153606
 72
     1
 10
-81.65890713510453
 20
33.34877012153606
 11
-81.56423257139681
 21
33.20675827592777
 72
     1
 10
-81.56423257139681
 20
33.20675827592777
 11
-81.65890713510453
 21
33.01740914845595
 72
     1
 10
-81.65890713510453
 20
33.01740914845595
 11
-81.80091898064848
 21
32.97007186658948
 97
        0
 92
        0
 93
        7
 72
     1
 10
-81.8482562624963
 20
34.48486488638423
 11
-81.89559354434437
 21
34.3901903226465
 72
     1
 10
-81.89559354434437
 20
34.3901903226465
 11
-81.80091898064848
 21
34.24817847703912
 72
     1
 10
-81.80091898064848
 20
34.24817847703912
 11
-81.37488344402345
 21
34.24817847704094
 72
     1
 10
-81.37488344402345
 20
34.24817847704094
 11
-81.04352247108773
 21
34.67421401385968
 72
     1
 10
-81.04352247108773
 20
34.67421401385968
 11
-81.09085975293056
 21
34.86356314133513
 72
     1
 10
-81.09085975293056
 20
34.86356314133513
 11
-81.42222072587128
 21
34.81622585946207
 72
     1
 10
-81.42222072587128
 20
34.81622585946207
 11
-81.84825626249471
 21
34.48486488638673
 97
        0
 75
     0
 76
     1
 98
       18
 10
2664.913157364796
 20
36637.51567939872
 10
-8342.544053141077
 20
-4501.323605375148
 10
-8342.544053141077
 20
-4501.323605375148
 10
-8342.544053141077
 20
-4501.323605375148
 10
-8342.544053141077
 20
-4501.323605375148
 10
-8342.544053141077
 20
-4501.323605375148
 10
-8342.544053141077
 20
-4501.323605375148
 10
-8342.544053141077
 20
-4501.323605375148
 10
-8342.544053141077
 20
-4501.323605375148
 10
-8342.544053141077
 20
-4501.323605375148
 10
-8342.544053141077
 20
-4501.323605375148
 10
-8342.544053141077
 20
-4501.323605375148
 10
-8342.544053141077
 20
-4501.323605375148
 10
-8342.544053141077
 20
-4501.323605375148
 10
-8342.544053141077
 20
-4501.323605375148
 10
-8342.544053141077
 20
-4501.323605375148
 10
-8342.544053141077
 20
-4501.323605375148
 10
2664.913157364796
 20
36637.51567939872
  0
HATCH
  5
189
330
12D
100
AcDbEntity
  8
标记
  6
Continuous
 62
   138
100
AcDbHatch
 10
0.0
 20
0.0
 30
0.0
210
0.0
220
0.0
230
1.0
  2
SOLID
 70
     1
 71
     0
 91
        1
 92
        0
 93
       50
 72
     1
 10
-102.3109577153382
 20
35.0765809097436
 11
-103.1630287886098
 21
35.97598926524756
 72
     1
 10
-103.1630287886098
 20
35.97598926524756
 11
-103.2577033522891
 21
36.16533839272461
 72
     1
 10
-103.2577033522891
 20
36.16533839272461
 11
-103.2577033522857
 21
36.44936208393256
 72
     1
 10
-103.2577033522857
 20
36.44936208393256
 11
-103.3523779160034
 21
36.5440366476721
 72
     1
 10
-103.3523779160034
 20
36.5440366476721
 11
-104.3937981166671
 21
36.54403664767369
 72
     1
 10
-104.3937981166671
 20
36.54403664767369
 11
-104.5358099621992
 21
36.4020248020729
 72
     1
 10
-104.5358099621992
 20
36.4020248020729
 11
-104.3937981166587
 21
35.69196557403529
 72
     1
 10
-104.3937981166587
 20
35.69196557403529
 11
-103.1630287886132
 21
34.27184711797736
 72
     1
 10
-103.1630287886132
 20
34.27184711797736
 11
-103.1156915067636
 21
33.84581158115429
 72
     1
 10
-103.1156915067636
 20
33.84581158115429
 11
-103.3050406341572
 21
33.65646245367975
 72
     1
 10
-103.3050406341572
 20
33.65646245367975
 11
-103.541727043377
 21
33.56178788994544
 72
     1
 10
-103.541727043377
 20
33.56178788994544
 11
-104.9618454988308
 21
33.56178788994384
 72
     1
 10
-104.9618454988308
 20
33.56178788994384
 11
-105.0091827806889
 21
34.93456906414031
 72
     1
 10
-105.0091827806889
 20
34.93456906414031
 11
-105.1038573443782
 21
35.02924362787553
 72
     1
 10
-105.1038573443782
 20
35.02924362787553
 11
-106.097940263197
 21
35.02924362787394
 72
     1
 10
-106.097940263197
 20
35.02924362787394
 11
-106.1926148269063
 21
34.93456906413962
 72
     1
 10
-106.1926148269063
 20
34.93456906413962
 11
-106.1926148268828
 21
33.65646245368157
 72
     1
 10
-106.1926148268828
 20
33.65646245368157
 11
-106.2872893905806
 21
33.56178788994544
 72
     1
 10
-106.2872893905806
 20
33.56178788994544
 11
-107.6600705641781
 21
33.56178788994384
 72
     1
 10
-107.6600705641781
 20
33.56178788994384
 11
-107.6600705641781
 21
34.03516070862884
 72
     1
 10
-107.6600705641781
 20
34.03516070862884
 11
-106.9973486183167
 21
34.46119624545008
 72
     1
 10
-106.9973486183167
 20
34.46119624545008
 11
-106.6659876453859
 21
34.98190634600496
 72
     1
 10
-106.6659876453859
 20
34.98190634600496
 11
-106.5713130816782
 21
35.40794188282712
 72
     1
 10
-106.5713130816782
 20
35.40794188282712
 11
-106.5713130816835
 21
36.4020248020729
 72
     1
 10
-106.5713130816835
 20
36.4020248020729
 11
-106.7133249272156
 21
36.54403664767437
 72
     1
 10
-106.7133249272156
 20
36.54403664767437
 11
-107.4233841549249
 21
36.54403664767369
 72
     1
 10
-107.4233841549249
 20
36.54403664767369
 11
-107.7074078460244
 21
36.44936208393597
 72
     1
 10
-107.7074078460244
 20
36.44936208393597
 11
-107.7547451278724
 21
35.26593003721905
 72
     1
 10
-107.7547451278724
 20
35.26593003721905
 11
-107.9914315371157
 21
34.98190634600246
 72
     1
 10
-107.9914315371157
 20
34.98190634600246
 11
-108.4174670737389
 21
34.93456906414281
 72
     1
 10
-108.4174670737389
 20
34.93456906414281
 11
-108.7014907648399
 21
35.12391819160916
 72
     1
 10
-108.7014907648399
 20
35.12391819160916
 11
-108.7961653285311
 21
35.36060460095837
 72
     1
 10
-108.7961653285311
 20
35.36060460095837
 11
-108.8435026103773
 21
36.44936208393506
 72
     1
 10
-108.8435026103773
 20
36.44936208393506
 11
-109.8375855291945
 21
36.44936208393437
 72
     1
 10
-109.8375855291945
 20
36.44936208393437
 11
-109.8849228110407
 21
36.4020248020679
 72
     1
 10
-109.8849228110407
 20
36.4020248020679
 11
-109.8849228110325
 21
35.45527916469609
 72
     1
 10
-109.8849228110325
 20
35.45527916469609
 11
-109.7902482473464
 21
35.02924362787553
 72
     1
 10
-109.7902482473464
 20
35.02924362787553
 11
-109.6008991199531
 21
34.65054537292554
 72
     1
 10
-109.6008991199531
 20
34.65054537292554
 11
-109.1275263014668
 21
34.2245098361052
 72
     1
 10
-109.1275263014668
 20
34.2245098361052
 11
-108.7961653285276
 21
34.08249799050031
 72
     1
 10
-108.7961653285276
 20
34.08249799050031
 11
-108.7961653285292
 21
33.08841507125612
 72
     1
 10
-108.7961653285292
 20
33.08841507125612
 11
-108.7488280466814
 21
32.7570540981751
 72
     1
 10
-108.7488280466814
 20
32.7570540981751
 11
-108.6068162011441
 21
32.61504225257272
 72
     1
 10
-108.6068162011441
 20
32.61504225257272
 11
-103.115691506762
 21
32.61504225257181
 72
     1
 10
-103.115691506762
 20
32.61504225257181
 11
-102.3582949971862
 21
32.89906594378158
 72
     1
 10
-102.3582949971862
 20
32.89906594378158
 11
-102.0742713061034
 21
33.18308963499476
 72
     1
 10
-102.0742713061034
 20
33.18308963499476
 11
-101.8375848968503
 21
33.70379973555191
 72
     1
 10
-101.8375848968503
 20
33.70379973555191
 11
-101.8375848968535
 21
34.2245098361077
 72
     1
 10
-101.8375848968535
 20
34.2245098361077
 11
-101.9322594605712
 21
34.50853352731815
 72
     1
 10
-101.9322594605712
 20
34.50853352731815
 11
-102.31095771534
 21
35.0765809097411
 97
        0
 75
     0
 76
     1
 98
        1
 10
2723.661103576983
 20
36681.1355199681
  0
HATCH
  5
18A
330
12D
100
AcDbEntity
  8
标记
  6
Continuous
 62
   138
100
AcDbHatch
 10
0.0
 20
0.0
 30
0.0
210
0.0
220
0.0
230
1.0
  2
SOLID
 70
     1
 71
     0
 91
        1
 92
        0
 93
        4
 72
     1
 10
-105.028477089156
 20
36.74882604176901
 11
-106.1734475938574
 21
36.74882604176901
 72
     1
 10
-106.1734475938574
 20
36.74882604176901
 11
-106.1734475938574
 21
35.69631116522169
 72
     1
 10
-106.1734475938574
 20
35.69631116522169
 11
-105.028477089156
 21
35.6963111652201
 72
     1
 10
-105.028477089156
 20
35.6963111652201
 11
-105.028477089156
 21
36.74882604176833
 97
        0
 75
     0
 76
     1
 98
        1
 10
2699.514929303262
 20
36692.43911321314
  0
ATTDEF
  5
18B
330
12D
100
AcDbEntity
  8
尺寸线层
 62
     0
100
AcDbText
 10
-70.2596765625
 20
8.071120689655173
 30
0.0
 40
3.857758620689656
  1
1:9
 41
0.667
  7
机械
 72
     1
 11
-67.5
 21
10.0
 31
0.0
100
AcDbAttributeDefinition
  3
比例
  2
比例
 70
     0
 74
     2
280
     0
 71
     1
 72
     0
 11
-67.5
 21
10.0
 31
0.0
1001
CAXA_DRAFT_TXTSCALE
1041
9.0
1001
CAXA_DRAFT_ATTDEF_2PT
1070
     1
1041
10.0
1041
5.000000000000002
1001
CX_DbAttribDef_OptionalVal
1000

  0
ENDBLK
  5
18D
330
12D
100
AcDbEntity
  8
0
100
AcDbBlockEnd
  0
BLOCK
  5
1C1
330
1C0
100
AcDbEntity
  8
0
100
AcDbBlockBegin
  2
*X4
 70
     1
 10
0.0
 20
0.0
 30
0.0
  3
*X4
  1

  0
LINE
  5
1C3
330
1C0
100
AcDbEntity
  8
尺寸线层
 62
     0
100
AcDbLine
 10
1213.630306706875
 20
611.8074012848244
 30
0.0
 11
1262.153212933137
 21
611.8074012848244
 31
0.0
  0
HATCH
  5
1C4
330
1C0
100
AcDbEntity
  8
尺寸线层
 62
     0
100
AcDbHatch
 10
0.0
 20
0.0
 30
0.0
210
0.0
220
0.0
230
1.0
  2
SOLID
 70
     1
 71
     0
 91
        1
 92
        0
 93
        3
 72
     1
 10
1217.630306706875
 20
611.8074012848244
 11
1215.630306706875
 21
612.0574012848244
 72
     1
 10
1215.630306706875
 20
612.0574012848244
 11
1215.630306706875
 21
611.5574012848244
 72
     1
 10
1215.630306706875
 20
611.5574012848244
 11
1217.630306706875
 21
611.8074012848244
 97
        0
 75
     0
 76
     1
 98
        1
 10
0.0
 20
0.0
  0
HATCH
  5
1C5
330
1C0
100
AcDbEntity
  8
尺寸线层
 62
     0
100
AcDbHatch
 10
0.0
 20
0.0
 30
0.0
210
0.0
220
0.0
230
1.0
  2
SOLID
 70
     1
 71
     0
 91
        1
 92
        0
 93
        3
 72
     1
 10
1218.630306706876
 20
611.8074012848244
 11
1220.630306706876
 21
612.0574012848244
 72
     1
 10
1220.630306706876
 20
612.0574012848244
 11
1220.630306706876
 21
611.5574012848244
 72
     1
 10
1220.630306706876
 20
611.5574012848244
 11
1218.630306706876
 21
611.8074012848244
 97
        0
 75
     0
 76
     1
 98
        1
 10
0.0
 20
0.0
  0
LINE
  5
1C6
330
1C0
100
AcDbEntity
  8
尺寸线层
 62
     0
100
AcDbLine
 10
1217.630306706875
 20
654.7391043103323
 30
0.0
 11
1217.630306706875
 21
610.8074012848244
 31
0.0
  0
LINE
  5
1C7
330
1C0
100
AcDbEntity
  8
尺寸线层
 62
     0
100
AcDbLine
 10
1218.630306706876
 20
654.7391043103323
 30
0.0
 11
1218.630306706876
 21
610.8074012848244
 31
0.0
  0
MTEXT
  5
1C8
330
1C0
100
AcDbEntity
  8
尺寸线层
 62
     0
100
AcDbMText
 10
1261.830425921963
 20
629.4732532401317
 30
0.0
 40
1.75
 41
3.5
 46
3.5
 71
     5
 72
     1
  1
\T1.1;2
  7
标准
 73
     1
 44
1.150569886022795
1001
CAXA_DRAFT_TXTSCALE
1041
1.0
  0
ENDBLK
  5
1C2
330
1C0
100
AcDbEntity
  8
0
100
AcDbBlockEnd
  0
BLOCK
  5
1D4
330
1CB
100
AcDbEntity
  8
0
100
AcDbBlockBegin
  2
*X5
 70
     1
 10
0.0
 20
0.0
 30
0.0
  3
*X5
  1

  0
LINE
  5
1CC
330
1CB
100
AcDbEntity
  8
尺寸线层
  6
Continuous
 62
     0
370
    35
100
AcDbLine
 10
0.0
 20
449.753424657341
 30
0.0
 11
0.0
 21
409.7534246573409
 31
0.0
  0
LINE
  5
1CD
330
1CB
100
AcDbEntity
  8
尺寸线层
  6
Continuous
 62
     0
370
    35
100
AcDbLine
 10
0.0
 20
40.0
 30
0.0
 11
0.0
 21
0.0
 31
0.0
  0
LINE
  5
1CE
330
1CB
100
AcDbEntity
  8
尺寸线层
 62
     0
100
AcDbLine
 10
0.0
 20
449.753424657341
 30
0.0
 11
64.0
 21
449.753424657341
 31
0.0
  0
HATCH
  5
1CF
330
1CB
100
AcDbEntity
  8
尺寸线层
 62
     0
100
AcDbHatch
 10
0.0
 20
0.0
 30
0.0
210
0.0
220
0.0
230
1.0
  2
SOLID
 70
     1
 71
     0
 91
        1
 92
        0
 93
        3
 72
     1
 10
64.0
 20
449.753424657341
 11
32.0
 21
453.753424657341
 72
     1
 10
32.0
 20
453.753424657341
 11
32.0
 21
445.753424657341
 72
     1
 10
32.0
 20
445.753424657341
 11
64.0
 21
449.753424657341
 97
        0
 75
     0
 76
     1
 98
        1
 10
-855.3211969595857
 20
-591.7039005238126
  0
LINE
  5
1D0
330
1CB
100
AcDbEntity
  8
尺寸线层
 62
     0
100
AcDbLine
 10
0.0
 20
0.0
 30
0.0
 11
64.0
 21
0.0
 31
0.0
  0
HATCH
  5
1D1
330
1CB
100
AcDbEntity
  8
尺寸线层
 62
     0
100
AcDbHatch
 10
0.0
 20
0.0
 30
0.0
210
0.0
220
0.0
230
1.0
  2
SOLID
 70
     1
 71
     0
 91
        1
 92
        0
 93
        3
 72
     1
 10
64.0
 20
0.0
 11
32.0
 21
4.0
 72
     1
 10
32.0
 20
4.0
 11
32.0
 21
-4.0
 72
     1
 10
32.0
 20
-4.0
 11
64.0
 21
0.0
 97
        0
 75
     0
 76
     1
 98
        1
 10
-855.3211969595857
 20
-591.7039005238126
  0
MTEXT
  5
1D2
330
1CB
100
AcDbEntity
  8
尺寸线层
 62
     0
100
AcDbMText
 10
45.25483399593895
 20
495.0082586532811
 30
0.0
 40
28.0
 41
56.0
 46
56.0
 71
     5
 72
     1
  1
\T1.1;B
  7
标准
 73
     1
 44
1.150569886022795
1001
CAXA_DRAFT_TXTSCALE
1041
1.0
  0
MTEXT
  5
1D3
330
1CB
100
AcDbEntity
  8
尺寸线层
 62
     0
100
AcDbMText
 10
45.25483399593895
 20
-45.25483399593941
 30
0.0
 40
28.0
 41
56.0
 46
56.0
 71
     5
 72
     1
  1
\T1.1;B
  7
标准
 73
     1
 44
1.150569886022795
1001
CAXA_DRAFT_TXTSCALE
1041
1.0
  0
ENDBLK
  5
1D5
330
1CB
100
AcDbEntity
  8
0
100
AcDbBlockEnd
  0
BLOCK
  5
1E0
330
1D7
100
AcDbEntity
  8
0
100
AcDbBlockBegin
  2
*X6
 70
     1
 10
0.0
 20
0.0
 30
0.0
  3
*X6
  1

  0
LINE
  5
1D8
330
1D7
100
AcDbEntity
  8
尺寸线层
  6
Continuous
 62
     0
370
    35
100
AcDbLine
 10
0.0
 20
449.7534246573407
 30
0.0
 11
0.0
 21
409.7534246573409
 31
0.0
  0
LINE
  5
1D9
330
1D7
100
AcDbEntity
  8
尺寸线层
  6
Continuous
 62
     0
370
    35
100
AcDbLine
 10
0.0
 20
40.0
 30
0.0
 11
0.0
 21
0.0
 31
0.0
  0
LINE
  5
1DA
330
1D7
100
AcDbEntity
  8
尺寸线层
 62
     0
100
AcDbLine
 10
0.0
 20
449.7534246573407
 30
0.0
 11
64.0
 21
449.7534246573407
 31
0.0
  0
HATCH
  5
1DB
330
1D7
100
AcDbEntity
  8
尺寸线层
 62
     0
100
AcDbHatch
 10
0.0
 20
0.0
 30
0.0
210
0.0
220
0.0
230
1.0
  2
SOLID
 70
     1
 71
     0
 91
        1
 92
        0
 93
        3
 72
     1
 10
64.0
 20
449.7534246573407
 11
32.0
 21
453.7534246573407
 72
     1
 10
32.0
 20
453.7534246573407
 11
32.0
 21
445.7534246573407
 72
     1
 10
32.0
 20
445.7534246573407
 11
64.0
 21
449.7534246573407
 97
        0
 75
     0
 76
     1
 98
        1
 10
-330.6088681926887
 20
-591.7039005238128
  0
LINE
  5
1DC
330
1D7
100
AcDbEntity
  8
尺寸线层
 62
     0
100
AcDbLine
 10
0.0
 20
0.0
 30
0.0
 11
64.0
 21
0.0
 31
0.0
  0
HATCH
  5
1DD
330
1D7
100
AcDbEntity
  8
尺寸线层
 62
     0
100
AcDbHatch
 10
0.0
 20
0.0
 30
0.0
210
0.0
220
0.0
230
1.0
  2
SOLID
 70
     1
 71
     0
 91
        1
 92
        0
 93
        3
 72
     1
 10
64.0
 20
0.0
 11
32.0
 21
4.0
 72
     1
 10
32.0
 20
4.0
 11
32.0
 21
-4.0
 72
     1
 10
32.0
 20
-4.0
 11
64.0
 21
0.0
 97
        0
 75
     0
 76
     1
 98
        1
 10
-330.6088681926887
 20
-591.7039005238128
  0
MTEXT
  5
1DE
330
1D7
100
AcDbEntity
  8
尺寸线层
 62
     0
100
AcDbMText
 10
45.25483399593759
 20
495.0082586532808
 30
0.0
 40
28.0
 41
56.0
 46
56.0
 71
     5
 72
     1
  1
\T1.1;B
  7
标准
 73
     1
 44
1.150569886022795
1001
CAXA_DRAFT_TXTSCALE
1041
1.0
  0
MTEXT
  5
1DF
330
1D7
100
AcDbEntity
  8
尺寸线层
 62
     0
100
AcDbMText
 10
45.25483399593759
 20
-45.25483399593941
 30
0.0
 40
28.0
 41
56.0
 46
56.0
 71
     5
 72
     1
  1
\T1.1;B
  7
标准
 73
     1
 44
1.150569886022795
1001
CAXA_DRAFT_TXTSCALE
1041
1.0
  0
ENDBLK
  5
1E1
330
1D7
100
AcDbEntity
  8
0
100
AcDbBlockEnd
  0
BLOCK
  5
1E7
330
1E6
100
AcDbEntity
  8
0
100
AcDbBlockBegin
  2
*X7
 70
     1
 10
0.0
 20
0.0
 30
0.0
  3
*X7
  1

  0
ARC
  5
1E9
330
1E6
100
AcDbEntity
  8
尺寸线层
 62
     0
100
AcDbCircle
 10
1217.649971632197
 20
654.7391043103323
 30
0.0
 40
59.40356181657361
100
AcDbArc
 50
134.9999999999988
 51
155.2358011809205
  0
ARC
  5
1EA
330
1E6
100
AcDbEntity
  8
尺寸线层
 62
     0
100
AcDbCircle
 10
1217.649971632197
 20
654.7391043103323
 30
0.0
 40
59.4035618165735
100
AcDbArc
 50
159.7277058215344
 51
180.0000000000003
  0
HATCH
  5
1EB
330
1E6
100
AcDbEntity
  8
尺寸线层
 62
     0
100
AcDbHatch
 10
0.0
 20
0.0
 30
0.0
210
0.0
220
0.0
230
1.0
  2
SOLID
 70
     1
 71
     0
 91
        1
 92
        0
 93
        3
 72
     1
 10
1175.645310245065
 20
696.7437656974665
 11
1173.279465819881
 21
693.4808321173463
 72
     1
 10
1173.279465819881
 20
693.4808321173463
 11
1172.537670542871
 21
694.1512472200749
 72
     1
 10
1172.537670542871
 20
694.1512472200749
 11
1175.645310245065
 21
696.7437656974665
 97
        0
 75
     0
 76
     1
 98
        1
 10
0.0
 20
0.0
  0
HATCH
  5
1EC
330
1E6
100
AcDbEntity
  8
尺寸线层
 62
     0
100
AcDbHatch
 10
0.0
 20
0.0
 30
0.0
210
0.0
220
0.0
230
1.0
  2
SOLID
 70
     1
 71
     0
 91
        1
 92
        0
 93
        3
 72
     1
 10
1158.246409815624
 20
654.7391043103323
 11
1158.880747640409
 21
658.7192514076763
 72
     1
 10
1158.880747640409
 20
658.7192514076763
 11
1157.882164104433
 21
658.7697248129534
 72
     1
 10
1157.882164104433
 20
658.7697248129534
 11
1158.246409815624
 21
654.7391043103323
 97
        0
 75
     0
 76
     1
 98
        1
 10
0.0
 20
0.0
  0
LINE
  5
1ED
330
1E6
100
AcDbEntity
  8
尺寸线层
 62
     0
100
AcDbLine
 10
1193.694318247699
 20
678.6947576948312
 30
0.0
 11
1174.231096682691
 21
698.1579792598396
 31
0.0
  0
LINE
  5
1EE
330
1E6
100
AcDbEntity
  8
尺寸线层
 62
     0
100
AcDbLine
 10
1217.649971632198
 20
654.7391043103323
 30
0.0
 11
1156.246409815624
 21
654.7391043103323
 31
0.0
  0
MTEXT
  5
1EF
330
1E6
100
AcDbEntity
  8
尺寸线层
 62
     0
100
AcDbMText
 10
1162.768236711596
 20
677.4718632410111
 30
0.0
 40
3.5
 41
9.536236871508208
 46
7.0
 71
     5
 72
     1
  1
\T1.1;45%%D
  7
标准
 73
     1
 44
1.150569886022795
1001
CAXA_DRAFT_TXTSCALE
1041
1.0
  0
ENDBLK
  5
1E8
330
1E6
100
AcDbEntity
  8
0
100
AcDbBlockEnd
  0
BLOCK
  5
22D
330
22C
100
AcDbEntity
  8
0
100
AcDbBlockBegin
  2
*X8
 70
     1
 10
0.0
 20
0.0
 30
0.0
  3
*X8
  1

  0
LINE
  5
22F
330
22C
100
AcDbEntity
  8
尺寸线层
 62
     0
100
AcDbLine
 10
3605.18316725991
 20
2120.645094111906
 30
0.0
 11
3605.18316725991
 21
1920.645094112851
 31
0.0
  0
HATCH
  5
230
330
22C
100
AcDbEntity
  8
尺寸线层
 62
     0
100
AcDbHatch
 10
0.0
 20
0.0
 30
0.0
210
0.0
220
0.0
230
1.0
  2
SOLID
 70
     1
 71
     0
 91
        1
 92
        0
 93
        3
 72
     1
 10
3605.18316725991
 20
2120.645094111906
 11
3605.68316725991
 21
2116.645094111906
 72
     1
 10
3605.68316725991
 20
2116.645094111906
 11
3604.68316725991
 21
2116.645094111906
 72
     1
 10
3604.68316725991
 20
2116.645094111906
 11
3605.18316725991
 21
2120.645094111906
 97
        0
 75
     0
 76
     1
 98
        1
 10
0.0
 20
0.0
  0
HATCH
  5
231
330
22C
100
AcDbEntity
  8
尺寸线层
 62
     0
100
AcDbHatch
 10
0.0
 20
0.0
 30
0.0
210
0.0
220
0.0
230
1.0
  2
SOLID
 70
     1
 71
     0
 91
        1
 92
        0
 93
        3
 72
     1
 10
3605.18316725991
 20
1920.645094112851
 11
3605.68316725991
 21
1924.645094112851
 72
     1
 10
3605.68316725991
 20
1924.645094112851
 11
3604.68316725991
 21
1924.645094112851
 72
     1
 10
3604.68316725991
 20
1924.645094112851
 11
3605.18316725991
 21
1920.645094112851
 97
        0
 75
     0
 76
     1
 98
        1
 10
0.0
 20
0.0
  0
LINE
  5
232
330
22C
100
AcDbEntity
  8
尺寸线层
 62
     0
100
AcDbLine
 10
3482.003113542342
 20
2120.645094111906
 30
0.0
 11
3607.18316725991
 21
2120.645094111906
 31
0.0
  0
LINE
  5
233
330
22C
100
AcDbEntity
  8
尺寸线层
 62
     0
100
AcDbLine
 10
3482.003113542342
 20
1920.645094112851
 30
0.0
 11
3607.18316725991
 21
1920.645094112851
 31
0.0
  0
MTEXT
  5
234
330
22C
100
AcDbEntity
  8
尺寸线层
 62
     0
100
AcDbMText
 10
3583.984144913541
 20
2020.645093612379
 30
0.0
 40
3.5
 41
10.00574525139655
 46
7.0
 71
     5
 72
     1
  1
\T1.1;200
  7
标准
 11
6.123233995736766E-17
 21
1.0
 31
0.0
 73
     1
 44
1.150569886022795
1001
CAXA_DRAFT_TXTSCALE
1041
1.0
  0
ENDBLK
  5
22E
330
22C
100
AcDbEntity
  8
0
100
AcDbBlockEnd
  0
BLOCK
  5
237
330
236
100
AcDbEntity
  8
0
100
AcDbBlockBegin
  2
*X9
 70
     1
 10
0.0
 20
0.0
 30
0.0
  3
*X9
  1

  0
LINE
  5
239
330
236
100
AcDbEntity
  8
尺寸线层
 62
     0
100
AcDbLine
 10
2556.551741392246
 20
2120.645094111906
 30
0.0
 11
2556.551741392246
 21
1920.645094112853
 31
0.0
  0
HATCH
  5
23A
330
236
100
AcDbEntity
  8
尺寸线层
 62
     0
100
AcDbHatch
 10
0.0
 20
0.0
 30
0.0
210
0.0
220
0.0
230
1.0
  2
SOLID
 70
     1
 71
     0
 91
        1
 92
        0
 93
        3
 72
     1
 10
2556.551741392246
 20
2120.645094111906
 11
2557.051741392246
 21
2116.645094111906
 72
     1
 10
2557.051741392246
 20
2116.645094111906
 11
2556.051741392246
 21
2116.645094111906
 72
     1
 10
2556.051741392246
 20
2116.645094111906
 11
2556.551741392246
 21
2120.645094111906
 97
        0
 75
     0
 76
     1
 98
        1
 10
0.0
 20
0.0
  0
HATCH
  5
23B
330
236
100
AcDbEntity
  8
尺寸线层
 62
     0
100
AcDbHatch
 10
0.0
 20
0.0
 30
0.0
210
0.0
220
0.0
230
1.0
  2
SOLID
 70
     1
 71
     0
 91
        1
 92
        0
 93
        3
 72
     1
 10
2556.551741392246
 20
1920.645094112853
 11
2557.051741392246
 21
1924.645094112853
 72
     1
 10
2557.051741392246
 20
1924.645094112853
 11
2556.051741392246
 21
1924.645094112853
 72
     1
 10
2556.051741392246
 20
1924.645094112853
 11
2556.551741392246
 21
1920.645094112853
 97
        0
 75
     0
 76
     1
 98
        1
 10
0.0
 20
0.0
  0
LINE
  5
23C
330
236
100
AcDbEntity
  8
尺寸线层
 62
     0
100
AcDbLine
 10
2597.003113542342
 20
2120.645094111906
 30
0.0
 11
2554.551741392246
 21
2120.645094111906
 31
0.0
  0
LINE
  5
23D
330
236
100
AcDbEntity
  8
尺寸线层
 62
     0
100
AcDbLine
 10
2597.003113542342
 20
1920.645094112853
 30
0.0
 11
2554.551741392246
 21
1920.645094112853
 31
0.0
  0
MTEXT
  5
23E
330
236
100
AcDbEntity
  8
尺寸线层
 62
     0
100
AcDbMText
 10
2535.352719045878
 20
2020.64509361238
 30
0.0
 40
3.5
 41
10.00574525139655
 46
7.0
 71
     5
 72
     1
  1
\T1.1;200
  7
标准
 11
6.123233995736766E-17
 21
1.0
 31
0.0
 73
     1
 44
1.150569886022795
1001
CAXA_DRAFT_TXTSCALE
1041
1.0
  0
ENDBLK
  5
238
330
236
100
AcDbEntity
  8
0
100
AcDbBlockEnd
  0
BLOCK
  5
241
330
240
100
AcDbEntity
  8
0
100
AcDbBlockBegin
  2
*X10
 70
     1
 10
0.0
 20
0.0
 30
0.0
  3
*X10
  1

  0
LINE
  5
243
330
240
100
AcDbEntity
  8
尺寸线层
 62
     0
100
AcDbLine
 10
2611.003113542342
 20
2162.752515897581
 30
0.0
 11
2597.003113542342
 21
2162.752515897581
 31
0.0
  0
HATCH
  5
244
330
240
100
AcDbEntity
  8
尺寸线层
 62
     0
100
AcDbHatch
 10
0.0
 20
0.0
 30
0.0
210
0.0
220
0.0
230
1.0
  2
SOLID
 70
     1
 71
     0
 91
        1
 92
        0
 93
        3
 72
     1
 10
2611.003113542342
 20
2162.752515897581
 11
2607.003113542342
 21
2162.252515897581
 72
     1
 10
2607.003113542342
 20
2162.252515897581
 11
2607.003113542342
 21
2163.252515897581
 72
     1
 10
2607.003113542342
 20
2163.252515897581
 11
2611.003113542342
 21
2162.752515897581
 97
        0
 75
     0
 76
     1
 98
        1
 10
0.0
 20
0.0
  0
HATCH
  5
245
330
240
100
AcDbEntity
  8
尺寸线层
 62
     0
100
AcDbHatch
 10
0.0
 20
0.0
 30
0.0
210
0.0
220
0.0
230
1.0
  2
SOLID
 70
     1
 71
     0
 91
        1
 92
        0
 93
        3
 72
     1
 10
2597.003113542342
 20
2162.752515897581
 11
2601.003113542342
 21
2162.252515897581
 72
     1
 10
2601.003113542342
 20
2162.252515897581
 11
2601.003113542342
 21
2163.252515897581
 72
     1
 10
2601.003113542342
 20
2163.252515897581
 11
2597.003113542342
 21
2162.752515897581
 97
        0
 75
     0
 76
     1
 98
        1
 10
0.0
 20
0.0
  0
LINE
  5
246
330
240
100
AcDbEntity
  8
尺寸线层
 62
     0
100
AcDbLine
 10
2611.003113542342
 20
2120.645094112855
 30
0.0
 11
2611.003113542342
 21
2164.752515897581
 31
0.0
  0
LINE
  5
247
330
240
100
AcDbEntity
  8
尺寸线层
 62
     0
100
AcDbLine
 10
2597.003113542342
 20
2120.645094112855
 30
0.0
 11
2597.003113542342
 21
2164.752515897581
 31
0.0
  0
MTEXT
  5
248
330
240
100
AcDbEntity
  8
尺寸线层
 62
     0
100
AcDbMText
 10
2604.003113042342
 20
2184.039527070767
 30
0.0
 40
3.5
 41
7.0
 46
7.0
 71
     5
 72
     1
  1
\T1.1;14
  7
标准
 73
     1
 44
1.150569886022795
1001
CAXA_DRAFT_TXTSCALE
1041
1.0
  0
ENDBLK
  5
242
330
240
100
AcDbEntity
  8
0
100
AcDbBlockEnd
  0
BLOCK
  5
24B
330
24A
100
AcDbEntity
  8
0
100
AcDbBlockBegin
  2
*X11
 70
     1
 10
0.0
 20
0.0
 30
0.0
  3
*X11
  1

  0
LINE
  5
24D
330
24A
100
AcDbEntity
  8
尺寸线层
 62
     0
100
AcDbLine
 10
3219.76914281859
 20
2162.752515897581
 30
0.0
 11
3244.769142818592
 21
2162.752515897581
 31
0.0
  0
HATCH
  5
24E
330
24A
100
AcDbEntity
  8
尺寸线层
 62
     0
100
AcDbHatch
 10
0.0
 20
0.0
 30
0.0
210
0.0
220
0.0
230
1.0
  2
SOLID
 70
     1
 71
     0
 91
        1
 92
        0
 93
        3
 72
     1
 10
3219.76914281859
 20
2162.752515897581
 11
3223.76914281859
 21
2163.252515897581
 72
     1
 10
3223.76914281859
 20
2163.252515897581
 11
3223.76914281859
 21
2162.252515897581
 72
     1
 10
3223.76914281859
 20
2162.252515897581
 11
3219.76914281859
 21
2162.752515897581
 97
        0
 75
     0
 76
     1
 98
        1
 10
0.0
 20
0.0
  0
HATCH
  5
24F
330
24A
100
AcDbEntity
  8
尺寸线层
 62
     0
100
AcDbHatch
 10
0.0
 20
0.0
 30
0.0
210
0.0
220
0.0
230
1.0
  2
SOLID
 70
     1
 71
     0
 91
        1
 92
        0
 93
        3
 72
     1
 10
3244.769142818592
 20
2162.752515897581
 11
3240.769142818592
 21
2163.252515897581
 72
     1
 10
3240.769142818592
 20
2163.252515897581
 11
3240.769142818592
 21
2162.252515897581
 72
     1
 10
3240.769142818592
 20
2162.252515897581
 11
3244.769142818592
 21
2162.752515897581
 97
        0
 75
     0
 76
     1
 98
        1
 10
0.0
 20
0.0
  0
LINE
  5
250
330
24A
100
AcDbEntity
  8
尺寸线层
 62
     0
100
AcDbLine
 10
3219.76914281859
 20
2120.645094112852
 30
0.0
 11
3219.76914281859
 21
2164.752515897581
 31
0.0
  0
LINE
  5
251
330
24A
100
AcDbEntity
  8
尺寸线层
 62
     0
100
AcDbLine
 10
3244.769142818592
 20
2120.645094112852
 30
0.0
 11
3244.769142818592
 21
2164.752515897581
 31
0.0
  0
MTEXT
  5
252
330
24A
100
AcDbEntity
  8
尺寸线层
 62
     0
100
AcDbMText
 10
3232.26914331859
 20
2183.95153824395
 30
0.0
 40
3.5
 41
7.0
 46
7.0
 71
     5
 72
     1
  1
\T1.1;25
  7
标准
 73
     1
 44
1.150569886022795
1001
CAXA_DRAFT_TXTSCALE
1041
1.0
  0
ENDBLK
  5
24C
330
24A
100
AcDbEntity
  8
0
100
AcDbBlockEnd
  0
BLOCK
  5
255
330
254
100
AcDbEntity
  8
0
100
AcDbBlockBegin
  2
*X12
 70
     1
 10
0.0
 20
0.0
 30
0.0
  3
*X12
  1

  0
LINE
  5
257
330
254
100
AcDbEntity
  8
尺寸线层
 62
     0
100
AcDbLine
 10
3294.180101722724
 20
2162.752515897581
 30
0.0
 11
3319.180101722724
 21
2162.752515897581
 31
0.0
  0
HATCH
  5
258
330
254
100
AcDbEntity
  8
尺寸线层
 62
     0
100
AcDbHatch
 10
0.0
 20
0.0
 30
0.0
210
0.0
220
0.0
230
1.0
  2
SOLID
 70
     1
 71
     0
 91
        1
 92
        0
 93
        3
 72
     1
 10
3294.180101722724
 20
2162.752515897581
 11
3298.180101722724
 21
2163.252515897581
 72
     1
 10
3298.180101722724
 20
2163.252515897581
 11
3298.180101722724
 21
2162.252515897581
 72
     1
 10
3298.180101722724
 20
2162.252515897581
 11
3294.180101722724
 21
2162.752515897581
 97
        0
 75
     0
 76
     1
 98
        1
 10
0.0
 20
0.0
  0
HATCH
  5
259
330
254
100
AcDbEntity
  8
尺寸线层
 62
     0
100
AcDbHatch
 10
0.0
 20
0.0
 30
0.0
210
0.0
220
0.0
230
1.0
  2
SOLID
 70
     1
 71
     0
 91
        1
 92
        0
 93
        3
 72
     1
 10
3319.180101722724
 20
2162.752515897581
 11
3315.180101722724
 21
2163.252515897581
 72
     1
 10
3315.180101722724
 20
2163.252515897581
 11
3315.180101722724
 21
2162.252515897581
 72
     1
 10
3315.180101722724
 20
2162.252515897581
 11
3319.180101722724
 21
2162.752515897581
 97
        0
 75
     0
 76
     1
 98
        1
 10
0.0
 20
0.0
  0
LINE
  5
25A
330
254
100
AcDbEntity
  8
尺寸线层
 62
     0
100
AcDbLine
 10
3294.180101722724
 20
2120.645094112852
 30
0.0
 11
3294.180101722724
 21
2164.752515897581
 31
0.0
  0
LINE
  5
25B
330
254
100
AcDbEntity
  8
尺寸线层
 62
     0
100
AcDbLine
 10
3319.180101722724
 20
2120.645094112852
 30
0.0
 11
3319.180101722724
 21
2164.752515897581
 31
0.0
  0
MTEXT
  5
25C
330
254
100
AcDbEntity
  8
尺寸线层
 62
     0
100
AcDbMText
 10
3306.680102222726
 20
2183.95153824395
 30
0.0
 40
3.5
 41
7.0
 46
7.0
 71
     5
 72
     1
  1
\T1.1;25
  7
标准
 73
     1
 44
1.150569886022795
1001
CAXA_DRAFT_TXTSCALE
1041
1.0
  0
ENDBLK
  5
256
330
254
100
AcDbEntity
  8
0
100
AcDbBlockEnd
  0
BLOCK
  5
25F
330
25E
100
AcDbEntity
  8
0
100
AcDbBlockBegin
  2
*X13
 70
     1
 10
0.0
 20
0.0
 30
0.0
  3
*X13
  1

  0
LINE
  5
261
330
25E
100
AcDbEntity
  8
尺寸线层
 62
     0
100
AcDbLine
 10
3468.003113542342
 20
2162.752515897581
 30
0.0
 11
3482.003113542342
 21
2162.752515897581
 31
0.0
  0
HATCH
  5
262
330
25E
100
AcDbEntity
  8
尺寸线层
 62
     0
100
AcDbHatch
 10
0.0
 20
0.0
 30
0.0
210
0.0
220
0.0
230
1.0
  2
SOLID
 70
     1
 71
     0
 91
        1
 92
        0
 93
        3
 72
     1
 10
3468.003113542342
 20
2162.752515897581
 11
3472.003113542342
 21
2163.252515897581
 72
     1
 10
3472.003113542342
 20
2163.252515897581
 11
3472.003113542342
 21
2162.252515897581
 72
     1
 10
3472.003113542342
 20
2162.252515897581
 11
3468.003113542342
 21
2162.752515897581
 97
        0
 75
     0
 76
     1
 98
        1
 10
0.0
 20
0.0
  0
HATCH
  5
263
330
25E
100
AcDbEntity
  8
尺寸线层
 62
     0
100
AcDbHatch
 10
0.0
 20
0.0
 30
0.0
210
0.0
220
0.0
230
1.0
  2
SOLID
 70
     1
 71
     0
 91
        1
 92
        0
 93
        3
 72
     1
 10
3482.003113542342
 20
2162.752515897581
 11
3478.003113542342
 21
2163.252515897581
 72
     1
 10
3478.003113542342
 20
2163.252515897581
 11
3478.003113542342
 21
2162.252515897581
 72
     1
 10
3478.003113542342
 20
2162.252515897581
 11
3482.003113542342
 21
2162.752515897581
 97
        0
 75
     0
 76
     1
 98
        1
 10
0.0
 20
0.0
  0
LINE
  5
264
330
25E
100
AcDbEntity
  8
尺寸线层
 62
     0
100
AcDbLine
 10
3468.003113542342
 20
2120.645094112852
 30
0.0
 11
3468.003113542342
 21
2164.752515897581
 31
0.0
  0
LINE
  5
265
330
25E
100
AcDbEntity
  8
尺寸线层
 62
     0
100
AcDbLine
 10
3482.003113542342
 20
2120.645094112852
 30
0.0
 11
3482.003113542342
 21
2164.752515897581
 31
0.0
  0
MTEXT
  5
266
330
25E
100
AcDbEntity
  8
尺寸线层
 62
     0
100
AcDbMText
 10
3475.003114042343
 20
2184.039527070767
 30
0.0
 40
3.5
 41
7.0
 46
7.0
 71
     5
 72
     1
  1
\T1.1;14
  7
标准
 73
     1
 44
1.150569886022795
1001
CAXA_DRAFT_TXTSCALE
1041
1.0
  0
ENDBLK
  5
260
330
25E
100
AcDbEntity
  8
0
100
AcDbBlockEnd
  0
BLOCK
  5
269
330
268
100
AcDbEntity
  8
0
100
AcDbBlockBegin
  2
*X14
 70
     1
 10
0.0
 20
0.0
 30
0.0
  3
*X14
  1

  0
LINE
  5
26B
330
268
100
AcDbEntity
  8
尺寸线层
 62
     0
100
AcDbLine
 10
3537.32279699248
 20
2033.145094112853
 30
0.0
 11
3537.32279699248
 21
2008.145094112853
 31
0.0
  0
HATCH
  5
26C
330
268
100
AcDbEntity
  8
尺寸线层
 62
     0
100
AcDbHatch
 10
0.0
 20
0.0
 30
0.0
210
0.0
220
0.0
230
1.0
  2
SOLID
 70
     1
 71
     0
 91
        1
 92
        0
 93
        3
 72
     1
 10
3537.32279699248
 20
2033.145094112853
 11
3537.82279699248
 21
2029.145094112853
 72
     1
 10
3537.82279699248
 20
2029.145094112853
 11
3536.82279699248
 21
2029.145094112853
 72
     1
 10
3536.82279699248
 20
2029.145094112853
 11
3537.32279699248
 21
2033.145094112853
 97
        0
 75
     0
 76
     1
 98
        1
 10
0.0
 20
0.0
  0
HATCH
  5
26D
330
268
100
AcDbEntity
  8
尺寸线层
 62
     0
100
AcDbHatch
 10
0.0
 20
0.0
 30
0.0
210
0.0
220
0.0
230
1.0
  2
SOLID
 70
     1
 71
     0
 91
        1
 92
        0
 93
        3
 72
     1
 10
3537.32279699248
 20
2008.145094112853
 11
3537.82279699248
 21
2012.145094112853
 72
     1
 10
3537.82279699248
 20
2012.145094112853
 11
3536.82279699248
 21
2012.145094112853
 72
     1
 10
3536.82279699248
 20
2012.145094112853
 11
3537.32279699248
 21
2008.145094112853
 97
        0
 75
     0
 76
     1
 98
        1
 10
0.0
 20
0.0
  0
LINE
  5
26E
330
268
100
AcDbEntity
  8
尺寸线层
 62
     0
100
AcDbLine
 10
3468.003113542342
 20
2033.145094112853
 30
0.0
 11
3539.32279699248
 21
2033.145094112853
 31
0.0
  0
LINE
  5
26F
330
268
100
AcDbEntity
  8
尺寸线层
 62
     0
100
AcDbLine
 10
3468.003113542342
 20
2008.145094112853
 30
0.0
 11
3539.32279699248
 21
2008.145094112853
 31
0.0
  0
MTEXT
  5
270
330
268
100
AcDbEntity
  8
尺寸线层
 62
     0
100
AcDbMText
 10
3516.123774646111
 20
2020.645093612853
 30
0.0
 40
3.5
 41
7.0
 46
7.0
 71
     5
 72
     1
  1
\T1.1;25
  7
标准
 11
6.123233995736766E-17
 21
1.0
 31
0.0
 73
     1
 44
1.150569886022795
1001
CAXA_DRAFT_TXTSCALE
1041
1.0
  0
ENDBLK
  5
26A
330
268
100
AcDbEntity
  8
0
100
AcDbBlockEnd
  0
BLOCK
  5
273
330
272
100
AcDbEntity
  8
0
100
AcDbBlockBegin
  2
*X15
 70
     1
 10
0.0
 20
0.0
 30
0.0
  3
*X15
  1

  0
LINE
  5
275
330
272
100
AcDbEntity
  8
尺寸线层
 62
     0
100
AcDbLine
 10
2690.418926206185
 20
2033.145094112855
 30
0.0
 11
2690.418926206185
 21
2120.645094112857
 31
0.0
  0
HATCH
  5
276
330
272
100
AcDbEntity
  8
尺寸线层
 62
     0
100
AcDbHatch
 10
0.0
 20
0.0
 30
0.0
210
0.0
220
0.0
230
1.0
  2
SOLID
 70
     1
 71
     0
 91
        1
 92
        0
 93
        3
 72
     1
 10
2690.418926206185
 20
2033.145094112855
 11
2689.918926206185
 21
2037.145094112855
 72
     1
 10
2689.918926206185
 20
2037.145094112855
 11
2690.918926206185
 21
2037.145094112855
 72
     1
 10
2690.918926206185
 20
2037.145094112855
 11
2690.418926206185
 21
2033.145094112855
 97
        0
 75
     0
 76
     1
 98
        1
 10
0.0
 20
0.0
  0
HATCH
  5
277
330
272
100
AcDbEntity
  8
尺寸线层
 62
     0
100
AcDbHatch
 10
0.0
 20
0.0
 30
0.0
210
0.0
220
0.0
230
1.0
  2
SOLID
 70
     1
 71
     0
 91
        1
 92
        0
 93
        3
 72
     1
 10
2690.418926206185
 20
2120.645094112857
 11
2689.918926206185
 21
2116.645094112857
 72
     1
 10
2689.918926206185
 20
2116.645094112857
 11
2690.918926206185
 21
2116.645094112857
 72
     1
 10
2690.918926206185
 20
2116.645094112857
 11
2690.418926206185
 21
2120.645094112857
 97
        0
 75
     0
 76
     1
 98
        1
 10
0.0
 20
0.0
  0
LINE
  5
278
330
272
100
AcDbEntity
  8
尺寸线层
 62
     0
100
AcDbLine
 10
2750.826125361961
 20
2033.145094112855
 30
0.0
 11
2688.418926206185
 21
2033.145094112855
 31
0.0
  0
LINE
  5
279
330
272
100
AcDbEntity
  8
尺寸线层
 62
     0
100
AcDbLine
 10
2750.826125361961
 20
2120.645094112857
 30
0.0
 11
2688.418926206185
 21
2120.645094112857
 31
0.0
  0
MTEXT
  5
27A
330
272
100
AcDbEntity
  8
尺寸线层
 62
     0
100
AcDbMText
 10
2669.219903859817
 20
2076.895094612856
 30
0.0
 40
3.5
 41
13.65226033519502
 46
7.0
 71
     5
 72
     1
  1
\T1.1;87.5
  7
标准
 11
6.123233995736766E-17
 21
1.0
 31
0.0
 73
     1
 44
1.150569886022795
1001
CAXA_DRAFT_TXTSCALE
1041
1.0
  0
ENDBLK
  5
274
330
272
100
AcDbEntity
  8
0
100
AcDbBlockEnd
  0
BLOCK
  5
27D
330
27C
100
AcDbEntity
  8
0
100
AcDbBlockBegin
  2
*X16
 70
     1
 10
0.0
 20
0.0
 30
0.0
  3
*X16
  1

  0
LINE
  5
27F
330
27C
100
AcDbEntity
  8
尺寸线层
 62
     0
100
AcDbLine
 10
3032.503113541701
 20
2162.752515897581
 30
0.0
 11
3046.503113542342
 21
2162.752515897581
 31
0.0
  0
HATCH
  5
280
330
27C
100
AcDbEntity
  8
尺寸线层
 62
     0
100
AcDbHatch
 10
0.0
 20
0.0
 30
0.0
210
0.0
220
0.0
230
1.0
  2
SOLID
 70
     1
 71
     0
 91
        1
 92
        0
 93
        3
 72
     1
 10
3032.503113541701
 20
2162.752515897581
 11
3036.503113541701
 21
2163.252515897581
 72
     1
 10
3036.503113541701
 20
2163.252515897581
 11
3036.503113541701
 21
2162.252515897581
 72
     1
 10
3036.503113541701
 20
2162.252515897581
 11
3032.503113541701
 21
2162.752515897581
 97
        0
 75
     0
 76
     1
 98
        1
 10
0.0
 20
0.0
  0
HATCH
  5
281
330
27C
100
AcDbEntity
  8
尺寸线层
 62
     0
100
AcDbHatch
 10
0.0
 20
0.0
 30
0.0
210
0.0
220
0.0
230
1.0
  2
SOLID
 70
     1
 71
     0
 91
        1
 92
        0
 93
        3
 72
     1
 10
3046.503113542342
 20
2162.752515897581
 11
3042.503113542342
 21
2163.252515897581
 72
     1
 10
3042.503113542342
 20
2163.252515897581
 11
3042.503113542342
 21
2162.252515897581
 72
     1
 10
3042.503113542342
 20
2162.252515897581
 11
3046.503113542342
 21
2162.752515897581
 97
        0
 75
     0
 76
     1
 98
        1
 10
0.0
 20
0.0
  0
LINE
  5
282
330
27C
100
AcDbEntity
  8
尺寸线层
 62
     0
100
AcDbLine
 10
3032.503113541701
 20
2120.645094112855
 30
0.0
 11
3032.503113541701
 21
2164.752515897581
 31
0.0
  0
LINE
  5
283
330
27C
100
AcDbEntity
  8
尺寸线层
 62
     0
100
AcDbLine
 10
3046.503113542342
 20
2120.645094112855
 30
0.0
 11
3046.503113542342
 21
2164.752515897581
 31
0.0
  0
MTEXT
  5
284
330
27C
100
AcDbEntity
  8
尺寸线层
 62
     0
100
AcDbMText
 10
3039.503114042022
 20
2184.039527070767
 30
0.0
 40
3.5
 41
7.0
 46
7.0
 71
     5
 72
     1
  1
\T1.1;14
  7
标准
 73
     1
 44
1.150569886022795
1001
CAXA_DRAFT_TXTSCALE
1041
1.0
  0
ENDBLK
  5
27E
330
27C
100
AcDbEntity
  8
0
100
AcDbBlockEnd
  0
BLOCK
  5
289
330
288
100
AcDbEntity
  8
0
100
AcDbBlockBegin
  2
*X17
 70
     1
 10
0.0
 20
0.0
 30
0.0
  3
*X17
  1

  0
LINE
  5
28B
330
288
100
AcDbEntity
  8
尺寸线层
 62
     0
100
AcDbLine
 10
3145.358183914457
 20
2162.752515898374
 30
0.0
 11
3170.358183914457
 21
2162.752515898374
 31
0.0
  0
HATCH
  5
28C
330
288
100
AcDbEntity
  8
尺寸线层
 62
     0
100
AcDbHatch
 10
0.0
 20
0.0
 30
0.0
210
0.0
220
0.0
230
1.0
  2
SOLID
 70
     1
 71
     0
 91
        1
 92
        0
 93
        3
 72
     1
 10
3145.358183914457
 20
2162.752515898374
 11
3149.358183914457
 21
2163.252515898374
 72
     1
 10
3149.358183914457
 20
2163.252515898374
 11
3149.358183914457
 21
2162.252515898374
 72
     1
 10
3149.358183914457
 20
2162.252515898374
 11
3145.358183914457
 21
2162.752515898374
 97
        0
 75
     0
 76
     1
 98
        1
 10
0.0
 20
0.0
  0
HATCH
  5
28D
330
288
100
AcDbEntity
  8
尺寸线层
 62
     0
100
AcDbHatch
 10
0.0
 20
0.0
 30
0.0
210
0.0
220
0.0
230
1.0
  2
SOLID
 70
     1
 71
     0
 91
        1
 92
        0
 93
        3
 72
     1
 10
3170.358183914457
 20
2162.752515898374
 11
3166.358183914457
 21
2163.252515898374
 72
     1
 10
3166.358183914457
 20
2163.252515898374
 11
3166.358183914457
 21
2162.252515898374
 72
     1
 10
3166.358183914457
 20
2162.252515898374
 11
3170.358183914457
 21
2162.752515898374
 97
        0
 75
     0
 76
     1
 98
        1
 10
0.0
 20
0.0
  0
LINE
  5
28E
330
288
100
AcDbEntity
  8
尺寸线层
 62
     0
100
AcDbLine
 10
3145.358183914457
 20
2120.64509411285
 30
0.0
 11
3145.358183914457
 21
2164.752515898374
 31
0.0
  0
LINE
  5
28F
330
288
100
AcDbEntity
  8
尺寸线层
 62
     0
100
AcDbLine
 10
3170.358183914457
 20
2120.645094112851
 30
0.0
 11
3170.358183914457
 21
2164.752515898374
 31
0.0
  0
MTEXT
  5
290
330
288
100
AcDbEntity
  8
尺寸线层
 62
     0
100
AcDbMText
 10
3157.858184414457
 20
2183.951538244743
 30
0.0
 40
3.5
 41
7.0
 46
7.0
 71
     5
 72
     1
  1
\T1.1;25
  7
标准
 73
     1
 44
1.150569886022795
1001
CAXA_DRAFT_TXTSCALE
1041
1.0
  0
ENDBLK
  5
28A
330
288
100
AcDbEntity
  8
0
100
AcDbBlockEnd
  0
BLOCK
  5
293
330
292
100
AcDbEntity
  8
0
100
AcDbBlockBegin
  2
*X18
 70
     1
 10
0.0
 20
0.0
 30
0.0
  3
*X18
  1

  0
LINE
  5
295
330
292
100
AcDbEntity
  8
尺寸线层
 62
     0
100
AcDbLine
 10
2899.648043170228
 20
2162.752515897581
 30
0.0
 11
2924.648043169931
 21
2162.752515897581
 31
0.0
  0
HATCH
  5
296
330
292
100
AcDbEntity
  8
尺寸线层
 62
     0
100
AcDbHatch
 10
0.0
 20
0.0
 30
0.0
210
0.0
220
0.0
230
1.0
  2
SOLID
 70
     1
 71
     0
 91
        1
 92
        0
 93
        3
 72
     1
 10
2899.648043170228
 20
2162.752515897581
 11
2903.648043170228
 21
2163.252515897581
 72
     1
 10
2903.648043170228
 20
2163.252515897581
 11
2903.648043170228
 21
2162.252515897581
 72
     1
 10
2903.648043170228
 20
2162.252515897581
 11
2899.648043170228
 21
2162.752515897581
 97
        0
 75
     0
 76
     1
 98
        1
 10
0.0
 20
0.0
  0
HATCH
  5
297
330
292
100
AcDbEntity
  8
尺寸线层
 62
     0
100
AcDbHatch
 10
0.0
 20
0.0
 30
0.0
210
0.0
220
0.0
230
1.0
  2
SOLID
 70
     1
 71
     0
 91
        1
 92
        0
 93
        3
 72
     1
 10
2924.648043169931
 20
2162.752515897581
 11
2920.648043169931
 21
2163.252515897581
 72
     1
 10
2920.648043169931
 20
2163.252515897581
 11
2920.648043169931
 21
2162.252515897581
 72
     1
 10
2920.648043169931
 20
2162.252515897581
 11
2924.648043169931
 21
2162.752515897581
 97
        0
 75
     0
 76
     1
 98
        1
 10
0.0
 20
0.0
  0
LINE
  5
298
330
292
100
AcDbEntity
  8
尺寸线层
 62
     0
100
AcDbLine
 10
2899.648043170228
 20
2120.645094112852
 30
0.0
 11
2899.648043170228
 21
2164.752515897581
 31
0.0
  0
LINE
  5
299
330
292
100
AcDbEntity
  8
尺寸线层
 62
     0
100
AcDbLine
 10
2924.648043169931
 20
2120.645094112852
 30
0.0
 11
2924.648043169931
 21
2164.752515897581
 31
0.0
  0
MTEXT
  5
29A
330
292
100
AcDbEntity
  8
尺寸线层
 62
     0
100
AcDbMText
 10
2912.148043670079
 20
2183.95153824395
 30
0.0
 40
3.5
 41
7.0
 46
7.0
 71
     5
 72
     1
  1
\T1.1;25
  7
标准
 73
     1
 44
1.150569886022795
1001
CAXA_DRAFT_TXTSCALE
1041
1.0
  0
ENDBLK
  5
294
330
292
100
AcDbEntity
  8
0
100
AcDbBlockEnd
  0
BLOCK
  5
29D
330
29C
100
AcDbEntity
  8
0
100
AcDbBlockBegin
  2
*X19
 70
     1
 10
0.0
 20
0.0
 30
0.0
  3
*X19
  1

  0
LINE
  5
29F
330
29C
100
AcDbEntity
  8
尺寸线层
 62
     0
100
AcDbLine
 10
2850.237084266096
 20
2162.752515897581
 30
0.0
 11
2825.23708426528
 21
2162.752515897581
 31
0.0
  0
HATCH
  5
2A0
330
29C
100
AcDbEntity
  8
尺寸线层
 62
     0
100
AcDbHatch
 10
0.0
 20
0.0
 30
0.0
210
0.0
220
0.0
230
1.0
  2
SOLID
 70
     1
 71
     0
 91
        1
 92
        0
 93
        3
 72
     1
 10
2850.237084266096
 20
2162.752515897581
 11
2846.237084266096
 21
2162.252515897581
 72
     1
 10
2846.237084266096
 20
2162.252515897581
 11
2846.237084266096
 21
2163.252515897581
 72
     1
 10
2846.237084266096
 20
2163.252515897581
 11
2850.237084266096
 21
2162.752515897581
 97
        0
 75
     0
 76
     1
 98
        1
 10
0.0
 20
0.0
  0
HATCH
  5
2A1
330
29C
100
AcDbEntity
  8
尺寸线层
 62
     0
100
AcDbHatch
 10
0.0
 20
0.0
 30
0.0
210
0.0
220
0.0
230
1.0
  2
SOLID
 70
     1
 71
     0
 91
        1
 92
        0
 93
        3
 72
     1
 10
2825.23708426528
 20
2162.752515897581
 11
2829.23708426528
 21
2162.252515897581
 72
     1
 10
2829.23708426528
 20
2162.252515897581
 11
2829.23708426528
 21
2163.252515897581
 72
     1
 10
2829.23708426528
 20
2163.252515897581
 11
2825.23708426528
 21
2162.752515897581
 97
        0
 75
     0
 76
     1
 98
        1
 10
0.0
 20
0.0
  0
LINE
  5
2A2
330
29C
100
AcDbEntity
  8
尺寸线层
 62
     0
100
AcDbLine
 10
2850.237084266096
 20
2120.645094112855
 30
0.0
 11
2850.237084266096
 21
2164.752515897581
 31
0.0
  0
LINE
  5
2A3
330
29C
100
AcDbEntity
  8
尺寸线层
 62
     0
100
AcDbLine
 10
2825.23708426528
 20
2120.645094112855
 30
0.0
 11
2825.23708426528
 21
2164.752515897581
 31
0.0
  0
MTEXT
  5
2A4
330
29C
100
AcDbEntity
  8
尺寸线层
 62
     0
100
AcDbMText
 10
2837.737083765688
 20
2183.95153824395
 30
0.0
 40
3.5
 41
7.0
 46
7.0
 71
     5
 72
     1
  1
\T1.1;25
  7
标准
 73
     1
 44
1.150569886022795
1001
CAXA_DRAFT_TXTSCALE
1041
1.0
  0
ENDBLK
  5
29E
330
29C
100
AcDbEntity
  8
0
100
AcDbBlockEnd
  0
BLOCK
  5
2A7
330
2A6
100
AcDbEntity
  8
0
100
AcDbBlockBegin
  2
*X20
 70
     1
 10
0.0
 20
0.0
 30
0.0
  3
*X20
  1

  0
LINE
  5
2A9
330
2A6
100
AcDbEntity
  8
尺寸线层
 62
     0
100
AcDbLine
 10
2775.826125361961
 20
2162.752515898208
 30
0.0
 11
2750.826125361961
 21
2162.752515898208
 31
0.0
  0
HATCH
  5
2AA
330
2A6
100
AcDbEntity
  8
尺寸线层
 62
     0
100
AcDbHatch
 10
0.0
 20
0.0
 30
0.0
210
0.0
220
0.0
230
1.0
  2
SOLID
 70
     1
 71
     0
 91
        1
 92
        0
 93
        3
 72
     1
 10
2775.826125361961
 20
2162.752515898208
 11
2771.826125361961
 21
2162.252515898208
 72
     1
 10
2771.826125361961
 20
2162.252515898208
 11
2771.826125361961
 21
2163.252515898208
 72
     1
 10
2771.826125361961
 20
2163.252515898208
 11
2775.826125361961
 21
2162.752515898208
 97
        0
 75
     0
 76
     1
 98
        1
 10
0.0
 20
0.0
  0
HATCH
  5
2AB
330
2A6
100
AcDbEntity
  8
尺寸线层
 62
     0
100
AcDbHatch
 10
0.0
 20
0.0
 30
0.0
210
0.0
220
0.0
230
1.0
  2
SOLID
 70
     1
 71
     0
 91
        1
 92
        0
 93
        3
 72
     1
 10
2750.826125361961
 20
2162.752515898208
 11
2754.826125361961
 21
2162.252515898208
 72
     1
 10
2754.826125361961
 20
2162.252515898208
 11
2754.826125361961
 21
2163.252515898208
 72
     1
 10
2754.826125361961
 20
2163.252515898208
 11
2750.826125361961
 21
2162.752515898208
 97
        0
 75
     0
 76
     1
 98
        1
 10
0.0
 20
0.0
  0
LINE
  5
2AC
330
2A6
100
AcDbEntity
  8
尺寸线层
 62
     0
100
AcDbLine
 10
2775.826125361961
 20
2120.645094112855
 30
0.0
 11
2775.826125361961
 21
2164.752515898208
 31
0.0
  0
LINE
  5
2AD
330
2A6
100
AcDbEntity
  8
尺寸线层
 62
     0
100
AcDbLine
 10
2750.826125361961
 20
2120.645094112852
 30
0.0
 11
2750.826125361961
 21
2164.752515898208
 31
0.0
  0
MTEXT
  5
2AE
330
2A6
100
AcDbEntity
  8
尺寸线层
 62
     0
100
AcDbMText
 10
2763.32612486196
 20
2183.951538244577
 30
0.0
 40
3.5
 41
7.0
 46
7.0
 71
     5
 72
     1
  1
\T1.1;25
  7
标准
 73
     1
 44
1.150569886022795
1001
CAXA_DRAFT_TXTSCALE
1041
1.0
  0
ENDBLK
  5
2A8
330
2A6
100
AcDbEntity
  8
0
100
AcDbBlockEnd
  0
BLOCK
  5
2B1
330
2B0
100
AcDbEntity
  8
0
100
AcDbBlockBegin
  2
*X21
 70
     1
 10
0.0
 20
0.0
 30
0.0
  3
*X21
  1

  0
LINE
  5
2B3
330
2B0
100
AcDbEntity
  8
尺寸线层
 62
     0
100
AcDbLine
 10
2991.980712733401
 20
2120.645094111906
 30
0.0
 11
2991.980712733401
 21
2033.145094112855
 31
0.0
  0
HATCH
  5
2B4
330
2B0
100
AcDbEntity
  8
尺寸线层
 62
     0
100
AcDbHatch
 10
0.0
 20
0.0
 30
0.0
210
0.0
220
0.0
230
1.0
  2
SOLID
 70
     1
 71
     0
 91
        1
 92
        0
 93
        3
 72
     1
 10
2991.980712733401
 20
2120.645094111906
 11
2992.480712733401
 21
2116.645094111906
 72
     1
 10
2992.480712733401
 20
2116.645094111906
 11
2991.480712733401
 21
2116.645094111906
 72
     1
 10
2991.480712733401
 20
2116.645094111906
 11
2991.980712733401
 21
2120.645094111906
 97
        0
 75
     0
 76
     1
 98
        1
 10
0.0
 20
0.0
  0
HATCH
  5
2B5
330
2B0
100
AcDbEntity
  8
尺寸线层
 62
     0
100
AcDbHatch
 10
0.0
 20
0.0
 30
0.0
210
0.0
220
0.0
230
1.0
  2
SOLID
 70
     1
 71
     0
 91
        1
 92
        0
 93
        3
 72
     1
 10
2991.980712733401
 20
2033.145094112855
 11
2992.480712733401
 21
2037.145094112855
 72
     1
 10
2992.480712733401
 20
2037.145094112855
 11
2991.480712733401
 21
2037.145094112855
 72
     1
 10
2991.480712733401
 20
2037.145094112855
 11
2991.980712733401
 21
2033.145094112855
 97
        0
 75
     0
 76
     1
 98
        1
 10
0.0
 20
0.0
  0
LINE
  5
2B6
330
2B0
100
AcDbEntity
  8
尺寸线层
 62
     0
100
AcDbLine
 10
3032.503113542342
 20
2120.645094111906
 30
0.0
 11
2989.980712733401
 21
2120.645094111906
 31
0.0
  0
LINE
  5
2B7
330
2B0
100
AcDbEntity
  8
尺寸线层
 62
     0
100
AcDbLine
 10
3032.503113542342
 20
2033.145094112855
 30
0.0
 11
2989.980712733401
 21
2033.145094112855
 31
0.0
  0
MTEXT
  5
2B8
330
2B0
100
AcDbEntity
  8
尺寸线层
 62
     0
100
AcDbMText
 10
2970.781690387032
 20
2076.89509361238
 30
0.0
 40
3.5
 41
13.65226033519502
 46
7.0
 71
     5
 72
     1
  1
\T1.1;87.5
  7
标准
 11
6.123233995736766E-17
 21
1.0
 31
0.0
 73
     1
 44
1.150569886022795
1001
CAXA_DRAFT_TXTSCALE
1041
1.0
  0
ENDBLK
  5
2B2
330
2B0
100
AcDbEntity
  8
0
100
AcDbBlockEnd
  0
BLOCK
  5
2BC
330
2BB
100
AcDbEntity
  8
0
100
AcDbBlockBegin
  2
*X22
 70
     1
 10
0.0
 20
0.0
 30
0.0
  3
*X22
  1

  0
LINE
  5
2BE
330
2BB
100
AcDbEntity
  8
尺寸线层
 62
     0
100
AcDbLine
 10
1208.649971632198
 20
980.5191067670237
 30
0.0
 11
1226.649971632198
 21
980.5191067670237
 31
0.0
  0
HATCH
  5
2BF
330
2BB
100
AcDbEntity
  8
尺寸线层
 62
     0
100
AcDbHatch
 10
0.0
 20
0.0
 30
0.0
210
0.0
220
0.0
230
1.0
  2
SOLID
 70
     1
 71
     0
 91
        1
 92
        0
 93
        3
 72
     1
 10
1216.649971632198
 20
980.5191067670237
 11
1212.649971632198
 21
981.0191067670237
 72
     1
 10
1212.649971632198
 20
981.0191067670237
 11
1212.649971632198
 21
980.0191067670237
 72
     1
 10
1212.649971632198
 20
980.0191067670237
 11
1216.649971632198
 21
980.5191067670237
 97
        0
 75
     0
 76
     1
 98
        1
 10
0.0
 20
0.0
  0
HATCH
  5
2C0
330
2BB
100
AcDbEntity
  8
尺寸线层
 62
     0
100
AcDbHatch
 10
0.0
 20
0.0
 30
0.0
210
0.0
220
0.0
230
1.0
  2
SOLID
 70
     1
 71
     0
 91
        1
 92
        0
 93
        3
 72
     1
 10
1218.649971632198
 20
980.5191067670237
 11
1222.649971632198
 21
981.0191067670237
 72
     1
 10
1222.649971632198
 20
981.0191067670237
 11
1222.649971632198
 21
980.0191067670237
 72
     1
 10
1222.649971632198
 20
980.0191067670237
 11
1218.649971632198
 21
980.5191067670237
 97
        0
 75
     0
 76
     1
 98
        1
 10
0.0
 20
0.0
  0
LINE
  5
2C1
330
2BB
100
AcDbEntity
  8
尺寸线层
 62
     0
100
AcDbLine
 10
1216.649971632198
 20
953.6178292498205
 30
0.0
 11
1216.649971632198
 21
982.5191067670237
 31
0.0
  0
LINE
  5
2C2
330
2BB
100
AcDbEntity
  8
尺寸线层
 62
     0
100
AcDbLine
 10
1218.649971632198
 20
953.6178292498205
 30
0.0
 11
1218.649971632198
 21
982.5191067670237
 31
0.0
  0
MTEXT
  5
2C3
330
2BB
100
AcDbEntity
  8
尺寸线层
 62
     0
100
AcDbMText
 10
1217.649972132198
 20
1001.718129113393
 30
0.0
 40
3.5
 41
7.0
 46
7.0
 71
     5
 72
     1
  1
\T1.1;2
  7
标准
 73
     1
 44
1.150569886022795
1001
CAXA_DRAFT_TXTSCALE
1041
1.0
  0
ENDBLK
  5
2BD
330
2BB
100
AcDbEntity
  8
0
100
AcDbBlockEnd
  0
BLOCK
  5
2C6
330
2C5
100
AcDbEntity
  8
0
100
AcDbBlockBegin
  2
*X23
 70
     1
 10
0.0
 20
0.0
 30
0.0
  3
*X23
  1

  0
ARC
  5
2C8
330
2C5
100
AcDbEntity
  8
尺寸线层
 62
     0
100
AcDbCircle
 10
1216.649971632153
 20
953.6178292498205
 30
0.0
 40
65.00913216017706
100
AcDbArc
 50
44.99999999999901
 51
157.716913491087
  0
ARC
  5
2C9
330
2C5
100
AcDbEntity
  8
尺寸线层
 62
     0
100
AcDbCircle
 10
1216.649971632153
 20
953.6178292498205
 30
0.0
 40
65.00913216017697
100
AcDbArc
 50
161.7584686023206
 51
179.9999999999993
  0
HATCH
  5
2CA
330
2C5
100
AcDbEntity
  8
尺寸线层
 62
     0
100
AcDbHatch
 10
0.0
 20
0.0
 30
0.0
210
0.0
220
0.0
230
1.0
  2
SOLID
 70
     1
 71
     0
 91
        1
 92
        0
 93
        3
 72
     1
 10
1262.618369821667
 20
999.5862274393332
 11
1259.362227439866
 21
1001.961619940639
 72
     1
 10
1259.362227439866
 20
1001.961619940639
 11
1260.035882194266
 21
1002.700506041901
 72
     1
 10
1260.035882194266
 20
1002.700506041901
 11
1262.618369821667
 21
999.5862274393332
 97
        0
 75
     0
 76
     1
 98
        1
 10
0.0
 20
0.0
  0
HATCH
  5
2CB
330
2C5
100
AcDbEntity
  8
尺寸线层
 62
     0
100
AcDbHatch
 10
0.0
 20
0.0
 30
0.0
210
0.0
220
0.0
230
1.0
  2
SOLID
 70
     1
 71
     0
 91
        1
 92
        0
 93
        3
 72
     1
 10
1151.640839471976
 20
953.6178292498205
 11
1152.263623685004
 21
957.5999257541547
 72
     1
 10
1152.263623685004
 20
957.5999257541547
 11
1151.264806467262
 21
957.6460512818659
 72
     1
 10
1151.264806467262
 20
957.6460512818659
 11
1151.640839471976
 21
953.6178292498205
 97
        0
 75
     0
 76
     1
 98
        1
 10
0.0
 20
0.0
  0
LINE
  5
2CC
330
2C5
100
AcDbEntity
  8
尺寸线层
 62
     0
100
AcDbLine
 10
1216.649971632198
 20
953.617829249866
 30
0.0
 11
1264.03258338404
 21
1001.000441001706
 31
0.0
  0
LINE
  5
2CD
330
2C5
100
AcDbEntity
  8
尺寸线层
 62
     0
100
AcDbLine
 10
1216.649971632198
 20
953.6178292498205
 30
0.0
 11
1149.640839471976
 21
953.6178292498205
 31
0.0
  0
MTEXT
  5
2CE
330
2C5
100
AcDbEntity
  8
尺寸线层
 62
     0
100
AcDbMText
 10
1155.658635444309
 20
976.117699788133
 30
0.0
 40
3.5
 41
12.68715977653619
 46
7.0
 71
     5
 72
     1
  1
\T1.1;135%%D
  7
标准
 73
     1
 44
1.150569886022795
1001
CAXA_DRAFT_TXTSCALE
1041
1.0
  0
ENDBLK
  5
2C7
330
2C5
100
AcDbEntity
  8
0
100
AcDbBlockEnd
  0
BLOCK
  5
2EB
330
2EA
100
AcDbEntity
  8
0
100
AcDbBlockBegin
  2
*X24
 70
     1
 10
0.0
 20
0.0
 30
0.0
  3
*X24
  1

  0
LINE
  5
2ED
330
2EA
100
AcDbEntity
  8
尺寸线层
 62
     0
100
AcDbLine
 10
2342.80214227882
 20
2401.780607114979
 30
0.0
 11
2142.802142279766
 21
2401.780607114979
 31
0.0
  0
HATCH
  5
2EE
330
2EA
100
AcDbEntity
  8
尺寸线层
 62
     0
100
AcDbHatch
 10
0.0
 20
0.0
 30
0.0
210
0.0
220
0.0
230
1.0
  2
SOLID
 70
     1
 71
     0
 91
        1
 92
        0
 93
        3
 72
     1
 10
2342.80214227882
 20
2401.780607114979
 11
2338.80214227882
 21
2401.280607114979
 72
     1
 10
2338.80214227882
 20
2401.280607114979
 11
2338.80214227882
 21
2402.280607114979
 72
     1
 10
2338.80214227882
 20
2402.280607114979
 11
2342.80214227882
 21
2401.780607114979
 97
        0
 75
     0
 76
     1
 98
        1
 10
0.0
 20
0.0
  0
HATCH
  5
2EF
330
2EA
100
AcDbEntity
  8
尺寸线层
 62
     0
100
AcDbHatch
 10
0.0
 20
0.0
 30
0.0
210
0.0
220
0.0
230
1.0
  2
SOLID
 70
     1
 71
     0
 91
        1
 92
        0
 93
        3
 72
     1
 10
2142.802142279766
 20
2401.780607114979
 11
2146.802142279766
 21
2401.280607114979
 72
     1
 10
2146.802142279766
 20
2401.280607114979
 11
2146.802142279766
 21
2402.280607114979
 72
     1
 10
2146.802142279766
 20
2402.280607114979
 11
2142.802142279766
 21
2401.780607114979
 97
        0
 75
     0
 76
     1
 98
        1
 10
0.0
 20
0.0
  0
LINE
  5
2F0
330
2EA
100
AcDbEntity
  8
尺寸线层
 62
     0
100
AcDbLine
 10
2342.80214227882
 20
2341.518338216938
 30
0.0
 11
2342.80214227882
 21
2403.780607114979
 31
0.0
  0
LINE
  5
2F1
330
2EA
100
AcDbEntity
  8
尺寸线层
 62
     0
100
AcDbLine
 10
2142.802142279766
 20
2341.518338216938
 30
0.0
 11
2142.802142279766
 21
2403.780607114979
 31
0.0
  0
MTEXT
  5
2F2
330
2EA
100
AcDbEntity
  8
尺寸线层
 62
     0
100
AcDbMText
 10
2242.802141779292
 20
2422.979629461347
 30
0.0
 40
3.5
 41
10.00574525139746
 46
7.0
 71
     5
 72
     1
  1
\T1.1;200
  7
标准
 73
     1
 44
1.150569886022795
1001
CAXA_DRAFT_TXTSCALE
1041
1.0
  0
ENDBLK
  5
2EC
330
2EA
100
AcDbEntity
  8
0
100
AcDbBlockEnd
  0
BLOCK
  5
2F5
330
2F4
100
AcDbEntity
  8
0
100
AcDbBlockBegin
  2
*X25
 70
     1
 10
0.0
 20
0.0
 30
0.0
  3
*X25
  1

  0
LINE
  5
2F7
330
2F4
100
AcDbEntity
  8
尺寸线层
 62
     0
100
AcDbLine
 10
2082.757243016244
 20
2173.85861134269
 30
0.0
 11
2082.757243016244
 21
2148.85861134269
 31
0.0
  0
HATCH
  5
2F8
330
2F4
100
AcDbEntity
  8
尺寸线层
 62
     0
100
AcDbHatch
 10
0.0
 20
0.0
 30
0.0
210
0.0
220
0.0
230
1.0
  2
SOLID
 70
     1
 71
     0
 91
        1
 92
        0
 93
        3
 72
     1
 10
2082.757243016244
 20
2173.85861134269
 11
2083.257243016244
 21
2169.85861134269
 72
     1
 10
2083.257243016244
 20
2169.85861134269
 11
2082.257243016244
 21
2169.85861134269
 72
     1
 10
2082.257243016244
 20
2169.85861134269
 11
2082.757243016244
 21
2173.85861134269
 97
        0
 75
     0
 76
     1
 98
        1
 10
0.0
 20
0.0
  0
HATCH
  5
2F9
330
2F4
100
AcDbEntity
  8
尺寸线层
 62
     0
100
AcDbHatch
 10
0.0
 20
0.0
 30
0.0
210
0.0
220
0.0
230
1.0
  2
SOLID
 70
     1
 71
     0
 91
        1
 92
        0
 93
        3
 72
     1
 10
2082.757243016244
 20
2148.85861134269
 11
2083.257243016244
 21
2152.85861134269
 72
     1
 10
2083.257243016244
 20
2152.85861134269
 11
2082.257243016244
 21
2152.85861134269
 72
     1
 10
2082.257243016244
 20
2152.85861134269
 11
2082.757243016244
 21
2148.85861134269
 97
        0
 75
     0
 76
     1
 98
        1
 10
0.0
 20
0.0
  0
LINE
  5
2FA
330
2F4
100
AcDbEntity
  8
尺寸线层
 62
     0
100
AcDbLine
 10
2142.802142279766
 20
2173.85861134269
 30
0.0
 11
2080.757243016244
 21
2173.85861134269
 31
0.0
  0
LINE
  5
2FB
330
2F4
100
AcDbEntity
  8
尺寸线层
 62
     0
100
AcDbLine
 10
2142.802142279766
 20
2148.85861134269
 30
0.0
 11
2080.757243016244
 21
2148.85861134269
 31
0.0
  0
MTEXT
  5
2FC
330
2F4
100
AcDbEntity
  8
尺寸线层
 62
     0
100
AcDbMText
 10
2061.558220669875
 20
2161.35861084269
 30
0.0
 40
3.5
 41
7.0
 46
7.0
 71
     5
 72
     1
  1
\T1.1;25
  7
标准
 11
6.123233995736766E-17
 21
1.0
 31
0.0
 73
     1
 44
1.150569886022795
1001
CAXA_DRAFT_TXTSCALE
1041
1.0
  0
ENDBLK
  5
2F6
330
2F4
100
AcDbEntity
  8
0
100
AcDbBlockEnd
  0
BLOCK
  5
2FF
330
2FE
100
AcDbEntity
  8
0
100
AcDbBlockBegin
  2
*X26
 70
     1
 10
0.0
 20
0.0
 30
0.0
  3
*X26
  1

  0
LINE
  5
301
330
2FE
100
AcDbEntity
  8
尺寸线层
 62
     0
100
AcDbLine
 10
2082.757243016244
 20
2103.85861134269
 30
0.0
 11
2082.757243016244
 21
2078.85861134269
 31
0.0
  0
HATCH
  5
302
330
2FE
100
AcDbEntity
  8
尺寸线层
 62
     0
100
AcDbHatch
 10
0.0
 20
0.0
 30
0.0
210
0.0
220
0.0
230
1.0
  2
SOLID
 70
     1
 71
     0
 91
        1
 92
        0
 93
        3
 72
     1
 10
2082.757243016244
 20
2103.85861134269
 11
2083.257243016244
 21
2099.85861134269
 72
     1
 10
2083.257243016244
 20
2099.85861134269
 11
2082.257243016244
 21
2099.85861134269
 72
     1
 10
2082.257243016244
 20
2099.85861134269
 11
2082.757243016244
 21
2103.85861134269
 97
        0
 75
     0
 76
     1
 98
        1
 10
0.0
 20
0.0
  0
HATCH
  5
303
330
2FE
100
AcDbEntity
  8
尺寸线层
 62
     0
100
AcDbHatch
 10
0.0
 20
0.0
 30
0.0
210
0.0
220
0.0
230
1.0
  2
SOLID
 70
     1
 71
     0
 91
        1
 92
        0
 93
        3
 72
     1
 10
2082.757243016244
 20
2078.85861134269
 11
2083.257243016244
 21
2082.85861134269
 72
     1
 10
2083.257243016244
 20
2082.85861134269
 11
2082.257243016244
 21
2082.85861134269
 72
     1
 10
2082.257243016244
 20
2082.85861134269
 11
2082.757243016244
 21
2078.85861134269
 97
        0
 75
     0
 76
     1
 98
        1
 10
0.0
 20
0.0
  0
LINE
  5
304
330
2FE
100
AcDbEntity
  8
尺寸线层
 62
     0
100
AcDbLine
 10
2142.802142279766
 20
2103.85861134269
 30
0.0
 11
2080.757243016244
 21
2103.85861134269
 31
0.0
  0
LINE
  5
305
330
2FE
100
AcDbEntity
  8
尺寸线层
 62
     0
100
AcDbLine
 10
2142.802142279766
 20
2078.85861134269
 30
0.0
 11
2080.757243016244
 21
2078.85861134269
 31
0.0
  0
MTEXT
  5
306
330
2FE
100
AcDbEntity
  8
尺寸线层
 62
     0
100
AcDbMText
 10
2061.558220669875
 20
2091.35861084269
 30
0.0
 40
3.5
 41
7.0
 46
7.0
 71
     5
 72
     1
  1
\T1.1;25
  7
标准
 11
6.123233995736766E-17
 21
1.0
 31
0.0
 73
     1
 44
1.150569886022795
1001
CAXA_DRAFT_TXTSCALE
1041
1.0
  0
ENDBLK
  5
300
330
2FE
100
AcDbEntity
  8
0
100
AcDbBlockEnd
  0
BLOCK
  5
309
330
308
100
AcDbEntity
  8
0
100
AcDbBlockBegin
  2
*X27
 70
     1
 10
0.0
 20
0.0
 30
0.0
  3
*X27
  1

  0
LINE
  5
30B
330
308
100
AcDbEntity
  8
尺寸线层
 62
     0
100
AcDbLine
 10
2082.757243016244
 20
2033.85861134269
 30
0.0
 11
2082.757243016244
 21
2008.85861134269
 31
0.0
  0
HATCH
  5
30C
330
308
100
AcDbEntity
  8
尺寸线层
 62
     0
100
AcDbHatch
 10
0.0
 20
0.0
 30
0.0
210
0.0
220
0.0
230
1.0
  2
SOLID
 70
     1
 71
     0
 91
        1
 92
        0
 93
        3
 72
     1
 10
2082.757243016244
 20
2033.85861134269
 11
2083.257243016244
 21
2029.85861134269
 72
     1
 10
2083.257243016244
 20
2029.85861134269
 11
2082.257243016244
 21
2029.85861134269
 72
     1
 10
2082.257243016244
 20
2029.85861134269
 11
2082.757243016244
 21
2033.85861134269
 97
        0
 75
     0
 76
     1
 98
        1
 10
0.0
 20
0.0
  0
HATCH
  5
30D
330
308
100
AcDbEntity
  8
尺寸线层
 62
     0
100
AcDbHatch
 10
0.0
 20
0.0
 30
0.0
210
0.0
220
0.0
230
1.0
  2
SOLID
 70
     1
 71
     0
 91
        1
 92
        0
 93
        3
 72
     1
 10
2082.757243016244
 20
2008.85861134269
 11
2083.257243016244
 21
2012.85861134269
 72
     1
 10
2083.257243016244
 20
2012.85861134269
 11
2082.257243016244
 21
2012.85861134269
 72
     1
 10
2082.257243016244
 20
2012.85861134269
 11
2082.757243016244
 21
2008.85861134269
 97
        0
 75
     0
 76
     1
 98
        1
 10
0.0
 20
0.0
  0
LINE
  5
30E
330
308
100
AcDbEntity
  8
尺寸线层
 62
     0
100
AcDbLine
 10
2142.802142279766
 20
2033.85861134269
 30
0.0
 11
2080.757243016244
 21
2033.85861134269
 31
0.0
  0
LINE
  5
30F
330
308
100
AcDbEntity
  8
尺寸线层
 62
     0
100
AcDbLine
 10
2142.802142279766
 20
2008.85861134269
 30
0.0
 11
2080.757243016244
 21
2008.85861134269
 31
0.0
  0
MTEXT
  5
310
330
308
100
AcDbEntity
  8
尺寸线层
 62
     0
100
AcDbMText
 10
2061.558220669875
 20
2021.35861084269
 30
0.0
 40
3.5
 41
7.0
 46
7.0
 71
     5
 72
     1
  1
\T1.1;25
  7
标准
 11
6.123233995736766E-17
 21
1.0
 31
0.0
 73
     1
 44
1.150569886022795
1001
CAXA_DRAFT_TXTSCALE
1041
1.0
  0
ENDBLK
  5
30A
330
308
100
AcDbEntity
  8
0
100
AcDbBlockEnd
  0
BLOCK
  5
313
330
312
100
AcDbEntity
  8
0
100
AcDbBlockBegin
  2
*X28
 70
     1
 10
0.0
 20
0.0
 30
0.0
  3
*X28
  1

  0
LINE
  5
315
330
312
100
AcDbEntity
  8
尺寸线层
 62
     0
100
AcDbLine
 10
2230.302142279766
 20
1750.253615084015
 30
0.0
 11
2255.302142279766
 21
1750.253615084015
 31
0.0
  0
HATCH
  5
316
330
312
100
AcDbEntity
  8
尺寸线层
 62
     0
100
AcDbHatch
 10
0.0
 20
0.0
 30
0.0
210
0.0
220
0.0
230
1.0
  2
SOLID
 70
     1
 71
     0
 91
        1
 92
        0
 93
        3
 72
     1
 10
2230.302142279766
 20
1750.253615084015
 11
2234.302142279766
 21
1750.753615084015
 72
     1
 10
2234.302142279766
 20
1750.753615084015
 11
2234.302142279766
 21
1749.753615084015
 72
     1
 10
2234.302142279766
 20
1749.753615084015
 11
2230.302142279766
 21
1750.253615084015
 97
        0
 75
     0
 76
     1
 98
        1
 10
0.0
 20
0.0
  0
HATCH
  5
317
330
312
100
AcDbEntity
  8
尺寸线层
 62
     0
100
AcDbHatch
 10
0.0
 20
0.0
 30
0.0
210
0.0
220
0.0
230
1.0
  2
SOLID
 70
     1
 71
     0
 91
        1
 92
        0
 93
        3
 72
     1
 10
2255.302142279766
 20
1750.253615084015
 11
2251.302142279766
 21
1750.753615084015
 72
     1
 10
2251.302142279766
 20
1750.753615084015
 11
2251.302142279766
 21
1749.753615084015
 72
     1
 10
2251.302142279766
 20
1749.753615084015
 11
2255.302142279766
 21
1750.253615084015
 97
        0
 75
     0
 76
     1
 98
        1
 10
0.0
 20
0.0
  0
LINE
  5
318
330
312
100
AcDbEntity
  8
尺寸线层
 62
     0
100
AcDbLine
 10
2230.302142279766
 20
1865.518338207223
 30
0.0
 11
2230.302142279766
 21
1748.253615084015
 31
0.0
  0
LINE
  5
319
330
312
100
AcDbEntity
  8
尺寸线层
 62
     0
100
AcDbLine
 10
2255.302142279766
 20
1865.518338207223
 30
0.0
 11
2255.302142279766
 21
1748.253615084015
 31
0.0
  0
MTEXT
  5
31A
330
312
100
AcDbEntity
  8
尺寸线层
 62
     0
100
AcDbMText
 10
2242.802142779766
 20
1771.452637430384
 30
0.0
 40
3.5
 41
7.0
 46
7.0
 71
     5
 72
     1
  1
\T1.1;25
  7
标准
 73
     1
 44
1.150569886022795
1001
CAXA_DRAFT_TXTSCALE
1041
1.0
  0
ENDBLK
  5
314
330
312
100
AcDbEntity
  8
0
100
AcDbBlockEnd
  0
BLOCK
  5
31D
330
31C
100
AcDbEntity
  8
0
100
AcDbBlockBegin
  2
*X29
 70
     1
 10
0.0
 20
0.0
 30
0.0
  3
*X29
  1

  0
LINE
  5
31F
330
31C
100
AcDbEntity
  8
尺寸线层
 62
     0
100
AcDbLine
 10
2082.757243016244
 20
2341.518338216001
 30
0.0
 11
2082.757243016244
 21
2327.51833821694
 31
0.0
  0
HATCH
  5
320
330
31C
100
AcDbEntity
  8
尺寸线层
 62
     0
100
AcDbHatch
 10
0.0
 20
0.0
 30
0.0
210
0.0
220
0.0
230
1.0
  2
SOLID
 70
     1
 71
     0
 91
        1
 92
        0
 93
        3
 72
     1
 10
2082.757243016244
 20
2341.518338216001
 11
2083.257243016244
 21
2337.518338216001
 72
     1
 10
2083.257243016244
 20
2337.518338216001
 11
2082.257243016244
 21
2337.518338216001
 72
     1
 10
2082.257243016244
 20
2337.518338216001
 11
2082.757243016244
 21
2341.518338216001
 97
        0
 75
     0
 76
     1
 98
        1
 10
0.0
 20
0.0
  0
HATCH
  5
321
330
31C
100
AcDbEntity
  8
尺寸线层
 62
     0
100
AcDbHatch
 10
0.0
 20
0.0
 30
0.0
210
0.0
220
0.0
230
1.0
  2
SOLID
 70
     1
 71
     0
 91
        1
 92
        0
 93
        3
 72
     1
 10
2082.757243016244
 20
2327.51833821694
 11
2083.257243016244
 21
2331.51833821694
 72
     1
 10
2083.257243016244
 20
2331.51833821694
 11
2082.257243016244
 21
2331.51833821694
 72
     1
 10
2082.257243016244
 20
2331.51833821694
 11
2082.757243016244
 21
2327.51833821694
 97
        0
 75
     0
 76
     1
 98
        1
 10
0.0
 20
0.0
  0
LINE
  5
322
330
31C
100
AcDbEntity
  8
尺寸线层
 62
     0
100
AcDbLine
 10
2142.802142279766
 20
2341.518338216001
 30
0.0
 11
2080.757243016244
 21
2341.518338216001
 31
0.0
  0
LINE
  5
323
330
31C
100
AcDbEntity
  8
尺寸线层
 62
     0
100
AcDbLine
 10
2142.802142279766
 20
2327.51833821694
 30
0.0
 11
2080.757243016244
 21
2327.51833821694
 31
0.0
  0
MTEXT
  5
324
330
31C
100
AcDbEntity
  8
尺寸线层
 62
     0
100
AcDbMText
 10
2061.470231843059
 20
2334.518337716469
 30
0.0
 40
3.5
 41
7.0
 46
7.0
 71
     5
 72
     1
  1
\T1.1;14
  7
标准
 11
6.123233995736766E-17
 21
1.0
 31
0.0
 73
     1
 44
1.150569886022795
1001
CAXA_DRAFT_TXTSCALE
1041
1.0
  0
ENDBLK
  5
31E
330
31C
100
AcDbEntity
  8
0
100
AcDbBlockEnd
  0
BLOCK
  5
327
330
326
100
AcDbEntity
  8
0
100
AcDbBlockBegin
  2
*X30
 70
     1
 10
0.0
 20
0.0
 30
0.0
  3
*X30
  1

  0
LINE
  5
329
330
326
100
AcDbEntity
  8
尺寸线层
 62
     0
100
AcDbLine
 10
2142.802142279601
 20
1820.457102600863
 30
0.0
 11
2230.302142279766
 21
1820.457102600863
 31
0.0
  0
HATCH
  5
32A
330
326
100
AcDbEntity
  8
尺寸线层
 62
     0
100
AcDbHatch
 10
0.0
 20
0.0
 30
0.0
210
0.0
220
0.0
230
1.0
  2
SOLID
 70
     1
 71
     0
 91
        1
 92
        0
 93
        3
 72
     1
 10
2142.802142279601
 20
1820.457102600863
 11
2146.802142279601
 21
1820.957102600863
 72
     1
 10
2146.802142279601
 20
1820.957102600863
 11
2146.802142279601
 21
1819.957102600863
 72
     1
 10
2146.802142279601
 20
1819.957102600863
 11
2142.802142279601
 21
1820.457102600863
 97
        0
 75
     0
 76
     1
 98
        1
 10
0.0
 20
0.0
  0
HATCH
  5
32B
330
326
100
AcDbEntity
  8
尺寸线层
 62
     0
100
AcDbHatch
 10
0.0
 20
0.0
 30
0.0
210
0.0
220
0.0
230
1.0
  2
SOLID
 70
     1
 71
     0
 91
        1
 92
        0
 93
        3
 72
     1
 10
2230.302142279766
 20
1820.457102600863
 11
2226.302142279766
 21
1820.957102600863
 72
     1
 10
2226.302142279766
 20
1820.957102600863
 11
2226.302142279766
 21
1819.957102600863
 72
     1
 10
2226.302142279766
 20
1819.957102600863
 11
2230.302142279766
 21
1820.457102600863
 97
        0
 75
     0
 76
     1
 98
        1
 10
0.0
 20
0.0
  0
LINE
  5
32C
330
326
100
AcDbEntity
  8
尺寸线层
 62
     0
100
AcDbLine
 10
2142.802142279601
 20
2008.85861134269
 30
0.0
 11
2142.802142279601
 21
1818.457102600863
 31
0.0
  0
LINE
  5
32D
330
326
100
AcDbEntity
  8
尺寸线层
 62
     0
100
AcDbLine
 10
2230.302142279766
 20
1865.518338207223
 30
0.0
 11
2230.302142279766
 21
1818.457102600863
 31
0.0
  0
MTEXT
  5
32E
330
326
100
AcDbEntity
  8
尺寸线层
 62
     0
100
AcDbMText
 10
2171.802142279606
 20
1841.656124947232
 30
0.0
 40
3.5
 41
13.65226033519502
 46
7.0
 71
     5
 72
     1
  1
\T1.1;87.5
  7
标准
 73
     1
 44
1.150569886022795
1001
CAXA_DRAFT_TXTSCALE
1041
1.0
  0
ENDBLK
  5
328
330
326
100
AcDbEntity
  8
0
100
AcDbBlockEnd
  0
BLOCK
  5
331
330
330
100
AcDbEntity
  8
0
100
AcDbBlockBegin
  2
*X31
 70
     1
 10
0.0
 20
0.0
 30
0.0
  3
*X31
  1

  0
LINE
  5
333
330
330
100
AcDbEntity
  8
尺寸线层
 62
     0
100
AcDbLine
 10
2342.802142279929
 20
1820.457102600865
 30
0.0
 11
2255.302142279766
 21
1820.457102600865
 31
0.0
  0
HATCH
  5
334
330
330
100
AcDbEntity
  8
尺寸线层
 62
     0
100
AcDbHatch
 10
0.0
 20
0.0
 30
0.0
210
0.0
220
0.0
230
1.0
  2
SOLID
 70
     1
 71
     0
 91
        1
 92
        0
 93
        3
 72
     1
 10
2342.802142279929
 20
1820.457102600865
 11
2338.802142279929
 21
1819.957102600865
 72
     1
 10
2338.802142279929
 20
1819.957102600865
 11
2338.802142279929
 21
1820.957102600865
 72
     1
 10
2338.802142279929
 20
1820.957102600865
 11
2342.802142279929
 21
1820.457102600865
 97
        0
 75
     0
 76
     1
 98
        1
 10
0.0
 20
0.0
  0
HATCH
  5
335
330
330
100
AcDbEntity
  8
尺寸线层
 62
     0
100
AcDbHatch
 10
0.0
 20
0.0
 30
0.0
210
0.0
220
0.0
230
1.0
  2
SOLID
 70
     1
 71
     0
 91
        1
 92
        0
 93
        3
 72
     1
 10
2255.302142279766
 20
1820.457102600865
 11
2259.302142279766
 21
1819.957102600865
 72
     1
 10
2259.302142279766
 20
1819.957102600865
 11
2259.302142279766
 21
1820.957102600865
 72
     1
 10
2259.302142279766
 20
1820.957102600865
 11
2255.302142279766
 21
1820.457102600865
 97
        0
 75
     0
 76
     1
 98
        1
 10
0.0
 20
0.0
  0
LINE
  5
336
330
330
100
AcDbEntity
  8
尺寸线层
 62
     0
100
AcDbLine
 10
2342.802142279929
 20
2008.85861134269
 30
0.0
 11
2342.802142279929
 21
1818.457102600865
 31
0.0
  0
LINE
  5
337
330
330
100
AcDbEntity
  8
尺寸线层
 62
     0
100
AcDbLine
 10
2255.302142279766
 20
1865.518338207223
 30
0.0
 11
2255.302142279766
 21
1818.457102600865
 31
0.0
  0
MTEXT
  5
338
330
330
100
AcDbEntity
  8
尺寸线层
 62
     0
100
AcDbMText
 10
2299.052141779847
 20
1841.656124947234
 30
0.0
 40
3.5
 41
13.65226033519502
 46
7.0
 71
     5
 72
     1
  1
\T1.1;87.5
  7
标准
 73
     1
 44
1.150569886022795
1001
CAXA_DRAFT_TXTSCALE
1041
1.0
  0
ENDBLK
  5
332
330
330
100
AcDbEntity
  8
0
100
AcDbBlockEnd
  0
BLOCK
  5
344
330
33F
100
AcDbEntity
  8
0
100
AcDbBlockBegin
  2
*X32
 70
     1
 10
0.0
 20
0.0
 30
0.0
  3
*X32
  1

  0
CIRCLE
  5
340
330
33F
100
AcDbEntity
  8
细实线层
  6
ByBlock
 62
     0
370
    -2
100
AcDbCircle
 10
0.0
 20
0.0
 30
0.0
 40
33.88086203960873
  0
LINE
  5
341
330
33F
100
AcDbEntity
  8
细实线层
  6
ByBlock
 62
     0
370
    -2
100
AcDbLine
 10
-33.5843359055325
 20
4.472716661201048
 30
0.0
 11
-219.0901696213432
 21
29.17813395885423
 31
0.0
  0
TEXT
  5
342
330
33F
100
AcDbEntity
  8
尺寸线层
  6
ByBlock
 62
     0
370
    -2
100
AcDbText
 10
-248.8658521422922
 20
38.62813395885496
 30
0.0
 40
31.5
  1
C
 41
0.667
  7
标准
 72
     1
 11
-241.3545983922922
 21
70.12813395885496
 31
0.0
100
AcDbText
 73
     3
1001
CAXA_DRAFT_TXTSCALE
1041
9.0
  0
LINE
  5
343
330
33F
100
AcDbEntity
  8
细实线层
  6
ByBlock
 62
     0
370
    -2
100
AcDbLine
 10
-219.0901696213432
 20
29.17813395885423
 30
0.0
 11
-263.6190271632422
 21
29.17813395885423
 31
0.0
  0
ENDBLK
  5
345
330
33F
100
AcDbEntity
  8
0
100
AcDbBlockEnd
  0
BLOCK
  5
34B
330
347
100
AcDbEntity
  8
0
100
AcDbBlockBegin
  2
*X33
 70
     1
 10
0.0
 20
0.0
 30
0.0
  3
*X33
  1

  0
TEXT
  5
348
330
347
100
AcDbEntity
  8
尺寸线层
  6
ByBlock
 62
     0
370
    -2
100
AcDbText
 10
-7.511253750000001
 20
9.450000000000728
 30
0.0
 40
31.5
  1
C
 41
0.667
  7
标准
 72
     1
 11
0.0
 21
40.95000000000073
 31
0.0
100
AcDbText
 73
     3
1001
CAXA_DRAFT_TXTSCALE
1041
9.0
  0
TEXT
  5
349
330
347
100
AcDbEntity
  8
尺寸线层
  6
ByBlock
 62
     0
370
    -2
100
AcDbText
 10
-37.55626875
 20
-40.95000000000073
 30
0.0
 40
31.5
  1
1:3.6
 41
0.667
  7
标准
 72
     1
 11
0.0
 21
-9.450000000000728
 31
0.0
100
AcDbText
 73
     3
1001
CAXA_DRAFT_TXTSCALE
1041
9.0
1001
CAXA_DRAFT_ENL_TSCALE
1041
0.2777777777777778
  0
LINE
  5
34A
330
347
100
AcDbEntity
  8
细实线层
  6
ByBlock
 62
     0
370
    -2
100
AcDbLine
 10
-38.10060502793294
 20
0.0
 30
0.0
 11
38.10060502793294
 21
0.0
 31
0.0
  0
ENDBLK
  5
34C
330
347
100
AcDbEntity
  8
0
100
AcDbBlockEnd
  0
BLOCK
  5
35B
330
34E
100
AcDbEntity
  8
0
100
AcDbBlockBegin
  2
*X34
 70
     1
 10
0.0
 20
0.0
 30
0.0
  3
*X34
  1

  0
INSERT
  5
34F
102
{ACAD_REACTORS
330
358
330
359
102
}
102
{ACAD_XDICTIONARY
360
357
102
}
330
34E
100
AcDbEntity
  8
0
100
AcDbBlockReference
  2
*X35
 10
0.0
 20
0.0
 30
0.0
1001
CAXA_DRAFT_BLKHIDE
1070
     0
  0
CIRCLE
  5
35A
330
34E
100
AcDbEntity
  8
粗实线层
100
AcDbCircle
 10
0.0
 20
0.0
 30
0.0
 40
33.88086203960873
  0
ENDBLK
  5
35C
330
34E
100
AcDbEntity
  8
0
100
AcDbBlockEnd
  0
BLOCK
  5
355
330
350
100
AcDbEntity
  8
0
100
AcDbBlockBegin
  2
*X35
 70
     1
 10
0.0
 20
0.0
 30
0.0
  3
*X35
  1

  0
LINE
  5
351
330
350
100
AcDbEntity
  8
粗实线层
100
AcDbLine
 10
16.626776911251
 20
29.52055389199995
 30
0.0
 11
-33.76056865436112
 21
-2.852510592645558
 31
0.0
  0
LINE
  5
352
330
350
100
AcDbEntity
  8
粗实线层
100
AcDbLine
 10
-19.41701077970447
 20
6.362996174046202
 30
0.0
 11
6.085065478368961
 21
-33.32993835384332
 31
0.0
  0
LINE
  5
353
330
350
100
AcDbEntity
  8
粗实线层
100
AcDbLine
 10
9.748791023380363
 20
7.218058580792786
 30
0.0
 11
27.28826738771659
 21
-20.08141617325418
 31
0.0
  0
LINE
  5
354
330
350
100
AcDbEntity
  8
粗实线层
100
AcDbLine
 10
-18.08614125422719
 20
7.218058580792786
 30
0.0
 11
9.748791023380363
 21
7.218058580792786
 31
0.0
  0
ENDBLK
  5
356
330
350
100
AcDbEntity
  8
0
100
AcDbBlockEnd
  0
BLOCK
  5
368
330
363
100
AcDbEntity
  8
0
100
AcDbBlockBegin
  2
*X36
 70
     1
 10
0.0
 20
0.0
 30
0.0
  3
*X36
  1

  0
LINE
  5
364
330
363
100
AcDbEntity
  8
尺寸线层
 62
     0
100
AcDbLine
 10
117.7768922517023
 20
-116.2125104105985
 30
0.0
 11
93.51389363128533
 21
0.0
 31
0.0
  0
HATCH
  5
365
330
363
100
AcDbEntity
  8
尺寸线层
  6
Continuous
 62
     0
100
AcDbHatch
 10
0.0
 20
0.0
 30
0.0
210
0.0
220
0.0
230
1.0
  2
SOLID
 70
     1
 71
     0
 91
        1
 92
        0
 93
        3
 72
     1
 10
117.7768922517023
 20
-116.2125104105985
 11
103.6618927570478
 21
-75.0279648957345
 72
     1
 10
103.6618927570478
 20
-75.0279648957345
 11
114.2339347143882
 21
-72.82072026673848
 72
     1
 10
114.2339347143882
 20
-72.82072026673848
 11
117.7768922517023
 21
-116.2125104105985
 97
        0
 75
     0
 76
     1
 98
        1
 10
-1734.189520860069
 20
-1032.77186788882
  0
LINE
  5
366
330
363
100
AcDbEntity
  8
尺寸线层
 62
     0
100
AcDbLine
 10
93.51389363128533
 20
0.0
 30
0.0
 11
-139.4862445810054
 21
0.0
 31
0.0
  0
MTEXT
  5
367
330
363
100
AcDbEntity
  8
尺寸线层
 62
     0
100
AcDbMText
 10
0.0000000000002274
 20
31.66843575418989
 30
0.0
 40
37.8
 41
557.9449783240225
 46
75.60000000000001
 71
     5
 72
     1
  1
\T1.1;单边坡口（一半）
  7
标准
 73
     1
 44
1.150569886022795
1001
CAXA_DRAFT_TXTSCALE
1041
1.0
  0
ENDBLK
  5
369
330
363
100
AcDbEntity
  8
0
100
AcDbBlockEnd
  0
BLOCK
  5
370
330
36B
100
AcDbEntity
  8
0
100
AcDbBlockBegin
  2
*X37
 70
     1
 10
0.0
 20
0.0
 30
0.0
  3
*X37
  1

  0
LINE
  5
36C
330
36B
100
AcDbEntity
  8
尺寸线层
 62
     0
100
AcDbLine
 10
-131.7723478404523
 20
-120.3859590220654
 30
0.0
 11
-93.51389363128419
 21
0.0
 31
0.0
  0
HATCH
  5
36D
330
36B
100
AcDbEntity
  8
尺寸线层
  6
Continuous
 62
     0
100
AcDbHatch
 10
0.0
 20
0.0
 30
0.0
210
0.0
220
0.0
230
1.0
  2
SOLID
 70
     1
 71
     0
 91
        1
 92
        0
 93
        3
 72
     1
 10
-131.7723478404523
 20
-120.3859590220654
 11
-123.8346576721797
 21
-77.57949835556667
 72
     1
 10
-123.8346576721797
 20
-77.57949835556667
 11
-113.5419193594498
 21
-80.85051318672606
 72
     1
 10
-113.5419193594498
 20
-80.85051318672606
 11
-131.7723478404523
 21
-120.3859590220654
 97
        0
 75
     0
 76
     1
 98
        1
 10
-2200.896977078387
 20
-1036.945316500287
  0
LINE
  5
36E
330
36B
100
AcDbEntity
  8
尺寸线层
 62
     0
100
AcDbLine
 10
-93.51389363128419
 20
0.0
 30
0.0
 11
139.4862445810058
 21
0.0
 31
0.0
  0
MTEXT
  5
36F
330
36B
100
AcDbEntity
  8
尺寸线层
 62
     0
100
AcDbMText
 10
0.0
 20
31.66843575418989
 30
0.0
 40
37.8
 41
557.9449783240225
 46
75.60000000000001
 71
     5
 72
     1
  1
\T1.1;单边坡口（一半）
  7
标准
 73
     1
 44
1.150569886022795
1001
CAXA_DRAFT_TXTSCALE
1041
1.0
  0
ENDBLK
  5
371
330
36B
100
AcDbEntity
  8
0
100
AcDbBlockEnd
  0
BLOCK
  5
377
330
376
100
AcDbEntity
  8
0
100
AcDbBlockBegin
  2
*X38
 70
     1
 10
0.0
 20
0.0
 30
0.0
  3
*X38
  1

  0
LINE
  5
379
330
376
100
AcDbEntity
  8
尺寸线层
 62
     0
100
AcDbLine
 10
1847.01797410442
 20
960.3656095408621
 30
0.0
 11
1914.455661417269
 21
960.3656095408621
 31
0.0
  0
HATCH
  5
37A
330
376
100
AcDbEntity
  8
尺寸线层
 62
     0
100
AcDbHatch
 10
0.0
 20
0.0
 30
0.0
210
0.0
220
0.0
230
1.0
  2
SOLID
 70
     1
 71
     0
 91
        1
 92
        0
 93
        3
 72
     1
 10
1855.01797410442
 20
960.3656095408621
 11
1851.01797410442
 21
960.8656095408621
 72
     1
 10
1851.01797410442
 20
960.8656095408621
 11
1851.01797410442
 21
959.8656095408621
 72
     1
 10
1851.01797410442
 20
959.8656095408621
 11
1855.01797410442
 21
960.3656095408621
 97
        0
 75
     0
 76
     1
 98
        1
 10
0.0
 20
0.0
  0
HATCH
  5
37B
330
376
100
AcDbEntity
  8
尺寸线层
 62
     0
100
AcDbHatch
 10
0.0
 20
0.0
 30
0.0
210
0.0
220
0.0
230
1.0
  2
SOLID
 70
     1
 71
     0
 91
        1
 92
        0
 93
        3
 72
     1
 10
1857.41797410442
 20
960.3656095408621
 11
1861.41797410442
 21
960.8656095408621
 72
     1
 10
1861.41797410442
 20
960.8656095408621
 11
1861.41797410442
 21
959.8656095408621
 72
     1
 10
1861.41797410442
 20
959.8656095408621
 11
1857.41797410442
 21
960.3656095408621
 97
        0
 75
     0
 76
     1
 98
        1
 10
0.0
 20
0.0
  0
LINE
  5
37C
330
376
100
AcDbEntity
  8
尺寸线层
 62
     0
100
AcDbLine
 10
1855.01797410442
 20
936.1379503810092
 30
0.0
 11
1855.01797410442
 21
962.3656095408621
 31
0.0
  0
LINE
  5
37D
330
376
100
AcDbEntity
  8
尺寸线层
 62
     0
100
AcDbLine
 10
1857.41797410442
 20
936.1379503810092
 30
0.0
 11
1857.41797410442
 21
962.3656095408621
 31
0.0
  0
MTEXT
  5
37E
330
376
100
AcDbEntity
  8
尺寸线层
 62
     0
100
AcDbMText
 10
1911.928141305537
 20
981.5646318872308
 30
0.0
 40
3.5
 41
10.11008044692699
 46
7.0
 71
     5
 72
     1
  1
\T1.1;2.4
  7
标准
 73
     1
 44
1.150569886022795
1001
CAXA_DRAFT_TXTSCALE
1041
1.0
  0
ENDBLK
  5
378
330
376
100
AcDbEntity
  8
0
100
AcDbBlockEnd
  0
BLOCK
  5
386
330
385
100
AcDbEntity
  8
0
100
AcDbBlockBegin
  2
*X39
 70
     1
 10
0.0
 20
0.0
 30
0.0
  3
*X39
  1

  0
LINE
  5
388
330
385
100
AcDbEntity
  8
尺寸线层
 62
     0
100
AcDbLine
 10
2072.265962627666
 20
960.3656095408603
 30
0.0
 11
2004.828275314818
 21
960.3656095408603
 31
0.0
  0
HATCH
  5
389
330
385
100
AcDbEntity
  8
尺寸线层
 62
     0
100
AcDbHatch
 10
0.0
 20
0.0
 30
0.0
210
0.0
220
0.0
230
1.0
  2
SOLID
 70
     1
 71
     0
 91
        1
 92
        0
 93
        3
 72
     1
 10
2064.265962627666
 20
960.3656095408603
 11
2068.265962627666
 21
959.8656095408603
 72
     1
 10
2068.265962627666
 20
959.8656095408603
 11
2068.265962627666
 21
960.8656095408603
 72
     1
 10
2068.265962627666
 20
960.8656095408603
 11
2064.265962627666
 21
960.3656095408603
 97
        0
 75
     0
 76
     1
 98
        1
 10
0.0
 20
0.0
  0
HATCH
  5
38A
330
385
100
AcDbEntity
  8
尺寸线层
 62
     0
100
AcDbHatch
 10
0.0
 20
0.0
 30
0.0
210
0.0
220
0.0
230
1.0
  2
SOLID
 70
     1
 71
     0
 91
        1
 92
        0
 93
        3
 72
     1
 10
2061.865962627667
 20
960.3656095408603
 11
2057.865962627667
 21
959.8656095408603
 72
     1
 10
2057.865962627667
 20
959.8656095408603
 11
2057.865962627667
 21
960.8656095408603
 72
     1
 10
2057.865962627667
 20
960.8656095408603
 11
2061.865962627667
 21
960.3656095408603
 97
        0
 75
     0
 76
     1
 98
        1
 10
0.0
 20
0.0
  0
LINE
  5
38B
330
385
100
AcDbEntity
  8
尺寸线层
 62
     0
100
AcDbLine
 10
2064.265962627666
 20
936.1379503810074
 30
0.0
 11
2064.265962627666
 21
962.3656095408603
 31
0.0
  0
LINE
  5
38C
330
385
100
AcDbEntity
  8
尺寸线层
 62
     0
100
AcDbLine
 10
2061.865962627667
 20
936.1379503810074
 30
0.0
 11
2061.865962627667
 21
962.3656095408603
 31
0.0
  0
MTEXT
  5
38D
330
385
100
AcDbEntity
  8
尺寸线层
 62
     0
100
AcDbMText
 10
2007.355795426549
 20
981.564631887229
 30
0.0
 40
3.5
 41
10.11008044692699
 46
7.0
 71
     5
 72
     1
  1
\T1.1;2.4
  7
标准
 73
     1
 44
1.150569886022795
1001
CAXA_DRAFT_TXTSCALE
1041
1.0
  0
ENDBLK
  5
387
330
385
100
AcDbEntity
  8
0
100
AcDbBlockEnd
  0
BLOCK
  5
391
330
390
100
AcDbEntity
  8
0
100
AcDbBlockBegin
  2
*X40
 70
     1
 10
0.0
 20
0.0
 30
0.0
  3
*X40
  1

  0
LINE
  5
393
330
390
100
AcDbEntity
  8
尺寸线层
 62
     0
100
AcDbLine
 10
1641.663474266234
 20
914.6255061299994
 30
0.0
 11
1682.930521053823
 21
984.3279471579997
 31
0.0
  0
HATCH
  5
394
330
390
100
AcDbEntity
  8
尺寸线层
 62
     0
100
AcDbHatch
 10
0.0
 20
0.0
 30
0.0
210
0.0
220
0.0
230
1.0
  2
SOLID
 70
     1
 71
     0
 91
        1
 92
        0
 93
        3
 72
     1
 10
1641.663474266234
 20
914.6255061299994
 11
1643.271042204401
 21
918.3222243129527
 72
     1
 10
1643.271042204401
 20
918.3222243129527
 11
1644.131539974415
 21
917.8127701071592
 72
     1
 10
1644.131539974415
 20
917.8127701071592
 11
1641.663474266234
 21
914.6255061299994
 97
        0
 75
     0
 76
     1
 98
        1
 10
0.0
 20
0.0
  0
LINE
  5
395
330
390
100
AcDbEntity
  8
尺寸线层
 62
     0
100
AcDbLine
 10
1682.930521053823
 20
984.3279471579997
 30
0.0
 11
1690.293977478404
 21
984.3279471579997
 31
0.0
  0
MTEXT
  5
396
330
390
100
AcDbEntity
  8
尺寸线层
 62
     0
100
AcDbMText
 10
1687.779499266113
 20
986.683394085374
 30
0.0
 40
3.5
 41
10.05791284916177
 46
7.0
 71
     5
 72
     1
  1
\T1.1;R25
  7
标准
 73
     1
 44
1.150569886022795
1001
CAXA_DRAFT_TXTSCALE
1041
1.0
  0
ENDBLK
  5
392
330
390
100
AcDbEntity
  8
0
100
AcDbBlockEnd
  0
BLOCK
  5
50D
330
399
100
AcDbEntity
  8
0
100
AcDbBlockBegin
  2
主视图_1
 70
     0
 10
0.0
 20
0.0
 30
0.0
  3
主视图_1
  1

  0
LINE
  5
39A
330
399
100
AcDbEntity
  8
中心线层
100
AcDbLine
 10
-436.4636093020454
 20
448.0855092568345
 30
0.0
 11
-148.5758286901983
 21
0.000000000001819
 31
0.0
  0
LINE
  5
39B
330
399
100
AcDbEntity
  8
粗实线层
100
AcDbLine
 10
-331.2984546619118
 20
515.6524408839705
 30
0.0
 11
331.2984546618827
 21
515.6524408839414
 31
0.0
  0
LINE
  5
39C
330
399
100
AcDbEntity
  8
粗实线层
100
AcDbLine
 10
-541.6287639422226
 20
380.5185776297039
 30
0.0
 11
-541.6287639422226
 21
0.0
 31
0.0
  0
LINE
  5
39D
330
399
100
AcDbEntity
  8
粗实线层
100
AcDbLine
 10
-541.6287639421935
 20
380.5185776297258
 30
0.0
 11
-331.2984546618245
 21
515.6524408839923
 31
0.0
  0
LINE
  5
39E
330
399
100
AcDbEntity
  8
中心线层
100
AcDbLine
 10
436.4636093020454
 20
448.0855092568272
 30
0.0
 11
148.5758286901983
 21
0.0
 31
0.0
  0
LINE
  5
39F
330
399
100
AcDbEntity
  8
粗实线层
100
AcDbLine
 10
541.6287639422226
 20
380.5185776296967
 30
0.0
 11
541.6287639422226
 21
-0.000000000007276
 31
0.0
  0
LINE
  5
3A0
330
399
100
AcDbEntity
  8
粗实线层
100
AcDbLine
 10
541.6287639421935
 20
380.5185776297185
 30
0.0
 11
331.2984546618245
 21
515.6524408839887
 31
0.0
  0
LINE
  5
3A1
330
399
100
AcDbEntity
  8
粗实线层
100
AcDbLine
 10
-541.6287639422226
 20
0.0
 30
0.0
 11
541.6287639422226
 21
0.0
 31
0.0
  0
LINE
  5
3A2
330
399
100
AcDbEntity
  8
中心线层
100
AcDbLine
 10
0.0
 20
515.652440885091
 30
0.0
 11
0.0
 21
-3.000000000003638
 31
0.0
  0
DIMENSION
  5
3AC
330
399
100
AcDbEntity
  8
尺寸线层
100
AcDbDimension
280
     0
  2
*X42
 10
-148.5758286901983
 20
-61.79550245087739
 30
0.0
 11
-74.28791484509907
 21
-40.50849127769311
 31
0.0
 70
   160
 71
     5
 42
-1.0
 73
     0
 74
     0
 75
     0
  3
标准
100
AcDbAlignedDimension
 13
0.0
 23
-3.000000000003638
 33
0.0
 14
-148.5758286901983
 24
0.000000000001819
 34
0.0
100
AcDbRotatedDimension
1001
CX_DbAnnotate_TxtLocPara
1041
0.0
1001
CX_DbAnnotate_SimDimOriTxt
1070
     0
1001
CAXA_DRAFT_DIMARROWREVERSE
1070
     0
1001
ACAD
1000
DSTYLE
1002
{
1070
    69
1070
     1
1070
   173
1070
     1
1070
   284
1070
     0
1002
}
1001
CAXA_DRAFT_DIMARCLENSTYLE
1070
     1
1001
CAXA_DRAFT_DDTSTY_2011R3
1070
     0
1001
ACAD_DSTYLE_DIMINSPECT
1070
   396
1000

1070
   395
1000

1070
   394
1070
     0
1070
   393
1070
     0
1001
CX_DBDIM_TXTFRAME
1070
     0
1070
     0
1001
CDRAFT_DIM_STD_REV_NAME
1000
GB
1000
*DIMSTD
1000

  0
DIMENSION
  5
3B6
330
399
100
AcDbEntity
  8
尺寸线层
100
AcDbDimension
280
     0
  2
*X43
 10
148.5758286901983
 20
-61.79550245087921
 30
0.0
 11
74.28791484509907
 21
-40.50849127769493
 31
0.0
 70
   160
 71
     5
 42
-1.0
 73
     0
 74
     0
 75
     0
  3
标准
100
AcDbAlignedDimension
 13
0.0
 23
-3.000000000003638
 33
0.0
 14
148.5758286901983
 24
0.0
 34
0.0
100
AcDbRotatedDimension
1001
CX_DbAnnotate_TxtLocPara
1041
0.0
1001
CX_DbAnnotate_SimDimOriTxt
1070
     0
1001
CAXA_DRAFT_DIMARROWREVERSE
1070
     0
1001
ACAD
1000
DSTYLE
1002
{
1070
    69
1070
     1
1070
   173
1070
     1
1070
   284
1070
     0
1002
}
1001
CAXA_DRAFT_DIMARCLENSTYLE
1070
     1
1001
CAXA_DRAFT_DDTSTY_2011R3
1070
     0
1001
ACAD_DSTYLE_DIMINSPECT
1070
   396
1000

1070
   395
1000

1070
   394
1070
     0
1070
   393
1070
     0
1001
CX_DBDIM_TXTFRAME
1070
     0
1070
     0
1001
CDRAFT_DIM_STD_REV_NAME
1000
GB
1000
*DIMSTD
1000

  0
LINE
  5
3B7
330
399
100
AcDbEntity
  8
粗实线层
100
AcDbLine
 10
-555.6287639422226
 20
380.5185776297039
 30
0.0
 11
-555.6287639422226
 21
0.0
 31
0.0
  0
LINE
  5
3B8
330
399
100
AcDbEntity
  8
粗实线层
100
AcDbLine
 10
-555.6287639422226
 20
0.0
 30
0.0
 11
-541.6287639422226
 21
0.0
 31
0.0
  0
LINE
  5
3B9
330
399
100
AcDbEntity
  8
粗实线层
100
AcDbLine
 10
-555.6287639422226
 20
380.5185776297039
 30
0.0
 11
-541.6287639421935
 21
380.5185776297039
 31
0.0
  0
LINE
  5
3BA
330
399
100
AcDbEntity
  8
粗实线层
100
AcDbLine
 10
555.6287639422217
 20
380.5185776297039
 30
0.0
 11
555.6287639422217
 21
0.0
 31
0.0
  0
LINE
  5
3BB
330
399
100
AcDbEntity
  8
粗实线层
100
AcDbLine
 10
555.6287639422217
 20
380.5185776297039
 30
0.0
 11
541.6287639421926
 21
380.5185776297039
 31
0.0
  0
LINE
  5
3BC
330
399
100
AcDbEntity
  8
粗实线层
100
AcDbLine
 10
555.6287639422217
 20
0.0
 30
0.0
 11
541.6287639422217
 21
0.0
 31
0.0
  0
LINE
  5
3BD
330
399
100
AcDbEntity
  8
粗实线层
100
AcDbLine
 10
-331.2984546619109
 20
529.6524408839705
 30
0.0
 11
331.2984546618832
 21
529.6524408839414
 31
0.0
  0
LINE
  5
3BE
330
399
100
AcDbEntity
  8
粗实线层
100
AcDbLine
 10
-331.2984546619109
 20
529.6524408839705
 30
0.0
 11
-331.2984546619109
 21
515.6524408839705
 31
0.0
  0
LINE
  5
3BF
330
399
100
AcDbEntity
  8
粗实线层
100
AcDbLine
 10
331.2984546618832
 20
529.6524408839414
 30
0.0
 11
331.2984546618832
 21
515.6524408839887
 31
0.0
  0
TEXT
  5
3C0
330
399
100
AcDbEntity
  8
粗符号线
100
AcDbText
 10
226.1154811485383
 20
563.2384345412302
 30
0.0
 40
25.0
  1
1
 41
0.7
  7
TSSD_Label
 72
     2
 11
238.6279811485383
 21
558.2110907912302
 31
0.0
100
AcDbText
 73
     1
1001
CAXA_DRAFT_TXTSCALE
1041
1.0
  0
LWPOLYLINE
  5
3C1
330
399
100
AcDbEntity
  8
粗符号线
100
AcDbPolyline
 90
        3
 70
     0
 43
2.5
 10
271.1279811485383
 20
540.5714259867618
 10
271.1279811485383
 20
583.0714259867618
 10
246.1279811485383
 20
583.0714259867618
  0
LWPOLYLINE
  5
3C2
330
399
100
AcDbEntity
  8
粗符号线
100
AcDbPolyline
 90
        3
 70
     0
 43
2.5
 10
246.1279811485383
 20
-49.29692613227053
 10
271.1279811485383
 20
-49.29692613227053
 10
271.1279811485383
 20
-9.296926132270528
  0
TEXT
  5
3C3
330
399
100
AcDbEntity
  8
粗符号线
100
AcDbText
 10
226.1154811485383
 20
-52.82954203521695
 30
0.0
 40
25.0
  1
1
 41
0.7
  7
TSSD_Label
 72
     2
 11
238.6279811485383
 21
-57.85688578521695
 31
0.0
100
AcDbText
 73
     1
1001
CAXA_DRAFT_TXTSCALE
1041
1.0
  0
LWPOLYLINE
  5
3C4
330
399
100
AcDbEntity
  8
粗符号线
100
AcDbPolyline
 90
        3
 70
     0
 43
2.5
 10
-560.7617151967761
 20
260.5682198373961
 10
-600.7617151967834
 20
260.5682198373925
 10
-600.7617151967834
 20
285.5682198373925
  0
TEXT
  5
3C5
330
399
100
AcDbEntity
  8
粗符号线
100
AcDbText
 10
-603.8511382737709
 20
292.7888902284558
 30
0.0
 40
25.0
  1
2
 41
0.7
  7
TSSD_Label
 72
     2
 11
-591.3386382737708
 21
317.7888902284558
 31
0.0
100
AcDbText
 73
     3
1001
CAXA_DRAFT_TXTSCALE
1041
1.0
  0
LWPOLYLINE
  5
3C6
330
399
100
AcDbEntity
  8
粗符号线
100
AcDbPolyline
 90
        3
 70
     0
 43
2.5
 10
563.3303434542477
 20
260.5682198374197
 10
603.3303434542477
 20
260.5682198374216
 10
603.3303434542477
 20
285.5682198374216
  0
TEXT
  5
3C7
330
399
100
AcDbEntity
  8
粗符号线
100
AcDbText
 10
590.8178434542476
 20
292.7888902284831
 30
0.0
 40
25.0
  1
2
 41
0.7
  7
TSSD_Label
 72
     2
 11
603.3303434542477
 21
317.7888902284831
 31
0.0
100
AcDbText
 73
     3
1001
CAXA_DRAFT_TXTSCALE
1041
1.0
  0
LINE
  5
3C8
330
399
100
AcDbEntity
  8
粗实线层
100
AcDbLine
 10
-7.0
 20
515.652440885091
 30
0.0
 11
-7.0
 21
0.0
 31
0.0
  0
LINE
  5
3C9
330
399
100
AcDbEntity
  8
粗实线层
100
AcDbLine
 10
7.0
 20
515.652440885091
 30
0.0
 11
7.0
 21
0.0
 31
0.0
  0
LINE
  5
3CA
330
399
100
AcDbEntity
  8
粗实线层
100
AcDbLine
 10
-417.6391432172459
 20
441.9112184198748
 30
0.0
 11
-142.4003806311812
 21
13.51338632542684
 31
0.0
  0
LINE
  5
3CB
330
399
100
AcDbEntity
  8
粗实线层
100
AcDbLine
 10
-446.9801247660635
 20
441.3288160941211
 30
0.0
 11
-163.4334115592183
 21
0.0
 31
0.0
  0
LINE
  5
3CC
330
399
100
AcDbEntity
  8
粗实线层
100
AcDbLine
 10
-344.2065886080909
 20
489.4929860313732
 30
0.0
 11
-38.39730054803385
 21
13.51338632542684
 31
0.0
  0
LINE
  5
3CD
330
399
100
AcDbEntity
  8
粗实线层
100
AcDbLine
 10
-373.3645165179323
 20
488.6256682331132
 30
0.0
 11
-59.43033147607093
 21
0.0
 31
0.0
  0
LINE
  5
3CE
330
399
100
AcDbEntity
  8
粗实线层
100
AcDbLine
 10
-520.5957330141946
 20
394.031963955129
 30
0.0
 11
-267.4364916423651
 21
0.0
 31
0.0
  0
LINE
  5
3CF
330
399
100
AcDbEntity
  8
粗实线层
100
AcDbLine
 10
-491.4299312111098
 20
394.8870263618755
 30
0.0
 11
-246.4034607143276
 21
13.51338632542684
 31
0.0
  0
LINE
  5
3D0
330
399
100
AcDbEntity
  8
粗实线层
100
AcDbLine
 10
-267.4364916423651
 20
0.0
 30
0.0
 11
-246.4034607143267
 21
13.51338632542684
 31
0.0
  0
LINE
  5
3D1
330
399
100
AcDbEntity
  8
粗实线层
100
AcDbLine
 10
-163.4334115592183
 20
0.0
 30
0.0
 11
-142.4003806311816
 21
13.51338632542684
 31
0.0
  0
LINE
  5
3D2
330
399
100
AcDbEntity
  8
粗实线层
100
AcDbLine
 10
-59.43033147607093
 20
0.0
 30
0.0
 11
-38.39730054803294
 21
13.51338632542684
 31
0.0
  0
LINE
  5
3D3
330
399
100
AcDbEntity
  8
粗实线层
100
AcDbLine
 10
-372.0145719788025
 20
489.4929860313732
 30
0.0
 11
-344.2065886080891
 21
489.4929860313732
 31
0.0
  0
LINE
  5
3D4
330
399
100
AcDbEntity
  8
粗实线层
100
AcDbLine
 10
-446.0736394606711
 20
441.9112184198748
 30
0.0
 11
-417.639143217245
 21
441.9112184198748
 31
0.0
  0
LINE
  5
3D5
330
399
100
AcDbEntity
  8
粗实线层
100
AcDbLine
 10
-519.2648634887173
 20
394.8870263618755
 30
0.0
 11
-491.4299312111098
 21
394.8870263618755
 31
0.0
  0
LINE
  5
3D6
330
399
100
AcDbEntity
  8
粗实线层
100
AcDbLine
 10
344.20658860809
 20
489.4929860313732
 30
0.0
 11
38.3973005480334
 21
13.51338632542684
 31
0.0
  0
LINE
  5
3D7
330
399
100
AcDbEntity
  8
粗实线层
100
AcDbLine
 10
373.3645165179314
 20
488.6256682331132
 30
0.0
 11
59.43033147607048
 21
0.0
 31
0.0
  0
LINE
  5
3D8
330
399
100
AcDbEntity
  8
粗实线层
100
AcDbLine
 10
372.0145719788015
 20
489.4929860313732
 30
0.0
 11
344.2065886080882
 21
489.4929860313732
 31
0.0
  0
LINE
  5
3D9
330
399
100
AcDbEntity
  8
粗实线层
100
AcDbLine
 10
446.0736394606702
 20
441.9112184198748
 30
0.0
 11
417.6391432172441
 21
441.9112184198748
 31
0.0
  0
LINE
  5
3DA
330
399
100
AcDbEntity
  8
粗实线层
100
AcDbLine
 10
519.2648634887164
 20
394.8870263618755
 30
0.0
 11
491.4299312111089
 21
394.8870263618755
 31
0.0
  0
LINE
  5
3DB
330
399
100
AcDbEntity
  8
粗实线层
100
AcDbLine
 10
491.4299312111089
 20
394.8870263618755
 30
0.0
 11
246.4034607143271
 21
13.51338632542684
 31
0.0
  0
LINE
  5
3DC
330
399
100
AcDbEntity
  8
粗实线层
100
AcDbLine
 10
520.5957330141937
 20
394.031963955129
 30
0.0
 11
267.4364916423647
 21
0.0
 31
0.0
  0
LINE
  5
3DD
330
399
100
AcDbEntity
  8
粗实线层
100
AcDbLine
 10
417.639143217245
 20
441.9112184198748
 30
0.0
 11
142.4003806311807
 21
13.51338632542684
 31
0.0
  0
LINE
  5
3DE
330
399
100
AcDbEntity
  8
粗实线层
100
AcDbLine
 10
446.9801247660625
 20
441.3288160941211
 30
0.0
 11
163.4334115592178
 21
0.0
 31
0.0
  0
LINE
  5
3DF
330
399
100
AcDbEntity
  8
粗实线层
100
AcDbLine
 10
267.4364916423647
 20
0.0
 30
0.0
 11
246.4034607143262
 21
13.51338632542684
 31
0.0
  0
LINE
  5
3E0
330
399
100
AcDbEntity
  8
粗实线层
100
AcDbLine
 10
163.4334115592178
 20
0.0
 30
0.0
 11
142.4003806311812
 21
13.51338632542684
 31
0.0
  0
LINE
  5
3E1
330
399
100
AcDbEntity
  8
粗实线层
100
AcDbLine
 10
59.43033147607048
 20
0.0
 30
0.0
 11
38.39730054803249
 21
13.51338632542684
 31
0.0
  0
DIMENSION
  5
3EB
330
399
100
AcDbEntity
  8
尺寸线层
100
AcDbDimension
280
     0
  2
*X44
 10
-641.6968305690889
 20
0.0000000000000284
 30
0.0
 11
-662.8958529154577
 21
190.259288314852
 31
0.0
 70
   160
 71
     5
 42
-1.0
 73
     0
 74
     0
 75
     0
  3
标准
100
AcDbAlignedDimension
 13
-555.6287639422226
 23
380.5185776297039
 33
0.0
 14
-555.6287639422226
 24
0.0
 34
0.0
 50
270.0
100
AcDbRotatedDimension
1001
CX_DbAnnotate_TxtLocPara
1041
0.0
1001
CX_DbAnnotate_SimDimOriTxt
1070
     0
1001
CAXA_DRAFT_DIMARROWREVERSE
1070
     0
1001
ACAD
1000
DSTYLE
1002
{
1070
    69
1070
     1
1070
   173
1070
     1
1070
   284
1070
     0
1002
}
1001
CAXA_DRAFT_DIMARCLENSTYLE
1070
     1
1001
CAXA_DRAFT_DDTSTY_2011R3
1070
     0
1001
ACAD_DSTYLE_DIMINSPECT
1070
   396
1000

1070
   395
1000

1070
   394
1070
     0
1070
   393
1070
     0
1001
CX_DBDIM_TXTFRAME
1070
     0
1070
     0
1001
CDRAFT_DIM_STD_REV_NAME
1000
GB
1000
*DIMSTD
1000

  0
DIMENSION
  5
3F5
330
399
100
AcDbEntity
  8
尺寸线层
100
AcDbDimension
280
     0
  2
*X45
 10
541.6287639422226
 20
-126.6446389546581
 30
0.0
 11
0.0000005000001693
 21
-105.3576277814739
 31
0.0
 70
   160
 71
     5
 42
-1.0
 73
     0
 74
     0
 75
     0
  3
标准
100
AcDbAlignedDimension
 13
-541.6287639422226
 23
0.0
 33
0.0
 14
541.6287639422226
 24
-0.000000000007276
 34
0.0
100
AcDbRotatedDimension
1001
CX_DbAnnotate_TxtLocPara
1041
0.0
1001
CX_DbAnnotate_SimDimOriTxt
1070
     0
1001
CAXA_DRAFT_DIMARROWREVERSE
1070
     0
1001
ACAD
1000
DSTYLE
1002
{
1070
    69
1070
     1
1070
   173
1070
     1
1070
   284
1070
     0
1002
}
1001
CAXA_DRAFT_DIMARCLENSTYLE
1070
     1
1001
CAXA_DRAFT_DDTSTY_2011R3
1070
     0
1001
ACAD_DSTYLE_DIMINSPECT
1070
   396
1000

1070
   395
1000

1070
   394
1070
     0
1070
   393
1070
     0
1001
CX_DBDIM_TXTFRAME
1070
     0
1070
     0
1001
CDRAFT_DIM_STD_REV_NAME
1000
GB
1000
*DIMSTD
1000

  0
DIMENSION
  5
3FF
330
399
100
AcDbEntity
  8
尺寸线层
100
AcDbDimension
280
     0
  2
*X46
 10
-555.6287639422226
 20
-126.6446389546563
 30
0.0
 11
-548.6287644422226
 21
-105.357627781472
 31
0.0
 70
   160
 71
     5
 42
-1.0
 73
     0
 74
     0
 75
     0
  3
标准
100
AcDbAlignedDimension
 13
-541.6287639422226
 23
0.0
 33
0.0
 14
-555.6287639422226
 24
0.0
 34
0.0
100
AcDbRotatedDimension
1001
CX_DbAnnotate_TxtLocPara
1041
0.0
1001
CX_DbAnnotate_SimDimOriTxt
1070
     0
1001
CAXA_DRAFT_DIMARROWREVERSE
1070
     0
1001
ACAD
1000
DSTYLE
1002
{
1070
    69
1070
     1
1070
   173
1070
     1
1070
   284
1070
     0
1002
}
1001
CAXA_DRAFT_DIMARCLENSTYLE
1070
     1
1001
CAXA_DRAFT_DDTSTY_2011R3
1070
     0
1001
ACAD_DSTYLE_DIMINSPECT
1070
   396
1000

1070
   395
1000

1070
   394
1070
     0
1070
   393
1070
     0
1001
CX_DBDIM_TXTFRAME
1070
     0
1070
     0
1001
CDRAFT_DIM_STD_REV_NAME
1000
GB
1000
*DIMSTD
1000

  0
DIMENSION
  5
409
330
399
100
AcDbEntity
  8
尺寸线层
100
AcDbDimension
280
     0
  2
*X47
 10
555.6287639422217
 20
-126.6446389546563
 30
0.0
 11
548.6287644422221
 21
-105.357627781472
 31
0.0
 70
   160
 71
     5
 42
-1.0
 73
     0
 74
     0
 75
     0
  3
标准
100
AcDbAlignedDimension
 13
541.6287639422226
 23
-0.000000000007276
 33
0.0
 14
555.6287639422217
 24
0.0
 34
0.0
100
AcDbRotatedDimension
1001
CX_DbAnnotate_TxtLocPara
1041
0.0
1001
CX_DbAnnotate_SimDimOriTxt
1070
     0
1001
CAXA_DRAFT_DIMARROWREVERSE
1070
     0
1001
ACAD
1000
DSTYLE
1002
{
1070
    69
1070
     1
1070
   173
1070
     1
1070
   284
1070
     0
1002
}
1001
CAXA_DRAFT_DIMARCLENSTYLE
1070
     1
1001
CAXA_DRAFT_DDTSTY_2011R3
1070
     0
1001
ACAD_DSTYLE_DIMINSPECT
1070
   396
1000

1070
   395
1000

1070
   394
1070
     0
1070
   393
1070
     0
1001
CX_DBDIM_TXTFRAME
1070
     0
1070
     0
1001
CDRAFT_DIM_STD_REV_NAME
1000
GB
1000
*DIMSTD
1000

  0
DIMENSION
  5
413
330
399
100
AcDbEntity
  8
尺寸线层
100
AcDbDimension
280
     0
  2
*X48
 10
646.61436638758
 20
-0.000000000000032
 30
0.0
 11
625.4153440412113
 21
190.259288314852
 31
0.0
 70
   160
 71
     5
 42
-1.0
 73
     0
 74
     0
 75
     0
  3
标准
100
AcDbAlignedDimension
 13
555.6287639422217
 23
380.5185776297039
 33
0.0
 14
555.6287639422217
 24
0.0
 34
0.0
 50
270.0
100
AcDbRotatedDimension
1001
CX_DbAnnotate_TxtLocPara
1041
0.0
1001
CX_DbAnnotate_SimDimOriTxt
1070
     0
1001
CAXA_DRAFT_DIMARROWREVERSE
1070
     0
1001
ACAD
1000
DSTYLE
1002
{
1070
    69
1070
     1
1070
   173
1070
     1
1070
   284
1070
     0
1002
}
1001
CAXA_DRAFT_DIMARCLENSTYLE
1070
     1
1001
CAXA_DRAFT_DDTSTY_2011R3
1070
     0
1001
ACAD_DSTYLE_DIMINSPECT
1070
   396
1000

1070
   395
1000

1070
   394
1070
     0
1070
   393
1070
     0
1001
CX_DBDIM_TXTFRAME
1070
     0
1070
     0
1001
CDRAFT_DIM_STD_REV_NAME
1000
GB
1000
*DIMSTD
1000

  0
DIMENSION
  5
41D
330
399
100
AcDbEntity
  8
尺寸线层
100
AcDbDimension
280
     0
  2
*X49
 10
7.00000000000129
 20
555.3688258405107
 30
0.0
 11
0.0000005000019883
 21
576.655837013695
 31
0.0
 70
   160
 71
     5
 42
-1.0
 73
     0
 74
     0
 75
     0
  3
标准
100
AcDbAlignedDimension
 13
-7.0
 23
515.652440885091
 33
0.0
 14
7.0
 24
515.652440885091
 34
0.0
 50
-0.0000000000018611
100
AcDbRotatedDimension
1001
CX_DbAnnotate_TxtLocPara
1041
0.0
1001
CX_DbAnnotate_SimDimOriTxt
1070
     0
1001
CAXA_DRAFT_DIMARROWREVERSE
1070
     0
1001
ACAD
1000
DSTYLE
1002
{
1070
    69
1070
     1
1070
   173
1070
     1
1070
   284
1070
     0
1002
}
1001
CAXA_DRAFT_DIMARCLENSTYLE
1070
     1
1001
CAXA_DRAFT_DDTSTY_2011R3
1070
     0
1001
ACAD_DSTYLE_DIMINSPECT
1070
   396
1000

1070
   395
1000

1070
   394
1070
     0
1070
   393
1070
     0
1001
CX_DBDIM_TXTFRAME
1070
     0
1070
     0
1001
CDRAFT_DIM_STD_REV_NAME
1000
GB
1000
*DIMSTD
1000

  0
DIMENSION
  5
427
330
399
100
AcDbEntity
  8
尺寸线层
100
AcDbDimension
280
     0
  2
*X50
 10
331.2984546618832
 20
612.5954718472985
 30
0.0
 11
0.0000004999860721
 21
633.7944941936671
 31
0.0
 70
   160
 71
     5
 42
-1.0
 73
     0
 74
     0
 75
     0
  3
标准
100
AcDbAlignedDimension
 13
-331.2984546619109
 23
529.6524408839705
 33
0.0
 14
331.2984546618832
 24
529.6524408839414
 34
0.0
100
AcDbRotatedDimension
1001
CX_DbAnnotate_TxtLocPara
1041
0.0
1001
CX_DbAnnotate_SimDimOriTxt
1070
     0
1001
CAXA_DRAFT_DIMARROWREVERSE
1070
     0
1001
ACAD
1000
DSTYLE
1002
{
1070
    69
1070
     1
1070
   173
1070
     1
1070
   284
1070
     0
1002
}
1001
CAXA_DRAFT_DIMARCLENSTYLE
1070
     1
1001
CAXA_DRAFT_DDTSTY_2011R3
1070
     0
1001
ACAD_DSTYLE_DIMINSPECT
1070
   396
1000

1070
   395
1000

1070
   394
1070
     0
1070
   393
1070
     0
1001
CX_DBDIM_TXTFRAME
1070
     0
1070
     0
1001
CDRAFT_DIM_STD_REV_NAME
1000
GB
1000
*DIMSTD
1000

  0
DIMENSION
  5
431
330
399
100
AcDbEntity
  8
尺寸线层
100
AcDbDimension
280
     0
  2
*X51
 10
-515.6270429746322
 20
432.5488372385279
 30
0.0
 11
-500.7945778827591
 21
467.2757575812557
 31
0.0
 70
   160
  1
62.5
 71
     5
 42
-1.0
 73
     0
 74
     0
 75
     0
  3
标准
100
AcDbAlignedDimension
 13
-446.9801247660635
 23
441.3288160941211
 33
0.0
 14
-491.4299312111098
 24
394.8870263618755
 34
0.0
 50
212.7200968944488
100
AcDbRotatedDimension
1001
CX_DbAnnotate_TxtLocPara
1041
0.0
1001
CX_DbAnnotate_SimDimOriTxt
1070
     0
1001
CAXA_DRAFT_DIMARROWREVERSE
1070
     0
1001
ACAD
1000
DSTYLE
1002
{
1070
    69
1070
     1
1070
   173
1070
     1
1070
   271
1070
     1
1070
   146
1040
1.0
1070
   284
1070
     0
1002
}
1001
CAXA_DRAFT_DIMARCLENSTYLE
1070
     1
1001
CAXA_DRAFT_DDTSTY_2011R3
1070
     0
1001
ACAD_DSTYLE_DIMINSPECT
1070
   396
1000

1070
   395
1000

1070
   394
1070
     0
1070
   393
1070
     0
1001
CX_DBDIM_TXTFRAME
1070
     0
1070
     0
1001
CDRAFT_DIM_STD_REV_NAME
1000
GB
1000
*DIMSTD
1000

  0
DIMENSION
  5
43B
330
399
100
AcDbEntity
  8
尺寸线层
100
AcDbDimension
280
     0
  2
*X52
 10
-441.4606923761321
 20
478.9884815237852
 30
0.0
 11
-426.6282272842589
 21
513.7154018665137
 31
0.0
 70
   160
 71
     5
 42
-1.0
 73
     0
 74
     0
 75
     0
  3
标准
100
AcDbAlignedDimension
 13
-373.3645165179323
 23
488.6256682331132
 33
0.0
 14
-417.6391432172459
 24
441.9112184198748
 34
0.0
 50
212.7200968944489
100
AcDbRotatedDimension
1001
CX_DbAnnotate_TxtLocPara
1041
0.0
1001
CX_DbAnnotate_SimDimOriTxt
1070
     0
1001
CAXA_DRAFT_DIMARROWREVERSE
1070
     0
1001
ACAD
1000
DSTYLE
1002
{
1070
    69
1070
     1
1070
   173
1070
     1
1070
   271
1070
     1
1070
   284
1070
     0
1002
}
1001
CAXA_DRAFT_DIMARCLENSTYLE
1070
     1
1001
CAXA_DRAFT_DDTSTY_2011R3
1070
     0
1001
ACAD_DSTYLE_DIMINSPECT
1070
   396
1000

1070
   395
1000

1070
   394
1070
     0
1070
   393
1070
     0
1001
CX_DBDIM_TXTFRAME
1070
     0
1070
     0
1001
CDRAFT_DIM_STD_REV_NAME
1000
GB
1000
*DIMSTD
1000

  0
DIMENSION
  5
445
330
399
100
AcDbEntity
  8
尺寸线层
100
AcDbDimension
280
     0
  2
*X53
 10
-565.988653692727
 20
464.6841810644012
 30
0.0
 11
-570.8630505135238
 21
486.7497574858053
 31
0.0
 70
   160
 71
     5
 42
-1.0
 73
     0
 74
     0
 75
     0
  3
标准
100
AcDbAlignedDimension
 13
-491.4299312111098
 23
394.8870263618755
 33
0.0
 14
-520.5957330141946
 24
394.031963955129
 34
0.0
 50
212.7200968944497
100
AcDbRotatedDimension
1001
CX_DbAnnotate_TxtLocPara
1041
0.0
1001
CX_DbAnnotate_SimDimOriTxt
1070
     0
1001
CAXA_DRAFT_DIMARROWREVERSE
1070
     0
1001
ACAD
1000
DSTYLE
1002
{
1070
    69
1070
     1
1070
   173
1070
     1
1070
   284
1070
     0
1002
}
1001
CAXA_DRAFT_DIMARCLENSTYLE
1070
     1
1001
CAXA_DRAFT_DDTSTY_2011R3
1070
     0
1001
ACAD_DSTYLE_DIMINSPECT
1070
   396
1000

1070
   395
1000

1070
   394
1070
     0
1070
   393
1070
     0
1001
CX_DBDIM_TXTFRAME
1070
     0
1070
     0
1001
CDRAFT_DIM_STD_REV_NAME
1000
GB
1000
*DIMSTD
1000

  0
DIMENSION
  5
44F
330
399
100
AcDbEntity
  8
尺寸线层
100
AcDbDimension
280
     0
  2
*X54
 10
-492.7994863433108
 20
512.6447709516988
 30
0.0
 11
-493.7417944474664
 21
537.2366515503572
 31
0.0
 70
   160
 71
     5
 42
-1.0
 73
     0
 74
     0
 75
     0
  3
标准
100
AcDbAlignedDimension
 13
-417.6391432172459
 23
441.9112184198748
 33
0.0
 14
-446.9801247660635
 24
441.3288160941211
 34
0.0
 50
212.7200968944505
100
AcDbRotatedDimension
1001
CX_DbAnnotate_TxtLocPara
1041
0.0
1001
CX_DbAnnotate_SimDimOriTxt
1070
     0
1001
CAXA_DRAFT_DIMARROWREVERSE
1070
     0
1001
ACAD
1000
DSTYLE
1002
{
1070
    69
1070
     1
1070
   173
1070
     1
1070
   284
1070
     0
1002
}
1001
CAXA_DRAFT_DIMARCLENSTYLE
1070
     1
1001
CAXA_DRAFT_DDTSTY_2011R3
1070
     0
1001
ACAD_DSTYLE_DIMINSPECT
1070
   396
1000

1070
   395
1000

1070
   394
1070
     0
1070
   393
1070
     0
1001
CX_DBDIM_TXTFRAME
1070
     0
1070
     0
1001
CDRAFT_DIM_STD_REV_NAME
1000
GB
1000
*DIMSTD
1000

  0
DIMENSION
  5
459
330
399
100
AcDbEntity
  8
尺寸线层
100
AcDbDimension
280
     0
  2
*X55
 10
-419.4189333811331
 20
560.3074769914298
 30
0.0
 11
-418.2751348149518
 21
586.2396477959437
 31
0.0
 70
   160
 71
     5
 42
-1.0
 73
     0
 74
     0
 75
     0
  3
标准
100
AcDbAlignedDimension
 13
-344.2065886080909
 23
489.4929860313732
 33
0.0
 14
-373.3645165179323
 24
488.6256682331132
 34
0.0
 50
212.7200968944481
100
AcDbRotatedDimension
1001
CX_DbAnnotate_TxtLocPara
1041
0.0
1001
CX_DbAnnotate_SimDimOriTxt
1070
     0
1001
CAXA_DRAFT_DIMARROWREVERSE
1070
     0
1001
ACAD
1000
DSTYLE
1002
{
1070
    69
1070
     1
1070
   173
1070
     1
1070
   284
1070
     0
1002
}
1001
CAXA_DRAFT_DIMARCLENSTYLE
1070
     1
1001
CAXA_DRAFT_DDTSTY_2011R3
1070
     0
1001
ACAD_DSTYLE_DIMINSPECT
1070
   396
1000

1070
   395
1000

1070
   394
1070
     0
1070
   393
1070
     0
1001
CX_DBDIM_TXTFRAME
1070
     0
1070
     0
1001
CDRAFT_DIM_STD_REV_NAME
1000
GB
1000
*DIMSTD
1000

  0
DIMENSION
  5
463
330
399
100
AcDbEntity
  8
尺寸线层
100
AcDbDimension
280
     0
  2
*X56
 10
-599.988014996979
 20
517.6027908506367
 30
0.0
 11
-527.3147148530038
 21
589.4915235882877
 31
0.0
 70
   160
 71
     5
 42
-1.0
 73
     0
 74
     0
 75
     0
  3
标准
100
AcDbAlignedDimension
 13
-344.2065886080909
 23
489.4929860313732
 33
0.0
 14
-520.5957330141946
 24
394.031963955129
 34
0.0
 50
212.7200968944488
100
AcDbRotatedDimension
1001
CX_DbAnnotate_TxtLocPara
1041
0.0
1001
CX_DbAnnotate_SimDimOriTxt
1070
     0
1001
CAXA_DRAFT_DIMARROWREVERSE
1070
     0
1001
ACAD
1000
DSTYLE
1002
{
1070
    69
1070
     1
1070
   173
1070
     1
1070
   284
1070
     0
1002
}
1001
CAXA_DRAFT_DIMARCLENSTYLE
1070
     1
1001
CAXA_DRAFT_DDTSTY_2011R3
1070
     0
1001
ACAD_DSTYLE_DIMINSPECT
1070
   396
1000

1070
   395
1000

1070
   394
1070
     0
1070
   393
1070
     0
1001
CX_DBDIM_TXTFRAME
1070
     0
1070
     0
1001
CDRAFT_DIM_STD_REV_NAME
1000
GB
1000
*DIMSTD
1000

  0
DIMENSION
  5
46D
330
399
100
AcDbEntity
  8
尺寸线层
100
AcDbDimension
280
     0
  2
*X57
 10
-448.3921888800572
 20
697.9040300846482
 30
0.0
 11
-565.0161662470944
 21
648.1722864339954
 31
0.0
 70
   160
 71
     5
 42
-1.0
 73
     0
 74
     0
 75
     0
  3
标准
100
AcDbAlignedDimension
 13
-541.6287639421935
 23
380.5185776297258
 33
0.0
 14
-331.2984546618245
 24
515.6524408839923
 34
0.0
 50
32.72009689445017
100
AcDbRotatedDimension
1001
CX_DbAnnotate_TxtLocPara
1041
0.0
1001
CX_DbAnnotate_SimDimOriTxt
1070
     0
1001
CAXA_DRAFT_DIMARROWREVERSE
1070
     0
1001
ACAD
1000
DSTYLE
1002
{
1070
    69
1070
     1
1070
   173
1070
     1
1070
   284
1070
     0
1002
}
1001
CAXA_DRAFT_DIMARCLENSTYLE
1070
     1
1001
CAXA_DRAFT_DDTSTY_2011R3
1070
     0
1001
ACAD_DSTYLE_DIMINSPECT
1070
   396
1000

1070
   395
1000

1070
   394
1070
     0
1070
   393
1070
     0
1001
CX_DBDIM_TXTFRAME
1070
     0
1070
     0
1001
CDRAFT_DIM_STD_REV_NAME
1000
GB
1000
*DIMSTD
1000

  0
DIMENSION
  5
477
330
399
100
AcDbEntity
  8
尺寸线层
100
AcDbDimension
280
     0
  2
*X58
 10
-411.0160884843136
 20
639.729664558381
 30
0.0
 11
-432.9914266752003
 21
650.808159372139
 31
0.0
 70
   160
 71
     5
 42
-1.0
 73
     0
 74
     0
 75
     0
  3
标准
100
AcDbAlignedDimension
 13
-344.2065886080909
 23
489.4929860313732
 33
0.0
 14
-331.2984546618245
 24
515.6524408839923
 34
0.0
 50
32.72009689444928
100
AcDbRotatedDimension
1001
CX_DbAnnotate_TxtLocPara
1041
0.0
1001
CX_DbAnnotate_SimDimOriTxt
1070
     0
1001
CAXA_DRAFT_DIMARROWREVERSE
1070
     0
1001
ACAD
1000
DSTYLE
1002
{
1070
    69
1070
     1
1070
   173
1070
     1
1070
   284
1070
     0
1002
}
1001
CAXA_DRAFT_DIMARCLENSTYLE
1070
     1
1001
CAXA_DRAFT_DDTSTY_2011R3
1070
     0
1001
ACAD_DSTYLE_DIMINSPECT
1070
   396
1000

1070
   395
1000

1070
   394
1070
     0
1070
   393
1070
     0
1001
CX_DBDIM_TXTFRAME
1070
     0
1070
     0
1001
CDRAFT_DIM_STD_REV_NAME
1000
GB
1000
*DIMSTD
1000

  0
DIMENSION
  5
481
330
399
100
AcDbEntity
  8
尺寸线层
100
AcDbDimension
280
     0
  2
*X59
 10
-620.9186302650297
 20
503.9299987559178
 30
0.0
 11
-621.8609383692037
 21
528.5218793545646
 31
0.0
 70
   160
 71
     5
 42
-1.0
 73
     0
 74
     0
 75
     0
  3
标准
100
AcDbAlignedDimension
 13
-520.5957330141946
 23
394.031963955129
 33
0.0
 14
-541.6287639421935
 24
380.5185776297258
 34
0.0
 50
212.7200968944497
100
AcDbRotatedDimension
1001
CX_DbAnnotate_TxtLocPara
1041
0.0
1001
CX_DbAnnotate_SimDimOriTxt
1070
     0
1001
CAXA_DRAFT_DIMARROWREVERSE
1070
     0
1001
ACAD
1000
DSTYLE
1002
{
1070
    69
1070
     1
1070
   173
1070
     1
1070
   284
1070
     0
1002
}
1001
CAXA_DRAFT_DIMARCLENSTYLE
1070
     1
1001
CAXA_DRAFT_DDTSTY_2011R3
1070
     0
1001
ACAD_DSTYLE_DIMINSPECT
1070
   396
1000

1070
   395
1000

1070
   394
1070
     0
1070
   393
1070
     0
1001
CX_DBDIM_TXTFRAME
1070
     0
1070
     0
1001
CDRAFT_DIM_STD_REV_NAME
1000
GB
1000
*DIMSTD
1000

  0
DIMENSION
  5
48B
330
399
100
AcDbEntity
  8
尺寸线层
100
AcDbDimension
280
     0
  2
*X60
 10
515.6270429746313
 20
432.5488372385282
 30
0.0
 11
500.7945778827582
 21
467.2757575812561
 31
0.0
 70
   160
  1
62.5
 71
     5
 42
-1.0
 73
     0
 74
     0
 75
     0
  3
标准
100
AcDbAlignedDimension
 13
446.9801247660625
 23
441.3288160941211
 33
0.0
 14
491.4299312111089
 24
394.8870263618755
 34
0.0
 50
327.2799031055515
100
AcDbRotatedDimension
1001
CX_DbAnnotate_TxtLocPara
1041
0.0
1001
CX_DbAnnotate_SimDimOriTxt
1070
     0
1001
CAXA_DRAFT_DIMARROWREVERSE
1070
     0
1001
ACAD
1000
DSTYLE
1002
{
1070
    69
1070
     1
1070
   173
1070
     1
1070
   271
1070
     1
1070
   146
1040
1.0
1070
   284
1070
     0
1002
}
1001
CAXA_DRAFT_DIMARCLENSTYLE
1070
     1
1001
CAXA_DRAFT_DDTSTY_2011R3
1070
     0
1001
ACAD_DSTYLE_DIMINSPECT
1070
   396
1000

1070
   395
1000

1070
   394
1070
     0
1070
   393
1070
     0
1001
CX_DBDIM_TXTFRAME
1070
     0
1070
     0
1001
CDRAFT_DIM_STD_REV_NAME
1000
GB
1000
*DIMSTD
1000

  0
DIMENSION
  5
495
330
399
100
AcDbEntity
  8
尺寸线层
100
AcDbDimension
280
     0
  2
*X61
 10
441.460692376131
 20
478.9884815237858
 30
0.0
 11
426.6282272842575
 21
513.7154018665137
 31
0.0
 70
   160
 71
     5
 42
-1.0
 73
     0
 74
     0
 75
     0
  3
标准
100
AcDbAlignedDimension
 13
373.3645165179314
 23
488.6256682331132
 33
0.0
 14
417.639143217245
 24
441.9112184198748
 34
0.0
 50
327.2799031055519
100
AcDbRotatedDimension
1001
CX_DbAnnotate_TxtLocPara
1041
0.0
1001
CX_DbAnnotate_SimDimOriTxt
1070
     0
1001
CAXA_DRAFT_DIMARROWREVERSE
1070
     0
1001
ACAD
1000
DSTYLE
1002
{
1070
    69
1070
     1
1070
   173
1070
     1
1070
   271
1070
     1
1070
   284
1070
     0
1002
}
1001
CAXA_DRAFT_DIMARCLENSTYLE
1070
     1
1001
CAXA_DRAFT_DDTSTY_2011R3
1070
     0
1001
ACAD_DSTYLE_DIMINSPECT
1070
   396
1000

1070
   395
1000

1070
   394
1070
     0
1070
   393
1070
     0
1001
CX_DBDIM_TXTFRAME
1070
     0
1070
     0
1001
CDRAFT_DIM_STD_REV_NAME
1000
GB
1000
*DIMSTD
1000

  0
DIMENSION
  5
49F
330
399
100
AcDbEntity
  8
尺寸线层
100
AcDbDimension
280
     0
  2
*X62
 10
565.9886536927261
 20
464.6841810644011
 30
0.0
 11
570.8630505135227
 21
486.7497574858053
 31
0.0
 70
   160
 71
     5
 42
-1.0
 73
     0
 74
     0
 75
     0
  3
标准
100
AcDbAlignedDimension
 13
491.4299312111089
 23
394.8870263618755
 33
0.0
 14
520.5957330141937
 24
394.031963955129
 34
0.0
 50
327.2799031055503
100
AcDbRotatedDimension
1001
CX_DbAnnotate_TxtLocPara
1041
0.0
1001
CX_DbAnnotate_SimDimOriTxt
1070
     0
1001
CAXA_DRAFT_DIMARROWREVERSE
1070
     0
1001
ACAD
1000
DSTYLE
1002
{
1070
    69
1070
     1
1070
   173
1070
     1
1070
   284
1070
     0
1002
}
1001
CAXA_DRAFT_DIMARCLENSTYLE
1070
     1
1001
CAXA_DRAFT_DDTSTY_2011R3
1070
     0
1001
ACAD_DSTYLE_DIMINSPECT
1070
   396
1000

1070
   395
1000

1070
   394
1070
     0
1070
   393
1070
     0
1001
CX_DBDIM_TXTFRAME
1070
     0
1070
     0
1001
CDRAFT_DIM_STD_REV_NAME
1000
GB
1000
*DIMSTD
1000

  0
DIMENSION
  5
4A9
330
399
100
AcDbEntity
  8
尺寸线层
100
AcDbDimension
280
     0
  2
*X63
 10
492.7994863433095
 20
512.6447709516989
 30
0.0
 11
493.7417944474662
 21
537.2366515503568
 31
0.0
 70
   160
 71
     5
 42
-1.0
 73
     0
 74
     0
 75
     0
  3
标准
100
AcDbAlignedDimension
 13
417.639143217245
 23
441.9112184198748
 33
0.0
 14
446.9801247660625
 24
441.3288160941211
 34
0.0
 50
327.2799031055497
100
AcDbRotatedDimension
1001
CX_DbAnnotate_TxtLocPara
1041
0.0
1001
CX_DbAnnotate_SimDimOriTxt
1070
     0
1001
CAXA_DRAFT_DIMARROWREVERSE
1070
     0
1001
ACAD
1000
DSTYLE
1002
{
1070
    69
1070
     1
1070
   173
1070
     1
1070
   284
1070
     0
1002
}
1001
CAXA_DRAFT_DIMARCLENSTYLE
1070
     1
1001
CAXA_DRAFT_DDTSTY_2011R3
1070
     0
1001
ACAD_DSTYLE_DIMINSPECT
1070
   396
1000

1070
   395
1000

1070
   394
1070
     0
1070
   393
1070
     0
1001
CX_DBDIM_TXTFRAME
1070
     0
1070
     0
1001
CDRAFT_DIM_STD_REV_NAME
1000
GB
1000
*DIMSTD
1000

  0
DIMENSION
  5
4B3
330
399
100
AcDbEntity
  8
尺寸线层
100
AcDbDimension
280
     0
  2
*X64
 10
419.4189333811307
 20
560.3074769914324
 30
0.0
 11
418.2751348149516
 21
586.2396477959442
 31
0.0
 70
   160
 71
     5
 42
-1.0
 73
     0
 74
     0
 75
     0
  3
标准
100
AcDbAlignedDimension
 13
344.20658860809
 23
489.4929860313732
 33
0.0
 14
373.3645165179314
 24
488.6256682331132
 34
0.0
 50
327.2799031055538
100
AcDbRotatedDimension
1001
CX_DbAnnotate_TxtLocPara
1041
0.0
1001
CX_DbAnnotate_SimDimOriTxt
1070
     0
1001
CAXA_DRAFT_DIMARROWREVERSE
1070
     0
1001
ACAD
1000
DSTYLE
1002
{
1070
    69
1070
     1
1070
   173
1070
     1
1070
   284
1070
     0
1002
}
1001
CAXA_DRAFT_DIMARCLENSTYLE
1070
     1
1001
CAXA_DRAFT_DDTSTY_2011R3
1070
     0
1001
ACAD_DSTYLE_DIMINSPECT
1070
   396
1000

1070
   395
1000

1070
   394
1070
     0
1070
   393
1070
     0
1001
CX_DBDIM_TXTFRAME
1070
     0
1070
     0
1001
CDRAFT_DIM_STD_REV_NAME
1000
GB
1000
*DIMSTD
1000

  0
DIMENSION
  5
4BD
330
399
100
AcDbEntity
  8
尺寸线层
100
AcDbDimension
280
     0
  2
*X65
 10
599.9880149969795
 20
517.6027908506367
 30
0.0
 11
527.3147148530034
 21
589.4915235882881
 31
0.0
 70
   160
 71
     5
 42
-1.0
 73
     0
 74
     0
 75
     0
  3
标准
100
AcDbAlignedDimension
 13
344.20658860809
 23
489.4929860313732
 33
0.0
 14
520.5957330141937
 24
394.031963955129
 34
0.0
 50
327.2799031055508
100
AcDbRotatedDimension
1001
CX_DbAnnotate_TxtLocPara
1041
0.0
1001
CX_DbAnnotate_SimDimOriTxt
1070
     0
1001
CAXA_DRAFT_DIMARROWREVERSE
1070
     0
1001
ACAD
1000
DSTYLE
1002
{
1070
    69
1070
     1
1070
   173
1070
     1
1070
   284
1070
     0
1002
}
1001
CAXA_DRAFT_DIMARCLENSTYLE
1070
     1
1001
CAXA_DRAFT_DDTSTY_2011R3
1070
     0
1001
ACAD_DSTYLE_DIMINSPECT
1070
   396
1000

1070
   395
1000

1070
   394
1070
     0
1070
   393
1070
     0
1001
CX_DBDIM_TXTFRAME
1070
     0
1070
     0
1001
CDRAFT_DIM_STD_REV_NAME
1000
GB
1000
*DIMSTD
1000

  0
DIMENSION
  5
4C7
330
399
100
AcDbEntity
  8
尺寸线层
100
AcDbDimension
280
     0
  2
*X66
 10
448.3921888800572
 20
697.9040300846469
 30
0.0
 11
565.0161662470944
 21
648.1722864339945
 31
0.0
 70
   160
 71
     5
 42
-1.0
 73
     0
 74
     0
 75
     0
  3
标准
100
AcDbAlignedDimension
 13
541.6287639421926
 23
380.5185776297258
 33
0.0
 14
331.2984546618236
 24
515.6524408839923
 34
0.0
 50
147.2799031055495
100
AcDbRotatedDimension
1001
CX_DbAnnotate_TxtLocPara
1041
0.0
1001
CX_DbAnnotate_SimDimOriTxt
1070
     0
1001
CAXA_DRAFT_DIMARROWREVERSE
1070
     0
1001
ACAD
1000
DSTYLE
1002
{
1070
    69
1070
     1
1070
   173
1070
     1
1070
   284
1070
     0
1002
}
1001
CAXA_DRAFT_DIMARCLENSTYLE
1070
     1
1001
CAXA_DRAFT_DDTSTY_2011R3
1070
     0
1001
ACAD_DSTYLE_DIMINSPECT
1070
   396
1000

1070
   395
1000

1070
   394
1070
     0
1070
   393
1070
     0
1001
CX_DBDIM_TXTFRAME
1070
     0
1070
     0
1001
CDRAFT_DIM_STD_REV_NAME
1000
GB
1000
*DIMSTD
1000

  0
DIMENSION
  5
4D1
330
399
100
AcDbEntity
  8
尺寸线层
100
AcDbDimension
280
     0
  2
*X67
 10
411.0160884843087
 20
639.7296645583834
 30
0.0
 11
432.9914266751975
 21
650.8081593721404
 31
0.0
 70
   160
 71
     5
 42
-1.0
 73
     0
 74
     0
 75
     0
  3
标准
100
AcDbAlignedDimension
 13
344.20658860809
 23
489.4929860313732
 33
0.0
 14
331.2984546618236
 24
515.6524408839923
 34
0.0
 50
147.2799031055525
100
AcDbRotatedDimension
1001
CX_DbAnnotate_TxtLocPara
1041
0.0
1001
CX_DbAnnotate_SimDimOriTxt
1070
     0
1001
CAXA_DRAFT_DIMARROWREVERSE
1070
     0
1001
ACAD
1000
DSTYLE
1002
{
1070
    69
1070
     1
1070
   173
1070
     1
1070
   284
1070
     0
1002
}
1001
CAXA_DRAFT_DIMARCLENSTYLE
1070
     1
1001
CAXA_DRAFT_DDTSTY_2011R3
1070
     0
1001
ACAD_DSTYLE_DIMINSPECT
1070
   396
1000

1070
   395
1000

1070
   394
1070
     0
1070
   393
1070
     0
1001
CX_DBDIM_TXTFRAME
1070
     0
1070
     0
1001
CDRAFT_DIM_STD_REV_NAME
1000
GB
1000
*DIMSTD
1000

  0
DIMENSION
  5
4DB
330
399
100
AcDbEntity
  8
尺寸线层
100
AcDbDimension
280
     0
  2
*X68
 10
620.9186302650234
 20
503.9299987559216
 30
0.0
 11
621.860938369196
 21
528.5218793545687
 31
0.0
 70
   160
 71
     5
 42
-1.0
 73
     0
 74
     0
 75
     0
  3
标准
100
AcDbAlignedDimension
 13
520.5957330141937
 23
394.031963955129
 33
0.0
 14
541.6287639421926
 24
380.5185776297258
 34
0.0
 50
327.2799031055529
100
AcDbRotatedDimension
1001
CX_DbAnnotate_TxtLocPara
1041
0.0
1001
CX_DbAnnotate_SimDimOriTxt
1070
     0
1001
CAXA_DRAFT_DIMARROWREVERSE
1070
     0
1001
ACAD
1000
DSTYLE
1002
{
1070
    69
1070
     1
1070
   173
1070
     1
1070
   284
1070
     0
1002
}
1001
CAXA_DRAFT_DIMARCLENSTYLE
1070
     1
1001
CAXA_DRAFT_DDTSTY_2011R3
1070
     0
1001
ACAD_DSTYLE_DIMINSPECT
1070
   396
1000

1070
   395
1000

1070
   394
1070
     0
1070
   393
1070
     0
1001
CX_DBDIM_TXTFRAME
1070
     0
1070
     0
1001
CDRAFT_DIM_STD_REV_NAME
1000
GB
1000
*DIMSTD
1000

  0
DIMENSION
  5
4E5
330
399
100
AcDbEntity
  8
尺寸线层
100
AcDbDimension
280
     0
  2
*X69
 10
74.28791434510532
 20
0.0
 30
0.0
 11
53.00090317192121
 21
257.826219941976
 31
0.0
 70
   160
 71
     5
 42
-1.0
 73
     0
 74
     0
 75
     0
  3
标准
100
AcDbAlignedDimension
 13
95.44536054018693
 23
515.6524408839517
 33
0.0
 14
19.61525368806861
 24
0.0
 34
0.0
 50
270.0
100
AcDbRotatedDimension
1001
CX_DbAnnotate_TxtLocPara
1041
0.0
1001
CX_DbAnnotate_SimDimOriTxt
1070
     0
1001
CAXA_DRAFT_DIMARROWREVERSE
1070
     0
1001
ACAD
1000
DSTYLE
1002
{
1070
    69
1070
     1
1070
   173
1070
     1
1070
   284
1070
     0
1002
}
1001
CAXA_DRAFT_DIMARCLENSTYLE
1070
     1
1001
CAXA_DRAFT_DDTSTY_2011R3
1070
     0
1001
ACAD_DSTYLE_DIMINSPECT
1070
   396
1000

1070
   395
1000

1070
   394
1070
     0
1070
   393
1070
     0
1001
CX_DBDIM_TXTFRAME
1070
     0
1070
     0
1001
CDRAFT_DIM_STD_REV_NAME
1000
GB
1000
*DIMSTD
1000

  0
DIMENSION
  5
4EE
330
399
100
AcDbEntity
  8
尺寸线层
100
AcDbDimension
280
     0
  2
*X70
 10
541.6287639422226
 20
0.0
 30
0.0
 11
277.1152695655696
 21
70.19829449843564
 31
0.0
 70
    34
 71
     5
 42
-1.0
 73
     0
 74
     0
 75
     0
  3
标准
100
AcDb2LineAngularDimension
 13
436.4636093020454
 23
448.0855092568272
 33
0.0
 14
148.5758286901983
 24
0.0
 34
0.0
 15
-541.6287639422226
 25
0.0
 35
0.0
 16
277.1152695655696
 26
70.19829449843564
 36
0.0
1001
CAXA_DRAFT_DIMARROWREVERSE
1070
     0
1001
ACAD
1000
DSTYLE
1002
{
1070
    69
1070
     1
1070
   284
1070
     8
1070
   173
1070
     1
1070
    77
1070
     0
1070
   272
1070
     2
1070
    73
1070
     1
1070
    74
1070
     1
1002
}
1001
CAXA_DRAFT_DIMARCLENSTYLE
1070
     1
1001
CAXA_DRAFT_DDTSTY_2011R3
1070
     0
1001
ACAD_DSTYLE_DIMINSPECT
1070
   396
1000

1070
   395
1000

1070
   394
1070
     0
1070
   393
1070
     0
1001
CX_DBDIM_TXTFRAME
1070
     0
1070
     0
1001
CDRAFT_DIM_STD_REV_NAME
1000
GB
1000
*DIMSTD
1000

1001
UserSetTxtLoc
1070
     0
1001
UserSetTxtLocType
1070
     0
  0
DIMENSION
  5
4F8
330
399
100
AcDbEntity
  8
尺寸线层
100
AcDbDimension
280
     0
  2
*X71
 10
-323.4064079421305
 20
-35.95977698831453
 30
0.0
 11
-432.1508406515678
 21
172.5150277161001
 31
0.0
 70
   160
 71
     5
 42
-1.0
 73
     0
 74
     0
 75
     0
  3
标准
100
AcDbAlignedDimension
 13
-541.6287639421935
 23
380.5185776297258
 33
0.0
 14
-267.4364916423651
 24
0.0
 34
0.0
 50
302.7200968944503
100
AcDbRotatedDimension
1001
CX_DbAnnotate_TxtLocPara
1041
0.0
1001
CX_DbAnnotate_SimDimOriTxt
1070
     0
1001
CAXA_DRAFT_DIMARROWREVERSE
1070
     0
1001
ACAD
1000
DSTYLE
1002
{
1070
    69
1070
     1
1070
   173
1070
     1
1070
   284
1070
     0
1002
}
1001
CAXA_DRAFT_DIMARCLENSTYLE
1070
     1
1001
CAXA_DRAFT_DDTSTY_2011R3
1070
     0
1001
ACAD_DSTYLE_DIMINSPECT
1070
   396
1000

1070
   395
1000

1070
   394
1070
     0
1070
   393
1070
     0
1001
CX_DBDIM_TXTFRAME
1070
     0
1070
     0
1001
CDRAFT_DIM_STD_REV_NAME
1000
GB
1000
*DIMSTD
1000

  0
DIMENSION
  5
502
330
399
100
AcDbEntity
  8
尺寸线层
100
AcDbDimension
280
     0
  2
*X72
 10
-9.77762103959327
 20
31.90107315148032
 30
0.0
 11
-148.9095255840493
 21
287.6727299948884
 31
0.0
 70
   160
 71
     5
 42
-1.0
 73
     0
 74
     0
 75
     0
  3
标准
100
AcDbAlignedDimension
 13
-331.2984546618245
 23
515.6524408839923
 33
0.0
 14
-38.39730054803294
 24
13.51338632542684
 34
0.0
 50
302.7200968944501
100
AcDbRotatedDimension
1001
CX_DbAnnotate_TxtLocPara
1041
0.0
1001
CX_DbAnnotate_SimDimOriTxt
1070
     0
1001
CAXA_DRAFT_DIMARROWREVERSE
1070
     0
1001
ACAD
1000
DSTYLE
1002
{
1070
    69
1070
     1
1070
   173
1070
     1
1070
   284
1070
     0
1002
}
1001
CAXA_DRAFT_DIMARCLENSTYLE
1070
     1
1001
CAXA_DRAFT_DDTSTY_2011R3
1070
     0
1001
ACAD_DSTYLE_DIMINSPECT
1070
   396
1000

1070
   395
1000

1070
   394
1070
     0
1070
   393
1070
     0
1001
CX_DBDIM_TXTFRAME
1070
     0
1070
     0
1001
CDRAFT_DIM_STD_REV_NAME
1000
GB
1000
*DIMSTD
1000

  0
DIMENSION
  5
50C
330
399
100
AcDbEntity
  8
尺寸线层
100
AcDbDimension
280
     0
  2
*X73
 10
-129.3658501854825
 20
21.88786388341279
 30
0.0
 11
-253.3040188124298
 21
254.0110946573236
 31
0.0
 70
   160
 71
     5
 42
-1.0
 73
     0
 74
     0
 75
     0
  3
标准
100
AcDbAlignedDimension
 13
-414.9437074746129
 23
461.9117023563621
 33
0.0
 14
-142.4003806311816
 24
13.51338632542684
 34
0.0
 50
302.7200968944504
100
AcDbRotatedDimension
1001
CX_DbAnnotate_TxtLocPara
1041
0.0
1001
CX_DbAnnotate_SimDimOriTxt
1070
     0
1001
CAXA_DRAFT_DIMARROWREVERSE
1070
     0
1001
ACAD
1000
DSTYLE
1002
{
1070
    69
1070
     1
1070
   173
1070
     1
1070
   284
1070
     0
1002
}
1001
CAXA_DRAFT_DIMARCLENSTYLE
1070
     1
1001
CAXA_DRAFT_DDTSTY_2011R3
1070
     0
1001
ACAD_DSTYLE_DIMINSPECT
1070
   396
1000

1070
   395
1000

1070
   394
1070
     0
1070
   393
1070
     0
1001
CX_DBDIM_TXTFRAME
1070
     0
1070
     0
1001
CDRAFT_DIM_STD_REV_NAME
1000
GB
1000
*DIMSTD
1000

  0
ENDBLK
  5
50E
330
399
100
AcDbEntity
  8
0
100
AcDbBlockEnd
  0
BLOCK
  5
3A4
330
3A3
100
AcDbEntity
  8
0
100
AcDbBlockBegin
  2
*X42
 70
     1
 10
0.0
 20
0.0
 30
0.0
  3
*X42
  1

  0
LINE
  5
3A6
330
3A3
100
AcDbEntity
  8
尺寸线层
 62
     0
100
AcDbLine
 10
0.0
 20
-61.79550245087739
 30
0.0
 11
-148.5758286901983
 21
-61.79550245087739
 31
0.0
  0
HATCH
  5
3A7
330
3A3
100
AcDbEntity
  8
尺寸线层
 62
     0
100
AcDbHatch
 10
0.0
 20
0.0
 30
0.0
210
0.0
220
0.0
230
1.0
  2
SOLID
 70
     1
 71
     0
 91
        1
 92
        0
 93
        3
 72
     1
 10
0.0
 20
-61.79550245087739
 11
-4.0
 21
-62.29550245087739
 72
     1
 10
-4.0
 20
-62.29550245087739
 11
-4.0
 21
-61.29550245087739
 72
     1
 10
-4.0
 20
-61.29550245087739
 11
0.0
 21
-61.79550245087739
 97
        0
 75
     0
 76
     1
 98
        1
 10
0.0
 20
0.0
  0
HATCH
  5
3A8
330
3A3
100
AcDbEntity
  8
尺寸线层
 62
     0
100
AcDbHatch
 10
0.0
 20
0.0
 30
0.0
210
0.0
220
0.0
230
1.0
  2
SOLID
 70
     1
 71
     0
 91
        1
 92
        0
 93
        3
 72
     1
 10
-148.5758286901983
 20
-61.79550245087739
 11
-144.5758286901983
 21
-62.29550245087739
 72
     1
 10
-144.5758286901983
 20
-62.29550245087739
 11
-144.5758286901983
 21
-61.29550245087739
 72
     1
 10
-144.5758286901983
 20
-61.29550245087739
 11
-148.5758286901983
 21
-61.79550245087739
 97
        0
 75
     0
 76
     1
 98
        1
 10
0.0
 20
0.0
  0
LINE
  5
3A9
330
3A3
100
AcDbEntity
  8
尺寸线层
 62
     0
100
AcDbLine
 10
0.0
 20
-3.000000000003638
 30
0.0
 11
0.0
 21
-63.79550245087739
 31
0.0
  0
LINE
  5
3AA
330
3A3
100
AcDbEntity
  8
尺寸线层
 62
     0
100
AcDbLine
 10
-148.5758286901983
 20
0.000000000001819
 30
0.0
 11
-148.5758286901983
 21
-63.79550245087739
 31
0.0
  0
MTEXT
  5
3AB
330
3A3
100
AcDbEntity
  8
尺寸线层
 62
     0
100
AcDbMText
 10
-74.28791484509907
 20
-40.50849127769311
 30
0.0
 40
3.5
 41
20.55403351955306
 46
7.0
 71
     5
 72
     1
  1
\T1.1;148.58
  7
标准
 73
     1
 44
1.150569886022795
1001
CAXA_DRAFT_TXTSCALE
1041
1.0
  0
ENDBLK
  5
3A5
330
3A3
100
AcDbEntity
  8
0
100
AcDbBlockEnd
  0
BLOCK
  5
3AE
330
3AD
100
AcDbEntity
  8
0
100
AcDbBlockBegin
  2
*X43
 70
     1
 10
0.0
 20
0.0
 30
0.0
  3
*X43
  1

  0
LINE
  5
3B0
330
3AD
100
AcDbEntity
  8
尺寸线层
 62
     0
100
AcDbLine
 10
0.0
 20
-61.79550245087921
 30
0.0
 11
148.5758286901983
 21
-61.79550245087921
 31
0.0
  0
HATCH
  5
3B1
330
3AD
100
AcDbEntity
  8
尺寸线层
 62
     0
100
AcDbHatch
 10
0.0
 20
0.0
 30
0.0
210
0.0
220
0.0
230
1.0
  2
SOLID
 70
     1
 71
     0
 91
        1
 92
        0
 93
        3
 72
     1
 10
0.0
 20
-61.79550245087921
 11
4.0
 21
-61.29550245087921
 72
     1
 10
4.0
 20
-61.29550245087921
 11
4.0
 21
-62.29550245087921
 72
     1
 10
4.0
 20
-62.29550245087921
 11
0.0
 21
-61.79550245087921
 97
        0
 75
     0
 76
     1
 98
        1
 10
0.0
 20
0.0
  0
HATCH
  5
3B2
330
3AD
100
AcDbEntity
  8
尺寸线层
 62
     0
100
AcDbHatch
 10
0.0
 20
0.0
 30
0.0
210
0.0
220
0.0
230
1.0
  2
SOLID
 70
     1
 71
     0
 91
        1
 92
        0
 93
        3
 72
     1
 10
148.5758286901983
 20
-61.79550245087921
 11
144.5758286901983
 21
-61.29550245087921
 72
     1
 10
144.5758286901983
 20
-61.29550245087921
 11
144.5758286901983
 21
-62.29550245087921
 72
     1
 10
144.5758286901983
 20
-62.29550245087921
 11
148.5758286901983
 21
-61.79550245087921
 97
        0
 75
     0
 76
     1
 98
        1
 10
0.0
 20
0.0
  0
LINE
  5
3B3
330
3AD
100
AcDbEntity
  8
尺寸线层
 62
     0
100
AcDbLine
 10
0.0
 20
-3.000000000003638
 30
0.0
 11
0.0
 21
-63.79550245087921
 31
0.0
  0
LINE
  5
3B4
330
3AD
100
AcDbEntity
  8
尺寸线层
 62
     0
100
AcDbLine
 10
148.5758286901983
 20
0.0
 30
0.0
 11
148.5758286901983
 21
-63.79550245087921
 31
0.0
  0
MTEXT
  5
3B5
330
3AD
100
AcDbEntity
  8
尺寸线层
 62
     0
100
AcDbMText
 10
74.28791484509907
 20
-40.50849127769493
 30
0.0
 40
3.5
 41
20.55403351955306
 46
7.0
 71
     5
 72
     1
  1
\T1.1;148.58
  7
标准
 73
     1
 44
1.150569886022795
1001
CAXA_DRAFT_TXTSCALE
1041
1.0
  0
ENDBLK
  5
3AF
330
3AD
100
AcDbEntity
  8
0
100
AcDbBlockEnd
  0
BLOCK
  5
3E3
330
3E2
100
AcDbEntity
  8
0
100
AcDbBlockBegin
  2
*X44
 70
     1
 10
0.0
 20
0.0
 30
0.0
  3
*X44
  1

  0
LINE
  5
3E5
330
3E2
100
AcDbEntity
  8
尺寸线层
 62
     0
100
AcDbLine
 10
-641.6968305690889
 20
380.5185776297039
 30
0.0
 11
-641.6968305690889
 21
0.0000000000000284
 31
0.0
  0
HATCH
  5
3E6
330
3E2
100
AcDbEntity
  8
尺寸线层
 62
     0
100
AcDbHatch
 10
0.0
 20
0.0
 30
0.0
210
0.0
220
0.0
230
1.0
  2
SOLID
 70
     1
 71
     0
 91
        1
 92
        0
 93
        3
 72
     1
 10
-641.6968305690889
 20
380.5185776297039
 11
-641.1968305690889
 21
376.5185776297039
 72
     1
 10
-641.1968305690889
 20
376.5185776297039
 11
-642.1968305690889
 21
376.5185776297039
 72
     1
 10
-642.1968305690889
 20
376.5185776297039
 11
-641.6968305690889
 21
380.5185776297039
 97
        0
 75
     0
 76
     1
 98
        1
 10
0.0
 20
0.0
  0
HATCH
  5
3E7
330
3E2
100
AcDbEntity
  8
尺寸线层
 62
     0
100
AcDbHatch
 10
0.0
 20
0.0
 30
0.0
210
0.0
220
0.0
230
1.0
  2
SOLID
 70
     1
 71
     0
 91
        1
 92
        0
 93
        3
 72
     1
 10
-641.6968305690889
 20
0.0000000000000284
 11
-641.1968305690889
 21
4.0
 72
     1
 10
-641.1968305690889
 20
4.0
 11
-642.1968305690889
 21
4.0
 72
     1
 10
-642.1968305690889
 20
4.0
 11
-641.6968305690889
 21
0.0000000000000284
 97
        0
 75
     0
 76
     1
 98
        1
 10
0.0
 20
0.0
  0
LINE
  5
3E8
330
3E2
100
AcDbEntity
  8
尺寸线层
 62
     0
100
AcDbLine
 10
-555.6287639422226
 20
380.5185776297039
 30
0.0
 11
-643.6968305690889
 21
380.5185776297039
 31
0.0
  0
LINE
  5
3E9
330
3E2
100
AcDbEntity
  8
尺寸线层
 62
     0
100
AcDbLine
 10
-555.6287639422226
 20
0.0
 30
0.0
 11
-643.6968305690889
 21
0.0000000000000291
 31
0.0
  0
MTEXT
  5
3EA
330
3E2
100
AcDbEntity
  8
尺寸线层
 62
     0
100
AcDbMText
 10
-662.8958529154577
 20
190.259288314852
 30
0.0
 40
3.5
 41
20.89312290502789
 46
7.0
 71
     5
 72
     1
  1
\T1.1;380.52
  7
标准
 11
6.123233995736766E-17
 21
1.0
 31
0.0
 73
     1
 44
1.150569886022795
1001
CAXA_DRAFT_TXTSCALE
1041
1.0
  0
ENDBLK
  5
3E4
330
3E2
100
AcDbEntity
  8
0
100
AcDbBlockEnd
  0
BLOCK
  5
3ED
330
3EC
100
AcDbEntity
  8
0
100
AcDbBlockBegin
  2
*X45
 70
     1
 10
0.0
 20
0.0
 30
0.0
  3
*X45
  1

  0
LINE
  5
3EF
330
3EC
100
AcDbEntity
  8
尺寸线层
 62
     0
100
AcDbLine
 10
-541.6287639422226
 20
-126.6446389546581
 30
0.0
 11
541.6287639422226
 21
-126.6446389546581
 31
0.0
  0
HATCH
  5
3F0
330
3EC
100
AcDbEntity
  8
尺寸线层
 62
     0
100
AcDbHatch
 10
0.0
 20
0.0
 30
0.0
210
0.0
220
0.0
230
1.0
  2
SOLID
 70
     1
 71
     0
 91
        1
 92
        0
 93
        3
 72
     1
 10
-541.6287639422226
 20
-126.6446389546581
 11
-537.6287639422226
 21
-126.1446389546581
 72
     1
 10
-537.6287639422226
 20
-126.1446389546581
 11
-537.6287639422226
 21
-127.1446389546581
 72
     1
 10
-537.6287639422226
 20
-127.1446389546581
 11
-541.6287639422226
 21
-126.6446389546581
 97
        0
 75
     0
 76
     1
 98
        1
 10
0.0
 20
0.0
  0
HATCH
  5
3F1
330
3EC
100
AcDbEntity
  8
尺寸线层
 62
     0
100
AcDbHatch
 10
0.0
 20
0.0
 30
0.0
210
0.0
220
0.0
230
1.0
  2
SOLID
 70
     1
 71
     0
 91
        1
 92
        0
 93
        3
 72
     1
 10
541.6287639422226
 20
-126.6446389546581
 11
537.6287639422226
 21
-126.1446389546581
 72
     1
 10
537.6287639422226
 20
-126.1446389546581
 11
537.6287639422226
 21
-127.1446389546581
 72
     1
 10
537.6287639422226
 20
-127.1446389546581
 11
541.6287639422226
 21
-126.6446389546581
 97
        0
 75
     0
 76
     1
 98
        1
 10
0.0
 20
0.0
  0
LINE
  5
3F2
330
3EC
100
AcDbEntity
  8
尺寸线层
 62
     0
100
AcDbLine
 10
-541.6287639422226
 20
0.0
 30
0.0
 11
-541.6287639422226
 21
-128.6446389546581
 31
0.0
  0
LINE
  5
3F3
330
3EC
100
AcDbEntity
  8
尺寸线层
 62
     0
100
AcDbLine
 10
541.6287639422226
 20
-0.000000000007276
 30
0.0
 11
541.6287639422226
 21
-128.6446389546581
 31
0.0
  0
MTEXT
  5
3F4
330
3EC
100
AcDbEntity
  8
尺寸线层
 62
     0
100
AcDbMText
 10
0.0000005000001693
 20
-105.3576277814739
 30
0.0
 40
3.5
 41
24.2788
 46
7.0
 71
     5
 72
     1
  1
\T1.1;1083.26
  7
标准
 73
     1
 44
1.150569886022795
1001
CAXA_DRAFT_TXTSCALE
1041
1.0
  0
ENDBLK
  5
3EE
330
3EC
100
AcDbEntity
  8
0
100
AcDbBlockEnd
  0
BLOCK
  5
3F7
330
3F6
100
AcDbEntity
  8
0
100
AcDbBlockBegin
  2
*X46
 70
     1
 10
0.0
 20
0.0
 30
0.0
  3
*X46
  1

  0
LINE
  5
3F9
330
3F6
100
AcDbEntity
  8
尺寸线层
 62
     0
100
AcDbLine
 10
-541.6287639422226
 20
-126.6446389546563
 30
0.0
 11
-555.6287639422226
 21
-126.6446389546563
 31
0.0
  0
HATCH
  5
3FA
330
3F6
100
AcDbEntity
  8
尺寸线层
 62
     0
100
AcDbHatch
 10
0.0
 20
0.0
 30
0.0
210
0.0
220
0.0
230
1.0
  2
SOLID
 70
     1
 71
     0
 91
        1
 92
        0
 93
        3
 72
     1
 10
-541.6287639422226
 20
-126.6446389546563
 11
-545.6287639422226
 21
-127.1446389546563
 72
     1
 10
-545.6287639422226
 20
-127.1446389546563
 11
-545.6287639422226
 21
-126.1446389546563
 72
     1
 10
-545.6287639422226
 20
-126.1446389546563
 11
-541.6287639422226
 21
-126.6446389546563
 97
        0
 75
     0
 76
     1
 98
        1
 10
0.0
 20
0.0
  0
HATCH
  5
3FB
330
3F6
100
AcDbEntity
  8
尺寸线层
 62
     0
100
AcDbHatch
 10
0.0
 20
0.0
 30
0.0
210
0.0
220
0.0
230
1.0
  2
SOLID
 70
     1
 71
     0
 91
        1
 92
        0
 93
        3
 72
     1
 10
-555.6287639422226
 20
-126.6446389546563
 11
-551.6287639422226
 21
-127.1446389546563
 72
     1
 10
-551.6287639422226
 20
-127.1446389546563
 11
-551.6287639422226
 21
-126.1446389546563
 72
     1
 10
-551.6287639422226
 20
-126.1446389546563
 11
-555.6287639422226
 21
-126.6446389546563
 97
        0
 75
     0
 76
     1
 98
        1
 10
0.0
 20
0.0
  0
LINE
  5
3FC
330
3F6
100
AcDbEntity
  8
尺寸线层
 62
     0
100
AcDbLine
 10
-541.6287639422226
 20
0.0
 30
0.0
 11
-541.6287639422226
 21
-128.6446389546563
 31
0.0
  0
LINE
  5
3FD
330
3F6
100
AcDbEntity
  8
尺寸线层
 62
     0
100
AcDbLine
 10
-555.6287639422226
 20
0.0
 30
0.0
 11
-555.6287639422226
 21
-128.6446389546563
 31
0.0
  0
MTEXT
  5
3FE
330
3F6
100
AcDbEntity
  8
尺寸线层
 62
     0
100
AcDbMText
 10
-548.6287644422226
 20
-105.357627781472
 30
0.0
 40
3.5
 41
7.0
 46
7.0
 71
     5
 72
     1
  1
\T1.1;14
  7
标准
 73
     1
 44
1.150569886022795
1001
CAXA_DRAFT_TXTSCALE
1041
1.0
  0
ENDBLK
  5
3F8
330
3F6
100
AcDbEntity
  8
0
100
AcDbBlockEnd
  0
BLOCK
  5
401
330
400
100
AcDbEntity
  8
0
100
AcDbBlockBegin
  2
*X47
 70
     1
 10
0.0
 20
0.0
 30
0.0
  3
*X47
  1

  0
LINE
  5
403
330
400
100
AcDbEntity
  8
尺寸线层
 62
     0
100
AcDbLine
 10
541.6287639422226
 20
-126.6446389546563
 30
0.0
 11
555.6287639422217
 21
-126.6446389546563
 31
0.0
  0
HATCH
  5
404
330
400
100
AcDbEntity
  8
尺寸线层
 62
     0
100
AcDbHatch
 10
0.0
 20
0.0
 30
0.0
210
0.0
220
0.0
230
1.0
  2
SOLID
 70
     1
 71
     0
 91
        1
 92
        0
 93
        3
 72
     1
 10
541.6287639422226
 20
-126.6446389546563
 11
545.6287639422226
 21
-126.1446389546563
 72
     1
 10
545.6287639422226
 20
-126.1446389546563
 11
545.6287639422226
 21
-127.1446389546563
 72
     1
 10
545.6287639422226
 20
-127.1446389546563
 11
541.6287639422226
 21
-126.6446389546563
 97
        0
 75
     0
 76
     1
 98
        1
 10
0.0
 20
0.0
  0
HATCH
  5
405
330
400
100
AcDbEntity
  8
尺寸线层
 62
     0
100
AcDbHatch
 10
0.0
 20
0.0
 30
0.0
210
0.0
220
0.0
230
1.0
  2
SOLID
 70
     1
 71
     0
 91
        1
 92
        0
 93
        3
 72
     1
 10
555.6287639422217
 20
-126.6446389546563
 11
551.6287639422217
 21
-126.1446389546563
 72
     1
 10
551.6287639422217
 20
-126.1446389546563
 11
551.6287639422217
 21
-127.1446389546563
 72
     1
 10
551.6287639422217
 20
-127.1446389546563
 11
555.6287639422217
 21
-126.6446389546563
 97
        0
 75
     0
 76
     1
 98
        1
 10
0.0
 20
0.0
  0
LINE
  5
406
330
400
100
AcDbEntity
  8
尺寸线层
 62
     0
100
AcDbLine
 10
541.6287639422226
 20
-0.000000000007276
 30
0.0
 11
541.6287639422226
 21
-128.6446389546563
 31
0.0
  0
LINE
  5
407
330
400
100
AcDbEntity
  8
尺寸线层
 62
     0
100
AcDbLine
 10
555.6287639422217
 20
0.0
 30
0.0
 11
555.6287639422217
 21
-128.6446389546563
 31
0.0
  0
MTEXT
  5
408
330
400
100
AcDbEntity
  8
尺寸线层
 62
     0
100
AcDbMText
 10
548.6287644422221
 20
-105.357627781472
 30
0.0
 40
3.5
 41
7.0
 46
7.0
 71
     5
 72
     1
  1
\T1.1;14
  7
标准
 73
     1
 44
1.150569886022795
1001
CAXA_DRAFT_TXTSCALE
1041
1.0
  0
ENDBLK
  5
402
330
400
100
AcDbEntity
  8
0
100
AcDbBlockEnd
  0
BLOCK
  5
40B
330
40A
100
AcDbEntity
  8
0
100
AcDbBlockBegin
  2
*X48
 70
     1
 10
0.0
 20
0.0
 30
0.0
  3
*X48
  1

  0
LINE
  5
40D
330
40A
100
AcDbEntity
  8
尺寸线层
 62
     0
100
AcDbLine
 10
646.61436638758
 20
380.5185776297038
 30
0.0
 11
646.61436638758
 21
0.0000000000000071
 31
0.0
  0
HATCH
  5
40E
330
40A
100
AcDbEntity
  8
尺寸线层
 62
     0
100
AcDbHatch
 10
0.0
 20
0.0
 30
0.0
210
0.0
220
0.0
230
1.0
  2
SOLID
 70
     1
 71
     0
 91
        1
 92
        0
 93
        3
 72
     1
 10
646.61436638758
 20
380.5185776297038
 11
647.11436638758
 21
376.5185776297038
 72
     1
 10
647.11436638758
 20
376.5185776297038
 11
646.11436638758
 21
376.5185776297038
 72
     1
 10
646.11436638758
 20
376.5185776297038
 11
646.61436638758
 21
380.5185776297038
 97
        0
 75
     0
 76
     1
 98
        1
 10
0.0
 20
0.0
  0
HATCH
  5
40F
330
40A
100
AcDbEntity
  8
尺寸线层
 62
     0
100
AcDbHatch
 10
0.0
 20
0.0
 30
0.0
210
0.0
220
0.0
230
1.0
  2
SOLID
 70
     1
 71
     0
 91
        1
 92
        0
 93
        3
 72
     1
 10
646.61436638758
 20
0.0000000000000071
 11
647.11436638758
 21
4.0
 72
     1
 10
647.11436638758
 20
4.0
 11
646.11436638758
 21
4.0
 72
     1
 10
646.11436638758
 20
4.0
 11
646.61436638758
 21
0.0000000000000071
 97
        0
 75
     0
 76
     1
 98
        1
 10
0.0
 20
0.0
  0
LINE
  5
410
330
40A
100
AcDbEntity
  8
尺寸线层
 62
     0
100
AcDbLine
 10
555.6287639422217
 20
380.5185776297039
 30
0.0
 11
648.61436638758
 21
380.5185776297038
 31
0.0
  0
LINE
  5
411
330
40A
100
AcDbEntity
  8
尺寸线层
 62
     0
100
AcDbLine
 10
555.6287639422217
 20
0.0
 30
0.0
 11
648.61436638758
 21
0.0000000000000073
 31
0.0
  0
MTEXT
  5
412
330
40A
100
AcDbEntity
  8
尺寸线层
 62
     0
100
AcDbMText
 10
625.4153440412113
 20
190.259288314852
 30
0.0
 40
3.5
 41
20.89312290502789
 46
7.0
 71
     5
 72
     1
  1
\T1.1;380.52
  7
标准
 11
6.123233995736766E-17
 21
1.0
 31
0.0
 73
     1
 44
1.150569886022795
1001
CAXA_DRAFT_TXTSCALE
1041
1.0
  0
ENDBLK
  5
40C
330
40A
100
AcDbEntity
  8
0
100
AcDbBlockEnd
  0
BLOCK
  5
415
330
414
100
AcDbEntity
  8
0
100
AcDbBlockBegin
  2
*X49
 70
     1
 10
0.0
 20
0.0
 30
0.0
  3
*X49
  1

  0
LINE
  5
417
330
414
100
AcDbEntity
  8
尺寸线层
 62
     0
100
AcDbLine
 10
-6.99999999999871
 20
555.3688258405111
 30
0.0
 11
7.00000000000129
 21
555.3688258405107
 31
0.0
  0
HATCH
  5
418
330
414
100
AcDbEntity
  8
尺寸线层
 62
     0
100
AcDbHatch
 10
0.0
 20
0.0
 30
0.0
210
0.0
220
0.0
230
1.0
  2
SOLID
 70
     1
 71
     0
 91
        1
 92
        0
 93
        3
 72
     1
 10
-6.99999999999871
 20
555.3688258405111
 11
-2.999999999998694
 21
555.8688258405109
 72
     1
 10
-2.999999999998694
 20
555.8688258405109
 11
-2.999999999998727
 21
554.8688258405109
 72
     1
 10
-2.999999999998727
 20
554.8688258405109
 11
-6.99999999999871
 21
555.3688258405111
 97
        0
 75
     0
 76
     1
 98
        1
 10
0.0
 20
0.0
  0
HATCH
  5
419
330
414
100
AcDbEntity
  8
尺寸线层
 62
     0
100
AcDbHatch
 10
0.0
 20
0.0
 30
0.0
210
0.0
220
0.0
230
1.0
  2
SOLID
 70
     1
 71
     0
 91
        1
 92
        0
 93
        3
 72
     1
 10
7.00000000000129
 20
555.3688258405107
 11
3.000000000001306
 21
555.8688258405105
 72
     1
 10
3.000000000001306
 20
555.8688258405105
 11
3.000000000001274
 21
554.8688258405105
 72
     1
 10
3.000000000001274
 20
554.8688258405105
 11
7.00000000000129
 21
555.3688258405107
 97
        0
 75
     0
 76
     1
 98
        1
 10
0.0
 20
0.0
  0
LINE
  5
41A
330
414
100
AcDbEntity
  8
尺寸线层
 62
     0
100
AcDbLine
 10
-7.0
 20
515.652440885091
 30
0.0
 11
-6.999999999998646
 21
557.3688258405111
 31
0.0
  0
LINE
  5
41B
330
414
100
AcDbEntity
  8
尺寸线层
 62
     0
100
AcDbLine
 10
7.0
 20
515.652440885091
 30
0.0
 11
7.000000000001354
 21
557.3688258405107
 31
0.0
  0
MTEXT
  5
41C
330
414
100
AcDbEntity
  8
尺寸线层
 62
     0
100
AcDbMText
 10
0.0000005000019883
 20
576.655837013695
 30
0.0
 40
3.5
 41
7.0
 46
7.0
 71
     5
 72
     1
  1
\T1.1;14
  7
标准
 73
     1
 44
1.150569886022795
1001
CAXA_DRAFT_TXTSCALE
1041
1.0
  0
ENDBLK
  5
416
330
414
100
AcDbEntity
  8
0
100
AcDbBlockEnd
  0
BLOCK
  5
41F
330
41E
100
AcDbEntity
  8
0
100
AcDbBlockBegin
  2
*X50
 70
     1
 10
0.0
 20
0.0
 30
0.0
  3
*X50
  1

  0
LINE
  5
421
330
41E
100
AcDbEntity
  8
尺寸线层
 62
     0
100
AcDbLine
 10
-331.2984546619109
 20
612.5954718472985
 30
0.0
 11
331.2984546618832
 21
612.5954718472985
 31
0.0
  0
HATCH
  5
422
330
41E
100
AcDbEntity
  8
尺寸线层
 62
     0
100
AcDbHatch
 10
0.0
 20
0.0
 30
0.0
210
0.0
220
0.0
230
1.0
  2
SOLID
 70
     1
 71
     0
 91
        1
 92
        0
 93
        3
 72
     1
 10
-331.2984546619109
 20
612.5954718472985
 11
-327.2984546619109
 21
613.0954718472985
 72
     1
 10
-327.2984546619109
 20
613.0954718472985
 11
-327.2984546619109
 21
612.0954718472985
 72
     1
 10
-327.2984546619109
 20
612.0954718472985
 11
-331.2984546619109
 21
612.5954718472985
 97
        0
 75
     0
 76
     1
 98
        1
 10
0.0
 20
0.0
  0
HATCH
  5
423
330
41E
100
AcDbEntity
  8
尺寸线层
 62
     0
100
AcDbHatch
 10
0.0
 20
0.0
 30
0.0
210
0.0
220
0.0
230
1.0
  2
SOLID
 70
     1
 71
     0
 91
        1
 92
        0
 93
        3
 72
     1
 10
331.2984546618832
 20
612.5954718472985
 11
327.2984546618832
 21
613.0954718472985
 72
     1
 10
327.2984546618832
 20
613.0954718472985
 11
327.2984546618832
 21
612.0954718472985
 72
     1
 10
327.2984546618832
 20
612.0954718472985
 11
331.2984546618832
 21
612.5954718472985
 97
        0
 75
     0
 76
     1
 98
        1
 10
0.0
 20
0.0
  0
LINE
  5
424
330
41E
100
AcDbEntity
  8
尺寸线层
 62
     0
100
AcDbLine
 10
-331.2984546619109
 20
529.6524408839705
 30
0.0
 11
-331.2984546619109
 21
614.5954718472985
 31
0.0
  0
LINE
  5
425
330
41E
100
AcDbEntity
  8
尺寸线层
 62
     0
100
AcDbLine
 10
331.2984546618832
 20
529.6524408839414
 30
0.0
 11
331.2984546618832
 21
614.5954718472985
 31
0.0
  0
MTEXT
  5
426
330
41E
100
AcDbEntity
  8
尺寸线层
 62
     0
100
AcDbMText
 10
0.0000004999860721
 20
633.7944941936671
 30
0.0
 40
3.5
 41
17.37702681564246
 46
7.0
 71
     5
 72
     1
  1
\T1.1;662.6
  7
标准
 73
     1
 44
1.150569886022795
1001
CAXA_DRAFT_TXTSCALE
1041
1.0
  0
ENDBLK
  5
420
330
41E
100
AcDbEntity
  8
0
100
AcDbBlockEnd
  0
BLOCK
  5
429
330
428
100
AcDbEntity
  8
0
100
AcDbBlockBegin
  2
*X51
 70
     1
 10
0.0
 20
0.0
 30
0.0
  3
*X51
  1

  0
LINE
  5
42B
330
428
100
AcDbEntity
  8
尺寸线层
 62
     0
100
AcDbLine
 10
-463.0444656545389
 20
466.3323030520935
 30
0.0
 11
-515.6270429746322
 21
432.5488372385279
 31
0.0
  0
HATCH
  5
42C
330
428
100
AcDbEntity
  8
尺寸线层
 62
     0
100
AcDbHatch
 10
0.0
 20
0.0
 30
0.0
210
0.0
220
0.0
230
1.0
  2
SOLID
 70
     1
 71
     0
 91
        1
 92
        0
 93
        3
 72
     1
 10
-463.0444656545389
 20
466.3323030520935
 11
-466.1394828765164
 21
463.7495006214645
 72
     1
 10
-466.1394828765164
 20
463.7495006214645
 11
-466.6800183295334
 21
464.590821858586
 72
     1
 10
-466.6800183295334
 20
464.590821858586
 11
-463.0444656545389
 21
466.3323030520935
 97
        0
 75
     0
 76
     1
 98
        1
 10
0.0
 20
0.0
  0
HATCH
  5
42D
330
428
100
AcDbEntity
  8
尺寸线层
 62
     0
100
AcDbHatch
 10
0.0
 20
0.0
 30
0.0
210
0.0
220
0.0
230
1.0
  2
SOLID
 70
     1
 71
     0
 91
        1
 92
        0
 93
        3
 72
     1
 10
-515.6270429746322
 20
432.5488372385279
 11
-511.9914902996377
 21
434.2903184320353
 72
     1
 10
-511.9914902996377
 20
434.2903184320353
 11
-512.5320257526547
 21
435.1316396691569
 72
     1
 10
-512.5320257526547
 20
435.1316396691569
 11
-515.6270429746322
 21
432.5488372385279
 97
        0
 75
     0
 76
     1
 98
        1
 10
0.0
 20
0.0
  0
LINE
  5
42E
330
428
100
AcDbEntity
  8
尺寸线层
 62
     0
100
AcDbLine
 10
-446.9801247660635
 20
441.3288160941211
 30
0.0
 11
-464.125536560573
 21
468.0149455263365
 31
0.0
  0
LINE
  5
42F
330
428
100
AcDbEntity
  8
尺寸线层
 62
     0
100
AcDbLine
 10
-491.4299312111098
 20
394.8870263618755
 30
0.0
 11
-516.7081138806664
 21
434.2314797127709
 31
0.0
  0
MTEXT
  5
430
330
428
100
AcDbEntity
  8
尺寸线层
 62
     0
100
AcDbMText
 10
-500.7945778827591
 20
467.2757575812557
 30
0.0
 40
3.5
 41
13.62617653631281
 46
7.0
 71
     5
 72
     1
  1
\T1.1;62.5
  7
标准
 11
0.8413212371214985
 21
0.5405354530170534
 31
0.0
 73
     1
 44
1.150569886022795
1001
CAXA_DRAFT_TXTSCALE
1041
1.0
  0
ENDBLK
  5
42A
330
428
100
AcDbEntity
  8
0
100
AcDbBlockEnd
  0
BLOCK
  5
433
330
432
100
AcDbEntity
  8
0
100
AcDbBlockBegin
  2
*X52
 70
     1
 10
0.0
 20
0.0
 30
0.0
  3
*X52
  1

  0
LINE
  5
435
330
432
100
AcDbEntity
  8
尺寸线层
 62
     0
100
AcDbLine
 10
-388.8781150560383
 20
512.7719473373512
 30
0.0
 11
-441.4606923761321
 21
478.9884815237852
 31
0.0
  0
HATCH
  5
436
330
432
100
AcDbEntity
  8
尺寸线层
 62
     0
100
AcDbHatch
 10
0.0
 20
0.0
 30
0.0
210
0.0
220
0.0
230
1.0
  2
SOLID
 70
     1
 71
     0
 91
        1
 92
        0
 93
        3
 72
     1
 10
-388.8781150560383
 20
512.7719473373512
 11
-391.9731322780157
 21
510.1891449067222
 72
     1
 10
-391.9731322780157
 20
510.1891449067222
 11
-392.5136677310328
 21
511.0304661438437
 72
     1
 10
-392.5136677310328
 20
511.0304661438437
 11
-388.8781150560383
 21
512.7719473373512
 97
        0
 75
     0
 76
     1
 98
        1
 10
0.0
 20
0.0
  0
HATCH
  5
437
330
432
100
AcDbEntity
  8
尺寸线层
 62
     0
100
AcDbHatch
 10
0.0
 20
0.0
 30
0.0
210
0.0
220
0.0
230
1.0
  2
SOLID
 70
     1
 71
     0
 91
        1
 92
        0
 93
        3
 72
     1
 10
-441.4606923761321
 20
478.9884815237852
 11
-437.8251397011376
 21
480.7299627172927
 72
     1
 10
-437.8251397011376
 20
480.7299627172927
 11
-438.3656751541546
 21
481.5712839544141
 72
     1
 10
-438.3656751541546
 20
481.5712839544141
 11
-441.4606923761321
 21
478.9884815237852
 97
        0
 75
     0
 76
     1
 98
        1
 10
0.0
 20
0.0
  0
LINE
  5
438
330
432
100
AcDbEntity
  8
尺寸线层
 62
     0
100
AcDbLine
 10
-373.3645165179323
 20
488.6256682331132
 30
0.0
 11
-389.9591859620724
 21
514.4545898115942
 31
0.0
  0
LINE
  5
439
330
432
100
AcDbEntity
  8
尺寸线层
 62
     0
100
AcDbLine
 10
-417.6391432172459
 20
441.9112184198748
 30
0.0
 11
-442.5417632821662
 21
480.6711239980282
 31
0.0
  0
MTEXT
  5
43A
330
432
100
AcDbEntity
  8
尺寸线层
 62
     0
100
AcDbMText
 10
-426.6282272842589
 20
513.7154018665137
 30
0.0
 40
3.5
 41
13.62617653631293
 46
7.0
 71
     5
 72
     1
  1
\T1.1;62.5
  7
标准
 11
0.8413212371214981
 21
0.5405354530170542
 31
0.0
 73
     1
 44
1.150569886022795
1001
CAXA_DRAFT_TXTSCALE
1041
1.0
  0
ENDBLK
  5
434
330
432
100
AcDbEntity
  8
0
100
AcDbBlockEnd
  0
BLOCK
  5
43D
330
43C
100
AcDbEntity
  8
0
100
AcDbBlockBegin
  2
*X53
 70
     1
 10
0.0
 20
0.0
 30
0.0
  3
*X53
  1

  0
LINE
  5
43F
330
43C
100
AcDbEntity
  8
尺寸线层
 62
     0
100
AcDbLine
 10
-544.9556227646897
 20
478.1975673898278
 30
0.0
 11
-565.988653692727
 21
464.6841810644012
 31
0.0
  0
HATCH
  5
440
330
43C
100
AcDbEntity
  8
尺寸线层
 62
     0
100
AcDbHatch
 10
0.0
 20
0.0
 30
0.0
210
0.0
220
0.0
230
1.0
  2
SOLID
 70
     1
 71
     0
 91
        1
 92
        0
 93
        3
 72
     1
 10
-544.9556227646897
 20
478.1975673898278
 11
-548.0506399866671
 21
475.6147649591989
 72
     1
 10
-548.0506399866671
 20
475.6147649591989
 11
-548.5911754396842
 21
476.4560861963203
 72
     1
 10
-548.5911754396842
 20
476.4560861963203
 11
-544.9556227646897
 21
478.1975673898278
 97
        0
 75
     0
 76
     1
 98
        1
 10
0.0
 20
0.0
  0
HATCH
  5
441
330
43C
100
AcDbEntity
  8
尺寸线层
 62
     0
100
AcDbHatch
 10
0.0
 20
0.0
 30
0.0
210
0.0
220
0.0
230
1.0
  2
SOLID
 70
     1
 71
     0
 91
        1
 92
        0
 93
        3
 72
     1
 10
-565.988653692727
 20
464.6841810644012
 11
-562.3531010177325
 21
466.4256622579087
 72
     1
 10
-562.3531010177325
 20
466.4256622579087
 11
-562.8936364707496
 21
467.2669834950302
 72
     1
 10
-562.8936364707496
 20
467.2669834950302
 11
-565.988653692727
 21
464.6841810644012
 97
        0
 75
     0
 76
     1
 98
        1
 10
0.0
 20
0.0
  0
LINE
  5
442
330
43C
100
AcDbEntity
  8
尺寸线层
 62
     0
100
AcDbLine
 10
-491.4299312111098
 20
394.8870263618755
 30
0.0
 11
-546.0366936707238
 21
479.8802098640708
 31
0.0
  0
LINE
  5
443
330
43C
100
AcDbEntity
  8
尺寸线层
 62
     0
100
AcDbLine
 10
-520.5957330141946
 20
394.031963955129
 30
0.0
 11
-567.0697245987611
 21
466.3668235386442
 31
0.0
  0
MTEXT
  5
444
330
43C
100
AcDbEntity
  8
尺寸线层
 62
     0
100
AcDbMText
 10
-570.8630505135238
 20
486.7497574858053
 30
0.0
 40
3.5
 41
7.0
 46
7.0
 71
     5
 72
     1
  1
\T1.1;25
  7
标准
 11
0.8413212371214907
 21
0.5405354530170657
 31
0.0
 73
     1
 44
1.150569886022795
1001
CAXA_DRAFT_TXTSCALE
1041
1.0
  0
ENDBLK
  5
43E
330
43C
100
AcDbEntity
  8
0
100
AcDbBlockEnd
  0
BLOCK
  5
447
330
446
100
AcDbEntity
  8
0
100
AcDbBlockBegin
  2
*X54
 70
     1
 10
0.0
 20
0.0
 30
0.0
  3
*X54
  1

  0
LINE
  5
449
330
446
100
AcDbEntity
  8
尺寸线层
 62
     0
100
AcDbLine
 10
-471.7664554152743
 20
526.1581572771253
 30
0.0
 11
-492.7994863433108
 21
512.6447709516988
 31
0.0
  0
HATCH
  5
44A
330
446
100
AcDbEntity
  8
尺寸线层
 62
     0
100
AcDbHatch
 10
0.0
 20
0.0
 30
0.0
210
0.0
220
0.0
230
1.0
  2
SOLID
 70
     1
 71
     0
 91
        1
 92
        0
 93
        3
 72
     1
 10
-471.7664554152743
 20
526.1581572771253
 11
-474.8614726372517
 21
523.5753548464962
 72
     1
 10
-474.8614726372517
 20
523.5753548464962
 11
-475.4020080902688
 21
524.4166760836177
 72
     1
 10
-475.4020080902688
 20
524.4166760836177
 11
-471.7664554152743
 21
526.1581572771253
 97
        0
 75
     0
 76
     1
 98
        1
 10
0.0
 20
0.0
  0
HATCH
  5
44B
330
446
100
AcDbEntity
  8
尺寸线层
 62
     0
100
AcDbHatch
 10
0.0
 20
0.0
 30
0.0
210
0.0
220
0.0
230
1.0
  2
SOLID
 70
     1
 71
     0
 91
        1
 92
        0
 93
        3
 72
     1
 10
-492.7994863433108
 20
512.6447709516988
 11
-489.1639336683163
 21
514.3862521452063
 72
     1
 10
-489.1639336683163
 20
514.3862521452063
 11
-489.7044691213334
 21
515.2275733823278
 72
     1
 10
-489.7044691213334
 20
515.2275733823278
 11
-492.7994863433108
 21
512.6447709516988
 97
        0
 75
     0
 76
     1
 98
        1
 10
0.0
 20
0.0
  0
LINE
  5
44C
330
446
100
AcDbEntity
  8
尺寸线层
 62
     0
100
AcDbLine
 10
-417.6391432172459
 20
441.9112184198748
 30
0.0
 11
-472.8475263213085
 21
527.8407997513682
 31
0.0
  0
LINE
  5
44D
330
446
100
AcDbEntity
  8
尺寸线层
 62
     0
100
AcDbLine
 10
-446.9801247660635
 20
441.3288160941211
 30
0.0
 11
-493.8805572493449
 21
514.3274134259417
 31
0.0
  0
MTEXT
  5
44E
330
446
100
AcDbEntity
  8
尺寸线层
 62
     0
100
AcDbMText
 10
-493.7417944474664
 20
537.2366515503572
 30
0.0
 40
3.5
 41
7.0
 46
7.0
 71
     5
 72
     1
  1
\T1.1;25
  7
标准
 11
0.841321237121484
 21
0.5405354530170762
 31
0.0
 73
     1
 44
1.150569886022795
1001
CAXA_DRAFT_TXTSCALE
1041
1.0
  0
ENDBLK
  5
448
330
446
100
AcDbEntity
  8
0
100
AcDbBlockEnd
  0
BLOCK
  5
451
330
450
100
AcDbEntity
  8
0
100
AcDbBlockBegin
  2
*X55
 70
     1
 10
0.0
 20
0.0
 30
0.0
  3
*X55
  1

  0
LINE
  5
453
330
450
100
AcDbEntity
  8
尺寸线层
 62
     0
100
AcDbLine
 10
-398.3859024530958
 20
573.8208633168556
 30
0.0
 11
-419.4189333811331
 21
560.3074769914297
 31
0.0
  0
HATCH
  5
454
330
450
100
AcDbEntity
  8
尺寸线层
 62
     0
100
AcDbHatch
 10
0.0
 20
0.0
 30
0.0
210
0.0
220
0.0
230
1.0
  2
SOLID
 70
     1
 71
     0
 91
        1
 92
        0
 93
        3
 72
     1
 10
-398.3859024530958
 20
573.8208633168556
 11
-401.4809196750733
 21
571.2380608862267
 72
     1
 10
-401.4809196750733
 20
571.2380608862267
 11
-402.0214551280903
 21
572.0793821233482
 72
     1
 10
-402.0214551280903
 20
572.0793821233482
 11
-398.3859024530958
 21
573.8208633168556
 97
        0
 75
     0
 76
     1
 98
        1
 10
0.0
 20
0.0
  0
HATCH
  5
455
330
450
100
AcDbEntity
  8
尺寸线层
 62
     0
100
AcDbHatch
 10
0.0
 20
0.0
 30
0.0
210
0.0
220
0.0
230
1.0
  2
SOLID
 70
     1
 71
     0
 91
        1
 92
        0
 93
        3
 72
     1
 10
-419.4189333811331
 20
560.3074769914297
 11
-415.7833807061386
 21
562.0489581849371
 72
     1
 10
-415.7833807061386
 20
562.0489581849371
 11
-416.3239161591556
 21
562.8902794220586
 72
     1
 10
-416.3239161591556
 20
562.8902794220586
 11
-419.4189333811331
 21
560.3074769914297
 97
        0
 75
     0
 76
     1
 98
        1
 10
0.0
 20
0.0
  0
LINE
  5
456
330
450
100
AcDbEntity
  8
尺寸线层
 62
     0
100
AcDbLine
 10
-344.2065886080909
 20
489.4929860313732
 30
0.0
 11
-399.4669733591298
 21
575.5035057910986
 31
0.0
  0
LINE
  5
457
330
450
100
AcDbEntity
  8
尺寸线层
 62
     0
100
AcDbLine
 10
-373.3645165179323
 20
488.6256682331132
 30
0.0
 11
-420.5000042871672
 21
561.9901194656727
 31
0.0
  0
MTEXT
  5
458
330
450
100
AcDbEntity
  8
尺寸线层
 62
     0
100
AcDbMText
 10
-418.2751348149518
 20
586.2396477959437
 30
0.0
 40
3.5
 41
7.0
 46
7.0
 71
     5
 72
     1
  1
\T1.1;25
  7
标准
 11
0.8413212371215049
 21
0.5405354530170436
 31
0.0
 73
     1
 44
1.150569886022795
1001
CAXA_DRAFT_TXTSCALE
1041
1.0
  0
ENDBLK
  5
452
330
450
100
AcDbEntity
  8
0
100
AcDbBlockEnd
  0
BLOCK
  5
45B
330
45A
100
AcDbEntity
  8
0
100
AcDbBlockBegin
  2
*X56
 70
     1
 10
0.0
 20
0.0
 30
0.0
  3
*X56
  1

  0
LINE
  5
45D
330
45A
100
AcDbEntity
  8
尺寸线层
 62
     0
100
AcDbLine
 10
-431.7237675726798
 20
625.709881454047
 30
0.0
 11
-599.988014996979
 21
517.6027908506367
 31
0.0
  0
HATCH
  5
45E
330
45A
100
AcDbEntity
  8
尺寸线层
 62
     0
100
AcDbHatch
 10
0.0
 20
0.0
 30
0.0
210
0.0
220
0.0
230
1.0
  2
SOLID
 70
     1
 71
     0
 91
        1
 92
        0
 93
        3
 72
     1
 10
-431.7237675726798
 20
625.709881454047
 11
-434.8187847946572
 21
623.1270790234181
 72
     1
 10
-434.8187847946572
 20
623.1270790234181
 11
-435.3593202476743
 21
623.9684002605396
 72
     1
 10
-435.3593202476743
 20
623.9684002605396
 11
-431.7237675726798
 21
625.709881454047
 97
        0
 75
     0
 76
     1
 98
        1
 10
0.0
 20
0.0
  0
HATCH
  5
45F
330
45A
100
AcDbEntity
  8
尺寸线层
 62
     0
100
AcDbHatch
 10
0.0
 20
0.0
 30
0.0
210
0.0
220
0.0
230
1.0
  2
SOLID
 70
     1
 71
     0
 91
        1
 92
        0
 93
        3
 72
     1
 10
-599.988014996979
 20
517.6027908506367
 11
-596.3524623219845
 21
519.3442720441441
 72
     1
 10
-596.3524623219845
 20
519.3442720441441
 11
-596.8929977750015
 21
520.1855932812656
 72
     1
 10
-596.8929977750015
 20
520.1855932812656
 11
-599.988014996979
 21
517.6027908506367
 97
        0
 75
     0
 76
     1
 98
        1
 10
0.0
 20
0.0
  0
LINE
  5
460
330
45A
100
AcDbEntity
  8
尺寸线层
 62
     0
100
AcDbLine
 10
-344.2065886080909
 20
489.4929860313732
 30
0.0
 11
-432.8048384787139
 21
627.3925239282901
 31
0.0
  0
LINE
  5
461
330
45A
100
AcDbEntity
  8
尺寸线层
 62
     0
100
AcDbLine
 10
-520.5957330141946
 20
394.031963955129
 30
0.0
 11
-601.0690859030132
 21
519.2854333248797
 31
0.0
  0
MTEXT
  5
462
330
45A
100
AcDbEntity
  8
尺寸线层
 62
     0
100
AcDbMText
 10
-527.3147148530038
 20
589.4915235882877
 30
0.0
 40
3.5
 41
10.00574525139646
 46
7.0
 71
     5
 72
     1
  1
\T1.1;200
  7
标准
 11
0.8413212371214985
 21
0.5405354530170534
 31
0.0
 73
     1
 44
1.150569886022795
1001
CAXA_DRAFT_TXTSCALE
1041
1.0
  0
ENDBLK
  5
45C
330
45A
100
AcDbEntity
  8
0
100
AcDbBlockEnd
  0
BLOCK
  5
465
330
464
100
AcDbEntity
  8
0
100
AcDbBlockBegin
  2
*X57
 70
     1
 10
0.0
 20
0.0
 30
0.0
  3
*X57
  1

  0
LINE
  5
467
330
464
100
AcDbEntity
  8
尺寸线层
 62
     0
100
AcDbLine
 10
-658.7224981604261
 20
562.7701668303814
 30
0.0
 11
-448.3921888800572
 21
697.9040300846482
 31
0.0
  0
HATCH
  5
468
330
464
100
AcDbEntity
  8
尺寸线层
 62
     0
100
AcDbHatch
 10
0.0
 20
0.0
 30
0.0
210
0.0
220
0.0
230
1.0
  2
SOLID
 70
     1
 71
     0
 91
        1
 92
        0
 93
        3
 72
     1
 10
-658.7224981604261
 20
562.7701668303814
 11
-655.6274809384487
 21
565.3529692610105
 72
     1
 10
-655.6274809384487
 20
565.3529692610105
 11
-655.0869454854316
 21
564.5116480238889
 72
     1
 10
-655.0869454854316
 20
564.5116480238889
 11
-658.7224981604261
 21
562.7701668303814
 97
        0
 75
     0
 76
     1
 98
        1
 10
0.0
 20
0.0
  0
HATCH
  5
469
330
464
100
AcDbEntity
  8
尺寸线层
 62
     0
100
AcDbHatch
 10
0.0
 20
0.0
 30
0.0
210
0.0
220
0.0
230
1.0
  2
SOLID
 70
     1
 71
     0
 91
        1
 92
        0
 93
        3
 72
     1
 10
-448.3921888800572
 20
697.9040300846482
 11
-452.0277415550516
 21
696.1625488911407
 72
     1
 10
-452.0277415550516
 20
696.1625488911407
 11
-451.4872061020346
 21
695.3212276540191
 72
     1
 10
-451.4872061020346
 20
695.3212276540191
 11
-448.3921888800572
 21
697.9040300846482
 97
        0
 75
     0
 76
     1
 98
        1
 10
0.0
 20
0.0
  0
LINE
  5
46A
330
464
100
AcDbEntity
  8
尺寸线层
 62
     0
100
AcDbLine
 10
-541.6287639421935
 20
380.5185776297258
 30
0.0
 11
-659.8035690664602
 21
564.4528093046243
 31
0.0
  0
LINE
  5
46B
330
464
100
AcDbEntity
  8
尺寸线层
 62
     0
100
AcDbLine
 10
-331.2984546618245
 20
515.6524408839923
 30
0.0
 11
-449.4732597860913
 21
699.5866725588911
 31
0.0
  0
MTEXT
  5
46C
330
464
100
AcDbEntity
  8
尺寸线层
 62
     0
100
AcDbMText
 10
-565.0161662470944
 20
648.1722864339954
 30
0.0
 40
3.5
 41
10.00574525139671
 46
7.0
 71
     5
 72
     1
  1
\T1.1;250
  7
标准
 11
0.8413212371214857
 21
0.5405354530170735
 31
0.0
 73
     1
 44
1.150569886022795
1001
CAXA_DRAFT_TXTSCALE
1041
1.0
  0
ENDBLK
  5
466
330
464
100
AcDbEntity
  8
0
100
AcDbBlockEnd
  0
BLOCK
  5
46F
330
46E
100
AcDbEntity
  8
0
100
AcDbBlockBegin
  2
*X58
 70
     1
 10
0.0
 20
0.0
 30
0.0
  3
*X58
  1

  0
LINE
  5
471
330
46E
100
AcDbEntity
  8
尺寸线层
 62
     0
100
AcDbLine
 10
-432.0491194123868
 20
626.2162782329316
 30
0.0
 11
-411.0160884843136
 21
639.729664558381
 31
0.0
  0
HATCH
  5
472
330
46E
100
AcDbEntity
  8
尺寸线层
 62
     0
100
AcDbHatch
 10
0.0
 20
0.0
 30
0.0
210
0.0
220
0.0
230
1.0
  2
SOLID
 70
     1
 71
     0
 91
        1
 92
        0
 93
        3
 72
     1
 10
-432.0491194123868
 20
626.2162782329316
 11
-428.9541021904093
 21
628.7990806635605
 72
     1
 10
-428.9541021904093
 20
628.7990806635605
 11
-428.4135667373923
 21
627.9577594264391
 72
     1
 10
-428.4135667373923
 20
627.9577594264391
 11
-432.0491194123868
 21
626.2162782329316
 97
        0
 75
     0
 76
     1
 98
        1
 10
0.0
 20
0.0
  0
HATCH
  5
473
330
46E
100
AcDbEntity
  8
尺寸线层
 62
     0
100
AcDbHatch
 10
0.0
 20
0.0
 30
0.0
210
0.0
220
0.0
230
1.0
  2
SOLID
 70
     1
 71
     0
 91
        1
 92
        0
 93
        3
 72
     1
 10
-411.0160884843136
 20
639.729664558381
 11
-414.6516411593082
 21
637.9881833648735
 72
     1
 10
-414.6516411593082
 20
637.9881833648735
 11
-414.1111057062911
 21
637.1468621277521
 72
     1
 10
-414.1111057062911
 20
637.1468621277521
 11
-411.0160884843136
 21
639.729664558381
 97
        0
 75
     0
 76
     1
 98
        1
 10
0.0
 20
0.0
  0
LINE
  5
474
330
46E
100
AcDbEntity
  8
尺寸线层
 62
     0
100
AcDbLine
 10
-344.2065886080909
 20
489.4929860313732
 30
0.0
 11
-433.1301903184209
 21
627.8989207071746
 31
0.0
  0
LINE
  5
475
330
46E
100
AcDbEntity
  8
尺寸线层
 62
     0
100
AcDbLine
 10
-331.2984546618245
 20
515.6524408839923
 30
0.0
 11
-412.0971593903478
 21
641.4123070326241
 31
0.0
  0
MTEXT
  5
476
330
46E
100
AcDbEntity
  8
尺寸线层
 62
     0
100
AcDbMText
 10
-432.9914266752003
 20
650.808159372139
 30
0.0
 40
3.5
 41
7.0
 46
7.0
 71
     5
 72
     1
  1
\T1.1;25
  7
标准
 11
0.8413212371214953
 21
0.5405354530170585
 31
0.0
 73
     1
 44
1.150569886022795
1001
CAXA_DRAFT_TXTSCALE
1041
1.0
  0
ENDBLK
  5
470
330
46E
100
AcDbEntity
  8
0
100
AcDbBlockEnd
  0
BLOCK
  5
479
330
478
100
AcDbEntity
  8
0
100
AcDbBlockBegin
  2
*X59
 70
     1
 10
0.0
 20
0.0
 30
0.0
  3
*X59
  1

  0
LINE
  5
47B
330
478
100
AcDbEntity
  8
尺寸线层
 62
     0
100
AcDbLine
 10
-599.8855993370303
 20
517.4433850813202
 30
0.0
 11
-620.9186302650297
 21
503.9299987559178
 31
0.0
  0
HATCH
  5
47C
330
478
100
AcDbEntity
  8
尺寸线层
 62
     0
100
AcDbHatch
 10
0.0
 20
0.0
 30
0.0
210
0.0
220
0.0
230
1.0
  2
SOLID
 70
     1
 71
     0
 91
        1
 92
        0
 93
        3
 72
     1
 10
-599.8855993370303
 20
517.4433850813202
 11
-602.9806165590077
 21
514.8605826506912
 72
     1
 10
-602.9806165590077
 20
514.8605826506912
 11
-603.5211520120248
 21
515.7019038878127
 72
     1
 10
-603.5211520120248
 20
515.7019038878127
 11
-599.8855993370303
 21
517.4433850813202
 97
        0
 75
     0
 76
     1
 98
        1
 10
0.0
 20
0.0
  0
HATCH
  5
47D
330
478
100
AcDbEntity
  8
尺寸线层
 62
     0
100
AcDbHatch
 10
0.0
 20
0.0
 30
0.0
210
0.0
220
0.0
230
1.0
  2
SOLID
 70
     1
 71
     0
 91
        1
 92
        0
 93
        3
 72
     1
 10
-620.9186302650297
 20
503.9299987559178
 11
-617.2830775900352
 21
505.6714799494254
 72
     1
 10
-617.2830775900352
 20
505.6714799494254
 11
-617.8236130430523
 21
506.5128011865468
 72
     1
 10
-617.8236130430523
 20
506.5128011865468
 11
-620.9186302650297
 21
503.9299987559178
 97
        0
 75
     0
 76
     1
 98
        1
 10
0.0
 20
0.0
  0
LINE
  5
47E
330
478
100
AcDbEntity
  8
尺寸线层
 62
     0
100
AcDbLine
 10
-520.5957330141946
 20
394.031963955129
 30
0.0
 11
-600.9666702430644
 21
519.1260275555632
 31
0.0
  0
LINE
  5
47F
330
478
100
AcDbEntity
  8
尺寸线层
 62
     0
100
AcDbLine
 10
-541.6287639421935
 20
380.5185776297258
 30
0.0
 11
-621.9997011710639
 21
505.6126412301608
 31
0.0
  0
MTEXT
  5
480
330
478
100
AcDbEntity
  8
尺寸线层
 62
     0
100
AcDbMText
 10
-621.8609383692037
 20
528.5218793545646
 30
0.0
 40
3.5
 41
7.0
 46
7.0
 71
     5
 72
     1
  1
\T1.1;25
  7
标准
 11
0.8413212371214897
 21
0.5405354530170672
 31
0.0
 73
     1
 44
1.150569886022795
1001
CAXA_DRAFT_TXTSCALE
1041
1.0
  0
ENDBLK
  5
47A
330
478
100
AcDbEntity
  8
0
100
AcDbBlockEnd
  0
BLOCK
  5
483
330
482
100
AcDbEntity
  8
0
100
AcDbBlockBegin
  2
*X60
 70
     1
 10
0.0
 20
0.0
 30
0.0
  3
*X60
  1

  0
LINE
  5
485
330
482
100
AcDbEntity
  8
尺寸线层
 62
     0
100
AcDbLine
 10
463.0444656545377
 20
466.3323030520936
 30
0.0
 11
515.6270429746313
 21
432.5488372385282
 31
0.0
  0
HATCH
  5
486
330
482
100
AcDbEntity
  8
尺寸线层
 62
     0
100
AcDbHatch
 10
0.0
 20
0.0
 30
0.0
210
0.0
220
0.0
230
1.0
  2
SOLID
 70
     1
 71
     0
 91
        1
 92
        0
 93
        3
 72
     1
 10
463.0444656545377
 20
466.3323030520936
 11
466.6800183295322
 21
464.5908218585861
 72
     1
 10
466.6800183295322
 20
464.5908218585861
 11
466.1394828765152
 21
463.7495006214646
 72
     1
 10
466.1394828765152
 20
463.7495006214646
 11
463.0444656545377
 21
466.3323030520936
 97
        0
 75
     0
 76
     1
 98
        1
 10
0.0
 20
0.0
  0
HATCH
  5
487
330
482
100
AcDbEntity
  8
尺寸线层
 62
     0
100
AcDbHatch
 10
0.0
 20
0.0
 30
0.0
210
0.0
220
0.0
230
1.0
  2
SOLID
 70
     1
 71
     0
 91
        1
 92
        0
 93
        3
 72
     1
 10
515.6270429746313
 20
432.5488372385282
 11
512.5320257526538
 21
435.1316396691572
 72
     1
 10
512.5320257526538
 20
435.1316396691572
 11
511.9914902996368
 21
434.2903184320356
 72
     1
 10
511.9914902996368
 20
434.2903184320356
 11
515.6270429746313
 21
432.5488372385282
 97
        0
 75
     0
 76
     1
 98
        1
 10
0.0
 20
0.0
  0
LINE
  5
488
330
482
100
AcDbEntity
  8
尺寸线层
 62
     0
100
AcDbLine
 10
446.9801247660625
 20
441.3288160941211
 30
0.0
 11
464.1255365605718
 21
468.0149455263365
 31
0.0
  0
LINE
  5
489
330
482
100
AcDbEntity
  8
尺寸线层
 62
     0
100
AcDbLine
 10
491.4299312111089
 20
394.8870263618755
 30
0.0
 11
516.7081138806655
 21
434.2314797127712
 31
0.0
  0
MTEXT
  5
48A
330
482
100
AcDbEntity
  8
尺寸线层
 62
     0
100
AcDbMText
 10
500.7945778827582
 20
467.2757575812561
 30
0.0
 40
3.5
 41
13.62617653631281
 46
7.0
 71
     5
 72
     1
  1
\T1.1;62.5
  7
标准
 11
0.8413212371215021
 21
-0.540535453017048
 31
0.0
 73
     1
 44
1.150569886022795
1001
CAXA_DRAFT_TXTSCALE
1041
1.0
  0
ENDBLK
  5
484
330
482
100
AcDbEntity
  8
0
100
AcDbBlockEnd
  0
BLOCK
  5
48D
330
48C
100
AcDbEntity
  8
0
100
AcDbBlockBegin
  2
*X61
 70
     1
 10
0.0
 20
0.0
 30
0.0
  3
*X61
  1

  0
LINE
  5
48F
330
48C
100
AcDbEntity
  8
尺寸线层
 62
     0
100
AcDbLine
 10
388.8781150560368
 20
512.7719473373512
 30
0.0
 11
441.460692376131
 21
478.9884815237858
 31
0.0
  0
HATCH
  5
490
330
48C
100
AcDbEntity
  8
尺寸线层
 62
     0
100
AcDbHatch
 10
0.0
 20
0.0
 30
0.0
210
0.0
220
0.0
230
1.0
  2
SOLID
 70
     1
 71
     0
 91
        1
 92
        0
 93
        3
 72
     1
 10
388.8781150560368
 20
512.7719473373512
 11
392.5136677310314
 21
511.0304661438438
 72
     1
 10
392.5136677310314
 20
511.0304661438438
 11
391.9731322780144
 21
510.1891449067223
 72
     1
 10
391.9731322780144
 20
510.1891449067223
 11
388.8781150560368
 21
512.7719473373512
 97
        0
 75
     0
 76
     1
 98
        1
 10
0.0
 20
0.0
  0
HATCH
  5
491
330
48C
100
AcDbEntity
  8
尺寸线层
 62
     0
100
AcDbHatch
 10
0.0
 20
0.0
 30
0.0
210
0.0
220
0.0
230
1.0
  2
SOLID
 70
     1
 71
     0
 91
        1
 92
        0
 93
        3
 72
     1
 10
441.460692376131
 20
478.9884815237858
 11
438.3656751541535
 21
481.5712839544148
 72
     1
 10
438.3656751541535
 20
481.5712839544148
 11
437.8251397011364
 21
480.7299627172932
 72
     1
 10
437.8251397011364
 20
480.7299627172932
 11
441.460692376131
 21
478.9884815237858
 97
        0
 75
     0
 76
     1
 98
        1
 10
0.0
 20
0.0
  0
LINE
  5
492
330
48C
100
AcDbEntity
  8
尺寸线层
 62
     0
100
AcDbLine
 10
373.3645165179314
 20
488.6256682331132
 30
0.0
 11
389.9591859620709
 21
514.4545898115942
 31
0.0
  0
LINE
  5
493
330
48C
100
AcDbEntity
  8
尺寸线层
 62
     0
100
AcDbLine
 10
417.639143217245
 20
441.9112184198748
 30
0.0
 11
442.541763282165
 21
480.6711239980288
 31
0.0
  0
MTEXT
  5
494
330
48C
100
AcDbEntity
  8
尺寸线层
 62
     0
100
AcDbMText
 10
426.6282272842575
 20
513.7154018665137
 30
0.0
 40
3.5
 41
13.62617653631281
 46
7.0
 71
     5
 72
     1
  1
\T1.1;62.5
  7
标准
 11
0.841321237121504
 21
-0.540535453017045
 31
0.0
 73
     1
 44
1.150569886022795
1001
CAXA_DRAFT_TXTSCALE
1041
1.0
  0
ENDBLK
  5
48E
330
48C
100
AcDbEntity
  8
0
100
AcDbBlockEnd
  0
BLOCK
  5
497
330
496
100
AcDbEntity
  8
0
100
AcDbBlockBegin
  2
*X62
 70
     1
 10
0.0
 20
0.0
 30
0.0
  3
*X62
  1

  0
LINE
  5
499
330
496
100
AcDbEntity
  8
尺寸线层
 62
     0
100
AcDbLine
 10
544.9556227646888
 20
478.1975673898278
 30
0.0
 11
565.9886536927261
 21
464.6841810644011
 31
0.0
  0
HATCH
  5
49A
330
496
100
AcDbEntity
  8
尺寸线层
 62
     0
100
AcDbHatch
 10
0.0
 20
0.0
 30
0.0
210
0.0
220
0.0
230
1.0
  2
SOLID
 70
     1
 71
     0
 91
        1
 92
        0
 93
        3
 72
     1
 10
544.9556227646888
 20
478.1975673898278
 11
548.5911754396833
 21
476.4560861963203
 72
     1
 10
548.5911754396833
 20
476.4560861963203
 11
548.0506399866662
 21
475.6147649591989
 72
     1
 10
548.0506399866662
 20
475.6147649591989
 11
544.9556227646888
 21
478.1975673898278
 97
        0
 75
     0
 76
     1
 98
        1
 10
0.0
 20
0.0
  0
HATCH
  5
49B
330
496
100
AcDbEntity
  8
尺寸线层
 62
     0
100
AcDbHatch
 10
0.0
 20
0.0
 30
0.0
210
0.0
220
0.0
230
1.0
  2
SOLID
 70
     1
 71
     0
 91
        1
 92
        0
 93
        3
 72
     1
 10
565.9886536927261
 20
464.6841810644011
 11
562.8936364707487
 21
467.2669834950301
 72
     1
 10
562.8936364707487
 20
467.2669834950301
 11
562.3531010177315
 21
466.4256622579086
 72
     1
 10
562.3531010177315
 20
466.4256622579086
 11
565.9886536927261
 21
464.6841810644011
 97
        0
 75
     0
 76
     1
 98
        1
 10
0.0
 20
0.0
  0
LINE
  5
49C
330
496
100
AcDbEntity
  8
尺寸线层
 62
     0
100
AcDbLine
 10
491.4299312111089
 20
394.8870263618755
 30
0.0
 11
546.0366936707229
 21
479.8802098640708
 31
0.0
  0
LINE
  5
49D
330
496
100
AcDbEntity
  8
尺寸线层
 62
     0
100
AcDbLine
 10
520.5957330141937
 20
394.031963955129
 30
0.0
 11
567.0697245987602
 21
466.3668235386441
 31
0.0
  0
MTEXT
  5
49E
330
496
100
AcDbEntity
  8
尺寸线层
 62
     0
100
AcDbMText
 10
570.8630505135227
 20
486.7497574858053
 30
0.0
 40
3.5
 41
7.0
 46
7.0
 71
     5
 72
     1
  1
\T1.1;25
  7
标准
 11
0.8413212371214895
 21
-0.5405354530170674
 31
0.0
 73
     1
 44
1.150569886022795
1001
CAXA_DRAFT_TXTSCALE
1041
1.0
  0
ENDBLK
  5
498
330
496
100
AcDbEntity
  8
0
100
AcDbBlockEnd
  0
BLOCK
  5
4A1
330
4A0
100
AcDbEntity
  8
0
100
AcDbBlockBegin
  2
*X63
 70
     1
 10
0.0
 20
0.0
 30
0.0
  3
*X63
  1

  0
LINE
  5
4A3
330
4A0
100
AcDbEntity
  8
尺寸线层
 62
     0
100
AcDbLine
 10
471.766455415273
 20
526.1581572771253
 30
0.0
 11
492.7994863433095
 21
512.6447709516989
 31
0.0
  0
HATCH
  5
4A4
330
4A0
100
AcDbEntity
  8
尺寸线层
 62
     0
100
AcDbHatch
 10
0.0
 20
0.0
 30
0.0
210
0.0
220
0.0
230
1.0
  2
SOLID
 70
     1
 71
     0
 91
        1
 92
        0
 93
        3
 72
     1
 10
471.766455415273
 20
526.1581572771253
 11
475.4020080902674
 21
524.4166760836177
 72
     1
 10
475.4020080902674
 20
524.4166760836177
 11
474.8614726372504
 21
523.5753548464962
 72
     1
 10
474.8614726372504
 20
523.5753548464962
 11
471.766455415273
 21
526.1581572771253
 97
        0
 75
     0
 76
     1
 98
        1
 10
0.0
 20
0.0
  0
HATCH
  5
4A5
330
4A0
100
AcDbEntity
  8
尺寸线层
 62
     0
100
AcDbHatch
 10
0.0
 20
0.0
 30
0.0
210
0.0
220
0.0
230
1.0
  2
SOLID
 70
     1
 71
     0
 91
        1
 92
        0
 93
        3
 72
     1
 10
492.7994863433095
 20
512.6447709516989
 11
489.7044691213321
 21
515.2275733823279
 72
     1
 10
489.7044691213321
 20
515.2275733823279
 11
489.163933668315
 21
514.3862521452064
 72
     1
 10
489.163933668315
 20
514.3862521452064
 11
492.7994863433095
 21
512.6447709516989
 97
        0
 75
     0
 76
     1
 98
        1
 10
0.0
 20
0.0
  0
LINE
  5
4A6
330
4A0
100
AcDbEntity
  8
尺寸线层
 62
     0
100
AcDbLine
 10
417.639143217245
 20
441.9112184198748
 30
0.0
 11
472.8475263213071
 21
527.8407997513682
 31
0.0
  0
LINE
  5
4A7
330
4A0
100
AcDbEntity
  8
尺寸线层
 62
     0
100
AcDbLine
 10
446.9801247660625
 20
441.3288160941211
 30
0.0
 11
493.8805572493436
 21
514.3274134259418
 31
0.0
  0
MTEXT
  5
4A8
330
4A0
100
AcDbEntity
  8
尺寸线层
 62
     0
100
AcDbMText
 10
493.7417944474662
 20
537.2366515503568
 30
0.0
 40
3.5
 41
7.0
 46
7.0
 71
     5
 72
     1
  1
\T1.1;25
  7
标准
 11
0.8413212371214862
 21
-0.5405354530170726
 31
0.0
 73
     1
 44
1.150569886022795
1001
CAXA_DRAFT_TXTSCALE
1041
1.0
  0
ENDBLK
  5
4A2
330
4A0
100
AcDbEntity
  8
0
100
AcDbBlockEnd
  0
BLOCK
  5
4AB
330
4AA
100
AcDbEntity
  8
0
100
AcDbBlockBegin
  2
*X64
 70
     1
 10
0.0
 20
0.0
 30
0.0
  3
*X64
  1

  0
LINE
  5
4AD
330
4AA
100
AcDbEntity
  8
尺寸线层
 62
     0
100
AcDbLine
 10
398.3859024530925
 20
573.8208633168579
 30
0.0
 11
419.4189333811307
 21
560.3074769914324
 31
0.0
  0
HATCH
  5
4AE
330
4AA
100
AcDbEntity
  8
尺寸线层
 62
     0
100
AcDbHatch
 10
0.0
 20
0.0
 30
0.0
210
0.0
220
0.0
230
1.0
  2
SOLID
 70
     1
 71
     0
 91
        1
 92
        0
 93
        3
 72
     1
 10
398.3859024530925
 20
573.8208633168579
 11
402.0214551280871
 21
572.0793821233506
 72
     1
 10
402.0214551280871
 20
572.0793821233506
 11
401.4809196750701
 21
571.238060886229
 72
     1
 10
401.4809196750701
 20
571.238060886229
 11
398.3859024530925
 21
573.8208633168579
 97
        0
 75
     0
 76
     1
 98
        1
 10
0.0
 20
0.0
  0
HATCH
  5
4AF
330
4AA
100
AcDbEntity
  8
尺寸线层
 62
     0
100
AcDbHatch
 10
0.0
 20
0.0
 30
0.0
210
0.0
220
0.0
230
1.0
  2
SOLID
 70
     1
 71
     0
 91
        1
 92
        0
 93
        3
 72
     1
 10
419.4189333811307
 20
560.3074769914324
 11
416.3239161591532
 21
562.8902794220612
 72
     1
 10
416.3239161591532
 20
562.8902794220612
 11
415.7833807061361
 21
562.0489581849397
 72
     1
 10
415.7833807061361
 20
562.0489581849397
 11
419.4189333811307
 21
560.3074769914324
 97
        0
 75
     0
 76
     1
 98
        1
 10
0.0
 20
0.0
  0
LINE
  5
4B0
330
4AA
100
AcDbEntity
  8
尺寸线层
 62
     0
100
AcDbLine
 10
344.20658860809
 20
489.4929860313732
 30
0.0
 11
399.4669733591265
 21
575.5035057911009
 31
0.0
  0
LINE
  5
4B1
330
4AA
100
AcDbEntity
  8
尺寸线层
 62
     0
100
AcDbLine
 10
373.3645165179314
 20
488.6256682331132
 30
0.0
 11
420.5000042871648
 21
561.9901194656754
 31
0.0
  0
MTEXT
  5
4B2
330
4AA
100
AcDbEntity
  8
尺寸线层
 62
     0
100
AcDbMText
 10
418.2751348149516
 20
586.2396477959442
 30
0.0
 40
3.5
 41
7.0
 46
7.0
 71
     5
 72
     1
  1
\T1.1;25
  7
标准
 11
0.8413212371215227
 21
-0.5405354530170159
 31
0.0
 73
     1
 44
1.150569886022795
1001
CAXA_DRAFT_TXTSCALE
1041
1.0
  0
ENDBLK
  5
4AC
330
4AA
100
AcDbEntity
  8
0
100
AcDbBlockEnd
  0
BLOCK
  5
4B5
330
4B4
100
AcDbEntity
  8
0
100
AcDbBlockBegin
  2
*X65
 70
     1
 10
0.0
 20
0.0
 30
0.0
  3
*X65
  1

  0
LINE
  5
4B7
330
4B4
100
AcDbEntity
  8
尺寸线层
 62
     0
100
AcDbLine
 10
431.723767572681
 20
625.7098814540482
 30
0.0
 11
599.9880149969795
 21
517.6027908506367
 31
0.0
  0
HATCH
  5
4B8
330
4B4
100
AcDbEntity
  8
尺寸线层
 62
     0
100
AcDbHatch
 10
0.0
 20
0.0
 30
0.0
210
0.0
220
0.0
230
1.0
  2
SOLID
 70
     1
 71
     0
 91
        1
 92
        0
 93
        3
 72
     1
 10
431.723767572681
 20
625.7098814540482
 11
435.3593202476756
 21
623.9684002605406
 72
     1
 10
435.3593202476756
 20
623.9684002605406
 11
434.8187847946585
 21
623.1270790234192
 72
     1
 10
434.8187847946585
 20
623.1270790234192
 11
431.723767572681
 21
625.7098814540482
 97
        0
 75
     0
 76
     1
 98
        1
 10
0.0
 20
0.0
  0
HATCH
  5
4B9
330
4B4
100
AcDbEntity
  8
尺寸线层
 62
     0
100
AcDbHatch
 10
0.0
 20
0.0
 30
0.0
210
0.0
220
0.0
230
1.0
  2
SOLID
 70
     1
 71
     0
 91
        1
 92
        0
 93
        3
 72
     1
 10
599.9880149969795
 20
517.6027908506367
 11
596.8929977750021
 21
520.1855932812657
 72
     1
 10
596.8929977750021
 20
520.1855932812657
 11
596.352462321985
 21
519.3442720441442
 72
     1
 10
596.352462321985
 20
519.3442720441442
 11
599.9880149969795
 21
517.6027908506367
 97
        0
 75
     0
 76
     1
 98
        1
 10
0.0
 20
0.0
  0
LINE
  5
4BA
330
4B4
100
AcDbEntity
  8
尺寸线层
 62
     0
100
AcDbLine
 10
344.20658860809
 20
489.4929860313732
 30
0.0
 11
432.8048384787152
 21
627.3925239282912
 31
0.0
  0
LINE
  5
4BB
330
4B4
100
AcDbEntity
  8
尺寸线层
 62
     0
100
AcDbLine
 10
520.5957330141937
 20
394.031963955129
 30
0.0
 11
601.0690859030136
 21
519.2854333248797
 31
0.0
  0
MTEXT
  5
4BC
330
4B4
100
AcDbEntity
  8
尺寸线层
 62
     0
100
AcDbMText
 10
527.3147148530034
 20
589.4915235882881
 30
0.0
 40
3.5
 41
10.00574525139646
 46
7.0
 71
     5
 72
     1
  1
\T1.1;200
  7
标准
 11
0.8413212371214949
 21
-0.5405354530170592
 31
0.0
 73
     1
 44
1.150569886022795
1001
CAXA_DRAFT_TXTSCALE
1041
1.0
  0
ENDBLK
  5
4B6
330
4B4
100
AcDbEntity
  8
0
100
AcDbBlockEnd
  0
BLOCK
  5
4BF
330
4BE
100
AcDbEntity
  8
0
100
AcDbBlockBegin
  2
*X66
 70
     1
 10
0.0
 20
0.0
 30
0.0
  3
*X66
  1

  0
LINE
  5
4C1
330
4BE
100
AcDbEntity
  8
尺寸线层
 62
     0
100
AcDbLine
 10
658.7224981604253
 20
562.770166830379
 30
0.0
 11
448.3921888800572
 21
697.9040300846469
 31
0.0
  0
HATCH
  5
4C2
330
4BE
100
AcDbEntity
  8
尺寸线层
 62
     0
100
AcDbHatch
 10
0.0
 20
0.0
 30
0.0
210
0.0
220
0.0
230
1.0
  2
SOLID
 70
     1
 71
     0
 91
        1
 92
        0
 93
        3
 72
     1
 10
658.7224981604253
 20
562.770166830379
 11
655.0869454854309
 21
564.5116480238866
 72
     1
 10
655.0869454854309
 20
564.5116480238866
 11
655.6274809384479
 21
565.3529692610081
 72
     1
 10
655.6274809384479
 20
565.3529692610081
 11
658.7224981604253
 21
562.770166830379
 97
        0
 75
     0
 76
     1
 98
        1
 10
0.0
 20
0.0
  0
HATCH
  5
4C3
330
4BE
100
AcDbEntity
  8
尺寸线层
 62
     0
100
AcDbHatch
 10
0.0
 20
0.0
 30
0.0
210
0.0
220
0.0
230
1.0
  2
SOLID
 70
     1
 71
     0
 91
        1
 92
        0
 93
        3
 72
     1
 10
448.3921888800572
 20
697.9040300846469
 11
451.4872061020345
 21
695.3212276540179
 72
     1
 10
451.4872061020345
 20
695.3212276540179
 11
452.0277415550516
 21
696.1625488911394
 72
     1
 10
452.0277415550516
 20
696.1625488911394
 11
448.3921888800572
 21
697.9040300846469
 97
        0
 75
     0
 76
     1
 98
        1
 10
0.0
 20
0.0
  0
LINE
  5
4C4
330
4BE
100
AcDbEntity
  8
尺寸线层
 62
     0
100
AcDbLine
 10
541.6287639421926
 20
380.5185776297258
 30
0.0
 11
659.8035690664594
 21
564.452809304622
 31
0.0
  0
LINE
  5
4C5
330
4BE
100
AcDbEntity
  8
尺寸线层
 62
     0
100
AcDbLine
 10
331.2984546618236
 20
515.6524408839923
 30
0.0
 11
449.4732597860913
 21
699.5866725588899
 31
0.0
  0
MTEXT
  5
4C6
330
4BE
100
AcDbEntity
  8
尺寸线层
 62
     0
100
AcDbMText
 10
565.0161662470944
 20
648.1722864339945
 30
0.0
 40
3.5
 41
10.00574525139671
 46
7.0
 71
     5
 72
     1
  1
\T1.1;250
  7
标准
 11
0.8413212371214824
 21
-0.5405354530170786
 31
0.0
 73
     1
 44
1.150569886022795
1001
CAXA_DRAFT_TXTSCALE
1041
1.0
  0
ENDBLK
  5
4C0
330
4BE
100
AcDbEntity
  8
0
100
AcDbBlockEnd
  0
BLOCK
  5
4C9
330
4C8
100
AcDbEntity
  8
0
100
AcDbBlockBegin
  2
*X67
 70
     1
 10
0.0
 20
0.0
 30
0.0
  3
*X67
  1

  0
LINE
  5
4CB
330
4C8
100
AcDbEntity
  8
尺寸线层
 62
     0
100
AcDbLine
 10
432.049119412382
 20
626.2162782329349
 30
0.0
 11
411.0160884843088
 21
639.7296645583834
 31
0.0
  0
HATCH
  5
4CC
330
4C8
100
AcDbEntity
  8
尺寸线层
 62
     0
100
AcDbHatch
 10
0.0
 20
0.0
 30
0.0
210
0.0
220
0.0
230
1.0
  2
SOLID
 70
     1
 71
     0
 91
        1
 92
        0
 93
        3
 72
     1
 10
432.049119412382
 20
626.2162782329349
 11
428.4135667373874
 21
627.9577594264423
 72
     1
 10
428.4135667373874
 20
627.9577594264423
 11
428.9541021904045
 21
628.7990806635638
 72
     1
 10
428.9541021904045
 20
628.7990806635638
 11
432.049119412382
 21
626.2162782329349
 97
        0
 75
     0
 76
     1
 98
        1
 10
0.0
 20
0.0
  0
HATCH
  5
4CD
330
4C8
100
AcDbEntity
  8
尺寸线层
 62
     0
100
AcDbHatch
 10
0.0
 20
0.0
 30
0.0
210
0.0
220
0.0
230
1.0
  2
SOLID
 70
     1
 71
     0
 91
        1
 92
        0
 93
        3
 72
     1
 10
411.0160884843088
 20
639.7296645583834
 11
414.1111057062863
 21
637.1468621277545
 72
     1
 10
414.1111057062863
 20
637.1468621277545
 11
414.6516411593034
 21
637.988183364876
 72
     1
 10
414.6516411593034
 20
637.988183364876
 11
411.0160884843088
 21
639.7296645583834
 97
        0
 75
     0
 76
     1
 98
        1
 10
0.0
 20
0.0
  0
LINE
  5
4CE
330
4C8
100
AcDbEntity
  8
尺寸线层
 62
     0
100
AcDbLine
 10
344.20658860809
 20
489.4929860313732
 30
0.0
 11
433.1301903184161
 21
627.8989207071779
 31
0.0
  0
LINE
  5
4CF
330
4C8
100
AcDbEntity
  8
尺寸线层
 62
     0
100
AcDbLine
 10
331.2984546618236
 20
515.6524408839923
 30
0.0
 11
412.0971593903429
 21
641.4123070326265
 31
0.0
  0
MTEXT
  5
4D0
330
4C8
100
AcDbEntity
  8
尺寸线层
 62
     0
100
AcDbMText
 10
432.9914266751975
 20
650.8081593721404
 30
0.0
 40
3.5
 41
7.0
 46
7.0
 71
     5
 72
     1
  1
\T1.1;25
  7
标准
 11
0.8413212371215116
 21
-0.5405354530170331
 31
0.0
 73
     1
 44
1.150569886022795
1001
CAXA_DRAFT_TXTSCALE
1041
1.0
  0
ENDBLK
  5
4CA
330
4C8
100
AcDbEntity
  8
0
100
AcDbBlockEnd
  0
BLOCK
  5
4D3
330
4D2
100
AcDbEntity
  8
0
100
AcDbBlockBegin
  2
*X68
 70
     1
 10
0.0
 20
0.0
 30
0.0
  3
*X68
  1

  0
LINE
  5
4D5
330
4D2
100
AcDbEntity
  8
尺寸线层
 62
     0
100
AcDbLine
 10
599.8855993370233
 20
517.443385081323
 30
0.0
 11
620.9186302650234
 21
503.9299987559216
 31
0.0
  0
HATCH
  5
4D6
330
4D2
100
AcDbEntity
  8
尺寸线层
 62
     0
100
AcDbHatch
 10
0.0
 20
0.0
 30
0.0
210
0.0
220
0.0
230
1.0
  2
SOLID
 70
     1
 71
     0
 91
        1
 92
        0
 93
        3
 72
     1
 10
599.8855993370233
 20
517.443385081323
 11
603.5211520120179
 21
515.7019038878157
 72
     1
 10
603.5211520120179
 20
515.7019038878157
 11
602.9806165590009
 21
514.8605826506941
 72
     1
 10
602.9806165590009
 20
514.8605826506941
 11
599.8855993370233
 21
517.443385081323
 97
        0
 75
     0
 76
     1
 98
        1
 10
0.0
 20
0.0
  0
HATCH
  5
4D7
330
4D2
100
AcDbEntity
  8
尺寸线层
 62
     0
100
AcDbHatch
 10
0.0
 20
0.0
 30
0.0
210
0.0
220
0.0
230
1.0
  2
SOLID
 70
     1
 71
     0
 91
        1
 92
        0
 93
        3
 72
     1
 10
620.9186302650234
 20
503.9299987559216
 11
617.8236130430458
 21
506.5128011865505
 72
     1
 10
617.8236130430458
 20
506.5128011865505
 11
617.2830775900288
 21
505.6714799494289
 72
     1
 10
617.2830775900288
 20
505.6714799494289
 11
620.9186302650234
 21
503.9299987559216
 97
        0
 75
     0
 76
     1
 98
        1
 10
0.0
 20
0.0
  0
LINE
  5
4D8
330
4D2
100
AcDbEntity
  8
尺寸线层
 62
     0
100
AcDbLine
 10
520.5957330141937
 20
394.031963955129
 30
0.0
 11
600.9666702430574
 21
519.126027555566
 31
0.0
  0
LINE
  5
4D9
330
4D2
100
AcDbEntity
  8
尺寸线层
 62
     0
100
AcDbLine
 10
541.6287639421926
 20
380.5185776297258
 30
0.0
 11
621.9997011710574
 21
505.6126412301646
 31
0.0
  0
MTEXT
  5
4DA
330
4D2
100
AcDbEntity
  8
尺寸线层
 62
     0
100
AcDbMText
 10
621.860938369196
 20
528.5218793545687
 30
0.0
 40
3.5
 41
7.0
 46
7.0
 71
     5
 72
     1
  1
\T1.1;25
  7
标准
 11
0.841321237121515
 21
-0.5405354530170279
 31
0.0
 73
     1
 44
1.150569886022795
1001
CAXA_DRAFT_TXTSCALE
1041
1.0
  0
ENDBLK
  5
4D4
330
4D2
100
AcDbEntity
  8
0
100
AcDbBlockEnd
  0
BLOCK
  5
4DD
330
4DC
100
AcDbEntity
  8
0
100
AcDbBlockBegin
  2
*X69
 70
     1
 10
0.0
 20
0.0
 30
0.0
  3
*X69
  1

  0
LINE
  5
4DF
330
4DC
100
AcDbEntity
  8
尺寸线层
 62
     0
100
AcDbLine
 10
74.28791434510543
 20
515.6524408839517
 30
0.0
 11
74.28791434510532
 21
0.0
 31
0.0
  0
HATCH
  5
4E0
330
4DC
100
AcDbEntity
  8
尺寸线层
 62
     0
100
AcDbHatch
 10
0.0
 20
0.0
 30
0.0
210
0.0
220
0.0
230
1.0
  2
SOLID
 70
     1
 71
     0
 91
        1
 92
        0
 93
        3
 72
     1
 10
74.28791434510543
 20
515.6524408839517
 11
74.78791434510543
 21
511.6524408839517
 72
     1
 10
74.78791434510543
 20
511.6524408839517
 11
73.78791434510543
 21
511.6524408839517
 72
     1
 10
73.78791434510543
 20
511.6524408839517
 11
74.28791434510543
 21
515.6524408839517
 97
        0
 75
     0
 76
     1
 98
        1
 10
0.0
 20
0.0
  0
HATCH
  5
4E1
330
4DC
100
AcDbEntity
  8
尺寸线层
 62
     0
100
AcDbHatch
 10
0.0
 20
0.0
 30
0.0
210
0.0
220
0.0
230
1.0
  2
SOLID
 70
     1
 71
     0
 91
        1
 92
        0
 93
        3
 72
     1
 10
74.28791434510532
 20
0.0
 11
74.78791434510521
 21
4.0
 72
     1
 10
74.78791434510521
 20
4.0
 11
73.78791434510521
 21
4.0
 72
     1
 10
73.78791434510521
 20
4.0
 11
74.28791434510532
 21
0.0
 97
        0
 75
     0
 76
     1
 98
        1
 10
0.0
 20
0.0
  0
LINE
  5
4E2
330
4DC
100
AcDbEntity
  8
尺寸线层
 62
     0
100
AcDbLine
 10
95.44536054018693
 20
515.6524408839517
 30
0.0
 11
72.28791434510543
 21
515.6524408839517
 31
0.0
  0
LINE
  5
4E3
330
4DC
100
AcDbEntity
  8
尺寸线层
 62
     0
100
AcDbLine
 10
19.61525368806861
 20
0.0
 30
0.0
 11
76.28791434510532
 21
0.0
 31
0.0
  0
MTEXT
  5
4E4
330
4DC
100
AcDbEntity
  8
尺寸线层
 62
     0
100
AcDbMText
 10
53.00090317192121
 20
257.826219941976
 30
0.0
 40
3.5
 41
20.89312290502789
 46
7.0
 71
     5
 72
     1
  1
\T1.1;515.65
  7
标准
 11
6.123233995736766E-17
 21
1.0
 31
0.0
 73
     1
 44
1.150569886022795
1001
CAXA_DRAFT_TXTSCALE
1041
1.0
  0
ENDBLK
  5
4DE
330
4DC
100
AcDbEntity
  8
0
100
AcDbBlockEnd
  0
BLOCK
  5
4E7
330
4E6
100
AcDbEntity
  8
0
100
AcDbBlockBegin
  2
*X70
 70
     1
 10
0.0
 20
0.0
 30
0.0
  3
*X70
  1

  0
ARC
  5
4E9
330
4E6
100
AcDbEntity
  8
尺寸线层
 62
     0
100
AcDbCircle
 10
148.5758286901983
 20
-0.0000000000000995
 30
0.0
 40
146.458828382048
100
AcDbArc
 50
0.0
 51
27.68567818786033
  0
ARC
  5
4EA
330
4E6
100
AcDbEntity
  8
尺寸线层
 62
     0
100
AcDbCircle
 10
148.5758286901983
 20
-0.0000000000000995
 30
0.0
 40
146.458828382048
100
AcDbArc
 50
29.60298586119362
 51
57.2799031055506
  0
HATCH
  5
4EB
330
4E6
100
AcDbEntity
  8
尺寸线层
 62
     0
100
AcDbHatch
 10
0.0
 20
0.0
 30
0.0
210
0.0
220
0.0
230
1.0
  2
SOLID
 70
     1
 71
     0
 91
        1
 92
        0
 93
        3
 72
     1
 10
295.0346570722462
 20
0.0
 11
294.4800842269408
 21
3.992675097189752
 72
     1
 10
294.4800842269408
 20
3.992675097189752
 11
295.4798511410708
 21
4.013156759680695
 72
     1
 10
295.4798511410708
 20
4.013156759680695
 11
295.0346570722462
 21
0.0
 97
        0
 75
     0
 76
     1
 98
        1
 10
0.0
 20
0.0
  0
HATCH
  5
4EC
330
4E6
100
AcDbEntity
  8
尺寸线层
 62
     0
100
AcDbHatch
 10
0.0
 20
0.0
 30
0.0
210
0.0
220
0.0
230
1.0
  2
SOLID
 70
     1
 71
     0
 91
        1
 92
        0
 93
        3
 72
     1
 10
227.7420178380368
 20
123.2189226817491
 11
230.8013739060606
 21
120.5941663270533
 72
     1
 10
230.8013739060606
 20
120.5941663270533
 11
231.3590150255265
 21
121.4242203993692
 72
     1
 10
231.3590150255265
 20
121.4242203993692
 11
227.7420178380368
 21
123.2189226817491
 97
        0
 75
     0
 76
     1
 98
        1
 10
0.0
 20
0.0
  0
MTEXT
  5
4ED
330
4E6
100
AcDbEntity
  8
尺寸线层
 62
     0
100
AcDbMText
 10
277.1152695655696
 20
70.19829449843564
 30
0.0
 40
3.5
 41
20.39753072625695
 46
7.0
 71
     5
 72
     1
  1
\T1.1;57.28%%D
  7
标准
 73
     1
 44
1.150569886022795
1001
CAXA_DRAFT_TXTSCALE
1041
1.0
  0
ENDBLK
  5
4E8
330
4E6
100
AcDbEntity
  8
0
100
AcDbBlockEnd
  0
BLOCK
  5
4F0
330
4EF
100
AcDbEntity
  8
0
100
AcDbBlockBegin
  2
*X71
 70
     1
 10
0.0
 20
0.0
 30
0.0
  3
*X71
  1

  0
LINE
  5
4F2
330
4EF
100
AcDbEntity
  8
尺寸线层
 62
     0
100
AcDbLine
 10
-576.5656493139676
 20
358.0721869668088
 30
0.0
 11
-323.4064079421306
 21
-35.95977698831453
 31
0.0
  0
HATCH
  5
4F3
330
4EF
100
AcDbEntity
  8
尺寸线层
 62
     0
100
AcDbHatch
 10
0.0
 20
0.0
 30
0.0
210
0.0
220
0.0
230
1.0
  2
SOLID
 70
     1
 71
     0
 91
        1
 92
        0
 93
        3
 72
     1
 10
-576.5656493139676
 20
358.0721869668088
 11
-573.9828468833385
 21
354.9771697448314
 72
     1
 10
-573.9828468833385
 20
354.9771697448314
 11
-574.8241681204601
 21
354.4366342918143
 72
     1
 10
-574.8241681204601
 20
354.4366342918143
 11
-576.5656493139676
 21
358.0721869668088
 97
        0
 75
     0
 76
     1
 98
        1
 10
0.0
 20
0.0
  0
HATCH
  5
4F4
330
4EF
100
AcDbEntity
  8
尺寸线层
 62
     0
100
AcDbHatch
 10
0.0
 20
0.0
 30
0.0
210
0.0
220
0.0
230
1.0
  2
SOLID
 70
     1
 71
     0
 91
        1
 92
        0
 93
        3
 72
     1
 10
-323.4064079421306
 20
-35.95977698831453
 11
-325.1478891356381
 21
-32.32422431332003
 72
     1
 10
-325.1478891356381
 20
-32.32422431332003
 11
-325.9892103727595
 21
-32.86475976633716
 72
     1
 10
-325.9892103727595
 20
-32.86475976633716
 11
-323.4064079421306
 21
-35.95977698831453
 97
        0
 75
     0
 76
     1
 98
        1
 10
0.0
 20
0.0
  0
LINE
  5
4F5
330
4EF
100
AcDbEntity
  8
尺寸线层
 62
     0
100
AcDbLine
 10
-541.6287639421935
 20
380.5185776297258
 30
0.0
 11
-578.2482917882105
 21
356.9911160607746
 31
0.0
  0
LINE
  5
4F6
330
4EF
100
AcDbEntity
  8
尺寸线层
 62
     0
100
AcDbLine
 10
-267.4364916423651
 20
0.0
 30
0.0
 11
-325.0890504163735
 21
-37.04084789434868
 31
0.0
  0
MTEXT
  5
4F7
330
4EF
100
AcDbEntity
  8
尺寸线层
 62
     0
100
AcDbMText
 10
-432.1508406515678
 20
172.5150277161001
 30
0.0
 40
3.5
 41
21.04962569832402
 46
7.0
 71
     5
 72
     1
  1
\T1.1;468.35
  7
标准
 11
0.5405354530170753
 21
-0.8413212371214845
 31
0.0
 73
     1
 44
1.150569886022795
1001
CAXA_DRAFT_TXTSCALE
1041
1.0
  0
ENDBLK
  5
4F1
330
4EF
100
AcDbEntity
  8
0
100
AcDbBlockEnd
  0
BLOCK
  5
4FA
330
4F9
100
AcDbEntity
  8
0
100
AcDbBlockBegin
  2
*X72
 70
     1
 10
0.0
 20
0.0
 30
0.0
  3
*X72
  1

  0
LINE
  5
4FC
330
4F9
100
AcDbEntity
  8
尺寸线层
 62
     0
100
AcDbLine
 10
-323.7118060814656
 20
520.5267413845911
 30
0.0
 11
-9.77762103959327
 21
31.90107315148035
 31
0.0
  0
HATCH
  5
4FD
330
4F9
100
AcDbEntity
  8
尺寸线层
 62
     0
100
AcDbHatch
 10
0.0
 20
0.0
 30
0.0
210
0.0
220
0.0
230
1.0
  2
SOLID
 70
     1
 71
     0
 91
        1
 92
        0
 93
        3
 72
     1
 10
-323.7118060814656
 20
520.5267413845911
 11
-321.1290036508366
 21
517.4317241626137
 72
     1
 10
-321.1290036508366
 20
517.4317241626137
 11
-321.9703248879581
 21
516.8911887095966
 72
     1
 10
-321.9703248879581
 20
516.8911887095966
 11
-323.7118060814656
 21
520.5267413845911
 97
        0
 75
     0
 76
     1
 98
        1
 10
0.0
 20
0.0
  0
HATCH
  5
4FE
330
4F9
100
AcDbEntity
  8
尺寸线层
 62
     0
100
AcDbHatch
 10
0.0
 20
0.0
 30
0.0
210
0.0
220
0.0
230
1.0
  2
SOLID
 70
     1
 71
     0
 91
        1
 92
        0
 93
        3
 72
     1
 10
-9.77762103959327
 20
31.90107315148035
 11
-11.51910223310074
 21
35.53662582647479
 72
     1
 10
-11.51910223310074
 20
35.53662582647479
 11
-12.36042347022226
 21
34.99609037345766
 72
     1
 10
-12.36042347022226
 20
34.99609037345766
 11
-9.77762103959327
 21
31.90107315148035
 97
        0
 75
     0
 76
     1
 98
        1
 10
0.0
 20
0.0
  0
LINE
  5
4FF
330
4F9
100
AcDbEntity
  8
尺寸线层
 62
     0
100
AcDbLine
 10
-331.2984546618245
 20
515.6524408839923
 30
0.0
 11
-322.0291636072226
 21
521.6078122906252
 31
0.0
  0
LINE
  5
500
330
4F9
100
AcDbEntity
  8
尺寸线层
 62
     0
100
AcDbLine
 10
-38.39730054803294
 20
13.51338632542684
 30
0.0
 11
-8.094978565350296
 21
32.98214405751449
 31
0.0
  0
MTEXT
  5
501
330
4F9
100
AcDbEntity
  8
尺寸线层
 62
     0
100
AcDbMText
 10
-148.9095255840493
 20
287.6727299948884
 30
0.0
 40
3.5
 41
20.91920670391062
 46
7.0
 71
     5
 72
     1
  1
\T1.1;580.78
  7
标准
 11
0.5405354530170715
 21
-0.8413212371214869
 31
0.0
 73
     1
 44
1.150569886022795
1001
CAXA_DRAFT_TXTSCALE
1041
1.0
  0
ENDBLK
  5
4FB
330
4F9
100
AcDbEntity
  8
0
100
AcDbBlockEnd
  0
BLOCK
  5
504
330
503
100
AcDbEntity
  8
0
100
AcDbBlockBegin
  2
*X73
 70
     1
 10
0.0
 20
0.0
 30
0.0
  3
*X73
  1

  0
LINE
  5
506
330
503
100
AcDbEntity
  8
尺寸线层
 62
     0
100
AcDbLine
 10
-412.9125633923386
 20
463.216679977528
 30
0.0
 11
-129.3658501854824
 21
21.88786388341276
 31
0.0
  0
HATCH
  5
507
330
503
100
AcDbEntity
  8
尺寸线层
 62
     0
100
AcDbHatch
 10
0.0
 20
0.0
 30
0.0
210
0.0
220
0.0
230
1.0
  2
SOLID
 70
     1
 71
     0
 91
        1
 92
        0
 93
        3
 72
     1
 10
-412.9125633923386
 20
463.216679977528
 11
-410.3297609617096
 21
460.1216627555506
 72
     1
 10
-410.3297609617096
 20
460.1216627555506
 11
-411.171082198831
 21
459.5811273025335
 72
     1
 10
-411.171082198831
 20
459.5811273025335
 11
-412.9125633923386
 21
463.216679977528
 97
        0
 75
     0
 76
     1
 98
        1
 10
0.0
 20
0.0
  0
HATCH
  5
508
330
503
100
AcDbEntity
  8
尺寸线层
 62
     0
100
AcDbHatch
 10
0.0
 20
0.0
 30
0.0
210
0.0
220
0.0
230
1.0
  2
SOLID
 70
     1
 71
     0
 91
        1
 92
        0
 93
        3
 72
     1
 10
-129.3658501854824
 20
21.88786388341276
 11
-131.1073313789899
 21
25.52341655840706
 72
     1
 10
-131.1073313789899
 20
25.52341655840706
 11
-131.9486526161114
 21
24.98288110538994
 72
     1
 10
-131.9486526161114
 20
24.98288110538994
 11
-129.3658501854824
 21
21.88786388341276
 97
        0
 75
     0
 76
     1
 98
        1
 10
0.0
 20
0.0
  0
LINE
  5
509
330
503
100
AcDbEntity
  8
尺寸线层
 62
     0
100
AcDbLine
 10
-414.9437074746129
 20
461.9117023563621
 30
0.0
 11
-411.2299209180956
 21
464.2977508835621
 31
0.0
  0
LINE
  5
50A
330
503
100
AcDbEntity
  8
尺寸线层
 62
     0
100
AcDbLine
 10
-142.4003806311816
 20
13.51338632542684
 30
0.0
 11
-127.6832077112395
 21
22.96893478944691
 31
0.0
  0
MTEXT
  5
50B
330
503
100
AcDbEntity
  8
尺寸线层
 62
     0
100
AcDbMText
 10
-253.3040188124298
 20
254.0110946573236
 30
0.0
 40
3.5
 41
20.91920670391069
 46
7.0
 71
     5
 72
     1
  1
\T1.1;524.57
  7
标准
 11
0.5405354530170767
 21
-0.8413212371214835
 31
0.0
 73
     1
 44
1.150569886022795
1001
CAXA_DRAFT_TXTSCALE
1041
1.0
  0
ENDBLK
  5
505
330
503
100
AcDbEntity
  8
0
100
AcDbBlockEnd
  0
ENDSEC
  0
SECTION
  2
ENTITIES
  0
INSERT
  5
120
330
1F
100
AcDbEntity
  8
粗实线层
 62
     7
100
AcDbBlockReference
  2
*X2
 10
1889.999999999999
 20
1336.5
 30
0.0
 41
8.999999999999996
 42
8.999999999999998
 43
9.0
1001
CAXA_DRAFT_BLKHIDE
1070
     0
  0
INSERT
  5
12C
330
1F
100
AcDbEntity
  8
粗实线层
 62
     7
100
AcDbBlockReference
 66
     1
  2
*X3
 10
3689.999999999998
 20
90.00000000000159
 30
0.0
 41
8.999999999999996
 42
8.999999999999998
 43
9.0
1001
CAXA_DRAFT_BLKHIDE
1070
     0
  0
ATTRIB
  5
18E
330
12C
100
AcDbEntity
  8
尺寸线层
 62
     0
100
AcDbText
 10
2110.499999999999
 20
472.5000000000034
 30
0.0
 40
90.0
  1

 41
0.667
  7
机械
 72
     1
 11
2110.499999999999
 21
517.5000000000034
 31
0.0
100
AcDbAttribute
  2
标记4
 70
     0
 74
     2
280
     0
 71
     1
 72
     0
 11
2110.499999999999
 21
517.5000000000034
 31
0.0
1001
CAXA_DRAFT_ATTRIBUTE_2PT
1070
     1
1041
62.99999999999998
1041
27.00000000000026
  0
ATTRIB
  5
18F
330
12C
100
AcDbEntity
  8
尺寸线层
 62
     0
100
AcDbText
 10
2110.499999999999
 20
427.5000000000034
 30
0.0
 40
90.0
  1

 41
0.667
  7
机械
 72
     1
 11
2110.499999999999
 21
472.5000000000034
 31
0.0
100
AcDbAttribute
  2
标记3
 70
     0
 74
     2
280
     0
 71
     1
 72
     0
 11
2110.499999999999
 21
472.5000000000034
 31
0.0
1001
CAXA_DRAFT_ATTRIBUTE_2PT
1070
     1
1041
63.00000000000023
1041
27.00000000000013
  0
ATTRIB
  5
190
330
12C
100
AcDbEntity
  8
尺寸线层
 62
     0
100
AcDbText
 10
2110.499999999999
 20
337.5000000000034
 30
0.0
 40
90.0
  1

 41
0.667
  7
机械
 72
     1
 11
2110.499999999999
 21
382.5000000000034
 31
0.0
100
AcDbAttribute
  2
标记1
 70
     0
 74
     2
280
     0
 71
     1
 72
     0
 11
2110.499999999999
 21
382.5000000000034
 31
0.0
1001
CAXA_DRAFT_ATTRIBUTE_2PT
1070
     1
1041
63.00000000000023
1041
27.00000000000013
  0
ATTRIB
  5
191
330
12C
100
AcDbEntity
  8
尺寸线层
 62
     0
100
AcDbText
 10
2191.500000000001
 20
337.5000000000034
 30
0.0
 40
90.0
  1

 41
0.667
  7
机械
 72
     1
 11
2191.500000000001
 21
382.5000000000034
 31
0.0
100
AcDbAttribute
  2
处数A
 70
     0
 74
     2
280
     0
 71
     1
 72
     0
 11
2191.500000000001
 21
382.5000000000034
 31
0.0
1001
CAXA_DRAFT_ATTRIBUTE_2PT
1070
     1
1041
62.99999999999998
1041
27.00000000000026
  0
ATTRIB
  5
192
330
12C
100
AcDbEntity
  8
尺寸线层
 62
     0
100
AcDbText
 10
2191.500000000001
 20
382.5000000000034
 30
0.0
 40
90.0
  1

 41
0.667
  7
机械
 72
     1
 11
2191.500000000001
 21
427.5000000000034
 31
0.0
100
AcDbAttribute
  2
处数B
 70
     0
 74
     2
280
     0
 71
     1
 72
     0
 11
2191.500000000001
 21
427.5000000000034
 31
0.0
1001
CAXA_DRAFT_ATTRIBUTE_2PT
1070
     1
1041
62.99999999999998
1041
27.00000000000026
  0
ATTRIB
  5
193
330
12C
100
AcDbEntity
  8
尺寸线层
 62
     0
100
AcDbText
 10
2191.500000000001
 20
427.5000000000034
 30
0.0
 40
90.0
  1

 41
0.667
  7
机械
 72
     1
 11
2191.500000000001
 21
472.5000000000034
 31
0.0
100
AcDbAttribute
  2
处数C
 70
     0
 74
     2
280
     0
 71
     1
 72
     0
 11
2191.500000000001
 21
472.5000000000034
 31
0.0
1001
CAXA_DRAFT_ATTRIBUTE_2PT
1070
     1
1041
62.99999999999998
1041
27.00000000000026
  0
ATTRIB
  5
194
330
12C
100
AcDbEntity
  8
尺寸线层
 62
     0
100
AcDbText
 10
2191.500000000001
 20
472.5000000000034
 30
0.0
 40
90.0
  1

 41
0.667
  7
机械
 72
     1
 11
2191.500000000001
 21
517.5000000000034
 31
0.0
100
AcDbAttribute
  2
处数D
 70
     0
 74
     2
280
     0
 71
     1
 72
     0
 11
2191.500000000001
 21
517.5000000000034
 31
0.0
1001
CAXA_DRAFT_ATTRIBUTE_2PT
1070
     1
1041
62.99999999999998
1041
27.00000000000013
  0
ATTRIB
  5
195
330
12C
100
AcDbEntity
  8
尺寸线层
 62
     0
100
AcDbText
 10
2312.999999999999
 20
337.5000000000034
 30
0.0
 40
90.0
  1

 41
0.667
  7
机械
 72
     1
 11
2312.999999999999
 21
382.5000000000034
 31
0.0
100
AcDbAttribute
  2
更改文件1
 70
     0
 74
     2
280
     0
 71
     1
 72
     0
 11
2312.999999999999
 21
382.5000000000034
 31
0.0
1001
CAXA_DRAFT_ATTRIBUTE_2PT
1070
     1
1041
143.9999999999999
1041
27.00000000000013
  0
ATTRIB
  5
196
330
12C
100
AcDbEntity
  8
尺寸线层
 62
     0
100
AcDbText
 10
2312.999999999999
 20
382.5000000000034
 30
0.0
 40
90.0
  1

 41
0.667
  7
机械
 72
     1
 11
2312.999999999999
 21
427.5000000000034
 31
0.0
100
AcDbAttribute
  2
更改文件2
 70
     0
 74
     2
280
     0
 71
     1
 72
     0
 11
2312.999999999999
 21
427.5000000000034
 31
0.0
1001
CAXA_DRAFT_ATTRIBUTE_2PT
1070
     1
1041
144.0000000000003
1041
27.00000000000013
  0
ATTRIB
  5
197
330
12C
100
AcDbEntity
  8
尺寸线层
 62
     0
100
AcDbText
 10
2312.999999999999
 20
427.5000000000034
 30
0.0
 40
90.0
  1

 41
0.667
  7
机械
 72
     1
 11
2312.999999999999
 21
472.5000000000034
 31
0.0
100
AcDbAttribute
  2
更改文件3
 70
     0
 74
     2
280
     0
 71
     1
 72
     0
 11
2312.999999999999
 21
472.5000000000034
 31
0.0
1001
CAXA_DRAFT_ATTRIBUTE_2PT
1070
     1
1041
143.9999999999999
1041
27.00000000000026
  0
ATTRIB
  5
198
330
12C
100
AcDbEntity
  8
尺寸线层
 62
     0
100
AcDbText
 10
2312.999999999999
 20
472.5000000000034
 30
0.0
 40
90.0
  1

 41
0.667
  7
机械
 72
     1
 11
2312.999999999999
 21
517.5000000000034
 31
0.0
100
AcDbAttribute
  2
更改文件4
 70
     0
 74
     2
280
     0
 71
     1
 72
     0
 11
2312.999999999999
 21
517.5000000000034
 31
0.0
1001
CAXA_DRAFT_ATTRIBUTE_2PT
1070
     1
1041
144.0000000000003
1041
27.00000000000026
  0
ATTRIB
  5
199
330
12C
100
AcDbEntity
  8
尺寸线层
 62
     0
100
AcDbText
 10
2457.0
 20
337.5000000000034
 30
0.0
 40
90.0
  1

 41
0.667
  7
机械
 72
     1
 11
2457.0
 21
382.5000000000034
 31
0.0
100
AcDbAttribute
  2
签名1
 70
     0
 74
     2
280
     0
 71
     1
 72
     0
 11
2457.0
 21
382.5000000000034
 31
0.0
1001
CAXA_DRAFT_ATTRIBUTE_2PT
1070
     1
1041
108.0
1041
27.00000000000013
  0
ATTRIB
  5
19A
330
12C
100
AcDbEntity
  8
尺寸线层
 62
     0
100
AcDbText
 10
2457.0
 20
382.5000000000034
 30
0.0
 40
90.0
  1

 41
0.667
  7
机械
 72
     1
 11
2457.0
 21
427.5000000000034
 31
0.0
100
AcDbAttribute
  2
签名2
 70
     0
 74
     2
280
     0
 71
     1
 72
     0
 11
2457.0
 21
427.5000000000034
 31
0.0
1001
CAXA_DRAFT_ATTRIBUTE_2PT
1070
     1
1041
108.0
1041
27.00000000000013
  0
ATTRIB
  5
19B
330
12C
100
AcDbEntity
  8
尺寸线层
 62
     0
100
AcDbText
 10
2457.0
 20
427.5000000000016
 30
0.0
 40
90.0
  1

 41
0.667
  7
机械
 72
     1
 11
2457.0
 21
472.5000000000016
 31
0.0
100
AcDbAttribute
  2
签名3
 70
     0
 74
     2
280
     0
 71
     1
 72
     0
 11
2457.0
 21
472.5000000000016
 31
0.0
1001
CAXA_DRAFT_ATTRIBUTE_2PT
1070
     1
1041
108.0
1041
27.00000000000026
  0
ATTRIB
  5
19C
330
12C
100
AcDbEntity
  8
尺寸线层
 62
     0
100
AcDbText
 10
2457.0
 20
472.5000000000016
 30
0.0
 40
90.0
  1

 41
0.667
  7
机械
 72
     1
 11
2457.0
 21
517.5000000000016
 31
0.0
100
AcDbAttribute
  2
签名4
 70
     0
 74
     2
280
     0
 71
     1
 72
     0
 11
2457.0
 21
517.5000000000016
 31
0.0
1001
CAXA_DRAFT_ATTRIBUTE_2PT
1070
     1
1041
108.0
1041
27.00000000000013
  0
ATTRIB
  5
19D
330
12C
100
AcDbEntity
  8
尺寸线层
 62
     0
100
AcDbText
 10
2564.999999999999
 20
472.5000000000034
 30
0.0
 40
90.0
  1

 41
0.667
  7
机械
 72
     1
 11
2564.999999999999
 21
517.5000000000034
 31
0.0
100
AcDbAttribute
  2
日期
 70
     0
 74
     2
280
     0
 71
     1
 72
     0
 11
2564.999999999999
 21
517.5000000000034
 31
0.0
1001
CAXA_DRAFT_ATTRIBUTE_2PT
1070
     1
1041
71.99999999999997
1041
27.00000000000013
  0
ATTRIB
  5
19E
330
12C
100
AcDbEntity
  8
尺寸线层
 62
     0
100
AcDbText
 10
2564.999999999999
 20
427.5000000000034
 30
0.0
 40
90.0
  1

 41
0.667
  7
机械
 72
     1
 11
2564.999999999999
 21
472.5000000000034
 31
0.0
100
AcDbAttribute
  2
日期
 70
     0
 74
     2
280
     0
 71
     1
 72
     0
 11
2564.999999999999
 21
472.5000000000034
 31
0.0
1001
CAXA_DRAFT_ATTRIBUTE_2PT
1070
     1
1041
71.99999999999997
1041
27.0
  0
ATTRIB
  5
19F
330
12C
100
AcDbEntity
  8
尺寸线层
 62
     0
100
AcDbText
 10
2564.999999999999
 20
382.5000000000034
 30
0.0
 40
90.0
  1

 41
0.667
  7
机械
 72
     1
 11
2564.999999999999
 21
427.5000000000034
 31
0.0
100
AcDbAttribute
  2
日期
 70
     0
 74
     2
280
     0
 71
     1
 72
     0
 11
2564.999999999999
 21
427.5000000000034
 31
0.0
1001
CAXA_DRAFT_ATTRIBUTE_2PT
1070
     1
1041
71.99999999999997
1041
27.0
  0
ATTRIB
  5
1A0
330
12C
100
AcDbEntity
  8
尺寸线层
 62
     0
100
AcDbText
 10
2564.999999999999
 20
337.5000000000034
 30
0.0
 40
90.0
  1

 41
0.667
  7
机械
 72
     1
 11
2564.999999999999
 21
382.5000000000034
 31
0.0
100
AcDbAttribute
  2
日期
 70
     0
 74
     2
280
     0
 71
     1
 72
     0
 11
2564.999999999999
 21
382.5000000000034
 31
0.0
1001
CAXA_DRAFT_ATTRIBUTE_2PT
1070
     1
1041
71.99999999999997
1041
27.0
  0
ATTRIB
  5
1A1
330
12C
100
AcDbEntity
  8
尺寸线层
 62
     0
100
AcDbText
 10
2272.499999999999
 20
247.5000000000034
 30
0.0
 40
90.0
  1

 41
0.667
  7
机械
 72
     1
 11
2272.499999999999
 21
292.5000000000034
 31
0.0
100
AcDbAttribute
  2
设计
 70
     0
 74
     2
280
     0
 71
     1
 72
     0
 11
2272.499999999999
 21
292.5000000000034
 31
0.0
1001
CAXA_DRAFT_ATTRIBUTE_2PT
1070
     1
1041
117.0
1041
27.00000000000013
  0
ATTRIB
  5
1A2
330
12C
100
AcDbEntity
  8
尺寸线层
 62
     0
100
AcDbText
 10
2272.499999999999
 20
202.5000000000034
 30
0.0
 40
90.0
  1

 41
0.667
  7
机械
 72
     1
 11
2272.499999999999
 21
247.5000000000034
 31
0.0
100
AcDbAttribute
  2
制图
 70
     0
 74
     2
280
     0
 71
     1
 72
     0
 11
2272.499999999999
 21
247.5000000000034
 31
0.0
1001
CAXA_DRAFT_ATTRIBUTE_2PT
1070
     1
1041
117.0
1041
27.0
  0
ATTRIB
  5
1A3
330
12C
100
AcDbEntity
  8
尺寸线层
 62
     0
100
AcDbText
 10
2272.499999999999
 20
157.5000000000034
 30
0.0
 40
90.0
  1

 41
0.667
  7
机械
 72
     1
 11
2272.499999999999
 21
202.5000000000034
 31
0.0
100
AcDbAttribute
  2
审核
 70
     0
 74
     2
280
     0
 71
     1
 72
     0
 11
2272.499999999999
 21
202.5000000000034
 31
0.0
1001
CAXA_DRAFT_ATTRIBUTE_2PT
1070
     1
1041
117.0000000000002
1041
27.0
  0
ATTRIB
  5
1A4
330
12C
100
AcDbEntity
  8
尺寸线层
 62
     0
100
AcDbText
 10
2542.499999999999
 20
247.5000000000034
 30
0.0
 40
90.0
  1

 41
0.667
  7
机械
 72
     1
 11
2542.499999999999
 21
292.5000000000034
 31
0.0
100
AcDbAttribute
  2
日期
 70
     0
 74
     2
280
     0
 71
     1
 72
     0
 11
2542.499999999999
 21
292.5000000000034
 31
0.0
1001
CAXA_DRAFT_ATTRIBUTE_2PT
1070
     1
1041
117.0
1041
27.0
  0
ATTRIB
  5
1A5
330
12C
100
AcDbEntity
  8
尺寸线层
 62
     0
100
AcDbText
 10
2542.499999999999
 20
202.5000000000034
 30
0.0
 40
90.0
  1

 41
0.667
  7
机械
 72
     1
 11
2542.499999999999
 21
247.5000000000034
 31
0.0
100
AcDbAttribute
  2
日期
 70
     0
 74
     2
280
     0
 71
     1
 72
     0
 11
2542.499999999999
 21
247.5000000000034
 31
0.0
1001
CAXA_DRAFT_ATTRIBUTE_2PT
1070
     1
1041
117.0
1041
27.00000000000013
  0
ATTRIB
  5
1A6
330
12C
100
AcDbEntity
  8
尺寸线层
 62
     0
100
AcDbText
 10
2542.499999999999
 20
157.5000000000034
 30
0.0
 40
90.0
  1

 41
0.667
  7
机械
 72
     1
 11
2542.499999999999
 21
202.5000000000034
 31
0.0
100
AcDbAttribute
  2
日期
 70
     0
 74
     2
280
     0
 71
     1
 72
     0
 11
2542.499999999999
 21
202.5000000000034
 31
0.0
1001
CAXA_DRAFT_ATTRIBUTE_2PT
1070
     1
1041
117.0
1041
27.0
  0
ATTRIB
  5
1A7
330
12C
100
AcDbEntity
  8
尺寸线层
 62
     0
100
AcDbText
 10
2542.499999999999
 20
70.71119826142947
 30
0.0
 40
90.0
  1

 41
0.667
  7
机械
 72
     1
 11
2542.499999999999
 21
115.7111982614295
 31
0.0
100
AcDbAttribute
  2
日期
 70
     0
 74
     2
280
     0
 71
     1
 72
     0
 11
2542.499999999999
 21
115.7111982614295
 31
0.0
1001
CAXA_DRAFT_ATTRIBUTE_2PT
1070
     1
1041
117.0
1041
27.0
  0
ATTRIB
  5
1A8
330
12C
100
AcDbEntity
  8
尺寸线层
 62
     0
100
AcDbText
 10
2636.449102124999
 20
159.6590909090943
 30
0.0
 40
40.68181818181818
  1
Q355B
 41
0.564516
  7
机械
 72
     1
 11
2677.499999999999
 21
180.0000000000034
 31
0.0
100
AcDbAttribute
  2
材料
 70
     0
 74
     2
280
     0
 71
     1
 72
     0
 11
2677.499999999999
 21
180.0000000000034
 31
0.0
1001
CAXA_DRAFT_ATTRIBUTE_2PT
1070
     1
1041
90.0
1041
45.0
  0
ATTRIB
  5
1A9
330
12C
100
AcDbEntity
  8
尺寸线层
 62
     0
100
AcDbText
 10
2812.5
 20
135.0000000000034
 30
0.0
 40
90.0
  1

 41
0.667
  7
机械
 72
     1
 11
2812.5
 21
180.0000000000034
 31
0.0
100
AcDbAttribute
  2
数量
 70
     0
 74
     2
280
     0
 71
     1
 72
     0
 11
2812.5
 21
180.0000000000034
 31
0.0
1001
CAXA_DRAFT_ATTRIBUTE_2PT
1070
     1
1041
90.0
1041
45.0
  0
ATTRIB
  5
1AA
330
12C
100
AcDbEntity
  8
尺寸线层
 62
     0
100
AcDbText
 10
2947.499999999999
 20
135.0000000000034
 30
0.0
 40
90.0
  1

 41
0.667
  7
机械
 72
     1
 11
2947.499999999999
 21
180.0000000000034
 31
0.0
100
AcDbAttribute
  2
重量
 70
     0
 74
     2
280
     0
 71
     1
 72
     0
 11
2947.499999999999
 21
180.0000000000034
 31
0.0
1001
CAXA_DRAFT_ATTRIBUTE_2PT
1070
     1
1041
90.0
1041
45.0
  0
ATTRIB
  5
1AB
330
12C
100
AcDbEntity
  8
尺寸线层
 62
     0
100
AcDbText
 10
3510.0
 20
101.2500000000034
 30
0.0
 40
90.0
  1

 41
0.667
  7
机械
 72
     1
 11
3510.0
 21
146.2500000000034
 31
0.0
100
AcDbAttribute
  2
图纸编号
 70
     0
 74
     2
280
     0
 71
     1
 72
     0
 11
3510.0
 21
146.2500000000034
 31
0.0
1001
CAXA_DRAFT_ATTRIBUTE_2PT
1070
     1
1041
297.0
1041
49.5
  0
ATTRIB
  5
1AC
330
12C
100
AcDbEntity
  8
尺寸线层
 62
     0
100
AcDbText
 10
3464.854521875
 20
239.8173076923093
 30
0.0
 40
37.86538461538462
  1
节点1
 41
0.667
  7
机械
 72
     1
 11
3510.0
 21
258.7500000000016
 31
0.0
100
AcDbAttribute
  2
产品型号
 70
     0
 74
     2
280
     0
 71
     1
 72
     0
 11
3510.0
 21
258.7500000000016
 31
0.0
1001
CAXA_DRAFT_ATTRIBUTE_2PT
1070
     1
1041
297.0
1041
49.5
  0
ATTRIB
  5
1AD
330
12C
100
AcDbEntity
  8
尺寸线层
 62
     0
100
AcDbText
 10
3429.766770522152
 20
352.5569620253181
 30
0.0
 40
37.38607594936708
  1
BRB连接件
 41
0.667
  7
机械
 72
     1
 11
3510.0
 21
371.2500000000016
 31
0.0
100
AcDbAttribute
  2
零件名称
 70
     0
 74
     2
280
     0
 71
     1
 72
     0
 11
3510.0
 21
371.2500000000016
 31
0.0
1001
CAXA_DRAFT_ATTRIBUTE_2PT
1070
     1
1041
297.0
1041
49.5
  0
ATTRIB
  5
1AE
330
12C
100
AcDbEntity
  8
尺寸线层
 62
     0
100
AcDbText
 10
3366.14921693617
 20
464.8978723404271
 30
0.0
 40
37.70425531914903
  1
和田涉密医院项目
 41
0.667
  7
机械
 72
     1
 11
3510.0
 21
483.7500000000016
 31
0.0
100
AcDbAttribute
  2
项目名称
 70
     0
 74
     2
280
     0
 71
     1
 72
     0
 11
3510.0
 21
483.7500000000016
 31
0.0
1001
CAXA_DRAFT_ATTRIBUTE_2PT
1070
     1
1041
297.0
1041
49.50000000000013
  0
ATTRIB
  5
1AF
330
12C
100
AcDbEntity
  8
尺寸线层
 62
     0
100
AcDbText
 10
3050.308912499999
 20
157.5000000000034
 30
0.0
 40
45.00000000000002
  1
1:9
 41
0.667
  7
机械
 72
     1
 11
3082.499999999999
 21
180.0000000000034
 31
0.0
100
AcDbAttribute
  2
比例
 70
     0
 74
     2
280
     0
 71
     1
 72
     0
 11
3082.499999999999
 21
180.0000000000034
 31
0.0
1001
CAXA_DRAFT_ATTRIBUTE_2PT
1070
     1
1041
90.0
1041
45.00000000000002
  0
ATTRIB
  5
1B0
330
12C
100
AcDbEntity
  8
尺寸线层
 62
     0
100
AcDbText
 10
2110.499999999999
 20
382.5000000000034
 30
0.0
 40
90.0
  1

 41
0.667
  7
机械
 72
     1
 11
2110.499999999999
 21
427.5000000000034
 31
0.0
100
AcDbAttribute
  2
标记2
 70
     0
 74
     2
280
     0
 71
     1
 72
     0
 11
2110.499999999999
 21
427.5000000000034
 31
0.0
1001
CAXA_DRAFT_ATTRIBUTE_2PT
1070
     1
1041
63.00000000000023
1041
27.00000000000013
  0
SEQEND
  5
1B1
330
12C
100
AcDbEntity
  8
粗实线层
 62
     7
  0
LINE
  5
1B2
330
1F
100
AcDbEntity
  8
0
100
AcDbLine
 10
933.2799540683575
 20
722.3170930061294
 30
0.0
 11
933.2799540683575
 21
953.6178292498205
 31
0.0
  0
LINE
  5
1B3
330
1F
100
AcDbEntity
  8
0
100
AcDbLine
 10
811.8987749160681
 20
634.1887244304796
 30
0.0
 11
604.6939507513255
 21
634.1887244304796
 31
0.0
  0
LINE
  5
1B4
330
1F
100
AcDbEntity
  8
0
100
AcDbLine
 10
276.1079474342934
 20
722.3170930061294
 30
0.0
 11
276.1079474342934
 21
953.6178292498205
 31
0.0
  0
LINE
  5
1B5
330
1F
100
AcDbEntity
  8
0
100
AcDbLine
 10
397.4891265865829
 20
634.1887244304796
 30
0.0
 11
604.6939507513255
 21
634.1887244304796
 31
0.0
  0
LINE
  5
1B6
330
1F
100
AcDbEntity
  8
中心线层
100
AcDbLine
 10
604.6939507513255
 20
955.117829249835
 30
0.0
 11
604.6939507515601
 21
632.6887244304942
 31
0.0
  0
LINE
  5
1B7
330
1F
100
AcDbEntity
  8
0
100
AcDbLine
 10
276.1079474349919
 20
722.3170930056638
 30
0.0
 11
397.4891265865829
 21
634.1887244304796
 31
0.0
  0
LINE
  5
1B8
330
1F
100
AcDbEntity
  8
0
100
AcDbLine
 10
933.279954067659
 20
722.3170930056638
 30
0.0
 11
811.8987749160681
 21
634.1887244304796
 31
0.0
  0
LINE
  5
1B9
330
1F
100
AcDbEntity
  8
0
100
AcDbLine
 10
276.1079474342934
 20
953.6178292498205
 30
0.0
 11
933.2799540683575
 21
953.6178292498205
 31
0.0
  0
MTEXT
  5
1BA
330
1F
100
AcDbEntity
  8
尺寸线层
100
AcDbMText
 10
1196.640345956649
 20
1151.093701627085
 30
0.0
 40
45.0
 41
102.0174636871509
 46
45.0
 71
     2
 72
     1
  1
\T1.1;B-B 
  7
标准
 73
     1
 44
1.150569886022795
1001
CAXA_DRAFT_TXTSCALE
1041
15.0
  0
LINE
  5
1BB
330
1F
100
AcDbEntity
  8
0
100
AcDbLine
 10
1218.649971632198
 20
953.617829249866
 30
0.0
 11
1218.649971632198
 21
654.7391043103323
 31
0.0
  0
LINE
  5
1BC
330
1F
100
AcDbEntity
  8
0
100
AcDbLine
 10
1216.649971632198
 20
953.6178292498205
 30
0.0
 11
1218.649971632198
 21
953.6178292498205
 31
0.0
  0
LINE
  5
1BD
330
1F
100
AcDbEntity
  8
0
100
AcDbLine
 10
1217.649971632197
 20
654.7391043103323
 30
0.0
 11
1218.649971632198
 21
654.7391043103323
 31
0.0
  0
LINE
  5
1BE
330
1F
100
AcDbEntity
  8
0
100
AcDbLine
 10
1193.694318247699
 20
930.6621758653689
 30
0.0
 11
1193.694318247699
 21
678.6947576948312
 31
0.0
  0
LINE
  5
1BF
330
1F
100
AcDbEntity
  8
0
100
AcDbLine
 10
1217.649971632198
 20
654.7391043103323
 30
0.0
 11
1218.649971632198
 21
654.7391043103323
 31
0.0
  0
DIMENSION
  5
1CA
330
1F
100
AcDbEntity
  8
尺寸线层
100
AcDbDimension
280
     0
  2
*X4
 10
1218.630306706876
 20
611.8074012848244
 30
0.0
 11
1261.830425921963
 21
629.4732532401317
 31
0.0
 70
   160
  1
2
 71
     5
 42
-1.0
 73
     0
 74
     0
 75
     0
  3
标准
100
AcDbAlignedDimension
 13
1217.630306706875
 23
654.7391043103323
 33
0.0
 14
1218.630306706876
 24
654.7391043103323
 34
0.0
100
AcDbRotatedDimension
1001
CX_DbAnnotate_TxtLocPara
1041
0.0
1001
CX_DbAnnotate_SimDimOriTxt
1070
     0
1001
CAXA_DRAFT_DIMARROWREVERSE
1070
     0
1001
ACAD
1000
DSTYLE
1002
{
1070
    69
1070
     1
1070
   173
1070
     1
1070
    40
1040
0.5
1070
   146
1040
1.0
1070
   284
1070
     0
1002
}
1001
CAXA_DRAFT_DIMARCLENSTYLE
1070
     1
1001
CAXA_DRAFT_DDTSTY_2011R3
1070
     0
1001
ACAD_DSTYLE_DIMINSPECT
1070
   396
1000

1070
   395
1000

1070
   394
1070
     0
1070
   393
1070
     0
1001
CX_DBDIM_TXTFRAME
1070
     0
1070
     0
1001
CDRAFT_DIM_STD_REV_NAME
1000
GB
1000
*DIMSTD
1000

  0
INSERT
  5
1D6
330
1F
100
AcDbEntity
  8
尺寸线层
100
AcDbBlockReference
  2
*X5
 10
855.3211969595857
 20
591.7039005238128
 30
0.0
1001
CAXA_DRAFT_CUTS
1070
     0
1070
     0
1041
0.0
1000
标准
1041
855.3211969595857
1041
1041.457325181154
1041
0.0
1041
855.3211969595857
1041
591.7039005238128
1041
0.0
1070
     2
1041
855.3211969595857
1041
1041.457325181154
1041
0.0
1041
855.3211969595857
1041
591.7039005238128
1041
0.0
1070
     2
1000
B
1041
900.5760309555246
1041
1086.712159177094
1041
0.0
1000
B
1041
900.5760309555246
1041
546.4490665278734
1041
0.0
1041
8.0
1071
        0
1071
        0
1071
        0
1001
CDRAFT_DIM_STD_REV_NAME
1000
GB
1000
*CUTSSTD
1000
GB/T 17452-1998
1001
CAXA_DRAFT_CUTS_LABLEDATA
1070
     1
1070
     0
1070
     0
1071
        1
  0
INSERT
  5
1E2
330
1F
100
AcDbEntity
  8
尺寸线层
100
AcDbBlockReference
  2
*X6
 10
330.6088681926887
 20
591.7039005238128
 30
0.0
1001
CAXA_DRAFT_CUTS
1070
     0
1070
     0
1041
0.0
1000
标准
1041
330.6088681926887
1041
1041.457325181154
1041
0.0
1041
330.6088681926887
1041
591.7039005238128
1041
0.0
1070
     2
1041
330.6088681926887
1041
1041.457325181154
1041
0.0
1041
330.6088681926887
1041
591.7039005238128
1041
0.0
1070
     2
1000
B
1041
375.8637021886263
1041
1086.712159177094
1041
0.0
1000
B
1041
375.8637021886263
1041
546.4490665278734
1041
0.0
1041
8.0
1071
        0
1071
        0
1071
        0
1001
CDRAFT_DIM_STD_REV_NAME
1000
GB
1000
*CUTSSTD
1000
GB/T 17452-1998
1001
CAXA_DRAFT_CUTS_LABLEDATA
1070
     1
1070
     0
1070
     0
1071
        1
  0
MTEXT
  5
1E3
330
1F
100
AcDbEntity
  8
尺寸线层
100
AcDbMText
 10
1618.158000838719
 20
563.3272968696017
 30
0.0
 40
52.5
 41
1080.058649003158
 46
105.4725703146687
 71
     1
 72
     1
  1
\T1.1;翼板坡口示意图
  7
标准
 73
     1
 44
1.150569886022795
1001
CAXA_DRAFT_TXTSCALE
1041
15.0
  0
MTEXT
  5
1E4
330
1F
100
AcDbEntity
  8
尺寸线层
100
AcDbMText
 10
504.8796933048163
 20
464.908434775314
 30
0.0
 40
45.0
 41
1197.207349737309
 46
105.4725703146669
 71
     1
 72
     1
  1
\T1.1;连接板坡口示意图
  7
标准
 73
     1
 44
1.150569886022795
1001
CAXA_DRAFT_TXTSCALE
1041
15.0
  0
LINE
  5
1E5
330
1F
100
AcDbEntity
  8
粗实线层
100
AcDbLine
 10
1217.649971632197
 20
654.7391043103323
 30
0.0
 11
1193.694318247699
 21
678.6947576948312
 31
0.0
  0
DIMENSION
  5
1F0
330
1F
100
AcDbEntity
  8
尺寸线层
100
AcDbDimension
280
     0
  2
*X7
 10
1193.694318247699
 20
678.6947576948312
 30
0.0
 11
1162.768236711596
 21
677.4718632410111
 31
0.0
 70
    34
 71
     5
 42
-1.0
 73
     0
 74
     0
 75
     0
  3
标准
100
AcDb2LineAngularDimension
 13
1217.649971632198
 23
654.7391043103323
 33
0.0
 14
1218.649971632198
 24
654.7391043103323
 34
0.0
 15
1217.649971632197
 25
654.7391043103323
 35
0.0
 16
1162.768236711596
 26
677.4718632410111
 36
0.0
1001
CAXA_DRAFT_DIMARROWREVERSE
1070
     0
1001
ACAD
1000
DSTYLE
1002
{
1070
    69
1070
     1
1070
   284
1070
     8
1070
   173
1070
     1
1070
    77
1070
     0
1070
   272
1070
     2
1070
    73
1070
     1
1070
    74
1070
     1
1002
}
1001
CAXA_DRAFT_DIMARCLENSTYLE
1070
     1
1001
CAXA_DRAFT_DDTSTY_2011R3
1070
     0
1001
ACAD_DSTYLE_DIMINSPECT
1070
   396
1000

1070
   395
1000

1070
   394
1070
     0
1070
   393
1070
     0
1001
CX_DBDIM_TXTFRAME
1070
     0
1070
     0
1001
CDRAFT_DIM_STD_REV_NAME
1000
GB
1000
*DIMSTD
1000

1001
UserSetTxtLoc
1070
     0
1001
UserSetTxtLocType
1070
     0
  0
LINE
  5
1F1
330
1F
100
AcDbEntity
  8
粗实线层
100
AcDbLine
 10
2597.003113542342
 20
2120.645094111906
 30
0.0
 11
2597.003113542342
 21
1920.645094112853
 31
0.0
  0
LINE
  5
1F2
330
1F
100
AcDbEntity
  8
粗实线层
100
AcDbLine
 10
2597.00311354217
 20
1920.645094112853
 30
0.0
 11
2611.003113542342
 21
1920.645094112853
 31
0.0
  0
LINE
  5
1F3
330
1F
100
AcDbEntity
  8
粗实线层
100
AcDbLine
 10
2611.003113542342
 20
1920.645094113801
 30
0.0
 11
2611.003113542342
 21
2120.645094112855
 31
0.0
  0
LINE
  5
1F4
330
1F
100
AcDbEntity
  8
粗实线层
100
AcDbLine
 10
2611.003113542342
 20
2120.645094112855
 30
0.0
 11
2597.003113542342
 21
2120.645094112855
 31
0.0
  0
LINE
  5
1F5
330
1F
100
AcDbEntity
  8
粗实线层
100
AcDbLine
 10
3482.003113542342
 20
2120.645094111906
 30
0.0
 11
3482.003113542342
 21
1920.645094112851
 31
0.0
  0
LINE
  5
1F6
330
1F
100
AcDbEntity
  8
中心线层
100
AcDbLine
 10
3039.503113542342
 20
2120.645094111909
 30
0.0
 11
3039.503113542342
 21
1920.645094112851
 31
0.0
  0
LINE
  5
1F7
330
1F
100
AcDbEntity
  8
粗实线层
100
AcDbLine
 10
3468.003113542342
 20
1920.645094113799
 30
0.0
 11
3468.003113542342
 21
2120.645094112857
 31
0.0
  0
LINE
  5
1F8
330
1F
100
AcDbEntity
  8
粗实线层
100
AcDbLine
 10
3468.003113542342
 20
2120.645094112852
 30
0.0
 11
3482.003113542342
 21
2120.645094112852
 31
0.0
  0
LINE
  5
1F9
330
1F
100
AcDbEntity
  8
粗实线层
100
AcDbLine
 10
3482.003113541406
 20
1920.645094112851
 30
0.0
 11
3468.003113542342
 21
1920.645094112851
 31
0.0
  0
LINE
  5
1FA
330
1F
100
AcDbEntity
  8
中心线层
100
AcDbLine
 10
3486.39614584403
 20
2020.645094112853
 30
0.0
 11
2598.003113542342
 21
2020.645094112855
 31
0.0
  0
LINE
  5
1FB
330
1F
100
AcDbEntity
  8
粗实线层
100
AcDbLine
 10
3468.003113542342
 20
2033.145094112853
 30
0.0
 11
2611.003113542342
 21
2033.145094112855
 31
0.0
  0
LINE
  5
1FC
330
1F
100
AcDbEntity
  8
粗实线层
100
AcDbLine
 10
3468.003113542342
 20
2008.145094112853
 30
0.0
 11
2611.003113542342
 21
2008.145094112855
 31
0.0
  0
LINE
  5
1FD
330
1F
100
AcDbEntity
  8
粗实线层
100
AcDbLine
 10
2750.826125361961
 20
1920.645094113805
 30
0.0
 11
2750.826125361961
 21
2008.145094112855
 31
0.0
  0
LINE
  5
1FE
330
1F
100
AcDbEntity
  8
粗实线层
100
AcDbLine
 10
2750.826125361961
 20
2033.145094112855
 30
0.0
 11
2750.826125361961
 21
2120.645094112857
 31
0.0
  0
LINE
  5
1FF
330
1F
100
AcDbEntity
  8
粗实线层
100
AcDbLine
 10
2775.826125361961
 20
1920.645094113801
 30
0.0
 11
2775.826125361961
 21
2008.145094112855
 31
0.0
  0
LINE
  5
200
330
1F
100
AcDbEntity
  8
粗实线层
100
AcDbLine
 10
2775.826125361961
 20
2033.145094112855
 30
0.0
 11
2775.826125361961
 21
2120.645094112855
 31
0.0
  0
LINE
  5
201
330
1F
100
AcDbEntity
  8
粗实线层
100
AcDbLine
 10
2750.826125361961
 20
2033.145094112855
 30
0.0
 11
2750.826125361961
 21
2120.645094112857
 31
0.0
  0
LINE
  5
202
330
1F
100
AcDbEntity
  8
粗实线层
100
AcDbLine
 10
2750.826125362258
 20
2120.645094112855
 30
0.0
 11
2775.826125361961
 21
2120.645094112855
 31
0.0
  0
LINE
  5
203
330
1F
100
AcDbEntity
  8
粗实线层
100
AcDbLine
 10
2750.826125363368
 20
1920.645094112855
 30
0.0
 11
2775.826125361961
 21
1920.645094112855
 31
0.0
  0
LINE
  5
204
330
1F
100
AcDbEntity
  8
粗实线层
100
AcDbLine
 10
3032.503113541701
 20
2120.645094112855
 30
0.0
 11
3046.503113542342
 21
2120.645094112855
 31
0.0
  0
LINE
  5
205
330
1F
100
AcDbEntity
  8
粗实线层
100
AcDbLine
 10
3032.503113543922
 20
1920.645094112853
 30
0.0
 11
3046.503113542342
 21
1920.645094112853
 31
0.0
  0
LINE
  5
206
330
1F
100
AcDbEntity
  8
粗实线层
100
AcDbLine
 10
3032.503113542342
 20
2120.645094111906
 30
0.0
 11
3032.503113542342
 21
2033.145094112855
 31
0.0
  0
LINE
  5
207
330
1F
100
AcDbEntity
  8
粗实线层
100
AcDbLine
 10
3032.503113542343
 20
2008.145094112855
 30
0.0
 11
3032.503113542343
 21
1920.645094112853
 31
0.0
  0
LINE
  5
208
330
1F
100
AcDbEntity
  8
粗实线层
100
AcDbLine
 10
3046.503113542342
 20
2120.645094111906
 30
0.0
 11
3046.503113542342
 21
2033.145094112855
 31
0.0
  0
LINE
  5
209
330
1F
100
AcDbEntity
  8
粗实线层
100
AcDbLine
 10
3046.503113542342
 20
2008.145094112855
 30
0.0
 11
3046.503113542342
 21
1920.645094112853
 31
0.0
  0
TEXT
  5
20A
330
1F
100
AcDbEntity
  8
文字
100
AcDbText
 10
2920.381497061722
 20
1640.09090915845
 30
0.0
 40
40.0
  1
2-2示意图
 41
0.7
  7
TSSD_Num
 11
2920.381497061722
 21
1632.04715915845
 31
0.0
100
AcDbText
 73
     1
1001
CAXA_DRAFT_TXTSCALE
1041
1.0
  0
TEXT
  5
20B
330
1F
100
AcDbEntity
  8
文字
100
AcDbText
 10
2109.70153771332
 20
1640.57530918262
 30
0.0
 40
40.0
  1
1-1示意图
 41
0.7
  7
TSSD_Num
 11
2109.70153771332
 21
1632.53155918262
 31
0.0
100
AcDbText
 73
     1
1001
CAXA_DRAFT_TXTSCALE
1041
1.0
  0
LINE
  5
20C
330
1F
100
AcDbEntity
  8
粗实线层
100
AcDbLine
 10
2825.237084266096
 20
1920.645094113805
 30
0.0
 11
2825.237084266096
 21
2008.145094112855
 31
0.0
  0
LINE
  5
20D
330
1F
100
AcDbEntity
  8
粗实线层
100
AcDbLine
 10
2850.237084266096
 20
1920.645094113803
 30
0.0
 11
2850.237084266096
 21
2008.145094112853
 31
0.0
  0
LINE
  5
20E
330
1F
100
AcDbEntity
  8
粗实线层
100
AcDbLine
 10
2850.237084266094
 20
2033.145094112855
 30
0.0
 11
2850.237084266094
 21
2120.645094112855
 31
0.0
  0
LINE
  5
20F
330
1F
100
AcDbEntity
  8
粗实线层
100
AcDbLine
 10
2825.237084266094
 20
2033.145094112855
 30
0.0
 11
2825.237084266094
 21
2120.645094112855
 31
0.0
  0
LINE
  5
210
330
1F
100
AcDbEntity
  8
粗实线层
100
AcDbLine
 10
2825.23708426528
 20
2120.645094112855
 30
0.0
 11
2850.237084266096
 21
2120.645094112855
 31
0.0
  0
LINE
  5
211
330
1F
100
AcDbEntity
  8
粗实线层
100
AcDbLine
 10
2825.237084267503
 20
1920.645094112855
 30
0.0
 11
2850.237084266096
 21
1920.645094112855
 31
0.0
  0
LINE
  5
212
330
1F
100
AcDbEntity
  8
粗实线层
100
AcDbLine
 10
2924.648043170228
 20
1920.645094113801
 30
0.0
 11
2924.648043170228
 21
2008.145094112855
 31
0.0
  0
LINE
  5
213
330
1F
100
AcDbEntity
  8
粗实线层
100
AcDbLine
 10
2899.648043170228
 20
1920.645094113801
 30
0.0
 11
2899.648043170228
 21
2008.145094112855
 31
0.0
  0
LINE
  5
214
330
1F
100
AcDbEntity
  8
粗实线层
100
AcDbLine
 10
2899.648043170228
 20
2033.145094112855
 30
0.0
 11
2899.648043170228
 21
2120.645094112857
 31
0.0
  0
LINE
  5
215
330
1F
100
AcDbEntity
  8
粗实线层
100
AcDbLine
 10
2924.648043170228
 20
2033.145094112855
 30
0.0
 11
2924.648043170228
 21
2120.645094112857
 31
0.0
  0
LINE
  5
216
330
1F
100
AcDbEntity
  8
粗实线层
100
AcDbLine
 10
2924.648043169931
 20
2120.645094112852
 30
0.0
 11
2899.648043170228
 21
2120.645094112852
 31
0.0
  0
LINE
  5
217
330
1F
100
AcDbEntity
  8
粗实线层
100
AcDbLine
 10
2924.648043169932
 20
1920.645094112853
 30
0.0
 11
2899.648043170228
 21
1920.645094112853
 31
0.0
  0
LINE
  5
218
330
1F
100
AcDbEntity
  8
粗实线层
100
AcDbLine
 10
3319.180101722724
 20
1920.645094113801
 30
0.0
 11
3319.180101722724
 21
2008.145094112855
 31
0.0
  0
LINE
  5
219
330
1F
100
AcDbEntity
  8
粗实线层
100
AcDbLine
 10
3319.180101722724
 20
2033.145094112853
 30
0.0
 11
3319.180101722724
 21
2120.645094112857
 31
0.0
  0
LINE
  5
21A
330
1F
100
AcDbEntity
  8
粗实线层
100
AcDbLine
 10
3294.180101722724
 20
1920.645094113801
 30
0.0
 11
3294.180101722724
 21
2008.145094112853
 31
0.0
  0
LINE
  5
21B
330
1F
100
AcDbEntity
  8
粗实线层
100
AcDbLine
 10
3294.180101722724
 20
2033.145094112855
 30
0.0
 11
3294.180101722724
 21
2120.645094112857
 31
0.0
  0
LINE
  5
21C
330
1F
100
AcDbEntity
  8
粗实线层
100
AcDbLine
 10
3319.180101722724
 20
2033.145094112853
 30
0.0
 11
3319.180101722724
 21
2120.645094112857
 31
0.0
  0
LINE
  5
21D
330
1F
100
AcDbEntity
  8
粗实线层
100
AcDbLine
 10
3319.180101722724
 20
2120.645094112852
 30
0.0
 11
3294.180101722724
 21
2120.645094112852
 31
0.0
  0
LINE
  5
21E
330
1F
100
AcDbEntity
  8
粗实线层
100
AcDbLine
 10
3319.180101722725
 20
1920.645094112853
 30
0.0
 11
3294.180101722724
 21
1920.645094112853
 31
0.0
  0
LINE
  5
21F
330
1F
100
AcDbEntity
  8
粗实线层
100
AcDbLine
 10
3244.769142818592
 20
1920.645094113801
 30
0.0
 11
3244.769142818592
 21
2008.145094112853
 31
0.0
  0
LINE
  5
220
330
1F
100
AcDbEntity
  8
粗实线层
100
AcDbLine
 10
3244.769142818592
 20
2033.145094112853
 30
0.0
 11
3244.769142818592
 21
2120.645094112857
 31
0.0
  0
LINE
  5
221
330
1F
100
AcDbEntity
  8
粗实线层
100
AcDbLine
 10
3219.769142818592
 20
1920.645094113801
 30
0.0
 11
3219.769142818592
 21
2008.145094112855
 31
0.0
  0
LINE
  5
222
330
1F
100
AcDbEntity
  8
粗实线层
100
AcDbLine
 10
3219.769142818592
 20
2033.145094112853
 30
0.0
 11
3219.769142818592
 21
2120.645094112857
 31
0.0
  0
LINE
  5
223
330
1F
100
AcDbEntity
  8
粗实线层
100
AcDbLine
 10
3244.769142818592
 20
2033.145094112853
 30
0.0
 11
3244.769142818592
 21
2120.645094112857
 31
0.0
  0
LINE
  5
224
330
1F
100
AcDbEntity
  8
粗实线层
100
AcDbLine
 10
3244.769142818592
 20
2120.645094112852
 30
0.0
 11
3219.76914281859
 21
2120.645094112852
 31
0.0
  0
LINE
  5
225
330
1F
100
AcDbEntity
  8
粗实线层
100
AcDbLine
 10
3244.769142818592
 20
1920.645094112853
 30
0.0
 11
3219.76914281859
 21
1920.645094112853
 31
0.0
  0
LINE
  5
226
330
1F
100
AcDbEntity
  8
粗实线层
100
AcDbLine
 10
3145.358183914457
 20
1920.645094113801
 30
0.0
 11
3145.358183914457
 21
2008.145094112855
 31
0.0
  0
LINE
  5
227
330
1F
100
AcDbEntity
  8
粗实线层
100
AcDbLine
 10
3170.358183914457
 20
1920.645094113799
 30
0.0
 11
3170.358183914457
 21
2008.145094112853
 31
0.0
  0
LINE
  5
228
330
1F
100
AcDbEntity
  8
粗实线层
100
AcDbLine
 10
3170.358183914457
 20
2033.145094112853
 30
0.0
 11
3170.358183914457
 21
2120.645094112857
 31
0.0
  0
LINE
  5
229
330
1F
100
AcDbEntity
  8
粗实线层
100
AcDbLine
 10
3145.358183914457
 20
2033.145094112853
 30
0.0
 11
3145.358183914457
 21
2120.645094112855
 31
0.0
  0
LINE
  5
22A
330
1F
100
AcDbEntity
  8
粗实线层
100
AcDbLine
 10
3145.358183913644
 20
2120.645094112851
 30
0.0
 11
3170.358183914457
 21
2120.645094112851
 31
0.0
  0
LINE
  5
22B
330
1F
100
AcDbEntity
  8
粗实线层
100
AcDbLine
 10
3145.358183914755
 20
1920.645094112851
 30
0.0
 11
3170.358183914458
 21
1920.645094112851
 31
0.0
  0
DIMENSION
  5
235
330
1F
100
AcDbEntity
  8
尺寸线层
100
AcDbDimension
280
     0
  2
*X8
 10
3605.18316725991
 20
1920.645094112851
 30
0.0
 11
3583.984144913541
 21
2020.645093612379
 31
0.0
 70
   160
 71
     5
 42
-1.0
 73
     0
 74
     0
 75
     0
  3
标准
100
AcDbAlignedDimension
 13
3482.003113542342
 23
2120.645094111906
 33
0.0
 14
3482.003113542342
 24
1920.645094112851
 34
0.0
 50
270.0
100
AcDbRotatedDimension
1001
CX_DbAnnotate_TxtLocPara
1041
0.0
1001
CX_DbAnnotate_SimDimOriTxt
1070
     0
1001
CAXA_DRAFT_DIMARROWREVERSE
1070
     0
1001
ACAD
1000
DSTYLE
1002
{
1070
    69
1070
     1
1070
   173
1070
     1
1070
   284
1070
     0
1002
}
1001
CAXA_DRAFT_DIMARCLENSTYLE
1070
     1
1001
CAXA_DRAFT_DDTSTY_2011R3
1070
     0
1001
ACAD_DSTYLE_DIMINSPECT
1070
   396
1000

1070
   395
1000

1070
   394
1070
     0
1070
   393
1070
     0
1001
CX_DBDIM_TXTFRAME
1070
     0
1070
     0
1001
CDRAFT_DIM_STD_REV_NAME
1000
GB
1000
*DIMSTD
1000

  0
DIMENSION
  5
23F
330
1F
100
AcDbEntity
  8
尺寸线层
100
AcDbDimension
280
     0
  2
*X9
 10
2556.551741392246
 20
1920.645094112853
 30
0.0
 11
2535.352719045878
 21
2020.64509361238
 31
0.0
 70
   160
 71
     5
 42
-1.0
 73
     0
 74
     0
 75
     0
  3
标准
100
AcDbAlignedDimension
 13
2597.003113542342
 23
2120.645094111906
 33
0.0
 14
2597.003113542342
 24
1920.645094112853
 34
0.0
 50
270.0
100
AcDbRotatedDimension
1001
CX_DbAnnotate_TxtLocPara
1041
0.0
1001
CX_DbAnnotate_SimDimOriTxt
1070
     0
1001
CAXA_DRAFT_DIMARROWREVERSE
1070
     0
1001
ACAD
1000
DSTYLE
1002
{
1070
    69
1070
     1
1070
   173
1070
     1
1070
   284
1070
     0
1002
}
1001
CAXA_DRAFT_DIMARCLENSTYLE
1070
     1
1001
CAXA_DRAFT_DDTSTY_2011R3
1070
     0
1001
ACAD_DSTYLE_DIMINSPECT
1070
   396
1000

1070
   395
1000

1070
   394
1070
     0
1070
   393
1070
     0
1001
CX_DBDIM_TXTFRAME
1070
     0
1070
     0
1001
CDRAFT_DIM_STD_REV_NAME
1000
GB
1000
*DIMSTD
1000

  0
DIMENSION
  5
249
330
1F
100
AcDbEntity
  8
尺寸线层
100
AcDbDimension
280
     0
  2
*X10
 10
2597.003113542342
 20
2162.752515897581
 30
0.0
 11
2604.003113042342
 21
2184.039527070767
 31
0.0
 70
   160
 71
     5
 42
-1.0
 73
     0
 74
     0
 75
     0
  3
标准
100
AcDbAlignedDimension
 13
2611.003113542342
 23
2120.645094112855
 33
0.0
 14
2597.003113542342
 24
2120.645094112855
 34
0.0
100
AcDbRotatedDimension
1001
CX_DbAnnotate_TxtLocPara
1041
0.0
1001
CX_DbAnnotate_SimDimOriTxt
1070
     0
1001
CAXA_DRAFT_DIMARROWREVERSE
1070
     0
1001
ACAD
1000
DSTYLE
1002
{
1070
    69
1070
     1
1070
   173
1070
     1
1070
   284
1070
     0
1002
}
1001
CAXA_DRAFT_DIMARCLENSTYLE
1070
     1
1001
CAXA_DRAFT_DDTSTY_2011R3
1070
     0
1001
ACAD_DSTYLE_DIMINSPECT
1070
   396
1000

1070
   395
1000

1070
   394
1070
     0
1070
   393
1070
     0
1001
CX_DBDIM_TXTFRAME
1070
     0
1070
     0
1001
CDRAFT_DIM_STD_REV_NAME
1000
GB
1000
*DIMSTD
1000

  0
DIMENSION
  5
253
330
1F
100
AcDbEntity
  8
尺寸线层
100
AcDbDimension
280
     0
  2
*X11
 10
3244.769142818592
 20
2162.752515897581
 30
0.0
 11
3232.26914331859
 21
2183.95153824395
 31
0.0
 70
   160
 71
     5
 42
-1.0
 73
     0
 74
     0
 75
     0
  3
标准
100
AcDbAlignedDimension
 13
3219.76914281859
 23
2120.645094112852
 33
0.0
 14
3244.769142818592
 24
2120.645094112852
 34
0.0
100
AcDbRotatedDimension
1001
CX_DbAnnotate_TxtLocPara
1041
0.0
1001
CX_DbAnnotate_SimDimOriTxt
1070
     0
1001
CAXA_DRAFT_DIMARROWREVERSE
1070
     0
1001
ACAD
1000
DSTYLE
1002
{
1070
    69
1070
     1
1070
   173
1070
     1
1070
   284
1070
     0
1002
}
1001
CAXA_DRAFT_DIMARCLENSTYLE
1070
     1
1001
CAXA_DRAFT_DDTSTY_2011R3
1070
     0
1001
ACAD_DSTYLE_DIMINSPECT
1070
   396
1000

1070
   395
1000

1070
   394
1070
     0
1070
   393
1070
     0
1001
CX_DBDIM_TXTFRAME
1070
     0
1070
     0
1001
CDRAFT_DIM_STD_REV_NAME
1000
GB
1000
*DIMSTD
1000

  0
DIMENSION
  5
25D
330
1F
100
AcDbEntity
  8
尺寸线层
100
AcDbDimension
280
     0
  2
*X12
 10
3319.180101722724
 20
2162.752515897581
 30
0.0
 11
3306.680102222726
 21
2183.95153824395
 31
0.0
 70
   160
 71
     5
 42
-1.0
 73
     0
 74
     0
 75
     0
  3
标准
100
AcDbAlignedDimension
 13
3294.180101722724
 23
2120.645094112852
 33
0.0
 14
3319.180101722724
 24
2120.645094112852
 34
0.0
100
AcDbRotatedDimension
1001
CX_DbAnnotate_TxtLocPara
1041
0.0
1001
CX_DbAnnotate_SimDimOriTxt
1070
     0
1001
CAXA_DRAFT_DIMARROWREVERSE
1070
     0
1001
ACAD
1000
DSTYLE
1002
{
1070
    69
1070
     1
1070
   173
1070
     1
1070
   284
1070
     0
1002
}
1001
CAXA_DRAFT_DIMARCLENSTYLE
1070
     1
1001
CAXA_DRAFT_DDTSTY_2011R3
1070
     0
1001
ACAD_DSTYLE_DIMINSPECT
1070
   396
1000

1070
   395
1000

1070
   394
1070
     0
1070
   393
1070
     0
1001
CX_DBDIM_TXTFRAME
1070
     0
1070
     0
1001
CDRAFT_DIM_STD_REV_NAME
1000
GB
1000
*DIMSTD
1000

  0
DIMENSION
  5
267
330
1F
100
AcDbEntity
  8
尺寸线层
100
AcDbDimension
280
     0
  2
*X13
 10
3482.003113542342
 20
2162.752515897581
 30
0.0
 11
3475.003114042343
 21
2184.039527070767
 31
0.0
 70
   160
 71
     5
 42
-1.0
 73
     0
 74
     0
 75
     0
  3
标准
100
AcDbAlignedDimension
 13
3468.003113542342
 23
2120.645094112852
 33
0.0
 14
3482.003113542342
 24
2120.645094112852
 34
0.0
100
AcDbRotatedDimension
1001
CX_DbAnnotate_TxtLocPara
1041
0.0
1001
CX_DbAnnotate_SimDimOriTxt
1070
     0
1001
CAXA_DRAFT_DIMARROWREVERSE
1070
     0
1001
ACAD
1000
DSTYLE
1002
{
1070
    69
1070
     1
1070
   173
1070
     1
1070
   284
1070
     0
1002
}
1001
CAXA_DRAFT_DIMARCLENSTYLE
1070
     1
1001
CAXA_DRAFT_DDTSTY_2011R3
1070
     0
1001
ACAD_DSTYLE_DIMINSPECT
1070
   396
1000

1070
   395
1000

1070
   394
1070
     0
1070
   393
1070
     0
1001
CX_DBDIM_TXTFRAME
1070
     0
1070
     0
1001
CDRAFT_DIM_STD_REV_NAME
1000
GB
1000
*DIMSTD
1000

  0
DIMENSION
  5
271
330
1F
100
AcDbEntity
  8
尺寸线层
100
AcDbDimension
280
     0
  2
*X14
 10
3537.322796992481
 20
2008.145094112853
 30
0.0
 11
3516.123774646111
 21
2020.645093612853
 31
0.0
 70
   160
 71
     5
 42
-1.0
 73
     0
 74
     0
 75
     0
  3
标准
100
AcDbAlignedDimension
 13
3468.003113542342
 23
2033.145094112853
 33
0.0
 14
3468.003113542342
 24
2008.145094112853
 34
0.0
 50
270.0
100
AcDbRotatedDimension
1001
CX_DbAnnotate_TxtLocPara
1041
0.0
1001
CX_DbAnnotate_SimDimOriTxt
1070
     0
1001
CAXA_DRAFT_DIMARROWREVERSE
1070
     0
1001
ACAD
1000
DSTYLE
1002
{
1070
    69
1070
     1
1070
   173
1070
     1
1070
   284
1070
     0
1002
}
1001
CAXA_DRAFT_DIMARCLENSTYLE
1070
     1
1001
CAXA_DRAFT_DDTSTY_2011R3
1070
     0
1001
ACAD_DSTYLE_DIMINSPECT
1070
   396
1000

1070
   395
1000

1070
   394
1070
     0
1070
   393
1070
     0
1001
CX_DBDIM_TXTFRAME
1070
     0
1070
     0
1001
CDRAFT_DIM_STD_REV_NAME
1000
GB
1000
*DIMSTD
1000

  0
DIMENSION
  5
27B
330
1F
100
AcDbEntity
  8
尺寸线层
100
AcDbDimension
280
     0
  2
*X15
 10
2690.418926206185
 20
2120.645094112857
 30
0.0
 11
2669.219903859817
 21
2076.895094612856
 31
0.0
 70
   160
 71
     5
 42
-1.0
 73
     0
 74
     0
 75
     0
  3
标准
100
AcDbAlignedDimension
 13
2750.826125361961
 23
2033.145094112855
 33
0.0
 14
2750.826125361961
 24
2120.645094112857
 34
0.0
 50
90.0
100
AcDbRotatedDimension
1001
CX_DbAnnotate_TxtLocPara
1041
0.0
1001
CX_DbAnnotate_SimDimOriTxt
1070
     0
1001
CAXA_DRAFT_DIMARROWREVERSE
1070
     0
1001
ACAD
1000
DSTYLE
1002
{
1070
    69
1070
     1
1070
   173
1070
     1
1070
   271
1070
     1
1070
   284
1070
     0
1002
}
1001
CAXA_DRAFT_DIMARCLENSTYLE
1070
     1
1001
CAXA_DRAFT_DDTSTY_2011R3
1070
     0
1001
ACAD_DSTYLE_DIMINSPECT
1070
   396
1000

1070
   395
1000

1070
   394
1070
     0
1070
   393
1070
     0
1001
CX_DBDIM_TXTFRAME
1070
     0
1070
     0
1001
CDRAFT_DIM_STD_REV_NAME
1000
GB
1000
*DIMSTD
1000

  0
DIMENSION
  5
285
330
1F
100
AcDbEntity
  8
尺寸线层
100
AcDbDimension
280
     0
  2
*X16
 10
3046.503113542342
 20
2162.752515897581
 30
0.0
 11
3039.503114042022
 21
2184.039527070767
 31
0.0
 70
   160
 71
     5
 42
-1.0
 73
     0
 74
     0
 75
     0
  3
标准
100
AcDbAlignedDimension
 13
3032.503113541701
 23
2120.645094112855
 33
0.0
 14
3046.503113542342
 24
2120.645094112855
 34
0.0
100
AcDbRotatedDimension
1001
CX_DbAnnotate_TxtLocPara
1041
0.0
1001
CX_DbAnnotate_SimDimOriTxt
1070
     0
1001
CAXA_DRAFT_DIMARROWREVERSE
1070
     0
1001
ACAD
1000
DSTYLE
1002
{
1070
    69
1070
     1
1070
   173
1070
     1
1070
   284
1070
     0
1002
}
1001
CAXA_DRAFT_DIMARCLENSTYLE
1070
     1
1001
CAXA_DRAFT_DDTSTY_2011R3
1070
     0
1001
ACAD_DSTYLE_DIMINSPECT
1070
   396
1000

1070
   395
1000

1070
   394
1070
     0
1070
   393
1070
     0
1001
CX_DBDIM_TXTFRAME
1070
     0
1070
     0
1001
CDRAFT_DIM_STD_REV_NAME
1000
GB
1000
*DIMSTD
1000

  0
MTEXT
  5
286
330
1F
100
AcDbEntity
  8
尺寸线层
100
AcDbMText
 10
852.271384850166
 20
1473.034082368722
 30
0.0
 40
45.0
 41
2397.237015178835
 46
108.9497393041001
 71
     1
 72
     1
  1
\T1.1;(所有翼板坡口方向朝上，如图所示）
  7
标准
 73
     1
 44
1.150569886022795
1001
CAXA_DRAFT_TXTSCALE
1041
9.0
  0
MTEXT
  5
287
330
1F
100
AcDbEntity
  8
尺寸线层
100
AcDbMText
 10
2211.372774412639
 20
821.2287903856666
 30
0.0
 40
40.0
 41
1577.095890410318
 46
431.9999999998245
 71
     1
 72
     1
  1
\T1.1;{\H0.7x;         }     技术要求\P1.焊接时注意翼板坡口方向，按图中所示坡口方向焊接\P2.钢板均采用Q355B，焊条使用E50型，焊后清渣，不得有焊接缺陷。\P
  7
标准
 73
     1
 44
1.150569886022795
1001
CAXA_DRAFT_TXTSCALE
1041
8.0
  0
DIMENSION
  5
291
330
1F
100
AcDbEntity
  8
尺寸线层
100
AcDbDimension
280
     0
  2
*X17
 10
3170.358183914457
 20
2162.752515898374
 30
0.0
 11
3157.858184414457
 21
2183.951538244743
 31
0.0
 70
   160
 71
     5
 42
-1.0
 73
     0
 74
     0
 75
     0
  3
标准
100
AcDbAlignedDimension
 13
3145.358183914457
 23
2120.64509411285
 33
0.0
 14
3170.358183914457
 24
2120.645094112851
 34
0.0
100
AcDbRotatedDimension
1001
CX_DbAnnotate_TxtLocPara
1041
0.0
1001
CX_DbAnnotate_SimDimOriTxt
1070
     0
1001
CAXA_DRAFT_DIMARROWREVERSE
1070
     0
1001
ACAD
1000
DSTYLE
1002
{
1070
    69
1070
     1
1070
   173
1070
     1
1070
   284
1070
     0
1002
}
1001
CAXA_DRAFT_DIMARCLENSTYLE
1070
     1
1001
CAXA_DRAFT_DDTSTY_2011R3
1070
     0
1001
ACAD_DSTYLE_DIMINSPECT
1070
   396
1000

1070
   395
1000

1070
   394
1070
     0
1070
   393
1070
     0
1001
CX_DBDIM_TXTFRAME
1070
     0
1070
     0
1001
CDRAFT_DIM_STD_REV_NAME
1000
GB
1000
*DIMSTD
1000

  0
DIMENSION
  5
29B
330
1F
100
AcDbEntity
  8
尺寸线层
100
AcDbDimension
280
     0
  2
*X18
 10
2924.648043169931
 20
2162.752515897581
 30
0.0
 11
2912.148043670079
 21
2183.95153824395
 31
0.0
 70
   160
 71
     5
 42
-1.0
 73
     0
 74
     0
 75
     0
  3
标准
100
AcDbAlignedDimension
 13
2899.648043170228
 23
2120.645094112852
 33
0.0
 14
2924.648043169931
 24
2120.645094112852
 34
0.0
100
AcDbRotatedDimension
1001
CX_DbAnnotate_TxtLocPara
1041
0.0
1001
CX_DbAnnotate_SimDimOriTxt
1070
     0
1001
CAXA_DRAFT_DIMARROWREVERSE
1070
     0
1001
ACAD
1000
DSTYLE
1002
{
1070
    69
1070
     1
1070
   173
1070
     1
1070
   284
1070
     0
1002
}
1001
CAXA_DRAFT_DIMARCLENSTYLE
1070
     1
1001
CAXA_DRAFT_DDTSTY_2011R3
1070
     0
1001
ACAD_DSTYLE_DIMINSPECT
1070
   396
1000

1070
   395
1000

1070
   394
1070
     0
1070
   393
1070
     0
1001
CX_DBDIM_TXTFRAME
1070
     0
1070
     0
1001
CDRAFT_DIM_STD_REV_NAME
1000
GB
1000
*DIMSTD
1000

  0
DIMENSION
  5
2A5
330
1F
100
AcDbEntity
  8
尺寸线层
100
AcDbDimension
280
     0
  2
*X19
 10
2825.23708426528
 20
2162.752515897581
 30
0.0
 11
2837.737083765688
 21
2183.95153824395
 31
0.0
 70
   160
 71
     5
 42
-1.0
 73
     0
 74
     0
 75
     0
  3
标准
100
AcDbAlignedDimension
 13
2850.237084266096
 23
2120.645094112855
 33
0.0
 14
2825.23708426528
 24
2120.645094112855
 34
0.0
100
AcDbRotatedDimension
1001
CX_DbAnnotate_TxtLocPara
1041
0.0
1001
CX_DbAnnotate_SimDimOriTxt
1070
     0
1001
CAXA_DRAFT_DIMARROWREVERSE
1070
     0
1001
ACAD
1000
DSTYLE
1002
{
1070
    69
1070
     1
1070
   173
1070
     1
1070
   284
1070
     0
1002
}
1001
CAXA_DRAFT_DIMARCLENSTYLE
1070
     1
1001
CAXA_DRAFT_DDTSTY_2011R3
1070
     0
1001
ACAD_DSTYLE_DIMINSPECT
1070
   396
1000

1070
   395
1000

1070
   394
1070
     0
1070
   393
1070
     0
1001
CX_DBDIM_TXTFRAME
1070
     0
1070
     0
1001
CDRAFT_DIM_STD_REV_NAME
1000
GB
1000
*DIMSTD
1000

  0
DIMENSION
  5
2AF
330
1F
100
AcDbEntity
  8
尺寸线层
100
AcDbDimension
280
     0
  2
*X20
 10
2750.826125361961
 20
2162.752515898208
 30
0.0
 11
2763.32612486196
 21
2183.951538244577
 31
0.0
 70
   160
 71
     5
 42
-1.0
 73
     0
 74
     0
 75
     0
  3
标准
100
AcDbAlignedDimension
 13
2775.826125361961
 23
2120.645094112855
 33
0.0
 14
2750.826125361961
 24
2120.645094112852
 34
0.0
100
AcDbRotatedDimension
1001
CX_DbAnnotate_TxtLocPara
1041
0.0
1001
CX_DbAnnotate_SimDimOriTxt
1070
     0
1001
CAXA_DRAFT_DIMARROWREVERSE
1070
     0
1001
ACAD
1000
DSTYLE
1002
{
1070
    69
1070
     1
1070
   173
1070
     1
1070
   284
1070
     0
1002
}
1001
CAXA_DRAFT_DIMARCLENSTYLE
1070
     1
1001
CAXA_DRAFT_DDTSTY_2011R3
1070
     0
1001
ACAD_DSTYLE_DIMINSPECT
1070
   396
1000

1070
   395
1000

1070
   394
1070
     0
1070
   393
1070
     0
1001
CX_DBDIM_TXTFRAME
1070
     0
1070
     0
1001
CDRAFT_DIM_STD_REV_NAME
1000
GB
1000
*DIMSTD
1000

  0
DIMENSION
  5
2B9
330
1F
100
AcDbEntity
  8
尺寸线层
100
AcDbDimension
280
     0
  2
*X21
 10
2991.980712733401
 20
2033.145094112855
 30
0.0
 11
2970.781690387032
 21
2076.89509361238
 31
0.0
 70
   160
 71
     5
 42
-1.0
 73
     0
 74
     0
 75
     0
  3
标准
100
AcDbAlignedDimension
 13
3032.503113542342
 23
2120.645094111906
 33
0.0
 14
3032.503113542342
 24
2033.145094112855
 34
0.0
 50
270.0
100
AcDbRotatedDimension
1001
CX_DbAnnotate_TxtLocPara
1041
0.0
1001
CX_DbAnnotate_SimDimOriTxt
1070
     0
1001
CAXA_DRAFT_DIMARROWREVERSE
1070
     0
1001
ACAD
1000
DSTYLE
1002
{
1070
    69
1070
     1
1070
   173
1070
     1
1070
   271
1070
     1
1070
   284
1070
     0
1002
}
1001
CAXA_DRAFT_DIMARCLENSTYLE
1070
     1
1001
CAXA_DRAFT_DDTSTY_2011R3
1070
     0
1001
ACAD_DSTYLE_DIMINSPECT
1070
   396
1000

1070
   395
1000

1070
   394
1070
     0
1070
   393
1070
     0
1001
CX_DBDIM_TXTFRAME
1070
     0
1070
     0
1001
CDRAFT_DIM_STD_REV_NAME
1000
GB
1000
*DIMSTD
1000

  0
LINE
  5
2BA
330
1F
100
AcDbEntity
  8
粗实线层
100
AcDbLine
 10
1216.649971632198
 20
953.617829249866
 30
0.0
 11
1193.6943182477
 21
930.6621758653689
 31
0.0
  0
DIMENSION
  5
2C4
330
1F
100
AcDbEntity
  8
尺寸线层
100
AcDbDimension
280
     0
  2
*X22
 10
1218.649971632198
 20
980.5191067670237
 30
0.0
 11
1217.649972132198
 21
1001.718129113393
 31
0.0
 70
   160
 71
     5
 42
-1.0
 73
     0
 74
     0
 75
     0
  3
标准
100
AcDbAlignedDimension
 13
1216.649971632198
 23
953.6178292498205
 33
0.0
 14
1218.649971632198
 24
953.6178292498205
 34
0.0
100
AcDbRotatedDimension
1001
CX_DbAnnotate_TxtLocPara
1041
0.0
1001
CX_DbAnnotate_SimDimOriTxt
1070
     0
1001
CAXA_DRAFT_DIMARROWREVERSE
1070
     0
1001
ACAD
1000
DSTYLE
1002
{
1070
    69
1070
     1
1070
   173
1070
     1
1070
   284
1070
     0
1002
}
1001
CAXA_DRAFT_DIMARCLENSTYLE
1070
     1
1001
CAXA_DRAFT_DDTSTY_2011R3
1070
     0
1001
ACAD_DSTYLE_DIMINSPECT
1070
   396
1000

1070
   395
1000

1070
   394
1070
     0
1070
   393
1070
     0
1001
CX_DBDIM_TXTFRAME
1070
     0
1070
     0
1001
CDRAFT_DIM_STD_REV_NAME
1000
GB
1000
*DIMSTD
1000

  0
DIMENSION
  5
2CF
330
1F
100
AcDbEntity
  8
尺寸线层
100
AcDbDimension
280
     0
  2
*X23
 10
1193.6943182477
 20
930.6621758653689
 30
0.0
 11
1155.658635444309
 21
976.117699788133
 31
0.0
 70
    34
 71
     5
 42
-1.0
 73
     0
 74
     0
 75
     0
  3
标准
100
AcDb2LineAngularDimension
 13
1216.649971632198
 23
953.6178292498205
 33
0.0
 14
1218.649971632198
 24
953.6178292498205
 34
0.0
 15
1216.649971632198
 25
953.617829249866
 35
0.0
 16
1155.658635444309
 26
976.117699788133
 36
0.0
1001
CAXA_DRAFT_DIMARROWREVERSE
1070
     0
1001
ACAD
1000
DSTYLE
1002
{
1070
    69
1070
     1
1070
   284
1070
     8
1070
   173
1070
     1
1070
    77
1070
     0
1070
   272
1070
     2
1070
    73
1070
     1
1070
    74
1070
     1
1002
}
1001
CAXA_DRAFT_DIMARCLENSTYLE
1070
     1
1001
CAXA_DRAFT_DDTSTY_2011R3
1070
     0
1001
ACAD_DSTYLE_DIMINSPECT
1070
   396
1000

1070
   395
1000

1070
   394
1070
     0
1070
   393
1070
     0
1001
CX_DBDIM_TXTFRAME
1070
     0
1070
     0
1001
CDRAFT_DIM_STD_REV_NAME
1000
GB
1000
*DIMSTD
1000

1001
UserSetTxtLoc
1070
     0
1001
UserSetTxtLocType
1070
     0
  0
MTEXT
  5
2D0
330
1F
100
AcDbEntity
  8
尺寸线层
100
AcDbMText
 10
822.7674290237785
 20
1594.165813353422
 30
0.0
 40
45.0
 41
2397.237015178835
 46
108.9497393041001
 71
     1
 72
     1
  1
\T1.1;节点1  E/(4-5)轴第一层  共1件
  7
标准
 73
     1
 44
1.150569886022795
1001
CAXA_DRAFT_TXTSCALE
1041
9.0
  0
LINE
  5
2D1
330
1F
100
AcDbEntity
  8
粗实线层
100
AcDbLine
 10
2142.802142279766
 20
2341.518338216001
 30
0.0
 11
2142.802142279766
 21
2327.51833821694
 31
0.0
  0
LINE
  5
2D2
330
1F
100
AcDbEntity
  8
粗实线层
100
AcDbLine
 10
2142.802142280711
 20
2327.518338216938
 30
0.0
 11
2342.802142279766
 21
2327.518338216938
 31
0.0
  0
LINE
  5
2D3
330
1F
100
AcDbEntity
  8
粗实线层
100
AcDbLine
 10
2342.802142279766
 20
2327.518338216938
 30
0.0
 11
2342.802142279766
 21
2341.518338216938
 31
0.0
  0
LINE
  5
2D4
330
1F
100
AcDbEntity
  8
粗实线层
100
AcDbLine
 10
2342.80214227882
 20
2341.518338216938
 30
0.0
 11
2142.802142279766
 21
2341.518338216938
 31
0.0
  0
LINE
  5
2D5
330
1F
100
AcDbEntity
  8
粗实线层
100
AcDbLine
 10
2230.302142279766
 20
2327.518338216538
 30
0.0
 11
2230.302142279766
 21
1865.518338207225
 31
0.0
  0
LINE
  5
2D6
330
1F
100
AcDbEntity
  8
粗实线层
100
AcDbLine
 10
2230.30214228047
 20
1865.518338207223
 30
0.0
 11
2255.302142279766
 21
1865.518338207223
 31
0.0
  0
LINE
  5
2D7
330
1F
100
AcDbEntity
  8
粗实线层
100
AcDbLine
 10
2255.302142279766
 20
2327.518338216538
 30
0.0
 11
2255.302142279766
 21
1865.518338207225
 31
0.0
  0
LINE
  5
2D8
330
1F
100
AcDbEntity
  8
粗实线层
100
AcDbLine
 10
2230.302142279766
 20
2173.858611342688
 30
0.0
 11
2142.802142279766
 21
2173.858611342688
 31
0.0
  0
LINE
  5
2D9
330
1F
100
AcDbEntity
  8
粗实线层
100
AcDbLine
 10
2142.802142279766
 20
2173.85861134269
 30
0.0
 11
2142.802142279766
 21
2148.85861134269
 31
0.0
  0
LINE
  5
2DA
330
1F
100
AcDbEntity
  8
粗实线层
100
AcDbLine
 10
2142.802142280711
 20
2148.85861134269
 30
0.0
 11
2230.302142279766
 21
2148.85861134269
 31
0.0
  0
LINE
  5
2DB
330
1F
100
AcDbEntity
  8
粗实线层
100
AcDbLine
 10
2230.302142279766
 20
2103.858611342688
 30
0.0
 11
2142.802142279766
 21
2103.858611342688
 31
0.0
  0
LINE
  5
2DC
330
1F
100
AcDbEntity
  8
粗实线层
100
AcDbLine
 10
2142.802142279766
 20
2103.85861134269
 30
0.0
 11
2142.802142279766
 21
2078.85861134269
 31
0.0
  0
LINE
  5
2DD
330
1F
100
AcDbEntity
  8
粗实线层
100
AcDbLine
 10
2142.802142280711
 20
2078.85861134269
 30
0.0
 11
2230.302142279766
 21
2078.85861134269
 31
0.0
  0
LINE
  5
2DE
330
1F
100
AcDbEntity
  8
粗实线层
100
AcDbLine
 10
2230.302142279766
 20
2033.858611342688
 30
0.0
 11
2142.802142279766
 21
2033.858611342688
 31
0.0
  0
LINE
  5
2DF
330
1F
100
AcDbEntity
  8
粗实线层
100
AcDbLine
 10
2142.802142279766
 20
2033.85861134269
 30
0.0
 11
2142.802142279766
 21
2008.85861134269
 31
0.0
  0
LINE
  5
2E0
330
1F
100
AcDbEntity
  8
粗实线层
100
AcDbLine
 10
2142.802142279601
 20
2008.85861134269
 30
0.0
 11
2230.302142279766
 21
2008.85861134269
 31
0.0
  0
LINE
  5
2E1
330
1F
100
AcDbEntity
  8
粗实线层
100
AcDbLine
 10
2255.302142279766
 20
2173.858611342688
 30
0.0
 11
2342.802142279766
 21
2173.858611342688
 31
0.0
  0
LINE
  5
2E2
330
1F
100
AcDbEntity
  8
粗实线层
100
AcDbLine
 10
2342.802142279766
 20
2173.858611342688
 30
0.0
 11
2342.802142279766
 21
2148.858611342692
 31
0.0
  0
LINE
  5
2E3
330
1F
100
AcDbEntity
  8
粗实线层
100
AcDbLine
 10
2342.80214227882
 20
2148.85861134269
 30
0.0
 11
2255.302142279766
 21
2148.85861134269
 31
0.0
  0
LINE
  5
2E4
330
1F
100
AcDbEntity
  8
粗实线层
100
AcDbLine
 10
2255.302142279766
 20
2103.858611342688
 30
0.0
 11
2342.802142279766
 21
2103.858611342688
 31
0.0
  0
LINE
  5
2E5
330
1F
100
AcDbEntity
  8
粗实线层
100
AcDbLine
 10
2342.802142279766
 20
2103.858611342688
 30
0.0
 11
2342.802142279766
 21
2078.858611342692
 31
0.0
  0
LINE
  5
2E6
330
1F
100
AcDbEntity
  8
粗实线层
100
AcDbLine
 10
2342.80214227882
 20
2078.85861134269
 30
0.0
 11
2255.302142279766
 21
2078.85861134269
 31
0.0
  0
LINE
  5
2E7
330
1F
100
AcDbEntity
  8
粗实线层
100
AcDbLine
 10
2255.302142279766
 20
2033.858611342688
 30
0.0
 11
2342.802142279766
 21
2033.858611342688
 31
0.0
  0
LINE
  5
2E8
330
1F
100
AcDbEntity
  8
粗实线层
100
AcDbLine
 10
2342.802142279766
 20
2033.858611342688
 30
0.0
 11
2342.802142279766
 21
2008.858611342692
 31
0.0
  0
LINE
  5
2E9
330
1F
100
AcDbEntity
  8
粗实线层
100
AcDbLine
 10
2342.802142279929
 20
2008.85861134269
 30
0.0
 11
2255.302142279766
 21
2008.85861134269
 31
0.0
  0
DIMENSION
  5
2F3
330
1F
100
AcDbEntity
  8
尺寸线层
100
AcDbDimension
280
     0
  2
*X24
 10
2142.802142279766
 20
2401.780607114979
 30
0.0
 11
2242.802141779292
 21
2422.979629461347
 31
0.0
 70
   160
 71
     5
 42
-1.0
 73
     0
 74
     0
 75
     0
  3
标准
100
AcDbAlignedDimension
 13
2342.80214227882
 23
2341.518338216938
 33
0.0
 14
2142.802142279766
 24
2341.518338216938
 34
0.0
100
AcDbRotatedDimension
1001
CX_DbAnnotate_TxtLocPara
1041
0.0
1001
CX_DbAnnotate_SimDimOriTxt
1070
     0
1001
CAXA_DRAFT_DIMARROWREVERSE
1070
     0
1001
ACAD
1000
DSTYLE
1002
{
1070
    69
1070
     1
1070
   173
1070
     1
1070
   284
1070
     0
1002
}
1001
CAXA_DRAFT_DIMARCLENSTYLE
1070
     1
1001
CAXA_DRAFT_DDTSTY_2011R3
1070
     0
1001
ACAD_DSTYLE_DIMINSPECT
1070
   396
1000

1070
   395
1000

1070
   394
1070
     0
1070
   393
1070
     0
1001
CX_DBDIM_TXTFRAME
1070
     0
1070
     0
1001
CDRAFT_DIM_STD_REV_NAME
1000
GB
1000
*DIMSTD
1000

  0
DIMENSION
  5
2FD
330
1F
100
AcDbEntity
  8
尺寸线层
100
AcDbDimension
280
     0
  2
*X25
 10
2082.757243016244
 20
2148.85861134269
 30
0.0
 11
2061.558220669875
 21
2161.35861084269
 31
0.0
 70
   160
 71
     5
 42
-1.0
 73
     0
 74
     0
 75
     0
  3
标准
100
AcDbAlignedDimension
 13
2142.802142279766
 23
2173.85861134269
 33
0.0
 14
2142.802142279766
 24
2148.85861134269
 34
0.0
 50
270.0
100
AcDbRotatedDimension
1001
CX_DbAnnotate_TxtLocPara
1041
0.0
1001
CX_DbAnnotate_SimDimOriTxt
1070
     0
1001
CAXA_DRAFT_DIMARROWREVERSE
1070
     0
1001
ACAD
1000
DSTYLE
1002
{
1070
    69
1070
     1
1070
   173
1070
     1
1070
   284
1070
     0
1002
}
1001
CAXA_DRAFT_DIMARCLENSTYLE
1070
     1
1001
CAXA_DRAFT_DDTSTY_2011R3
1070
     0
1001
ACAD_DSTYLE_DIMINSPECT
1070
   396
1000

1070
   395
1000

1070
   394
1070
     0
1070
   393
1070
     0
1001
CX_DBDIM_TXTFRAME
1070
     0
1070
     0
1001
CDRAFT_DIM_STD_REV_NAME
1000
GB
1000
*DIMSTD
1000

  0
DIMENSION
  5
307
330
1F
100
AcDbEntity
  8
尺寸线层
100
AcDbDimension
280
     0
  2
*X26
 10
2082.757243016244
 20
2078.85861134269
 30
0.0
 11
2061.558220669875
 21
2091.35861084269
 31
0.0
 70
   160
 71
     5
 42
-1.0
 73
     0
 74
     0
 75
     0
  3
标准
100
AcDbAlignedDimension
 13
2142.802142279766
 23
2103.85861134269
 33
0.0
 14
2142.802142279766
 24
2078.85861134269
 34
0.0
 50
270.0
100
AcDbRotatedDimension
1001
CX_DbAnnotate_TxtLocPara
1041
0.0
1001
CX_DbAnnotate_SimDimOriTxt
1070
     0
1001
CAXA_DRAFT_DIMARROWREVERSE
1070
     0
1001
ACAD
1000
DSTYLE
1002
{
1070
    69
1070
     1
1070
   173
1070
     1
1070
   284
1070
     0
1002
}
1001
CAXA_DRAFT_DIMARCLENSTYLE
1070
     1
1001
CAXA_DRAFT_DDTSTY_2011R3
1070
     0
1001
ACAD_DSTYLE_DIMINSPECT
1070
   396
1000

1070
   395
1000

1070
   394
1070
     0
1070
   393
1070
     0
1001
CX_DBDIM_TXTFRAME
1070
     0
1070
     0
1001
CDRAFT_DIM_STD_REV_NAME
1000
GB
1000
*DIMSTD
1000

  0
DIMENSION
  5
311
330
1F
100
AcDbEntity
  8
尺寸线层
100
AcDbDimension
280
     0
  2
*X27
 10
2082.757243016244
 20
2008.85861134269
 30
0.0
 11
2061.558220669875
 21
2021.35861084269
 31
0.0
 70
   160
 71
     5
 42
-1.0
 73
     0
 74
     0
 75
     0
  3
标准
100
AcDbAlignedDimension
 13
2142.802142279766
 23
2033.85861134269
 33
0.0
 14
2142.802142279766
 24
2008.85861134269
 34
0.0
 50
270.0
100
AcDbRotatedDimension
1001
CX_DbAnnotate_TxtLocPara
1041
0.0
1001
CX_DbAnnotate_SimDimOriTxt
1070
     0
1001
CAXA_DRAFT_DIMARROWREVERSE
1070
     0
1001
ACAD
1000
DSTYLE
1002
{
1070
    69
1070
     1
1070
   173
1070
     1
1070
   284
1070
     0
1002
}
1001
CAXA_DRAFT_DIMARCLENSTYLE
1070
     1
1001
CAXA_DRAFT_DDTSTY_2011R3
1070
     0
1001
ACAD_DSTYLE_DIMINSPECT
1070
   396
1000

1070
   395
1000

1070
   394
1070
     0
1070
   393
1070
     0
1001
CX_DBDIM_TXTFRAME
1070
     0
1070
     0
1001
CDRAFT_DIM_STD_REV_NAME
1000
GB
1000
*DIMSTD
1000

  0
DIMENSION
  5
31B
330
1F
100
AcDbEntity
  8
尺寸线层
100
AcDbDimension
280
     0
  2
*X28
 10
2255.302142279766
 20
1750.253615084015
 30
0.0
 11
2242.802142779766
 21
1771.452637430384
 31
0.0
 70
   160
 71
     5
 42
-1.0
 73
     0
 74
     0
 75
     0
  3
标准
100
AcDbAlignedDimension
 13
2230.302142279766
 23
1865.518338207223
 33
0.0
 14
2255.302142279766
 24
1865.518338207223
 34
0.0
100
AcDbRotatedDimension
1001
CX_DbAnnotate_TxtLocPara
1041
0.0
1001
CX_DbAnnotate_SimDimOriTxt
1070
     0
1001
CAXA_DRAFT_DIMARROWREVERSE
1070
     0
1001
ACAD
1000
DSTYLE
1002
{
1070
    69
1070
     1
1070
   173
1070
     1
1070
   284
1070
     0
1002
}
1001
CAXA_DRAFT_DIMARCLENSTYLE
1070
     1
1001
CAXA_DRAFT_DDTSTY_2011R3
1070
     0
1001
ACAD_DSTYLE_DIMINSPECT
1070
   396
1000

1070
   395
1000

1070
   394
1070
     0
1070
   393
1070
     0
1001
CX_DBDIM_TXTFRAME
1070
     0
1070
     0
1001
CDRAFT_DIM_STD_REV_NAME
1000
GB
1000
*DIMSTD
1000

  0
DIMENSION
  5
325
330
1F
100
AcDbEntity
  8
尺寸线层
100
AcDbDimension
280
     0
  2
*X29
 10
2082.757243016244
 20
2327.51833821694
 30
0.0
 11
2061.470231843059
 21
2334.518337716469
 31
0.0
 70
   160
 71
     5
 42
-1.0
 73
     0
 74
     0
 75
     0
  3
标准
100
AcDbAlignedDimension
 13
2142.802142279766
 23
2341.518338216001
 33
0.0
 14
2142.802142279766
 24
2327.51833821694
 34
0.0
 50
270.0
100
AcDbRotatedDimension
1001
CX_DbAnnotate_TxtLocPara
1041
0.0
1001
CX_DbAnnotate_SimDimOriTxt
1070
     0
1001
CAXA_DRAFT_DIMARROWREVERSE
1070
     0
1001
ACAD
1000
DSTYLE
1002
{
1070
    69
1070
     1
1070
   173
1070
     1
1070
   284
1070
     0
1002
}
1001
CAXA_DRAFT_DIMARCLENSTYLE
1070
     1
1001
CAXA_DRAFT_DDTSTY_2011R3
1070
     0
1001
ACAD_DSTYLE_DIMINSPECT
1070
   396
1000

1070
   395
1000

1070
   394
1070
     0
1070
   393
1070
     0
1001
CX_DBDIM_TXTFRAME
1070
     0
1070
     0
1001
CDRAFT_DIM_STD_REV_NAME
1000
GB
1000
*DIMSTD
1000

  0
DIMENSION
  5
32F
330
1F
100
AcDbEntity
  8
尺寸线层
100
AcDbDimension
280
     0
  2
*X30
 10
2230.302142279766
 20
1820.457102600863
 30
0.0
 11
2171.802142279606
 21
1841.656124947232
 31
0.0
 70
   160
 71
     5
 42
-1.0
 73
     0
 74
     0
 75
     0
  3
标准
100
AcDbAlignedDimension
 13
2142.802142279601
 23
2008.85861134269
 33
0.0
 14
2230.302142279766
 24
1865.518338207223
 34
0.0
100
AcDbRotatedDimension
1001
CX_DbAnnotate_TxtLocPara
1041
0.0
1001
CX_DbAnnotate_SimDimOriTxt
1070
     0
1001
CAXA_DRAFT_DIMARROWREVERSE
1070
     0
1001
ACAD
1000
DSTYLE
1002
{
1070
    69
1070
     1
1070
   173
1070
     1
1070
   271
1070
     1
1070
   284
1070
     0
1002
}
1001
CAXA_DRAFT_DIMARCLENSTYLE
1070
     1
1001
CAXA_DRAFT_DDTSTY_2011R3
1070
     0
1001
ACAD_DSTYLE_DIMINSPECT
1070
   396
1000

1070
   395
1000

1070
   394
1070
     0
1070
   393
1070
     0
1001
CX_DBDIM_TXTFRAME
1070
     0
1070
     0
1001
CDRAFT_DIM_STD_REV_NAME
1000
GB
1000
*DIMSTD
1000

  0
DIMENSION
  5
339
330
1F
100
AcDbEntity
  8
尺寸线层
100
AcDbDimension
280
     0
  2
*X31
 10
2255.302142279766
 20
1820.457102600865
 30
0.0
 11
2299.052141779847
 21
1841.656124947234
 31
0.0
 70
   160
 71
     5
 42
-1.0
 73
     0
 74
     0
 75
     0
  3
标准
100
AcDbAlignedDimension
 13
2342.802142279929
 23
2008.85861134269
 33
0.0
 14
2255.302142279766
 24
1865.518338207223
 34
0.0
100
AcDbRotatedDimension
1001
CX_DbAnnotate_TxtLocPara
1041
0.0
1001
CX_DbAnnotate_SimDimOriTxt
1070
     0
1001
CAXA_DRAFT_DIMARROWREVERSE
1070
     0
1001
ACAD
1000
DSTYLE
1002
{
1070
    69
1070
     1
1070
   173
1070
     1
1070
   271
1070
     1
1070
   284
1070
     0
1002
}
1001
CAXA_DRAFT_DIMARCLENSTYLE
1070
     1
1001
CAXA_DRAFT_DDTSTY_2011R3
1070
     0
1001
ACAD_DSTYLE_DIMINSPECT
1070
   396
1000

1070
   395
1000

1070
   394
1070
     0
1070
   393
1070
     0
1001
CX_DBDIM_TXTFRAME
1070
     0
1070
     0
1001
CDRAFT_DIM_STD_REV_NAME
1000
GB
1000
*DIMSTD
1000

  0
HATCH
  5
33A
330
1F
100
AcDbEntity
  8
剖面线层
100
AcDbHatch
 10
0.0
 20
0.0
 30
0.0
210
0.0
220
0.0
230
1.0
  2
无图案
 70
     0
 71
     0
 91
        7
 92
        0
 93
        4
 72
     1
 10
2342.802142279766
 20
2033.858611342688
 11
2342.802142279766
 21
2008.858611342692
 72
     1
 10
2342.802142279766
 20
2008.858611342692
 11
2255.302142279766
 21
2008.85861134269
 72
     1
 10
2255.302142279766
 20
2008.85861134269
 11
2255.302142279766
 21
2033.85861134269
 72
     1
 10
2255.302142279766
 20
2033.85861134269
 11
2342.802142279766
 21
2033.858611342688
 97
        0
 92
        0
 93
        4
 72
     1
 10
2230.302142279766
 20
2033.858611342688
 11
2230.302142279766
 21
2008.85861134269
 72
     1
 10
2230.302142279766
 20
2008.85861134269
 11
2142.802142279601
 21
2008.85861134269
 72
     1
 10
2142.802142279601
 20
2008.85861134269
 11
2142.802142279766
 21
2033.85861134269
 72
     1
 10
2142.802142279766
 20
2033.85861134269
 11
2230.302142279766
 21
2033.858611342688
 97
        0
 92
        0
 93
        4
 72
     1
 10
2342.802142279766
 20
2103.858611342688
 11
2342.802142279766
 21
2078.858611342692
 72
     1
 10
2342.802142279766
 20
2078.858611342692
 11
2255.302142279766
 21
2078.85861134269
 72
     1
 10
2255.302142279766
 20
2078.85861134269
 11
2255.302142279766
 21
2103.858611342688
 72
     1
 10
2255.302142279766
 20
2103.858611342688
 11
2342.802142279766
 21
2103.858611342688
 97
        0
 92
        0
 93
        4
 72
     1
 10
2230.302142279766
 20
2103.858611342688
 11
2230.302142279766
 21
2078.85861134269
 72
     1
 10
2230.302142279766
 20
2078.85861134269
 11
2142.802142280711
 21
2078.85861134269
 72
     1
 10
2142.802142280711
 20
2078.85861134269
 11
2142.802142279766
 21
2103.85861134269
 72
     1
 10
2142.802142279766
 20
2103.85861134269
 11
2230.302142279766
 21
2103.858611342688
 97
        0
 92
        0
 93
        4
 72
     1
 10
2342.802142279766
 20
2173.858611342688
 11
2342.802142279766
 21
2148.858611342692
 72
     1
 10
2342.802142279766
 20
2148.858611342692
 11
2255.302142279766
 21
2148.85861134269
 72
     1
 10
2255.302142279766
 20
2148.85861134269
 11
2255.302142279766
 21
2173.858611342692
 72
     1
 10
2255.302142279766
 20
2173.858611342692
 11
2342.802142279766
 21
2173.858611342688
 97
        0
 92
        0
 93
        4
 72
     1
 10
2230.302142279766
 20
2173.85861134269
 11
2230.302142279766
 21
2148.85861134269
 72
     1
 10
2230.302142279766
 20
2148.85861134269
 11
2142.802142280711
 21
2148.85861134269
 72
     1
 10
2142.802142280711
 20
2148.85861134269
 11
2142.802142279766
 21
2173.85861134269
 72
     1
 10
2142.802142279766
 20
2173.85861134269
 11
2230.302142279766
 21
2173.858611342688
 97
        0
 92
        0
 93
        6
 72
     1
 10
2342.802142279766
 20
2341.518338216938
 11
2342.802142279766
 21
2327.518338216938
 72
     1
 10
2342.802142279766
 20
2327.518338216938
 11
2255.302142279766
 21
2327.518338216938
 72
     1
 10
2255.302142279766
 20
2327.518338216938
 11
2230.302142279766
 21
2327.518338216938
 72
     1
 10
2230.302142279766
 20
2327.518338216938
 11
2142.802142280711
 21
2327.518338216938
 72
     1
 10
2142.802142280711
 20
2327.518338216938
 11
2142.802142279766
 21
2341.518338216001
 72
     1
 10
2142.802142279766
 20
2341.518338216001
 11
2342.80214227882
 21
2341.518338216938
 97
        0
 75
     0
 76
     0
 52
0.0
 41
1.0
 77
     0
 78
     1
 53
315.0
 43
0.0
 44
0.0
 45
8.485281374238571
 46
8.485281374238568
 79
     0
 98
        7
 10
2285.285101064174
 20
2027.792658211065
 10
2175.485855577695
 20
2028.478903495356
 10
2280.48138407414
 20
2087.495997944337
 10
2191.955742400667
 20
2096.417186640114
 10
2274.305176515526
 20
2156.806771657677
 10
2185.779534842053
 20
2161.610488647711
 10
2241.479777083631
 20
2335.230545573208
1001
CAXA_DRAFT_HATCH_SCALE_ANGLE
1041
12.0
1041
5.497787143782138
  0
HATCH
  5
33B
330
1F
100
AcDbEntity
  8
剖面线层
100
AcDbHatch
 10
0.0
 20
0.0
 30
0.0
210
0.0
220
0.0
230
1.0
  2
无图案
 70
     0
 71
     0
 91
        1
 92
        0
 93
       16
 72
     1
 10
2255.302142279766
 20
2078.85861134269
 11
2255.302142279766
 21
2033.858611342688
 72
     1
 10
2255.302142279766
 20
2033.858611342688
 11
2255.302142279766
 21
2008.85861134269
 72
     1
 10
2255.302142279766
 20
2008.85861134269
 11
2255.302142279766
 21
1865.518338207225
 72
     1
 10
2255.302142279766
 20
1865.518338207225
 11
2230.30214228047
 21
1865.518338207223
 72
     1
 10
2230.30214228047
 20
1865.518338207223
 11
2230.302142279766
 21
2008.858611342692
 72
     1
 10
2230.302142279766
 20
2008.858611342692
 11
2230.302142279766
 21
2033.858611342688
 72
     1
 10
2230.302142279766
 20
2033.858611342688
 11
2230.302142279766
 21
2078.858611342692
 72
     1
 10
2230.302142279766
 20
2078.858611342692
 11
2230.302142279766
 21
2103.85861134269
 72
     1
 10
2230.302142279766
 20
2103.85861134269
 11
2230.302142279766
 21
2148.85861134269
 72
     1
 10
2230.302142279766
 20
2148.85861134269
 11
2230.302142279766
 21
2173.858611342688
 72
     1
 10
2230.302142279766
 20
2173.858611342688
 11
2230.302142279766
 21
2327.518338216538
 72
     1
 10
2230.302142279766
 20
2327.518338216538
 11
2255.302142279766
 21
2327.518338216938
 72
     1
 10
2255.302142279766
 20
2327.518338216938
 11
2255.302142279766
 21
2173.858611342688
 72
     1
 10
2255.302142279766
 20
2173.858611342688
 11
2255.302142279766
 21
2148.858611342692
 72
     1
 10
2255.302142279766
 20
2148.858611342692
 11
2255.302142279766
 21
2103.858611342688
 72
     1
 10
2255.302142279766
 20
2103.858611342688
 11
2255.302142279766
 21
2078.85861134269
 97
        0
 75
     0
 76
     0
 52
0.0
 41
1.0
 77
     0
 78
     1
 53
225.0
 43
0.0
 44
0.0
 45
8.48528137423857
 46
-8.485281374238571
 79
     0
 98
        1
 10
2240.965093120413
 20
2063.992096957389
1001
CAXA_DRAFT_HATCH_SCALE_ANGLE
1041
12.0
1041
3.926990816987241
  0
HATCH
  5
33C
330
1F
100
AcDbEntity
  8
剖面线层
100
AcDbHatch
 10
0.0
 20
0.0
 30
0.0
210
0.0
220
0.0
230
1.0
  2
无图案
 70
     0
 71
     0
 91
       19
 92
        0
 93
        7
 72
     1
 10
2597.003113542342
 20
1920.645094112853
 11
2597.003113542342
 21
2120.645094111906
 72
     1
 10
2597.003113542342
 20
2120.645094111906
 11
2611.003113542342
 21
2120.645094112855
 72
     1
 10
2611.003113542342
 20
2120.645094112855
 11
2611.003113542342
 21
2033.145094112855
 72
     1
 10
2611.003113542342
 20
2033.145094112855
 11
2611.003113542342
 21
2020.645094112855
 72
     1
 10
2611.003113542342
 20
2020.645094112855
 11
2611.003113542342
 21
2008.145094112855
 72
     1
 10
2611.003113542342
 20
2008.145094112855
 11
2611.003113542342
 21
1920.645094113801
 72
     1
 10
2611.003113542342
 20
1920.645094113801
 11
2597.00311354217
 21
1920.645094112853
 97
        0
 92
        0
 93
        5
 72
     1
 10
3468.003113542342
 20
2033.145094112853
 11
3468.003113542342
 21
2120.645094112857
 72
     1
 10
3468.003113542342
 20
2120.645094112857
 11
3482.003113542342
 21
2120.645094112852
 72
     1
 10
3482.003113542342
 20
2120.645094112852
 11
3482.003113542342
 21
2020.645094112855
 72
     1
 10
3482.003113542342
 20
2020.645094112855
 11
3468.003113542342
 21
2020.645094112853
 72
     1
 10
3468.003113542342
 20
2020.645094112853
 11
3468.003113542342
 21
2033.145094112853
 97
        0
 92
        0
 93
        5
 72
     1
 10
3468.003113542342
 20
1920.645094113799
 11
3468.003113542342
 21
2008.145094112853
 72
     1
 10
3468.003113542342
 20
2008.145094112853
 11
3468.003113542342
 21
2020.645094112853
 72
     1
 10
3468.003113542342
 20
2020.645094112853
 11
3482.003113542342
 21
2020.645094112853
 72
     1
 10
3482.003113542342
 20
2020.645094112853
 11
3482.003113542342
 21
1920.645094112851
 72
     1
 10
3482.003113542342
 20
1920.645094112851
 11
3468.003113542342
 21
1920.645094112851
 97
        0
 92
        0
 93
        4
 72
     1
 10
2750.826125361961
 20
2033.145094112855
 11
2750.826125361961
 21
2120.645094112857
 72
     1
 10
2750.826125361961
 20
2120.645094112857
 11
2775.826125361961
 21
2120.645094112855
 72
     1
 10
2775.826125361961
 20
2120.645094112855
 11
2775.826125361961
 21
2033.145094112855
 72
     1
 10
2775.826125361961
 20
2033.145094112855
 11
2750.826125361961
 21
2033.145094112855
 97
        0
 92
        0
 93
        4
 72
     1
 10
2750.826125361961
 20
1920.645094113805
 11
2750.826125361961
 21
2008.145094112855
 72
     1
 10
2750.826125361961
 20
2008.145094112855
 11
2775.826125361961
 21
2008.145094112855
 72
     1
 10
2775.826125361961
 20
2008.145094112855
 11
2775.826125361961
 21
1920.645094113801
 72
     1
 10
2775.826125361961
 20
1920.645094113801
 11
2750.826125363368
 21
1920.645094112855
 97
        0
 92
        0
 93
        4
 72
     1
 10
2825.237084266094
 20
2033.145094112855
 11
2825.237084266094
 21
2120.645094112855
 72
     1
 10
2825.237084266094
 20
2120.645094112855
 11
2850.237084266096
 21
2120.645094112855
 72
     1
 10
2850.237084266096
 20
2120.645094112855
 11
2850.237084266094
 21
2033.145094112855
 72
     1
 10
2850.237084266094
 20
2033.145094112855
 11
2825.237084266094
 21
2033.145094112855
 97
        0
 92
        0
 93
        4
 72
     1
 10
2825.237084266096
 20
1920.645094113805
 11
2825.237084266096
 21
2008.145094112855
 72
     1
 10
2825.237084266096
 20
2008.145094112855
 11
2850.237084266096
 21
2008.145094112855
 72
     1
 10
2850.237084266096
 20
2008.145094112855
 11
2850.237084266096
 21
1920.645094113803
 72
     1
 10
2850.237084266096
 20
1920.645094113803
 11
2825.237084267503
 21
1920.645094112855
 97
        0
 92
        0
 93
        4
 72
     1
 10
2899.648043170228
 20
2033.145094112855
 11
2899.648043170228
 21
2120.645094112857
 72
     1
 10
2899.648043170228
 20
2120.645094112857
 11
2924.648043169931
 21
2120.645094112852
 72
     1
 10
2924.648043169931
 20
2120.645094112852
 11
2924.648043170228
 21
2033.145094112855
 72
     1
 10
2924.648043170228
 20
2033.145094112855
 11
2899.648043170228
 21
2033.145094112855
 97
        0
 92
        0
 93
        4
 72
     1
 10
2899.648043170228
 20
1920.645094113801
 11
2899.648043170228
 21
2008.145094112855
 72
     1
 10
2899.648043170228
 20
2008.145094112855
 11
2924.648043170228
 21
2008.145094112855
 72
     1
 10
2924.648043170228
 20
2008.145094112855
 11
2924.648043170228
 21
1920.645094113801
 72
     1
 10
2924.648043170228
 20
1920.645094113801
 11
2899.648043170228
 21
1920.645094112853
 97
        0
 92
        0
 93
        4
 72
     1
 10
3032.503113542342
 20
2033.145094112855
 11
3032.503113542342
 21
2120.645094111906
 72
     1
 10
3032.503113542342
 20
2120.645094111906
 11
3039.503113542342
 21
2120.645094112855
 72
     1
 10
3039.503113542342
 20
2120.645094112855
 11
3039.503113542342
 21
2033.145094112853
 72
     1
 10
3039.503113542342
 20
2033.145094112853
 11
3032.503113542342
 21
2033.145094112855
 97
        0
 92
        0
 93
        4
 72
     1
 10
3039.503113542342
 20
2033.145094112855
 11
3039.503113542342
 21
2120.645094111909
 72
     1
 10
3039.503113542342
 20
2120.645094111909
 11
3046.503113542342
 21
2120.645094112855
 72
     1
 10
3046.503113542342
 20
2120.645094112855
 11
3046.503113542342
 21
2033.145094112855
 72
     1
 10
3046.503113542342
 20
2033.145094112855
 11
3039.503113542342
 21
2033.145094112853
 97
        0
 92
        0
 93
        4
 72
     1
 10
3032.503113542343
 20
1920.645094112853
 11
3032.503113542343
 21
2008.145094112855
 72
     1
 10
3032.503113542343
 20
2008.145094112855
 11
3039.503113542342
 21
2008.145094112855
 72
     1
 10
3039.503113542342
 20
2008.145094112855
 11
3039.503113542342
 21
1920.645094112851
 72
     1
 10
3039.503113542342
 20
1920.645094112851
 11
3032.503113543922
 21
1920.645094112853
 97
        0
 92
        0
 93
        4
 72
     1
 10
3039.503113542342
 20
1920.645094112851
 11
3039.503113542342
 21
2008.145094112855
 72
     1
 10
3039.503113542342
 20
2008.145094112855
 11
3046.503113542342
 21
2008.145094112855
 72
     1
 10
3046.503113542342
 20
2008.145094112855
 11
3046.503113542342
 21
1920.645094112853
 72
     1
 10
3046.503113542342
 20
1920.645094112853
 11
3039.503113542342
 21
1920.645094112853
 97
        0
 92
        0
 93
        4
 72
     1
 10
3145.358183914457
 20
2033.145094112853
 11
3145.358183914457
 21
2120.645094112855
 72
     1
 10
3145.358183914457
 20
2120.645094112855
 11
3170.358183914457
 21
2120.645094112851
 72
     1
 10
3170.358183914457
 20
2120.645094112851
 11
3170.358183914457
 21
2033.145094112853
 72
     1
 10
3170.358183914457
 20
2033.145094112853
 11
3145.358183914457
 21
2033.145094112853
 97
        0
 92
        0
 93
        4
 72
     1
 10
3145.358183914457
 20
1920.645094113801
 11
3145.358183914457
 21
2008.145094112855
 72
     1
 10
3145.358183914457
 20
2008.145094112855
 11
3170.358183914457
 21
2008.145094112853
 72
     1
 10
3170.358183914457
 20
2008.145094112853
 11
3170.358183914457
 21
1920.645094113799
 72
     1
 10
3170.358183914457
 20
1920.645094113799
 11
3145.358183914755
 21
1920.645094112851
 97
        0
 92
        0
 93
        4
 72
     1
 10
3219.769142818592
 20
2033.145094112853
 11
3219.769142818592
 21
2120.645094112857
 72
     1
 10
3219.769142818592
 20
2120.645094112857
 11
3244.769142818592
 21
2120.645094112852
 72
     1
 10
3244.769142818592
 20
2120.645094112852
 11
3244.769142818592
 21
2033.145094112853
 72
     1
 10
3244.769142818592
 20
2033.145094112853
 11
3219.769142818592
 21
2033.145094112853
 97
        0
 92
        0
 93
        4
 72
     1
 10
3219.769142818592
 20
1920.645094113801
 11
3219.769142818592
 21
2008.145094112855
 72
     1
 10
3219.769142818592
 20
2008.145094112855
 11
3244.769142818592
 21
2008.145094112853
 72
     1
 10
3244.769142818592
 20
2008.145094112853
 11
3244.769142818592
 21
1920.645094113801
 72
     1
 10
3244.769142818592
 20
1920.645094113801
 11
3219.76914281859
 21
1920.645094112853
 97
        0
 92
        0
 93
        4
 72
     1
 10
3294.180101722724
 20
2033.145094112855
 11
3294.180101722724
 21
2120.645094112857
 72
     1
 10
3294.180101722724
 20
2120.645094112857
 11
3319.180101722724
 21
2120.645094112852
 72
     1
 10
3319.180101722724
 20
2120.645094112852
 11
3319.180101722724
 21
2033.145094112853
 72
     1
 10
3319.180101722724
 20
2033.145094112853
 11
3294.180101722724
 21
2033.145094112853
 97
        0
 92
        0
 93
        4
 72
     1
 10
3294.180101722724
 20
1920.645094113801
 11
3294.180101722724
 21
2008.145094112853
 72
     1
 10
3294.180101722724
 20
2008.145094112853
 11
3319.180101722724
 21
2008.145094112853
 72
     1
 10
3319.180101722724
 20
2008.145094112853
 11
3319.180101722724
 21
1920.645094113801
 72
     1
 10
3319.180101722724
 20
1920.645094113801
 11
3294.180101722724
 21
1920.645094112853
 97
        0
 75
     0
 76
     0
 52
0.0
 41
1.0
 77
     0
 78
     1
 53
135.0
 43
0.0
 44
0.0
 45
-8.485281374238571
 46
-8.48528137423857
 79
     0
 98
       19
 10
2601.48785512943
 20
2061.614241482514
 10
3474.773137962336
 20
2063.225011726112
 10
3477.213121289904
 20
2000.090443125251
 10
2760.315519858405
 20
2076.301797372304
 10
2752.538073001776
 20
1981.599944471014
 10
2834.430013433326
 20
2071.269331759191
 10
2836.260000929004
 20
1989.834888201562
 10
2908.087010134329
 20
2071.726828633111
 10
2904.884532016894
 20
1982.514938218852
 10
3036.414883268685
 20
2078.665531220886
 10
3041.498181867788
 20
2078.055535388994
 10
3034.534062787017
 20
1997.942749467129
 10
3043.277336377474
 20
1991.436127260276
 10
3154.144078823912
 20
2050.300725037891
 10
3157.397389927339
 20
1984.421175193518
 10
3231.842297911202
 20
2086.010897696588
 10
3233.901033843839
 20
1983.760346375631
 10
3305.956791486125
 20
2070.913500857252
 10
3309.388018040519
 20
1996.79900728233
1001
CAXA_DRAFT_HATCH_SCALE_ANGLE
1041
12.0
1041
2.356194490192345
  0
HATCH
  5
33D
330
1F
100
AcDbEntity
  8
剖面线层
100
AcDbHatch
 10
0.0
 20
0.0
 30
0.0
210
0.0
220
0.0
230
1.0
  2
无图案
 70
     0
 71
     0
 91
        4
 92
        0
 93
       11
 72
     1
 10
2611.003113542342
 20
2020.645094112855
 11
2611.003113542342
 21
2033.145094112855
 72
     1
 10
2611.003113542342
 20
2033.145094112855
 11
2750.826125361961
 21
2033.145094112855
 72
     1
 10
2750.826125361961
 20
2033.145094112855
 11
2775.826125361961
 21
2033.145094112855
 72
     1
 10
2775.826125361961
 20
2033.145094112855
 11
2825.237084266094
 21
2033.145094112855
 72
     1
 10
2825.237084266094
 20
2033.145094112855
 11
2850.237084266094
 21
2033.145094112855
 72
     1
 10
2850.237084266094
 20
2033.145094112855
 11
2899.648043170228
 21
2033.145094112855
 72
     1
 10
2899.648043170228
 20
2033.145094112855
 11
2924.648043170228
 21
2033.145094112855
 72
     1
 10
2924.648043170228
 20
2033.145094112855
 11
3032.503113542342
 21
2033.145094112855
 72
     1
 10
3032.503113542342
 20
2033.145094112855
 11
3039.503113542342
 21
2033.145094112855
 72
     1
 10
3039.503113542342
 20
2033.145094112855
 11
3039.503113542342
 21
2020.645094112855
 72
     1
 10
3039.503113542342
 20
2020.645094112855
 11
2611.003113542342
 21
2020.645094112855
 97
        0
 92
        0
 93
       11
 72
     1
 10
2611.003113542342
 20
2008.145094112855
 11
2611.003113542342
 21
2020.645094112855
 72
     1
 10
2611.003113542342
 20
2020.645094112855
 11
3039.503113542342
 21
2020.645094112855
 72
     1
 10
3039.503113542342
 20
2020.645094112855
 11
3039.503113542342
 21
2008.145094112855
 72
     1
 10
3039.503113542342
 20
2008.145094112855
 11
3032.503113542343
 21
2008.145094112855
 72
     1
 10
3032.503113542343
 20
2008.145094112855
 11
2924.648043170228
 21
2008.145094112855
 72
     1
 10
2924.648043170228
 20
2008.145094112855
 11
2899.648043170228
 21
2008.145094112855
 72
     1
 10
2899.648043170228
 20
2008.145094112855
 11
2850.237084266096
 21
2008.145094112855
 72
     1
 10
2850.237084266096
 20
2008.145094112855
 11
2825.237084266096
 21
2008.145094112855
 72
     1
 10
2825.237084266096
 20
2008.145094112855
 11
2775.826125361961
 21
2008.145094112855
 72
     1
 10
2775.826125361961
 20
2008.145094112855
 11
2750.826125361961
 21
2008.145094112855
 72
     1
 10
2750.826125361961
 20
2008.145094112855
 11
2611.003113542342
 21
2008.145094112855
 97
        0
 92
        0
 93
       11
 72
     1
 10
3039.503113542342
 20
2020.645094112853
 11
3039.503113542342
 21
2033.145094112853
 72
     1
 10
3039.503113542342
 20
2033.145094112853
 11
3046.503113542342
 21
2033.145094112855
 72
     1
 10
3046.503113542342
 20
2033.145094112855
 11
3145.358183914457
 21
2033.145094112855
 72
     1
 10
3145.358183914457
 20
2033.145094112855
 11
3170.358183914457
 21
2033.145094112855
 72
     1
 10
3170.358183914457
 20
2033.145094112855
 11
3219.769142818592
 21
2033.145094112855
 72
     1
 10
3219.769142818592
 20
2033.145094112855
 11
3244.769142818592
 21
2033.145094112855
 72
     1
 10
3244.769142818592
 20
2033.145094112855
 11
3294.180101722724
 21
2033.145094112855
 72
     1
 10
3294.180101722724
 20
2033.145094112855
 11
3319.180101722724
 21
2033.145094112855
 72
     1
 10
3319.180101722724
 20
2033.145094112855
 11
3468.003113542342
 21
2033.145094112853
 72
     1
 10
3468.003113542342
 20
2033.145094112853
 11
3468.003113542342
 21
2020.645094112853
 72
     1
 10
3468.003113542342
 20
2020.645094112853
 11
3039.503113542342
 21
2020.645094112853
 97
        0
 92
        0
 93
       11
 72
     1
 10
3039.503113542342
 20
2008.145094112855
 11
3039.503113542342
 21
2020.645094112853
 72
     1
 10
3039.503113542342
 20
2020.645094112853
 11
3468.003113542342
 21
2020.645094112853
 72
     1
 10
3468.003113542342
 20
2020.645094112853
 11
3468.003113542342
 21
2008.145094112853
 72
     1
 10
3468.003113542342
 20
2008.145094112853
 11
3319.180101722724
 21
2008.145094112853
 72
     1
 10
3319.180101722724
 20
2008.145094112853
 11
3294.180101722724
 21
2008.145094112853
 72
     1
 10
3294.180101722724
 20
2008.145094112853
 11
3244.769142818593
 21
2008.145094112853
 72
     1
 10
3244.769142818593
 20
2008.145094112853
 11
3219.769142818592
 21
2008.145094112853
 72
     1
 10
3219.769142818592
 20
2008.145094112853
 11
3170.358183914457
 21
2008.145094112853
 72
     1
 10
3170.358183914457
 20
2008.145094112853
 11
3145.358183914457
 21
2008.145094112853
 72
     1
 10
3145.358183914457
 20
2008.145094112853
 11
3046.503113542342
 21
2008.145094112853
 72
     1
 10
3046.503113542342
 20
2008.145094112853
 11
3039.503113542342
 21
2008.145094112853
 97
        0
 75
     0
 76
     0
 52
0.0
 41
1.0
 77
     0
 78
     1
 53
45.0
 43
0.0
 44
0.0
 45
-8.485281374238571
 46
8.485281374238571
 79
     0
 98
        4
 10
2761.459262043204
 20
2023.410075448635
 10
2759.629274547528
 20
2011.057659852815
 10
3054.104762393566
 20
2025.392561902283
 10
3059.28972696465
 20
2012.582649432543
1001
CAXA_DRAFT_HATCH_SCALE_ANGLE
1041
12.0
1041
0.7853981633974483
  0
INSERT
  5
33E
330
1F
100
AcDbEntity
  8
细实线层
100
AcDbBlockReference
  2
*X32
 10
672.2471645007492
 20
2209.982360596907
 30
0.0
1001
CAXA_DRAFT_ENLARGE_EDGE
1071
        5
1070
     1
1071
        0
1001
CAXA_DRAFT_BLKHIDE
1070
     0
  0
INSERT
  5
346
330
1F
100
AcDbEntity
  8
尺寸线层
100
AcDbBlockReference
  2
*X33
 10
262.7239211105118
 20
2300.293514333222
 30
0.0
1001
CAXA_DRAFT_BLKHIDE
1070
     0
1001
CAXA_DRAFT_ENL_COMMENTS
1000
CommentsOfPartEnlarge
1070
     1
1071
        0
  0
INSERT
  5
34D
330
1F
100
AcDbEntity
  8
粗实线层
100
AcDbBlockReference
  2
*X34
 10
268.9001289084219
 20
2129.418431924374
 30
0.0
 41
2.5
 42
2.5
 43
2.5
1001
CAXA_DRAFT_BLKHIDE
1070
     0
  0
LINE
  5
35D
330
1F
100
AcDbEntity
  8
0
100
AcDbLine
 10
1832.017974103548
 20
648.1379503810092
 30
0.0
 11
1857.41797410442
 21
648.1379503810092
 31
0.0
  0
LINE
  5
35E
330
1F
100
AcDbEntity
  8
0
100
AcDbLine
 10
1857.41797410442
 20
648.1379503810074
 30
0.0
 11
1857.41797410442
 21
936.1379503810092
 31
0.0
  0
LINE
  5
35F
330
1F
100
AcDbEntity
  8
0
100
AcDbLine
 10
1566.399829410028
 20
648.137950382006
 30
0.0
 11
1566.399829410028
 21
936.1379503810092
 31
0.0
  0
LINE
  5
360
330
1F
100
AcDbEntity
  8
0
100
AcDbLine
 10
1566.399829410679
 20
936.1379503810092
 30
0.0
 11
1629.399829410027
 21
936.1379503810092
 31
0.0
  0
LINE
  5
361
330
1F
100
AcDbEntity
  8
0
100
AcDbLine
 10
1654.399829410028
 20
911.137950380056
 30
0.0
 11
1654.399829410028
 21
648.1379503810092
 31
0.0
  0
LINE
  5
362
330
1F
100
AcDbEntity
  8
0
100
AcDbLine
 10
1654.399829410028
 20
648.1379503810092
 30
0.0
 11
1566.399829410028
 21
648.1379503810092
 31
0.0
  0
INSERT
  5
36A
330
1F
100
AcDbEntity
  8
尺寸线层
100
AcDbBlockReference
  2
*X36
 10
1734.189520860069
 20
1032.77186788882
 30
0.0
1001
CAXA_DRAFT_DMOVMAP_2011R3
1071
        0
1001
CAXA_DRAFT_DMOVMAP_2013
1071
        0
1001
CDRAFT_TXTROT_2011R3
1041
0.0
1001
CDRAFT_DIM_STD_REV_NAME
1000
GB
1000
*DIMLEADERSTD
1000
GB/T 4458.4-1984
1001
CAXA_DRAFT_DIMLEADER
1000
标准
1041
0.0
1000
单边坡口（一半）
1000

1070
     0
1000

1000

1000

1041
15.0
1070
     0
1041
1734.189520860069
1041
1032.77186788882
1041
0.0
1041
-6649.584183524102
1041
5151.961505373492
1041
0.0
1041
-6649.584183524102
1041
5151.961505373492
1041
0.0
1071
        1
1071
       17
1041
0.7200000000000001
1041
1851.966413111771
1041
916.5593574782213
1041
0.0
1071
        1
1041
1827.703414491354
1041
1032.77186788882
1041
0.0
1070
     1
1070
     0
1001
CAXA_DRAFT_LEADER_DISPREFLINE
1070
     1
  0
INSERT
  5
372
330
1F
100
AcDbEntity
  8
尺寸线层
100
AcDbBlockReference
  2
*X37
 10
2200.896977078387
 20
1036.945316500287
 30
0.0
1001
CAXA_DRAFT_DMOVMAP_2011R3
1071
        0
1001
CAXA_DRAFT_DMOVMAP_2013
1071
        0
1001
CDRAFT_TXTROT_2011R3
1041
0.0
1001
CDRAFT_DIM_STD_REV_NAME
1000
GB
1000
*DIMLEADERSTD
1000
GB/T 4458.4-1984
1001
CAXA_DRAFT_DIMLEADER
1000
标准
1041
0.0
1000
单边坡口（一半）
1000

1070
     0
1000

1000

1000

1041
15.0
1070
     0
1041
2200.896977078387
1041
1036.945316500287
1041
0.0
1041
10570.67522587381
1041
5151.961505373492
1041
0.0
1041
10570.67522587381
1041
5151.961505373492
1041
0.0
1071
        1
1071
       17
1041
0.7200000000000001
1041
2069.124629237935
1041
916.5593574782213
1041
0.0
1071
        1
1041
2107.383083447103
1041
1036.945316500287
1041
0.0
1070
     1
1070
     0
1001
CAXA_DRAFT_LEADER_DISPREFLINE
1070
     1
  0
LINE
  5
373
330
1F
100
AcDbEntity
  8
粗实线层
100
AcDbLine
 10
1855.01797410442
 20
936.1379503810092
 30
0.0
 11
1832.01797410442
 21
913.1379503810092
 31
0.0
  0
LINE
  5
374
330
1F
100
AcDbEntity
  8
粗实线层
100
AcDbLine
 10
1857.41797410442
 20
936.1379503810092
 30
0.0
 11
1855.01797410442
 21
936.1379503810092
 31
0.0
  0
LINE
  5
375
330
1F
100
AcDbEntity
  8
0
100
AcDbLine
 10
1832.01797410442
 20
648.1379503810092
 30
0.0
 11
1832.01797410442
 21
913.1379503810092
 31
0.0
  0
DIMENSION
  5
37F
330
1F
100
AcDbEntity
  8
尺寸线层
100
AcDbDimension
280
     0
  2
*X38
 10
1857.41797410442
 20
960.3656095408621
 30
0.0
 11
1911.928141305537
 21
981.5646318872308
 31
0.0
 70
   160
 71
     5
 42
-1.0
 73
     0
 74
     0
 75
     0
  3
标准
100
AcDbAlignedDimension
 13
1855.01797410442
 23
936.1379503810092
 33
0.0
 14
1857.41797410442
 24
936.1379503810092
 34
0.0
100
AcDbRotatedDimension
1001
CX_DbAnnotate_TxtLocPara
1041
0.0
1001
CX_DbAnnotate_SimDimOriTxt
1070
     0
1001
CAXA_DRAFT_DIMARROWREVERSE
1070
     0
1001
ACAD
1000
DSTYLE
1002
{
1070
    69
1070
     1
1070
   173
1070
     1
1070
   284
1070
     0
1002
}
1001
CAXA_DRAFT_DIMARCLENSTYLE
1070
     1
1001
CAXA_DRAFT_DDTSTY_2011R3
1070
     0
1001
ACAD_DSTYLE_DIMINSPECT
1070
   396
1000

1070
   395
1000

1070
   394
1070
     0
1070
   393
1070
     0
1001
CX_DBDIM_TXTFRAME
1070
     0
1070
     0
1001
CDRAFT_DIM_STD_REV_NAME
1000
GB
1000
*DIMSTD
1000

  0
LINE
  5
380
330
1F
100
AcDbEntity
  8
0
100
AcDbLine
 10
2087.265962628539
 20
648.1379503810074
 30
0.0
 11
2061.865962627667
 21
648.1379503810074
 31
0.0
  0
LINE
  5
381
330
1F
100
AcDbEntity
  8
0
100
AcDbLine
 10
2061.865962627667
 20
648.1379503810056
 30
0.0
 11
2061.865962627667
 21
936.1379503810074
 31
0.0
  0
LINE
  5
382
330
1F
100
AcDbEntity
  8
粗实线层
100
AcDbLine
 10
2064.265962627666
 20
936.1379503810074
 30
0.0
 11
2087.265962627666
 21
913.1379503810074
 31
0.0
  0
LINE
  5
383
330
1F
100
AcDbEntity
  8
粗实线层
100
AcDbLine
 10
2061.865962627667
 20
936.1379503810074
 30
0.0
 11
2064.265962627666
 21
936.1379503810074
 31
0.0
  0
LINE
  5
384
330
1F
100
AcDbEntity
  8
0
100
AcDbLine
 10
2087.265962627666
 20
648.1379503810074
 30
0.0
 11
2087.265962627666
 21
913.1379503810074
 31
0.0
  0
DIMENSION
  5
38E
330
1F
100
AcDbEntity
  8
尺寸线层
100
AcDbDimension
280
     0
  2
*X39
 10
2061.865962627667
 20
960.3656095408603
 30
0.0
 11
2007.355795426549
 21
981.564631887229
 31
0.0
 70
   160
 71
     5
 42
-1.0
 73
     0
 74
     0
 75
     0
  3
标准
100
AcDbAlignedDimension
 13
2064.265962627666
 23
936.1379503810074
 33
0.0
 14
2061.865962627667
 24
936.1379503810074
 34
0.0
100
AcDbRotatedDimension
1001
CX_DbAnnotate_TxtLocPara
1041
0.0
1001
CX_DbAnnotate_SimDimOriTxt
1070
     0
1001
CAXA_DRAFT_DIMARROWREVERSE
1070
     0
1001
ACAD
1000
DSTYLE
1002
{
1070
    69
1070
     1
1070
   173
1070
     1
1070
   284
1070
     0
1002
}
1001
CAXA_DRAFT_DIMARCLENSTYLE
1070
     1
1001
CAXA_DRAFT_DDTSTY_2011R3
1070
     0
1001
ACAD_DSTYLE_DIMINSPECT
1070
   396
1000

1070
   395
1000

1070
   394
1070
     0
1070
   393
1070
     0
1001
CX_DBDIM_TXTFRAME
1070
     0
1070
     0
1001
CDRAFT_DIM_STD_REV_NAME
1000
GB
1000
*DIMSTD
1000

  0
ARC
  5
38F
330
1F
100
AcDbEntity
  8
粗实线层
100
AcDbCircle
 10
1654.399829412156
 20
936.1379503821843
 30
0.0
 40
25.00000000212867
100
AcDbArc
 50
180.0000000000002
 51
270.0
  0
DIMENSION
  5
397
330
1F
100
AcDbEntity
  8
尺寸线层
100
AcDbDimension
280
     0
  2
*X40
 10
1654.399829412156
 20
936.1379503821843
 30
0.0
 11
1687.779499266113
 21
984.308394085374
 31
0.0
 70
    36
 71
     5
 42
-1.0
 73
     0
 74
     0
 75
     0
  3
标准
100
AcDbRadialDimension
 15
1641.663474266234
 25
914.6255061299994
 35
0.0
 40
0.0
1001
CAXA_DRAFT_ISNEB09R3
1070
     1
1001
CxDragRadDimLnStyle
1070
     0
1001
CAXA_DRAFT_DIMARROWREVERSE
1070
     0
1001
ACAD
1000
DSTYLE
1002
{
1070
    69
1070
     1
1070
     3
1000
R<>
1070
   173
1070
     1
1070
    73
1070
     1
1070
    74
1070
     1
1070
   284
1070
     0
1002
}
1001
CAXA_DRAFT_DIMARCLENSTYLE
1070
     1
1001
CAXA_DRAFT_DDTSTY_2011R3
1070
     0
1001
ACAD_DSTYLE_DIMINSPECT
1070
   396
1000

1070
   395
1000

1070
   394
1070
     0
1070
   393
1070
     0
1001
CX_DBDIM_TXTFRAME
1070
     0
1070
     0
1001
CDRAFT_DIM_STD_REV_NAME
1000
GB
1000
*DIMSTD
1000

  0
INSERT
  5
398
330
1F
100
AcDbEntity
  8
粗实线层
100
AcDbBlockReference
  2
主视图_1
 10
1173.425886735239
 20
1822.313392815824
 30
0.0
1001
CAXA_DRAFT_BLKHIDE
1070
     0
  0
VIEWPORT
  5
511
330
1B
100
AcDbEntity
 67
     1
  8
0
100
AcDbViewport
 10
0.0
 20
0.0
 30
0.0
 40
300.0
 41
220.0
 68
     1
 69
     1
 12
0.0
 22
0.0
 13
0.0
 23
0.0
 14
10.0
 24
10.0
 15
10.0
 25
10.0
 16
0.0
 26
0.0
 36
1.0
 17
0.0
 27
0.0
 37
0.0
 42
50.0
 43
0.0
 44
0.0
 45
1.0
 50
0.0
 51
0.0
 72
   100
 90
   557152
  1

281
     0
 71
     1
 74
     0
110
0.0
120
0.0
130
0.0
111
1.0
121
0.0
131
0.0
112
0.0
122
1.0
132
0.0
 79
     0
146
0.0
170
     0
 61
     5
348
2F
292
     1
282
     1
141
0.0
142
0.0
 63
   256
  0
ENDSEC
  0
SECTION
  2
OBJECTS
  0
DICTIONARY
  5
C
330
0
100
AcDbDictionary
281
     1
  3
ACAD_DETAILVIEWSTYLE
350
528
  3
ACAD_GROUP
350
D
  3
ACAD_LAYOUT
350
1A
  3
ACAD_MATERIAL
350
43
  3
ACAD_MLEADERSTYLE
350
5B
  3
ACAD_MLINESTYLE
350
17
  3
ACAD_PLOTSETTINGS
350
19
  3
ACAD_PLOTSTYLENAME
350
E
  3
ACAD_SCALELIST
350
47
  3
ACAD_SECTIONVIEWSTYLE
350
529
  3
ACAD_TABLESTYLE
350
59
  3
ACAD_VISUALSTYLE
350
2A
  3
ACAD_WIPEOUT_VARS
350
512
  3
ACDB_RECOMPOSE_DATA
350
525
  3
AcDbVariableDictionary
350
51F
  3
CAXA_DRAFT_BOMSTYLE
350
118
  3
CAXA_DRAFT_CUTSSTYLE
350
10C
  3
CAXA_DRAFT_CUTSSTYLEOVERRIDE
350
110
  3
CAXA_DRAFT_DATATABLE*Model_Space
350
11E
  3
CAXA_DRAFT_DATATABLE*Paper_Space
350
50F
  3
CAXA_DRAFT_DATUMSTYLE
350
106
  3
CAXA_DRAFT_DATUMSTYLEOVERRIDE
350
10A
  3
CAXA_DRAFT_DIMSTYLE_ANGTXTVPOS
350
513
  3
CAXA_DRAFT_DIMSTYLE_ISDISPZEROTOL
350
517
  3
CAXA_DRAFT_DIMSTYLE_ISFILLDFM
350
515
  3
CAXA_DRAFT_DIMSTYLE_SYMBOLCOLOR
350
519
  3
CAXA_DRAFT_DRAFTDATA
350
51B
  3
CAXA_DRAFT_FILEVERSION
350
D0
  3
CAXA_DRAFT_GEOTOLSTYLE
350
100
  3
CAXA_DRAFT_GEOTOLSTYLEOVERRIDE
350
104
  3
CAXA_DRAFT_LEADERSTYLE
350
F1
  3
CAXA_DRAFT_PARTNOSTYLE
350
112
  3
CAXA_DRAFT_PARTNOSTYLEOVERRIDE
350
116
  3
CAXA_DRAFT_ROUGHSTYLE
350
FA
  3
CAXA_DRAFT_ROUGHSTYLEOVERRIDE
350
FE
  3
CAXA_DRAFT_STDDATA
350
51D
  3
CAXA_DRAFT_WELDSTYLE
350
F4
  3
CAXA_DRAFT_WELDSTYLEOVERRIDE
350
F8
  0
SUN
  5
5D
330
29
100
AcDbSun
 90
        1
290
     0
 63
     7
421
 16777215
 40
1.0
291
     1
 91
  2455826
 92
 54000000
292
     0
 70
     2
 71
   256
280
     1
  0
DICTIONARY
  5
357
330
34F
100
AcDbDictionary
280
     1
281
     1
  3
ACAD_FILTER
360
358
  0
DICTIONARY
  5
528
102
{ACAD_REACTORS
330
C
102
}
330
C
100
AcDbDictionary
281
     1
  0
DICTIONARY
  5
D
102
{ACAD_REACTORS
330
C
102
}
330
C
100
AcDbDictionary
281
     1
  0
DICTIONARY
  5
1A
102
{ACAD_REACTORS
330
C
102
}
330
C
100
AcDbDictionary
281
     1
  3
Layout1
350
1E
  3
Model
350
22
  0
DICTIONARY
  5
43
102
{ACAD_REACTORS
330
C
102
}
330
C
100
AcDbDictionary
281
     1
  3
ByBlock
350
45
  3
ByLayer
350
44
  3
Global
350
46
  0
DICTIONARY
  5
5B
102
{ACAD_REACTORS
330
C
102
}
330
C
100
AcDbDictionary
281
     1
  3
Standard
350
5C
  0
DICTIONARY
  5
17
102
{ACAD_REACTORS
330
C
102
}
330
C
100
AcDbDictionary
281
     1
  3
Standard
350
18
  3
标准
350
11C
  0
DICTIONARY
  5
19
102
{ACAD_REACTORS
330
C
102
}
330
C
100
AcDbDictionary
281
     1
  0
ACDBDICTIONARYWDFLT
  5
E
102
{ACAD_REACTORS
330
C
102
}
330
C
100
AcDbDictionary
281
     1
  3
Normal
350
F
100
AcDbDictionaryWithDefault
340
F
  0
DICTIONARY
  5
47
102
{ACAD_REACTORS
330
C
102
}
330
C
100
AcDbDictionary
281
     1
  3
A0
350
48
  3
A1
350
49
  3
A2
350
4A
  3
A3
350
4B
  3
A4
350
4C
  3
A5
350
4D
  3
A6
350
4E
  3
A7
350
4F
  3
A8
350
50
  3
A9
350
51
  3
B0
350
52
  3
B1
350
53
  3
B2
350
54
  3
B3
350
55
  3
B4
350
56
  3
B5
350
57
  3
B6
350
58
  0
DICTIONARY
  5
529
102
{ACAD_REACTORS
330
C
102
}
330
C
100
AcDbDictionary
281
     1
  0
DICTIONARY
  5
59
102
{ACAD_REACTORS
330
C
102
}
330
C
100
AcDbDictionary
281
     1
  3
Standard
350
5A
  3
标准
350
11D
  0
DICTIONARY
  5
2A
102
{ACAD_REACTORS
330
C
102
}
330
C
100
AcDbDictionary
281
     1
  3
2dWireframe
350
2F
  3
Basic
350
32
  3
Brighten
350
36
  3
ColorChange
350
3A
  3
Conceptual
350
34
  3
Dim
350
35
  3
EdgeColorOff
350
3D
  3
Facepattern
350
39
  3
Flat
350
2B
  3
FlatWithEdges
350
2C
  3
Gouraud
350
2D
  3
GouraudWithEdges
350
2E
  3
Hidden
350
31
  3
JitterOff
350
3B
  3
Linepattern
350
38
  3
OverhangOff
350
3C
  3
Realistic
350
33
  3
Shaded
350
42
  3
Shaded with edges
350
41
  3
Shades of Gray
350
3E
  3
Sketchy
350
3F
  3
Thicken
350
37
  3
Wireframe
350
30
  3
X-Ray
350
40
  0
WIPEOUTVARIABLES
  5
512
102
{ACAD_REACTORS
330
C
102
}
330
C
100
AcDbWipeoutVariables
 70
     1
  0
XRECORD
  5
525
102
{ACAD_REACTORS
330
C
102
}
330
C
100
AcDbXrecord
280
     1
 90
        1
330
5A
330
11D
  0
DICTIONARY
  5
51F
102
{ACAD_REACTORS
330
C
102
}
330
C
100
AcDbDictionary
281
     1
  3
CANNOSCALE
350
520
  3
CENTEREXE
350
52A
  3
CENTERLTYPEFILE
350
52B
  3
CMLEADERSTYLE
350
527
  3
CTABLESTYLE
350
526
  0
DICTIONARY
  5
118
102
{ACAD_REACTORS
330
C
102
}
330
C
100
AcDbDictionary
281
     1
  3
CAXA_DRAFT_CURRENTBOMSTYLE
350
119
  3
GB(4458.2-2003)
350
11B
  3
标准
350
11A
  0
DICTIONARY
  5
10C
102
{ACAD_REACTORS
330
C
102
}
330
C
100
AcDbDictionary
281
     1
  3
CAXA_DRAFT_CURRENTCUTSSTYLE
350
10D
  3
GB(17452-1998)
350
10F
  3
标准
350
10E
  0
DICTIONARY
  5
110
102
{ACAD_REACTORS
330
C
102
}
330
C
100
AcDbDictionary
281
     1
  3
CAXA_DRAFT_CUTSSTYLEOVERRIDE
350
111
  0
DICTIONARY
  5
11E
102
{ACAD_REACTORS
330
C
102
}
330
C
100
AcDbDictionary
281
     1
  3
CAXA_DRAFT_DATATABLE*Model_Space
350
11F
  0
DICTIONARY
  5
50F
102
{ACAD_REACTORS
330
C
102
}
330
C
100
AcDbDictionary
281
     1
  3
CAXA_DRAFT_DATATABLE*Paper_Space
350
510
  0
DICTIONARY
  5
106
102
{ACAD_REACTORS
330
C
102
}
330
C
100
AcDbDictionary
281
     1
  3
CAXA_DRAFT_CURRENTDATUMSTYLE
350
107
  3
GB(1182-2008)
350
109
  3
标准
350
108
  0
DICTIONARY
  5
10A
102
{ACAD_REACTORS
330
C
102
}
330
C
100
AcDbDictionary
281
     1
  3
CAXA_DRAFT_DATUMSTYLEOVERRIDE
350
10B
  0
DICTIONARY
  5
513
102
{ACAD_REACTORS
330
C
102
}
330
C
100
AcDbDictionary
281
     1
  3
CAXA_DRAFT_DIMSTYLE_ANGTXTVPOS
350
514
  0
DICTIONARY
  5
517
102
{ACAD_REACTORS
330
C
102
}
330
C
100
AcDbDictionary
281
     1
  3
CAXA_DRAFT_DIMSTYLE_ISDISPZEROTOL
350
518
  0
DICTIONARY
  5
515
102
{ACAD_REACTORS
330
C
102
}
330
C
100
AcDbDictionary
281
     1
  3
CAXA_DRAFT_DIMSTYLE_ISFILLDFM
350
516
  0
DICTIONARY
  5
519
102
{ACAD_REACTORS
330
C
102
}
330
C
100
AcDbDictionary
281
     1
  3
CAXA_DRAFT_DIMSTYLE_SYMBOLCOLOR
350
51A
  0
DICTIONARY
  5
51B
102
{ACAD_REACTORS
330
C
102
}
330
C
100
AcDbDictionary
281
     1
  3
CAXA_DRAFT_DRAFTDATA
350
51C
  0
DICTIONARY
  5
D0
102
{ACAD_REACTORS
330
C
102
}
330
C
100
AcDbDictionary
281
     1
  3
CAXA_DRAFT_FILEVERSION
350
D1
  0
DICTIONARY
  5
100
102
{ACAD_REACTORS
330
C
102
}
330
C
100
AcDbDictionary
281
     1
  3
CAXA_DRAFT_CURRENTGEOTOLSTYLE
350
101
  3
GB(1182-2008)
350
103
  3
标准
350
102
  0
DICTIONARY
  5
104
102
{ACAD_REACTORS
330
C
102
}
330
C
100
AcDbDictionary
281
     1
  3
CAXA_DRAFT_GEOTOLSTYLEOVERRIDE
350
105
  0
DICTIONARY
  5
F1
102
{ACAD_REACTORS
330
C
102
}
330
C
100
AcDbDictionary
281
     1
  3
CAXA_DRAFT_CURRENTLEADERSTYLE
350
F2
  3
标准
350
F3
  0
DICTIONARY
  5
112
102
{ACAD_REACTORS
330
C
102
}
330
C
100
AcDbDictionary
281
     1
  3
CAXA_DRAFT_CURRENTPARTNOSTYLE
350
113
  3
GB(4458.2-2003)
350
115
  3
标准
350
114
  0
DICTIONARY
  5
116
102
{ACAD_REACTORS
330
C
102
}
330
C
100
AcDbDictionary
281
     1
  3
CAXA_DRAFT_PARTNOSTYLEOVERRIDE
350
117
  0
DICTIONARY
  5
FA
102
{ACAD_REACTORS
330
C
102
}
330
C
100
AcDbDictionary
281
     1
  3
CAXA_DRAFT_CURRENTROUGHSTYLE
350
FB
  3
GB(131-93)
350
FD
  3
标准
350
FC
  0
DICTIONARY
  5
FE
102
{ACAD_REACTORS
330
C
102
}
330
C
100
AcDbDictionary
281
     1
  3
CAXA_DRAFT_ROUGHSTYLEOVERRIDE
350
FF
  0
DICTIONARY
  5
51D
102
{ACAD_REACTORS
330
C
102
}
330
C
100
AcDbDictionary
281
     1
  3
CAXA_DRAFT_STDDATA
350
51E
  0
DICTIONARY
  5
F4
102
{ACAD_REACTORS
330
C
102
}
330
C
100
AcDbDictionary
281
     1
  3
CAXA_DRAFT_CURRENTWELDSTYLE
350
F5
  3
GB(324-88)
350
F7
  3
标准
350
F6
  0
DICTIONARY
  5
F8
102
{ACAD_REACTORS
330
C
102
}
330
C
100
AcDbDictionary
281
     1
  3
CAXA_DRAFT_WELDSTYLEOVERRIDE
350
F9
  0
DICTIONARY
  5
358
102
{ACAD_REACTORS
330
357
102
}
330
357
100
AcDbDictionary
281
     1
  3
SPATIAL
360
359
  0
LAYOUT
  5
1E
102
{ACAD_REACTORS
330
1A
102
}
330
1A
100
AcDbPlotSettings
  1

  2
none_device
  4
ISO_A3_(297.00_x_420.00_MM)
  6

 40
7.5
 41
20.0
 42
7.5
 43
20.0
 44
297.0
 45
420.0
 46
0.0
 47
0.0
 48
0.0
 49
0.0
140
0.0
141
0.0
142
1.0
143
1.0
 70
   672
 72
     1
 73
     0
 74
     5
  7

 75
    16
 76
     0
 77
     2
 78
   300
147
1.0
148
0.0
149
0.0
100
AcDbLayout
  1
Layout1
 70
     1
 71
     1
 10
0.0
 20
0.0
 11
420.0
 21
297.0
 12
0.0
 22
0.0
 32
0.0
 14
1.000000000000000E+20
 24
1.000000000000000E+20
 34
1.000000000000000E+20
 15
-1.000000000000000E+20
 25
-1.000000000000000E+20
 35
-1.000000000000000E+20
146
0.0
 13
0.0
 23
0.0
 33
0.0
 16
1.0
 26
0.0
 36
0.0
 17
0.0
 27
1.0
 37
0.0
 76
     0
330
1B
331
511
  0
LAYOUT
  5
22
102
{ACAD_REACTORS
330
1A
102
}
330
1A
100
AcDbPlotSettings
  1

  2
none_device
  4
Letter_(8.50_x_11.00_Inches)
  6

 40
6.35
 41
6.35
 42
6.35000508
 43
6.35000508
 44
215.9
 45
279.4
 46
0.0
 47
0.0
 48
0.0
 49
0.0
140
0.0
141
0.0
142
1.0
143
1.0
 70
  1712
 72
     1
 73
     0
 74
     0
  7

 75
     0
 76
     0
 77
     2
 78
   300
147
1.0
148
0.0
149
0.0
100
AcDbLayout
  1
Model
 70
     1
 71
     0
 10
0.0
 20
0.0
 11
420.0
 21
297.0
 12
0.0
 22
0.0
 32
0.0
 14
-1402.626568023516
 24
-263.0488330616311
 34
0.0
 15
5659.514737959544
 25
2691.899766020755
 35
0.0
146
0.0
 13
0.0
 23
0.0
 33
0.0
 16
1.0
 26
0.0
 36
0.0
 17
0.0
 27
1.0
 37
0.0
 76
     0
330
1F
331
29
  0
MATERIAL
  5
45
102
{ACAD_REACTORS
330
43
102
}
330
43
100
AcDbMaterial
  1
ByBlock
 72
     1
 94
      127
  0
MATERIAL
  5
44
102
{ACAD_REACTORS
330
43
102
}
330
43
100
AcDbMaterial
  1
ByLayer
 72
     1
 94
      127
  0
MATERIAL
  5
46
102
{ACAD_REACTORS
330
43
102
}
330
43
100
AcDbMaterial
  1
Global
 72
     1
 94
      127
  0
MLEADERSTYLE
  5
5C
102
{ACAD_REACTORS
330
5B
102
}
330
5B
100
AcDbMLeaderStyle
179
     2
170
     2
171
     1
172
     0
 90
        2
 40
0.0
 41
0.0
173
     1
 91
-1056964608
340
14
 92
       -2
290
     1
 42
2.0
291
     1
 43
8.0
  3
Standard
341
0
 44
4.0
300

342
11
174
     1
178
     6
175
     1
176
     0
 93
-1056964608
 45
4.0
292
     0
297
     0
 46
4.0
343
0
 94
-1056964608
 47
1.0
 49
1.0
140
1.0
293
     1
141
0.0
294
     1
177
     0
142
1.0
295
     0
296
     0
143
3.75
271
     0
272
     9
273
     9
298
     0
  0
MLINESTYLE
  5
18
102
{ACAD_REACTORS
330
17
102
}
330
17
100
AcDbMlineStyle
  2
Standard
 70
     0
  3

 62
   256
 51
90.0
 52
90.0
 71
     2
 49
0.5
 62
   256
  6
BYLAYER
 49
-0.5
 62
   256
  6
BYLAYER
  0
MLINESTYLE
  5
11C
102
{ACAD_REACTORS
330
17
102
}
330
17
100
AcDbMlineStyle
  2
标准
 70
     0
  3
标准
 62
   256
 51
90.0
 52
90.0
 71
     2
 49
0.5
 62
   256
  6
BYLAYER
 49
-0.5
 62
   256
  6
BYLAYER
  0
ACDBPLACEHOLDER
  5
F
102
{ACAD_REACTORS
330
E
102
}
330
E
  0
SCALE
  5
48
102
{ACAD_REACTORS
330
47
102
}
330
47
100
AcDbScale
 70
     0
300
1:1
140
1.0
141
1.0
290
     1
  0
SCALE
  5
49
102
{ACAD_REACTORS
330
47
102
}
330
47
100
AcDbScale
 70
     0
300
1:2
140
1.0
141
2.0
290
     0
  0
SCALE
  5
4A
102
{ACAD_REACTORS
330
47
102
}
330
47
100
AcDbScale
 70
     0
300
1:4
140
1.0
141
4.0
290
     0
  0
SCALE
  5
4B
102
{ACAD_REACTORS
330
47
102
}
330
47
100
AcDbScale
 70
     0
300
1:5
140
1.0
141
5.0
290
     0
  0
SCALE
  5
4C
102
{ACAD_REACTORS
330
47
102
}
330
47
100
AcDbScale
 70
     0
300
1:8
140
1.0
141
8.0
290
     0
  0
SCALE
  5
4D
102
{ACAD_REACTORS
330
47
102
}
330
47
100
AcDbScale
 70
     0
300
1:10
140
1.0
141
10.0
290
     0
  0
SCALE
  5
4E
102
{ACAD_REACTORS
330
47
102
}
330
47
100
AcDbScale
 70
     0
300
1:16
140
1.0
141
16.0
290
     0
  0
SCALE
  5
4F
102
{ACAD_REACTORS
330
47
102
}
330
47
100
AcDbScale
 70
     0
300
1:20
140
1.0
141
20.0
290
     0
  0
SCALE
  5
50
102
{ACAD_REACTORS
330
47
102
}
330
47
100
AcDbScale
 70
     0
300
1:30
140
1.0
141
30.0
290
     0
  0
SCALE
  5
51
102
{ACAD_REACTORS
330
47
102
}
330
47
100
AcDbScale
 70
     0
300
1:40
140
1.0
141
40.0
290
     0
  0
SCALE
  5
52
102
{ACAD_REACTORS
330
47
102
}
330
47
100
AcDbScale
 70
     0
300
1:50
140
1.0
141
50.0
290
     0
  0
SCALE
  5
53
102
{ACAD_REACTORS
330
47
102
}
330
47
100
AcDbScale
 70
     0
300
1:100
140
1.0
141
100.0
290
     0
  0
SCALE
  5
54
102
{ACAD_REACTORS
330
47
102
}
330
47
100
AcDbScale
 70
     0
300
2:1
140
2.0
141
1.0
290
     0
  0
SCALE
  5
55
102
{ACAD_REACTORS
330
47
102
}
330
47
100
AcDbScale
 70
     0
300
4:1
140
4.0
141
1.0
290
     0
  0
SCALE
  5
56
102
{ACAD_REACTORS
330
47
102
}
330
47
100
AcDbScale
 70
     0
300
8:1
140
8.0
141
1.0
290
     0
  0
SCALE
  5
57
102
{ACAD_REACTORS
330
47
102
}
330
47
100
AcDbScale
 70
     0
300
10:1
140
10.0
141
1.0
290
     0
  0
SCALE
  5
58
102
{ACAD_REACTORS
330
47
102
}
330
47
100
AcDbScale
 70
     0
300
100:1
140
100.0
141
1.0
290
     0
  0
TABLESTYLE
  5
5A
102
{ACAD_REACTORS
330
59
102
}
102
{ACAD_XDICTIONARY
360
521
102
}
330
59
100
AcDbTableStyle
  3
Standard
 70
     0
 71
     0
 40
0.06
 41
0.06
280
     0
281
     0
  7
Standard
140
4.5
170
     2
 62
     0
 63
   257
283
     0
 90
        0
 91
        0
  1

274
    -2
284
     1
 64
     0
275
    -2
285
     1
 65
     0
276
    -2
286
     1
 66
     0
277
    -2
287
     1
 67
     0
278
    -2
288
     1
 68
     0
279
    -2
289
     1
 69
     0
  7
Standard
140
6.0
170
     5
 62
     0
 63
   257
283
     0
 90
        0
 91
        0
  1

274
    -2
284
     1
 64
     0
275
    -2
285
     1
 65
     0
276
    -2
286
     1
 66
     0
277
    -2
287
     1
 67
     0
278
    -2
288
     1
 68
     0
279
    -2
289
     1
 69
     0
  7
Standard
140
4.5
170
     5
 62
     0
 63
   257
283
     0
 90
        0
 91
        0
  1

274
    -2
284
     1
 64
     0
275
    -2
285
     1
 65
     0
276
    -2
286
     1
 66
     0
277
    -2
287
     1
 67
     0
278
    -2
288
     1
 68
     0
279
    -2
289
     1
 69
     0
  0
TABLESTYLE
  5
11D
102
{ACAD_REACTORS
330
59
102
}
102
{ACAD_XDICTIONARY
360
523
102
}
330
59
100
AcDbTableStyle
  3

 70
     0
 71
     1
 40
0.06
 41
0.06
280
     0
281
     0
  7
标准
140
4.5
170
     2
 62
     0
 63
   257
283
     0
 90
        0
 91
        0
  1

274
    -2
284
     1
 64
     0
275
    -2
285
     1
 65
     0
276
    -2
286
     1
 66
     0
277
    -2
287
     1
 67
     0
278
    -2
288
     1
 68
     0
279
    -2
289
     1
 69
     0
  7
标准
140
6.0
170
     5
 62
     0
 63
   257
283
     0
 90
        0
 91
        0
  1

274
    -2
284
     1
 64
     0
275
    -2
285
     1
 65
     0
276
    -2
286
     1
 66
     0
277
    -2
287
     1
 67
     0
278
    -2
288
     1
 68
     0
279
    -2
289
     1
 69
     0
  7
标准
140
4.5
170
     5
 62
     0
 63
   257
283
     0
 90
        0
 91
        0
  1

274
    -2
284
     1
 64
     0
275
    -2
285
     1
 65
     0
276
    -2
286
     1
 66
     0
277
    -2
287
     1
 67
     0
278
    -2
288
     1
 68
     0
279
    -2
289
     1
 69
     0
  0
VISUALSTYLE
  5
2F
102
{ACAD_REACTORS
330
2A
102
}
330
2A
100
AcDbVisualStyle
  2
2dWireframe
 70
     4
177
     3
291
     0
 70
    58
 90
        0
176
     1
 90
        2
176
     1
 90
        0
176
     1
 90
        0
176
     1
 40
0.6
176
     1
 40
30.0
176
     1
 62
     7
420
 16777215
176
     1
 90
        1
176
     1
 90
        4
176
     1
 62
     7
176
     1
 62
   257
176
     1
 90
        1
176
     1
 90
        1
176
     1
 40
1.0
176
     1
 90
        0
176
     1
 62
   257
176
     1
 40
1.0
176
     1
 90
        1
176
     1
 90
        6
176
     1
 90
        2
176
     1
 62
     7
176
     1
 90
        5
176
     1
 90
        0
176
     1
 90
        0
176
     1
290
     0
176
     1
 90
        1
176
     1
 40
0.0
176
     1
 90
        0
176
     1
290
     1
176
     1
290
     1
176
     1
290
     0
176
     1
290
     0
176
     1
290
     0
176
     1
290
     0
176
     1
290
     0
176
     1
290
     0
176
     1
290
     0
176
     1
 90
       50
176
     1
 40
0.0
176
     1
 40
1.0
176
     1
 90
        0
176
     1
 62
    18
420
        0
176
     1
 90
       50
176
     1
 90
        3
176
     1
 62
     5
420
      255
176
     1
290
     0
176
     1
 90
       50
176
     1
 90
       50
176
     1
 90
       50
176
     1
290
     0
176
     1
 90
       50
176
     1
 62
   256
176
     0
 40
1.0
176
     0
 90
        2
176
     1
  1
strokes_ogs.tif
176
     1
290
     0
176
     1
 40
1.0
176
     1
 40
1.0
176
     1
  0
VISUALSTYLE
  5
32
102
{ACAD_REACTORS
330
2A
102
}
330
2A
100
AcDbVisualStyle
  2
Basic
 70
     7
177
     3
291
     1
 70
    58
 90
        1
176
     1
 90
        0
176
     1
 90
        1
176
     1
 90
        0
176
     1
 40
0.6
176
     1
 40
30.0
176
     1
 62
     7
420
 16777215
176
     1
 90
        0
176
     1
 90
        4
176
     1
 62
     7
176
     1
 62
   257
176
     1
 90
        1
176
     1
 90
        1
176
     1
 40
1.0
176
     1
 90
        8
176
     1
 62
     7
176
     1
 40
1.0
176
     1
 90
        1
176
     1
 90
        6
176
     1
 90
        2
176
     1
 62
     7
176
     1
 90
        5
176
     1
 90
        0
176
     1
 90
        0
176
     1
290
     0
176
     1
 90
        1
176
     1
 40
0.0
176
     1
 90
        0
176
     1
290
     0
176
     1
290
     1
176
     1
290
     1
176
     1
290
     0
176
     1
290
     0
176
     1
290
     0
176
     1
290
     0
176
     1
290
     0
176
     1
290
     0
176
     1
 90
       50
176
     1
 40
0.0
176
     1
 40
1.0
176
     1
 90
        0
176
     1
 62
    18
420
        0
176
     1
 90
       50
176
     1
 90
        3
176
     1
 62
     5
420
      255
176
     1
290
     0
176
     1
 90
       50
176
     1
 90
       50
176
     1
 90
       50
176
     1
290
     0
176
     1
 90
       50
176
     1
 62
   256
176
     0
 40
1.0
176
     0
 90
        2
176
     1
  1
strokes_ogs.tif
176
     1
290
     0
176
     1
 40
1.0
176
     1
 40
1.0
176
     1
  0
VISUALSTYLE
  5
36
102
{ACAD_REACTORS
330
2A
102
}
330
2A
100
AcDbVisualStyle
  2
Brighten
 70
    12
177
     3
291
     1
 70
    58
 90
        2
176
     1
 90
        2
176
     1
 90
        0
176
     1
 90
        0
176
     1
 40
0.6
176
     1
 40
30.0
176
     1
 62
     7
420
 16777215
176
     1
 90
        1
176
     1
 90
        4
176
     1
 62
     7
176
     1
 62
   257
176
     1
 90
        1
176
     1
 90
        1
176
     1
 40
1.0
176
     1
 90
        8
176
     1
 62
     7
176
     1
 40
1.0
176
     1
 90
        1
176
     1
 90
        6
176
     1
 90
        2
176
     1
 62
     7
176
     1
 90
        5
176
     1
 90
        0
176
     1
 90
        0
176
     1
290
     0
176
     1
 90
        1
176
     1
 40
50.0
176
     1
 90
        0
176
     1
290
     0
176
     1
290
     1
176
     1
290
     1
176
     1
290
     0
176
     1
290
     0
176
     1
290
     0
176
     1
290
     0
176
     1
290
     0
176
     1
290
     0
176
     1
 90
       50
176
     1
 40
0.0
176
     1
 40
1.0
176
     1
 90
        0
176
     1
 62
    18
420
        0
176
     1
 90
       50
176
     1
 90
        3
176
     1
 62
     5
420
      255
176
     1
290
     0
176
     1
 90
       50
176
     1
 90
       50
176
     1
 90
       50
176
     1
290
     0
176
     1
 90
       50
176
     1
 62
   256
176
     0
 40
1.0
176
     0
 90
        2
176
     1
  1
strokes_ogs.tif
176
     1
290
     0
176
     1
 40
1.0
176
     1
 40
1.0
176
     1
  0
VISUALSTYLE
  5
3A
102
{ACAD_REACTORS
330
2A
102
}
330
2A
100
AcDbVisualStyle
  2
ColorChange
 70
    16
177
     3
291
     1
 70
    58
 90
        2
176
     1
 90
        2
176
     1
 90
        3
176
     1
 90
        0
176
     1
 40
0.6
176
     1
 40
30.0
176
     1
 62
     8
420
  8421504
176
     1
 90
        1
176
     1
 90
        4
176
     1
 62
     7
176
     1
 62
   257
176
     1
 90
        1
176
     1
 90
        1
176
     1
 40
1.0
176
     1
 90
        8
176
     1
 62
     8
420
  8421504
176
     1
 40
1.0
176
     1
 90
        1
176
     1
 90
        6
176
     1
 90
        2
176
     1
 62
     7
176
     1
 90
        5
176
     1
 90
        0
176
     1
 90
        0
176
     1
290
     0
176
     1
 90
        1
176
     1
 40
0.0
176
     1
 90
        0
176
     1
290
     0
176
     1
290
     1
176
     1
290
     1
176
     1
290
     0
176
     1
290
     0
176
     1
290
     0
176
     1
290
     0
176
     1
290
     0
176
     1
290
     0
176
     1
 90
       50
176
     1
 40
0.0
176
     1
 40
1.0
176
     1
 90
        0
176
     1
 62
    18
420
        0
176
     1
 90
       50
176
     1
 90
        3
176
     1
 62
     5
420
      255
176
     1
290
     0
176
     1
 90
       50
176
     1
 90
       50
176
     1
 90
       50
176
     1
290
     0
176
     1
 90
       50
176
     1
 62
   256
176
     0
 40
1.0
176
     0
 90
        2
176
     1
  1
strokes_ogs.tif
176
     1
290
     0
176
     1
 40
1.0
176
     1
 40
1.0
176
     1
  0
VISUALSTYLE
  5
34
102
{ACAD_REACTORS
330
2A
102
}
330
2A
100
AcDbVisualStyle
  2
Conceptual
 70
     9
177
     3
291
     0
 70
    58
 90
        3
176
     1
 90
        2
176
     1
 90
        0
176
     1
 90
        0
176
     1
 40
0.6
176
     1
 40
30.0
176
     1
 62
     7
420
 16777215
176
     1
 90
        2
176
     1
 90
        2
176
     1
 62
     7
176
     1
 62
   257
176
     1
 90
        1
176
     1
 90
        1
176
     1
 40
179.0
176
     1
 90
        8
176
     1
 62
     7
176
     1
 40
1.0
176
     1
 90
        1
176
     1
 90
        6
176
     1
 90
        2
176
     1
 62
     7
176
     1
 90
        3
176
     1
 90
        0
176
     1
 90
        0
176
     1
290
     0
176
     1
 90
        1
176
     1
 40
0.0
176
     1
 90
        0
176
     1
290
     0
176
     1
290
     1
176
     1
290
     1
176
     1
290
     0
176
     1
290
     0
176
     1
290
     0
176
     1
290
     0
176
     1
290
     0
176
     1
290
     0
176
     1
 90
       50
176
     1
 40
0.0
176
     1
 40
1.0
176
     1
 90
        0
176
     1
 62
    18
420
        0
176
     1
 90
       50
176
     1
 90
        3
176
     1
 62
     5
420
      255
176
     1
290
     0
176
     1
 90
       50
176
     1
 90
       50
176
     1
 90
       50
176
     1
290
     0
176
     1
 90
       50
176
     1
 62
   256
176
     0
 40
1.0
176
     0
 90
        2
176
     1
  1
strokes_ogs.tif
176
     1
290
     0
176
     1
 40
1.0
176
     1
 40
1.0
176
     1
  0
VISUALSTYLE
  5
35
102
{ACAD_REACTORS
330
2A
102
}
330
2A
100
AcDbVisualStyle
  2
Dim
 70
    11
177
     3
291
     1
 70
    58
 90
        2
176
     1
 90
        2
176
     1
 90
        0
176
     1
 90
        0
176
     1
 40
0.6
176
     1
 40
30.0
176
     1
 62
     7
420
 16777215
176
     1
 90
        1
176
     1
 90
        4
176
     1
 62
     7
176
     1
 62
   257
176
     1
 90
        1
176
     1
 90
        1
176
     1
 40
1.0
176
     1
 90
        8
176
     1
 62
     7
176
     1
 40
1.0
176
     1
 90
        1
176
     1
 90
        6
176
     1
 90
        2
176
     1
 62
     7
176
     1
 90
        5
176
     1
 90
        0
176
     1
 90
        0
176
     1
290
     0
176
     1
 90
        1
176
     1
 40
-50.0
176
     1
 90
        0
176
     1
290
     0
176
     1
290
     1
176
     1
290
     1
176
     1
290
     0
176
     1
290
     0
176
     1
290
     0
176
     1
290
     0
176
     1
290
     0
176
     1
290
     0
176
     1
 90
       50
176
     1
 40
0.0
176
     1
 40
1.0
176
     1
 90
        0
176
     1
 62
    18
420
        0
176
     1
 90
       50
176
     1
 90
        3
176
     1
 62
     5
420
      255
176
     1
290
     0
176
     1
 90
       50
176
     1
 90
       50
176
     1
 90
       50
176
     1
290
     0
176
     1
 90
       50
176
     1
 62
   256
176
     0
 40
1.0
176
     0
 90
        2
176
     1
  1
strokes_ogs.tif
176
     1
290
     0
176
     1
 40
1.0
176
     1
 40
1.0
176
     1
  0
VISUALSTYLE
  5
3D
102
{ACAD_REACTORS
330
2A
102
}
330
2A
100
AcDbVisualStyle
  2
EdgeColorOff
 70
    22
177
     3
291
     1
 70
    58
 90
        2
176
     0
 90
        2
176
     0
 90
        0
176
     0
 90
        0
176
     0
 40
0.6
176
     0
 40
30.0
176
     0
 62
     7
420
 16777215
176
     0
 90
        1
176
     0
 90
        4
176
     0
 62
     7
176
     0
 62
   257
176
     0
 90
        1
176
     0
 90
        1
176
     0
 40
1.0
176
     0
 90
        8
176
     2
 62
     7
176
     0
 40
1.0
176
     0
 90
        1
176
     0
 90
        6
176
     0
 90
        2
176
     0
 62
     7
176
     0
 90
        5
176
     0
 90
        0
176
     0
 90
        0
176
     0
290
     0
176
     0
 90
        1
176
     0
 40
0.0
176
     0
 90
        0
176
     0
290
     0
176
     0
290
     1
176
     0
290
     1
176
     0
290
     0
176
     0
290
     0
176
     0
290
     0
176
     0
290
     0
176
     0
290
     0
176
     0
290
     0
176
     0
 90
       50
176
     0
 40
0.0
176
     0
 40
1.0
176
     0
 90
        0
176
     0
 62
    18
420
        0
176
     0
 90
       50
176
     0
 90
        3
176
     0
 62
     5
420
      255
176
     0
290
     0
176
     0
 90
       50
176
     0
 90
       50
176
     0
 90
       50
176
     0
290
     0
176
     0
 90
       50
176
     0
 62
   256
176
     0
 40
1.0
176
     0
 90
        2
176
     0
  1
strokes_ogs.tif
176
     0
290
     0
176
     0
 40
1.0
176
     0
 40
1.0
176
     0
  0
VISUALSTYLE
  5
39
102
{ACAD_REACTORS
330
2A
102
}
330
2A
100
AcDbVisualStyle
  2
Facepattern
 70
    15
177
     3
291
     1
 70
    58
 90
        2
176
     1
 90
        2
176
     1
 90
        0
176
     1
 90
        0
176
     1
 40
0.6
176
     1
 40
30.0
176
     1
 62
     7
420
 16777215
176
     1
 90
        1
176
     1
 90
        4
176
     1
 62
     7
176
     1
 62
   257
176
     1
 90
        1
176
     1
 90
        1
176
     1
 40
1.0
176
     1
 90
        8
176
     1
 62
     7
176
     1
 40
1.0
176
     1
 90
        1
176
     1
 90
        6
176
     1
 90
        2
176
     1
 62
     7
176
     1
 90
        5
176
     1
 90
        0
176
     1
 90
        0
176
     1
290
     0
176
     1
 90
        1
176
     1
 40
0.0
176
     1
 90
        0
176
     1
290
     0
176
     1
290
     1
176
     1
290
     1
176
     1
290
     0
176
     1
290
     0
176
     1
290
     0
176
     1
290
     0
176
     1
290
     0
176
     1
290
     0
176
     1
 90
       50
176
     1
 40
0.0
176
     1
 40
1.0
176
     1
 90
        0
176
     1
 62
    18
420
        0
176
     1
 90
       50
176
     1
 90
        3
176
     1
 62
     5
420
      255
176
     1
290
     0
176
     1
 90
       50
176
     1
 90
       50
176
     1
 90
       50
176
     1
290
     0
176
     1
 90
       50
176
     1
 62
   256
176
     0
 40
1.0
176
     0
 90
        2
176
     1
  1
strokes_ogs.tif
176
     1
290
     0
176
     1
 40
1.0
176
     1
 40
1.0
176
     1
  0
VISUALSTYLE
  5
2B
102
{ACAD_REACTORS
330
2A
102
}
330
2A
100
AcDbVisualStyle
  2
Flat
 70
     0
177
     3
291
     1
 70
    58
 90
        2
176
     1
 90
        1
176
     1
 90
        1
176
     1
 90
        2
176
     1
 40
0.6
176
     1
 40
30.0
176
     1
 62
     7
420
 16777215
176
     1
 90
        0
176
     1
 90
        0
176
     1
 62
     7
176
     1
 62
   257
176
     1
 90
        1
176
     1
 90
        1
176
     1
 40
1.0
176
     1
 90
        8
176
     1
 62
     7
176
     1
 40
1.0
176
     1
 90
        1
176
     1
 90
        6
176
     1
 90
        2
176
     1
 62
     7
176
     1
 90
        5
176
     1
 90
        0
176
     1
 90
        0
176
     1
290
     0
176
     1
 90
       13
176
     1
 40
0.0
176
     1
 90
        0
176
     1
290
     0
176
     1
290
     1
176
     1
290
     1
176
     1
290
     0
176
     1
290
     0
176
     1
290
     0
176
     1
290
     0
176
     1
290
     0
176
     1
290
     0
176
     1
 90
       50
176
     1
 40
0.0
176
     1
 40
1.0
176
     1
 90
        0
176
     1
 62
    18
420
        0
176
     1
 90
       50
176
     1
 90
        3
176
     1
 62
     5
420
      255
176
     1
290
     0
176
     1
 90
       50
176
     1
 90
       50
176
     1
 90
       50
176
     1
290
     0
176
     1
 90
       50
176
     1
 62
   256
176
     0
 40
1.0
176
     0
 90
        2
176
     1
  1
strokes_ogs.tif
176
     1
290
     0
176
     1
 40
1.0
176
     1
 40
1.0
176
     1
  0
VISUALSTYLE
  5
2C
102
{ACAD_REACTORS
330
2A
102
}
330
2A
100
AcDbVisualStyle
  2
FlatWithEdges
 70
     1
177
     3
291
     1
 70
    58
 90
        2
176
     1
 90
        1
176
     1
 90
        1
176
     1
 90
        2
176
     1
 40
0.6
176
     1
 40
30.0
176
     1
 62
     7
420
 16777215
176
     1
 90
        1
176
     1
 90
        0
176
     1
 62
     7
176
     1
 62
   257
176
     1
 90
        1
176
     1
 90
        1
176
     1
 40
1.0
176
     1
 90
        0
176
     1
 62
   257
176
     1
 40
1.0
176
     1
 90
        1
176
     1
 90
        6
176
     1
 90
        2
176
     1
 62
     7
176
     1
 90
        5
176
     1
 90
        0
176
     1
 90
        0
176
     1
290
     0
176
     1
 90
       13
176
     1
 40
0.0
176
     1
 90
        0
176
     1
290
     0
176
     1
290
     1
176
     1
290
     1
176
     1
290
     0
176
     1
290
     0
176
     1
290
     0
176
     1
290
     0
176
     1
290
     0
176
     1
290
     0
176
     1
 90
       50
176
     1
 40
0.0
176
     1
 40
1.0
176
     1
 90
        0
176
     1
 62
    18
420
        0
176
     1
 90
       50
176
     1
 90
        3
176
     1
 62
     5
420
      255
176
     1
290
     0
176
     1
 90
       50
176
     1
 90
       50
176
     1
 90
       50
176
     1
290
     0
176
     1
 90
       50
176
     1
 62
   256
176
     0
 40
1.0
176
     0
 90
        2
176
     1
  1
strokes_ogs.tif
176
     1
290
     0
176
     1
 40
1.0
176
     1
 40
1.0
176
     1
  0
VISUALSTYLE
  5
2D
102
{ACAD_REACTORS
330
2A
102
}
330
2A
100
AcDbVisualStyle
  2
Gouraud
 70
     2
177
     3
291
     1
 70
    58
 90
        2
176
     1
 90
        2
176
     1
 90
        1
176
     1
 90
        2
176
     1
 40
0.6
176
     1
 40
30.0
176
     1
 62
     7
420
 16777215
176
     1
 90
        0
176
     1
 90
        0
176
     1
 62
     7
176
     1
 62
   257
176
     1
 90
        1
176
     1
 90
        1
176
     1
 40
1.0
176
     1
 90
        0
176
     1
 62
     7
176
     1
 40
1.0
176
     1
 90
        1
176
     1
 90
        6
176
     1
 90
        2
176
     1
 62
     7
176
     1
 90
        5
176
     1
 90
        0
176
     1
 90
        0
176
     1
290
     0
176
     1
 90
       13
176
     1
 40
0.0
176
     1
 90
        0
176
     1
290
     0
176
     1
290
     1
176
     1
290
     1
176
     1
290
     0
176
     1
290
     0
176
     1
290
     0
176
     1
290
     0
176
     1
290
     0
176
     1
290
     0
176
     1
 90
       50
176
     1
 40
0.0
176
     1
 40
1.0
176
     1
 90
        0
176
     1
 62
    18
420
        0
176
     1
 90
       50
176
     1
 90
        3
176
     1
 62
     5
420
      255
176
     1
290
     0
176
     1
 90
       50
176
     1
 90
       50
176
     1
 90
       50
176
     1
290
     0
176
     1
 90
       50
176
     1
 62
   256
176
     0
 40
1.0
176
     0
 90
        2
176
     1
  1
strokes_ogs.tif
176
     1
290
     0
176
     1
 40
1.0
176
     1
 40
1.0
176
     1
  0
VISUALSTYLE
  5
2E
102
{ACAD_REACTORS
330
2A
102
}
330
2A
100
AcDbVisualStyle
  2
GouraudWithEdges
 70
     3
177
     3
291
     1
 70
    58
 90
        2
176
     1
 90
        2
176
     1
 90
        1
176
     1
 90
        2
176
     1
 40
0.6
176
     1
 40
30.0
176
     1
 62
     7
420
 16777215
176
     1
 90
        1
176
     1
 90
        0
176
     1
 62
     7
176
     1
 62
   257
176
     1
 90
        1
176
     1
 90
        1
176
     1
 40
1.0
176
     1
 90
        0
176
     1
 62
   257
176
     1
 40
1.0
176
     1
 90
        1
176
     1
 90
        6
176
     1
 90
        2
176
     1
 62
     7
176
     1
 90
        5
176
     1
 90
        0
176
     1
 90
        0
176
     1
290
     0
176
     1
 90
       13
176
     1
 40
0.0
176
     1
 90
        0
176
     1
290
     0
176
     1
290
     1
176
     1
290
     1
176
     1
290
     0
176
     1
290
     0
176
     1
290
     0
176
     1
290
     0
176
     1
290
     0
176
     1
290
     0
176
     1
 90
       50
176
     1
 40
0.0
176
     1
 40
1.0
176
     1
 90
        0
176
     1
 62
    18
420
        0
176
     1
 90
       50
176
     1
 90
        3
176
     1
 62
     5
420
      255
176
     1
290
     0
176
     1
 90
       50
176
     1
 90
       50
176
     1
 90
       50
176
     1
290
     0
176
     1
 90
       50
176
     1
 62
   256
176
     0
 40
1.0
176
     0
 90
        2
176
     1
  1
strokes_ogs.tif
176
     1
290
     0
176
     1
 40
1.0
176
     1
 40
1.0
176
     1
  0
VISUALSTYLE
  5
31
102
{ACAD_REACTORS
330
2A
102
}
330
2A
100
AcDbVisualStyle
  2
Hidden
 70
     6
177
     3
291
     0
 70
    58
 90
        1
176
     1
 90
        2
176
     1
 90
        2
176
     1
 90
        0
176
     1
 40
0.6
176
     1
 40
30.0
176
     1
 62
     7
420
 16777215
176
     1
 90
        2
176
     1
 90
        2
176
     1
 62
     7
176
     1
 62
   257
176
     1
 90
        2
176
     1
 90
        1
176
     1
 40
40.0
176
     1
 90
        0
176
     1
 62
   257
176
     1
 40
1.0
176
     1
 90
        1
176
     1
 90
        6
176
     1
 90
        2
176
     1
 62
     7
176
     1
 90
        3
176
     1
 90
        0
176
     1
 90
        0
176
     1
290
     0
176
     1
 90
        1
176
     1
 40
0.0
176
     1
 90
        0
176
     1
290
     0
176
     1
290
     1
176
     1
290
     1
176
     1
290
     0
176
     1
290
     0
176
     1
290
     0
176
     1
290
     0
176
     1
290
     0
176
     1
290
     0
176
     1
 90
       50
176
     1
 40
0.0
176
     1
 40
1.0
176
     1
 90
        0
176
     1
 62
    18
420
        0
176
     1
 90
       50
176
     1
 90
        3
176
     1
 62
     5
420
      255
176
     1
290
     0
176
     1
 90
       50
176
     1
 90
       50
176
     1
 90
       50
176
     1
290
     0
176
     1
 90
       50
176
     1
 62
   256
176
     0
 40
1.0
176
     0
 90
        2
176
     1
  1
strokes_ogs.tif
176
     1
290
     0
176
     1
 40
1.0
176
     1
 40
1.0
176
     1
  0
VISUALSTYLE
  5
3B
102
{ACAD_REACTORS
330
2A
102
}
330
2A
100
AcDbVisualStyle
  2
JitterOff
 70
    20
177
     3
291
     1
 70
    58
 90
        2
176
     0
 90
        2
176
     0
 90
        0
176
     0
 90
        0
176
     0
 40
0.6
176
     0
 40
30.0
176
     0
 62
     7
420
 16777215
176
     0
 90
        1
176
     0
 90
        4
176
     0
 62
     7
176
     0
 62
   257
176
     0
 90
        1
176
     0
 90
        1
176
     0
 40
1.0
176
     0
 90
       10
176
     2
 62
     7
176
     0
 40
1.0
176
     0
 90
        1
176
     0
 90
        6
176
     0
 90
        2
176
     0
 62
     7
176
     0
 90
        5
176
     0
 90
        0
176
     0
 90
        0
176
     0
290
     0
176
     0
 90
        1
176
     0
 40
0.0
176
     0
 90
        0
176
     0
290
     0
176
     0
290
     1
176
     0
290
     1
176
     0
290
     0
176
     0
290
     0
176
     0
290
     0
176
     0
290
     0
176
     0
290
     0
176
     0
290
     0
176
     0
 90
       50
176
     0
 40
0.0
176
     0
 40
1.0
176
     0
 90
        0
176
     0
 62
    18
420
        0
176
     0
 90
       50
176
     0
 90
        3
176
     0
 62
     5
420
      255
176
     0
290
     0
176
     0
 90
       50
176
     0
 90
       50
176
     0
 90
       50
176
     0
290
     0
176
     0
 90
       50
176
     0
 62
   256
176
     0
 40
1.0
176
     0
 90
        2
176
     0
  1
strokes_ogs.tif
176
     0
290
     0
176
     0
 40
1.0
176
     0
 40
1.0
176
     0
  0
VISUALSTYLE
  5
38
102
{ACAD_REACTORS
330
2A
102
}
330
2A
100
AcDbVisualStyle
  2
Linepattern
 70
    14
177
     3
291
     1
 70
    58
 90
        2
176
     1
 90
        2
176
     1
 90
        0
176
     1
 90
        0
176
     1
 40
0.6
176
     1
 40
30.0
176
     1
 62
     7
420
 16777215
176
     1
 90
        1
176
     1
 90
        4
176
     1
 62
     7
176
     1
 62
   257
176
     1
 90
        7
176
     1
 90
        7
176
     1
 40
1.0
176
     1
 90
        8
176
     1
 62
     7
176
     1
 40
1.0
176
     1
 90
        1
176
     1
 90
        6
176
     1
 90
        2
176
     1
 62
     7
176
     1
 90
        5
176
     1
 90
        0
176
     1
 90
        0
176
     1
290
     0
176
     1
 90
        1
176
     1
 40
0.0
176
     1
 90
        0
176
     1
290
     0
176
     1
290
     1
176
     1
290
     1
176
     1
290
     0
176
     1
290
     0
176
     1
290
     0
176
     1
290
     0
176
     1
290
     0
176
     1
290
     0
176
     1
 90
       50
176
     1
 40
0.0
176
     1
 40
1.0
176
     1
 90
        0
176
     1
 62
    18
420
        0
176
     1
 90
       50
176
     1
 90
        3
176
     1
 62
     5
420
      255
176
     1
290
     0
176
     1
 90
       50
176
     1
 90
       50
176
     1
 90
       50
176
     1
290
     0
176
     1
 90
       50
176
     1
 62
   256
176
     0
 40
1.0
176
     0
 90
        2
176
     1
  1
strokes_ogs.tif
176
     1
290
     0
176
     1
 40
1.0
176
     1
 40
1.0
176
     1
  0
VISUALSTYLE
  5
3C
102
{ACAD_REACTORS
330
2A
102
}
330
2A
100
AcDbVisualStyle
  2
OverhangOff
 70
    21
177
     3
291
     1
 70
    58
 90
        2
176
     0
 90
        2
176
     0
 90
        0
176
     0
 90
        0
176
     0
 40
0.6
176
     0
 40
30.0
176
     0
 62
     7
420
 16777215
176
     0
 90
        1
176
     0
 90
        4
176
     0
 62
     7
176
     0
 62
   257
176
     0
 90
        1
176
     0
 90
        1
176
     0
 40
1.0
176
     0
 90
        9
176
     2
 62
     7
176
     0
 40
1.0
176
     0
 90
        1
176
     0
 90
        6
176
     0
 90
        2
176
     0
 62
     7
176
     0
 90
        5
176
     0
 90
        0
176
     0
 90
        0
176
     0
290
     0
176
     0
 90
        1
176
     0
 40
0.0
176
     0
 90
        0
176
     0
290
     0
176
     0
290
     1
176
     0
290
     1
176
     0
290
     0
176
     0
290
     0
176
     0
290
     0
176
     0
290
     0
176
     0
290
     0
176
     0
290
     0
176
     0
 90
       50
176
     0
 40
0.0
176
     0
 40
1.0
176
     0
 90
        0
176
     0
 62
    18
420
        0
176
     0
 90
       50
176
     0
 90
        3
176
     0
 62
     5
420
      255
176
     0
290
     0
176
     0
 90
       50
176
     0
 90
       50
176
     0
 90
       50
176
     0
290
     0
176
     0
 90
       50
176
     0
 62
   256
176
     0
 40
1.0
176
     0
 90
        2
176
     0
  1
strokes_ogs.tif
176
     0
290
     0
176
     0
 40
1.0
176
     0
 40
1.0
176
     0
  0
VISUALSTYLE
  5
33
102
{ACAD_REACTORS
330
2A
102
}
330
2A
100
AcDbVisualStyle
  2
Realistic
 70
     8
177
     3
291
     0
 70
    58
 90
        2
176
     1
 90
        3
176
     1
 90
        0
176
     1
 90
        2
176
     1
 40
0.6
176
     1
 40
30.0
176
     1
 62
     7
420
 16777215
176
     1
 90
        0
176
     1
 90
        0
176
     1
 62
     7
176
     1
 62
   257
176
     1
 90
        1
176
     1
 90
        1
176
     1
 40
1.0
176
     1
 90
        8
176
     1
 62
   257
176
     1
 40
1.0
176
     1
 90
        1
176
     1
 90
        6
176
     1
 90
        2
176
     1
 62
     7
176
     1
 90
        3
176
     1
 90
        0
176
     1
 90
        0
176
     1
290
     0
176
     1
 90
       13
176
     1
 40
0.0
176
     1
 90
        0
176
     1
290
     0
176
     1
290
     1
176
     1
290
     1
176
     1
290
     0
176
     1
290
     0
176
     1
290
     0
176
     1
290
     0
176
     1
290
     0
176
     1
290
     0
176
     1
 90
       50
176
     1
 40
0.0
176
     1
 40
1.0
176
     1
 90
        0
176
     1
 62
    18
420
        0
176
     1
 90
       50
176
     1
 90
        3
176
     1
 62
     5
420
      255
176
     1
290
     0
176
     1
 90
       50
176
     1
 90
       50
176
     1
 90
       50
176
     1
290
     0
176
     1
 90
       50
176
     1
 62
   256
176
     0
 40
1.0
176
     0
 90
        2
176
     1
  1
strokes_ogs.tif
176
     1
290
     0
176
     1
 40
1.0
176
     1
 40
1.0
176
     1
  0
VISUALSTYLE
  5
42
102
{ACAD_REACTORS
330
2A
102
}
330
2A
100
AcDbVisualStyle
  2
Shaded
 70
    27
177
     3
291
     0
 70
    58
 90
        2
176
     1
 90
        2
176
     1
 90
        1
176
     1
 90
        2
176
     1
 40
0.6
176
     1
 40
30.0
176
     1
 62
     7
420
 16777215
176
     1
 90
        0
176
     1
 90
        4
176
     1
 62
     7
176
     1
 62
   257
176
     1
 90
        1
176
     1
 90
        1
176
     1
 40
1.0
176
     1
 90
        8
176
     1
 62
   257
176
     1
 40
1.0
176
     1
 90
        1
176
     1
 90
        6
176
     1
 90
        2
176
     1
 62
     8
420
  7895160
176
     1
 90
        3
176
     1
 90
        0
176
     1
 90
        0
176
     1
290
     0
176
     1
 90
        5
176
     1
 40
0.0
176
     1
 90
        0
176
     1
290
     0
176
     1
290
     1
176
     1
290
     1
176
     1
290
     0
176
     1
290
     0
176
     1
290
     0
176
     1
290
     0
176
     1
290
     0
176
     1
290
     0
176
     1
 90
       50
176
     1
 40
0.0
176
     1
 40
1.0
176
     1
 90
        0
176
     1
 62
    18
420
        0
176
     1
 90
       50
176
     1
 90
        3
176
     1
 62
     5
420
      255
176
     1
290
     0
176
     1
 90
       50
176
     1
 90
       50
176
     1
 90
       50
176
     1
290
     0
176
     1
 90
       50
176
     1
 62
   256
176
     0
 40
1.0
176
     0
 90
        2
176
     1
  1
strokes_ogs.tif
176
     1
290
     0
176
     1
 40
1.0
176
     1
 40
1.0
176
     1
  0
VISUALSTYLE
  5
41
102
{ACAD_REACTORS
330
2A
102
}
330
2A
100
AcDbVisualStyle
  2
Shaded with edges
 70
    26
177
     3
291
     0
 70
    58
 90
        2
176
     1
 90
        2
176
     1
 90
        1
176
     1
 90
        2
176
     1
 40
0.6
176
     1
 40
30.0
176
     1
 62
     7
420
 16777215
176
     1
 90
        1
176
     1
 90
       10
176
     1
 62
     7
176
     1
 62
   257
176
     1
 90
        2
176
     1
 90
        1
176
     1
 40
1.0
176
     1
 90
        8
176
     1
 62
   257
176
     1
 40
1.0
176
     1
 90
        1
176
     1
 90
        6
176
     1
 90
        2
176
     1
 62
     7
176
     1
 90
        3
176
     1
 90
        0
176
     1
 90
        0
176
     1
290
     0
176
     1
 90
        5
176
     1
 40
0.0
176
     1
 90
        0
176
     1
290
     0
176
     1
290
     1
176
     1
290
     1
176
     1
290
     0
176
     1
290
     0
176
     1
290
     0
176
     1
290
     0
176
     1
290
     0
176
     1
290
     0
176
     1
 90
       50
176
     1
 40
0.0
176
     1
 40
1.0
176
     1
 90
        0
176
     1
 62
    18
420
        0
176
     1
 90
       50
176
     1
 90
        3
176
     1
 62
     5
420
      255
176
     1
290
     0
176
     1
 90
       50
176
     1
 90
       50
176
     1
 90
       50
176
     1
290
     0
176
     1
 90
       50
176
     1
 62
   256
176
     0
 40
1.0
176
     0
 90
        2
176
     1
  1
strokes_ogs.tif
176
     1
290
     0
176
     1
 40
1.0
176
     1
 40
1.0
176
     1
  0
VISUALSTYLE
  5
3E
102
{ACAD_REACTORS
330
2A
102
}
330
2A
100
AcDbVisualStyle
  2
Shades of Gray
 70
    23
177
     3
291
     0
 70
    58
 90
        2
176
     1
 90
        2
176
     1
 90
        3
176
     1
 90
        0
176
     1
 40
0.6
176
     1
 40
30.0
176
     1
 62
     7
420
 16777215
176
     1
 90
        2
176
     1
 90
        2
176
     1
 62
     7
176
     1
 62
     7
176
     1
 90
        1
176
     1
 90
        1
176
     1
 40
40.0
176
     1
 90
        8
176
     1
 62
     7
176
     1
 40
1.0
176
     1
 90
        1
176
     1
 90
        6
176
     1
 90
        2
176
     1
 62
     7
176
     1
 90
        3
176
     1
 90
        0
176
     1
 90
        0
176
     1
290
     0
176
     1
 90
        1
176
     1
 40
0.0
176
     1
 90
        0
176
     1
290
     0
176
     1
290
     1
176
     1
290
     1
176
     1
290
     0
176
     1
290
     0
176
     1
290
     0
176
     1
290
     0
176
     1
290
     0
176
     1
290
     0
176
     1
 90
       50
176
     1
 40
0.0
176
     1
 40
1.0
176
     1
 90
        0
176
     1
 62
    18
420
        0
176
     1
 90
       50
176
     1
 90
        3
176
     1
 62
     5
420
      255
176
     1
290
     0
176
     1
 90
       50
176
     1
 90
       50
176
     1
 90
       50
176
     1
290
     0
176
     1
 90
       50
176
     1
 62
   256
176
     0
 40
1.0
176
     0
 90
        2
176
     1
  1
strokes_ogs.tif
176
     1
290
     0
176
     1
 40
1.0
176
     1
 40
1.0
176
     1
  0
VISUALSTYLE
  5
3F
102
{ACAD_REACTORS
330
2A
102
}
330
2A
100
AcDbVisualStyle
  2
Sketchy
 70
    24
177
     3
291
     0
 70
    58
 90
        1
176
     1
 90
        2
176
     1
 90
        2
176
     1
 90
        0
176
     1
 40
0.6
176
     1
 40
30.0
176
     1
 62
     7
420
 16777215
176
     1
 90
        2
176
     1
 90
        2
176
     1
 62
     7
176
     1
 62
     7
176
     1
 90
        1
176
     1
 90
        1
176
     1
 40
40.0
176
     1
 90
       11
176
     1
 62
     7
176
     1
 40
1.0
176
     1
 90
        1
176
     1
 90
        6
176
     1
 90
        2
176
     1
 62
     7
176
     1
 90
        6
176
     1
 90
        0
176
     1
 90
        0
176
     1
290
     0
176
     1
 90
        1
176
     1
 40
0.0
176
     1
 90
        0
176
     1
290
     0
176
     1
290
     1
176
     1
290
     1
176
     1
290
     0
176
     1
290
     0
176
     1
290
     0
176
     1
290
     0
176
     1
290
     0
176
     1
290
     0
176
     1
 90
       50
176
     1
 40
0.0
176
     1
 40
1.0
176
     1
 90
        0
176
     1
 62
    18
420
        0
176
     1
 90
       50
176
     1
 90
        3
176
     1
 62
     5
420
      255
176
     1
290
     0
176
     1
 90
       50
176
     1
 90
       50
176
     1
 90
       50
176
     1
290
     0
176
     1
 90
       50
176
     1
 62
   256
176
     0
 40
1.0
176
     0
 90
        2
176
     1
  1
strokes_ogs.tif
176
     1
290
     0
176
     1
 40
1.0
176
     1
 40
1.0
176
     1
  0
VISUALSTYLE
  5
37
102
{ACAD_REACTORS
330
2A
102
}
330
2A
100
AcDbVisualStyle
  2
Thicken
 70
    13
177
     3
291
     1
 70
    58
 90
        2
176
     1
 90
        2
176
     1
 90
        0
176
     1
 90
        0
176
     1
 40
0.6
176
     1
 40
30.0
176
     1
 62
     7
420
 16777215
176
     1
 90
        1
176
     1
 90
        4
176
     1
 62
     7
176
     1
 62
   257
176
     1
 90
        1
176
     1
 90
        1
176
     1
 40
1.0
176
     1
 90
       12
176
     1
 62
     7
176
     1
 40
1.0
176
     1
 90
        1
176
     1
 90
        6
176
     1
 90
        2
176
     1
 62
     7
176
     1
 90
        5
176
     1
 90
        0
176
     1
 90
        0
176
     1
290
     0
176
     1
 90
        1
176
     1
 40
0.0
176
     1
 90
        0
176
     1
290
     0
176
     1
290
     1
176
     1
290
     1
176
     1
290
     0
176
     1
290
     0
176
     1
290
     0
176
     1
290
     0
176
     1
290
     0
176
     1
290
     0
176
     1
 90
       50
176
     1
 40
0.0
176
     1
 40
1.0
176
     1
 90
        0
176
     1
 62
    18
420
        0
176
     1
 90
       50
176
     1
 90
        3
176
     1
 62
     5
420
      255
176
     1
290
     0
176
     1
 90
       50
176
     1
 90
       50
176
     1
 90
       50
176
     1
290
     0
176
     1
 90
       50
176
     1
 62
   256
176
     0
 40
1.0
176
     0
 90
        2
176
     1
  1
strokes_ogs.tif
176
     1
290
     0
176
     1
 40
1.0
176
     1
 40
1.0
176
     1
  0
VISUALSTYLE
  5
30
102
{ACAD_REACTORS
330
2A
102
}
330
2A
100
AcDbVisualStyle
  2
Wireframe
 70
     5
177
     3
291
     0
 70
    58
 90
        0
176
     1
 90
        2
176
     1
 90
        0
176
     1
 90
        0
176
     1
 40
0.6
176
     1
 40
30.0
176
     1
 62
     7
420
 16777215
176
     1
 90
        1
176
     1
 90
        4
176
     1
 62
     7
176
     1
 62
   257
176
     1
 90
        1
176
     1
 90
        1
176
     1
 40
1.0
176
     1
 90
        0
176
     1
 62
   257
176
     1
 40
1.0
176
     1
 90
        1
176
     1
 90
        6
176
     1
 90
        2
176
     1
 62
     7
176
     1
 90
        3
176
     1
 90
        0
176
     1
 90
        0
176
     1
290
     0
176
     1
 90
        1
176
     1
 40
0.0
176
     1
 90
        0
176
     1
290
     0
176
     1
290
     1
176
     1
290
     1
176
     1
290
     0
176
     1
290
     0
176
     1
290
     0
176
     1
290
     0
176
     1
290
     0
176
     1
290
     0
176
     1
 90
       50
176
     1
 40
0.0
176
     1
 40
1.0
176
     1
 90
        0
176
     1
 62
    18
420
        0
176
     1
 90
       50
176
     1
 90
        3
176
     1
 62
     5
420
      255
176
     1
290
     0
176
     1
 90
       50
176
     1
 90
       50
176
     1
 90
       50
176
     1
290
     0
176
     1
 90
       50
176
     1
 62
   256
176
     0
 40
1.0
176
     0
 90
        2
176
     1
  1
strokes_ogs.tif
176
     1
290
     0
176
     1
 40
1.0
176
     1
 40
1.0
176
     1
  0
VISUALSTYLE
  5
40
102
{ACAD_REACTORS
330
2A
102
}
330
2A
100
AcDbVisualStyle
  2
X-Ray
 70
    25
177
     3
291
     0
 70
    58
 90
        2
176
     1
 90
        2
176
     1
 90
        1
176
     1
 90
        1
176
     1
 40
0.5
176
     1
 40
30.0
176
     1
 62
     7
420
 16777215
176
     1
 90
        1
176
     1
 90
        0
176
     1
 62
     7
176
     1
 62
   257
176
     1
 90
        1
176
     1
 90
        1
176
     1
 40
1.0
176
     1
 90
        8
176
     1
 62
     7
176
     1
 40
1.0
176
     1
 90
        1
176
     1
 90
        6
176
     1
 90
        2
176
     1
 62
     7
176
     1
 90
        3
176
     1
 90
        0
176
     1
 90
        0
176
     1
290
     0
176
     1
 90
       13
176
     1
 40
0.0
176
     1
 90
        0
176
     1
290
     0
176
     1
290
     1
176
     1
290
     1
176
     1
290
     0
176
     1
290
     0
176
     1
290
     0
176
     1
290
     0
176
     1
290
     0
176
     1
290
     0
176
     1
 90
       50
176
     1
 40
0.0
176
     1
 40
1.0
176
     1
 90
        0
176
     1
 62
    18
420
        0
176
     1
 90
       50
176
     1
 90
        3
176
     1
 62
     5
420
      255
176
     1
290
     0
176
     1
 90
       50
176
     1
 90
       50
176
     1
 90
       50
176
     1
290
     0
176
     1
 90
       50
176
     1
 62
   256
176
     0
 40
1.0
176
     0
 90
        2
176
     1
  1
strokes_ogs.tif
176
     1
290
     0
176
     1
 40
1.0
176
     1
 40
1.0
176
     1
  0
DICTIONARYVAR
  5
520
102
{ACAD_REACTORS
330
51F
102
}
330
51F
100
DictionaryVariables
280
     0
  1
1:1
  0
DICTIONARYVAR
  5
52A
102
{ACAD_REACTORS
330
51F
102
}
330
51F
100
DictionaryVariables
280
     0
  1
3.500000
  0
DICTIONARYVAR
  5
52B
102
{ACAD_REACTORS
330
51F
102
}
330
51F
100
DictionaryVariables
280
     0
  1
acadiso.lin
  0
DICTIONARYVAR
  5
527
102
{ACAD_REACTORS
330
51F
102
}
330
51F
100
DictionaryVariables
280
     0
  1
Standard
  0
DICTIONARYVAR
  5
526
102
{ACAD_REACTORS
330
51F
102
}
330
51F
100
DictionaryVariables
280
     0
  1
Standard
  0
XRECORD
  5
119
102
{ACAD_REACTORS
330
118
102
}
330
118
100
AcDbXrecord
280
     1
1000

1000
CAXA_DRAFT_CURRENTBOMSTYLE
1000
标准
  0
XRECORD
  5
11B
102
{ACAD_REACTORS
330
118
102
}
330
118
100
AcDbXrecord
280
     1
1000

1000
CAXA_DRAFT_BOMSTYLE
1000
GB(4458.2-2003)
1000

1041
7.0
1071
        0
1071
     1011
1041
1.66
1041
0.5
1071
1090519039
1071
1090519039
1071
1090519039
1071
1090519039
1041
3.5
1000
标准
1000
Continuous
1041
0.5
1071
        4
1041
0.5
1071
        4
1041
0.5
1071
        4
1041
0.5
1071
        4
1041
0.5
1071
        4
1041
0.25
1071
        3
1041
0.5
1071
        4
1041
0.5
1071
        4
1041
0.5
1071
        4
1041
0.5
1071
        4
1041
0.5
1071
        4
1041
0.25
1071
        3
1070
     0
1071
       10
1000
序号
1000
IndexID
1000

1071
       10
1071
       16
1070
     2
1070
     0
1041
0.0
1041
0.0
1041
0.0
1041
8.0
1041
14.0
1041
1.66
1041
0.5
1041
5.0
1000
标准
1071
        4
1070
     3
1071
     1001
1000
代号
1000
PCPNo
1000

1071
       10
1071
       32
1070
     2
1070
     0
1041
8.0
1041
0.0
1041
0.0
1041
40.0
1041
14.0
1041
1.66
1041
0.5
1041
5.0
1000
标准
1071
        4
1070
     3
1071
     1002
1000
名称
1000
PCPName
1000

1071
       10
1071
       32
1070
     2
1070
     0
1041
48.0
1041
0.0
1041
0.0
1041
44.0
1041
14.0
1041
1.66
1041
0.5
1041
5.0
1000
标准
1071
        4
1070
     3
1071
     1003
1000
数量
1000
Amount
1000

1071
        3
1071
       32
1070
     2
1070
     0
1041
92.0
1041
0.0
1041
0.0
1041
8.0
1041
14.0
1041
1.66
1041
0.5
1041
5.0
1000
标准
1071
        4
1070
     3
1071
     1004
1000
材料
1000
MaterialName
1000

1071
       10
1071
       32
1070
     2
1070
     0
1041
100.0
1041
0.0
1041
0.0
1041
38.0
1041
14.0
1041
1.66
1041
0.5
1041
5.0
1000
标准
1071
        4
1070
     3
1071
     1005
1000
重量
1000

1000

1071
        7
1071
       32
1070
     2
1070
     0
1041
138.0
1041
0.0
1041
0.0
1041
22.0
1041
7.0
1041
1.66
1041
0.5
1041
3.5
1000
标准
1071
        4
1070
     3
1071
     1006
1000
单件
1000
Weight
1000

1071
        7
1071
       32
1070
     2
1070
     1
1041
138.0
1041
7.0
1041
0.0
1041
10.0
1041
7.0
1041
1.66
1041
0.5
1041
3.5
1000
标准
1071
        4
1070
     3
1071
     1007
1000
总计
1000
TWeight
1000

1071
        7
1071
       32
1070
     2
1070
     1
1041
148.0
1041
7.0
1041
0.0
1041
12.0
1041
7.0
1041
1.66
1041
0.5
1041
3.5
1000
标准
1071
        4
1070
     3
1071
     1008
1000
备注
1000
Remark
1000

1071
       10
1071
       50
1070
     2
1070
     0
1041
160.0
1041
0.0
1041
0.0
1041
20.0
1041
14.0
1041
1.66
1041
0.5
1041
5.0
1000
标准
1071
        4
1070
     3
1071
     1009
1000
来源
1000
Source
1000

1071
       10
1071
       32
1070
     2
1070
     0
1041
180.0
1041
0.0
1041
0.0
1041
0.0
1041
14.0
1041
1.66
1041
0.5
1041
5.0
1000
标准
1071
        4
1070
     3
1071
     1010
1071
1090519039
1071
1090519039
1071
1090519039
1071
        1
1071
        7
1000
代号
1000
名称
1000
材料
1000
单件
1000
总计
1000
备注
1000
来源
1071
        1
1000
数量
1071
1090519039
1041
1.75
1041
0.875
1041
1.2
1041
1.2
1041
1.75
1041
0.875
1041
1.2
1041
1.2
  0
XRECORD
  5
11A
102
{ACAD_REACTORS
330
118
102
}
330
118
100
AcDbXrecord
280
     1
1000

1000
CAXA_DRAFT_BOMSTYLE
1000
标准
1000

1041
7.0
1071
        0
1071
     1011
1041
1.66
1041
0.5
1071
1090519039
1071
1090519039
1071
1090519039
1071
1090519039
1041
3.5
1000
标准
1000
Continuous
1041
0.5
1071
        4
1041
0.5
1071
        4
1041
0.5
1071
        4
1041
0.5
1071
        4
1041
0.5
1071
        4
1041
0.25
1071
        3
1041
0.5
1071
        4
1041
0.5
1071
        4
1041
0.5
1071
        4
1041
0.5
1071
        4
1041
0.5
1071
        4
1041
0.25
1071
        3
1070
     0
1071
       10
1000
序号
1000
IndexID
1000

1071
       10
1071
       16
1070
     2
1070
     0
1041
0.0
1041
0.0
1041
0.0
1041
8.0
1041
14.0
1041
1.66
1041
0.5
1041
5.0
1000
标准
1071
        4
1070
     3
1071
     1001
1000
代号
1000
PCPNo
1000

1071
       10
1071
       32
1070
     2
1070
     0
1041
8.0
1041
0.0
1041
0.0
1041
40.0
1041
14.0
1041
1.66
1041
0.5
1041
5.0
1000
标准
1071
        4
1070
     3
1071
     1002
1000
名称
1000
PCPName
1000

1071
       10
1071
       32
1070
     2
1070
     0
1041
48.0
1041
0.0
1041
0.0
1041
44.0
1041
14.0
1041
1.66
1041
0.5
1041
5.0
1000
标准
1071
        4
1070
     3
1071
     1003
1000
数量
1000
Amount
1000

1071
        3
1071
       32
1070
     2
1070
     0
1041
92.0
1041
0.0
1041
0.0
1041
8.0
1041
14.0
1041
1.66
1041
0.5
1041
5.0
1000
标准
1071
        4
1070
     3
1071
     1004
1000
材料
1000
MaterialName
1000

1071
       10
1071
       32
1070
     2
1070
     0
1041
100.0
1041
0.0
1041
0.0
1041
38.0
1041
14.0
1041
1.66
1041
0.5
1041
5.0
1000
标准
1071
        4
1070
     3
1071
     1005
1000
重量
1000

1000

1071
        7
1071
       32
1070
     2
1070
     0
1041
138.0
1041
0.0
1041
0.0
1041
22.0
1041
7.0
1041
1.66
1041
0.5
1041
3.5
1000
标准
1071
        4
1070
     3
1071
     1006
1000
单件
1000
Weight
1000

1071
        7
1071
       32
1070
     2
1070
     1
1041
138.0
1041
7.0
1041
0.0
1041
10.0
1041
7.0
1041
1.66
1041
0.5
1041
3.5
1000
标准
1071
        4
1070
     3
1071
     1007
1000
总计
1000
TWeight
1000

1071
        7
1071
       32
1070
     2
1070
     1
1041
148.0
1041
7.0
1041
0.0
1041
12.0
1041
7.0
1041
1.66
1041
0.5
1041
3.5
1000
标准
1071
        4
1070
     3
1071
     1008
1000
备注
1000
Remark
1000

1071
       10
1071
       50
1070
     2
1070
     0
1041
160.0
1041
0.0
1041
0.0
1041
20.0
1041
14.0
1041
1.66
1041
0.5
1041
5.0
1000
标准
1071
        4
1070
     3
1071
     1009
1000
来源
1000
Source
1000

1071
       10
1071
       32
1070
     2
1070
     0
1041
180.0
1041
0.0
1041
0.0
1041
0.0
1041
14.0
1041
1.66
1041
0.5
1041
5.0
1000
标准
1071
        4
1070
     3
1071
     1010
1071
1090519039
1071
1090519039
1071
1090519039
1071
        1
1071
        7
1000
代号
1000
名称
1000
材料
1000
单件
1000
总计
1000
备注
1000
来源
1071
        1
1000
数量
1071
1090519039
1041
1.75
1041
0.875
1041
1.2
1041
1.2
1041
1.75
1041
0.875
1041
1.2
1041
1.2
  0
XRECORD
  5
10D
102
{ACAD_REACTORS
330
10C
102
}
330
10C
100
AcDbXrecord
280
     1
1000

1000
CAXA_DRAFT_CURRENTCUTSSTYLE
1000
标准
  0
XRECORD
  5
10F
102
{ACAD_REACTORS
330
10C
102
}
330
10C
100
AcDbXrecord
280
     1
1000

1000
CAXA_DRAFT_CUTSSTYLE
1000
GB(17452-1998)
1000

1071
1090519039
1041
0.3499999940395355
1041
5.0
1000
标准
1070
     1
1041
4.0
1071
1090519039
1070
     0
1070
     0
1071
1090519039
1041
3.5
1070
     1
1041
1.0
1070
     0
1000
Dash Dot
1071
        1
  0
XRECORD
  5
10E
102
{ACAD_REACTORS
330
10C
102
}
330
10C
100
AcDbXrecord
280
     1
1000

1000
CAXA_DRAFT_CUTSSTYLE
1000
标准
1000

1071
1090519039
1041
0.3499999940395355
1041
5.0
1000
标准
1070
     1
1041
4.0
1071
1090519039
1070
     0
1070
     0
1071
1090519039
1041
3.5
1070
     1
1041
1.0
1070
     0
1000
Dash Dot
1071
        1
  0
XRECORD
  5
111
102
{ACAD_REACTORS
330
110
102
}
330
110
100
AcDbXrecord
280
     1
1000

1000
CAXA_DRAFT_CUTSSTYLEOVERRIDE
1070
     0
1070
     0
1070
     0
1070
     0
1070
     0
1070
     0
1070
     0
1070
     0
1070
     0
1070
     0
1070
     0
1070
     0
1070
     0
1070
     0
1070
     0
1070
     0
1070
     0
  0
XRECORD
  5
11F
102
{ACAD_REACTORS
330
11E
102
}
330
11E
100
AcDbXrecord
280
     1
1000

1000
CAXA_DRAFT_DATATABLE*Model_Space
1071
      101
1071
        2
1071
        0
1071
        0
1071
        0
1071
        9
1000
序号
1071
     1001
1000
代号
1071
     1002
1000
名称
1071
     1003
1000
数量
1071
     1004
1000
材料
1071
     1005
1000
单件
1071
     1007
1000
总计
1071
     1008
1000
备注
1071
     1009
1000
来源
1071
     1010
1000
序号
1070
     1
1000

1070
     1
1000

1070
     1
1000

1070
     1
1000

1070
     1
1071
        0
1071
        7
1000
代号
1000
名称
1000
材料
1000
单件
1000
总计
1000
备注
1000
来源
1071
        1
1000
数量
1071
        0
1000

1000

1070
     1
1000
标准
1071
        0
1071
        0
  0
XRECORD
  5
510
102
{ACAD_REACTORS
330
50F
102
}
330
50F
100
AcDbXrecord
280
     1
1000

1000
CAXA_DRAFT_DATATABLE*Paper_Space
1071
      101
1071
        2
1071
        0
1071
        0
1071
        0
1071
        9
1000
序号
1071
     1001
1000
代号
1071
     1002
1000
名称
1071
     1003
1000
数量
1071
     1004
1000
材料
1071
     1005
1000
单件
1071
     1007
1000
总计
1071
     1008
1000
备注
1071
     1009
1000
来源
1071
     1010
1000
序号
1070
     1
1000

1070
     1
1000

1070
     1
1000

1070
     1
1000

1070
     1
1071
        0
1071
        7
1000
代号
1000
名称
1000
材料
1000
单件
1000
总计
1000
备注
1000
来源
1071
        1
1000
数量
1071
        0
1000

1000

1070
     1
1000
标准
1071
        0
1071
        0
  0
XRECORD
  5
107
102
{ACAD_REACTORS
330
106
102
}
330
106
100
AcDbXrecord
280
     1
1000

1000
CAXA_DRAFT_CURRENTDATUMSTYLE
1000
标准
  0
XRECORD
  5
109
102
{ACAD_REACTORS
330
106
102
}
330
106
100
AcDbXrecord
280
     1
1000

1000
CAXA_DRAFT_DATUMSTYLE
1000
GB(1182-2008)
1000

1070
     2
1071
1090519039
1071
1090519039
1041
3.5
1041
1.0
1000
标准
1000
标准
1071
1090519039
1070
     0
1041
0.0
1071
        1
1071
1090519039
1070
     1
1071
        1
  0
XRECORD
  5
108
102
{ACAD_REACTORS
330
106
102
}
330
106
100
AcDbXrecord
280
     1
1000

1000
CAXA_DRAFT_DATUMSTYLE
1000
标准
1000

1070
     2
1071
1090519039
1071
1090519039
1041
3.5
1041
1.0
1000
标准
1000
标准
1071
1090519039
1070
     0
1041
0.0
1071
        1
1071
1090519039
1070
     1
1071
        1
  0
XRECORD
  5
10B
102
{ACAD_REACTORS
330
10A
102
}
330
10A
100
AcDbXrecord
280
     1
1000

1000
CAXA_DRAFT_DATUMSTYLEOVERRIDE
1070
     0
1070
     0
1070
     0
1070
     0
1070
     0
1070
     0
1070
     0
1070
     0
1070
     0
1070
     0
1070
     0
1070
     0
1070
     0
1070
     0
1070
     0
1070
     0
  0
XRECORD
  5
514
102
{ACAD_REACTORS
330
513
102
}
330
513
100
AcDbXrecord
280
     1
1000

1000
CAXA_DRAFT_DIMSTYLE_ANGTXTVPOS
1070
     0
  0
XRECORD
  5
518
102
{ACAD_REACTORS
330
517
102
}
330
517
100
AcDbXrecord
280
     1
1000

1000
CAXA_DRAFT_DIMSTYLE_ISDISPZEROTOL
1070
     0
  0
XRECORD
  5
516
102
{ACAD_REACTORS
330
515
102
}
330
515
100
AcDbXrecord
280
     1
1000

1000
CAXA_DRAFT_DIMSTYLE_ISFILLDFM
1070
     1
  0
XRECORD
  5
51A
102
{ACAD_REACTORS
330
519
102
}
330
519
100
AcDbXrecord
280
     1
1000

1000
CAXA_DRAFT_DIMSTYLE_SYMBOLCOLOR
1071
1090519039
  0
XRECORD
  5
51C
102
{ACAD_REACTORS
330
51B
102
}
330
51B
100
AcDbXrecord
280
     1
1000
CAXA_DRAFT_DRAFTDATA
1071
     1085
1004
0800000030002E003000000026000000430061007800610044007200610066007400200044006F00630075006D0065006E00740000001A000000310037002E0030002E0030002E003100340030003000390000005C00000043006F007000790072006900670068007400200028006300290020003200300032003100200043
1004
004100580041002E00200041006C006C0020007200690067006800740073002000720065007300650072007600650064002E0000002C91B88357DBB4418BFE05D8E324C1530000000000000000000000000000000000000000EA0703000100090008001A001900F70201000000000000000000000000000000000000000000
1004
00
1004
00000000000000000000000000000000000000000000000000000000000000000000000000000000000000000000000000000000000000000000000000000000000000000000000000000000000000000000000000000000000000000000000000000000000000000000000000000000000000000000000000000000000000
1004
00000000000000000000004E0000008F00EB002300F100CC00EA0021008100B700FE005400F100C100E4003D008700C500910024009E00CC0091005600F600D900E3002500F700CC00960023008100C000900021008600C700AE000000020000000E00000041007500740068006F00720000000C0000007700660065006900
1004
30
1004
0000001E000000500072006F006400750063007400560065007200730069006F006E0000000A000000320032002E0030000000000000000800000030002E0030000000000000000000000000000000000000000000000000000000000000000000000000000000000000000000000000000000000000000000000000000000
1004
00000000000000000000000000000000000000000000000000000000000000000000000000000000000000000000000000000000000000000000000000000000000000000000000000000000000000000000000000000000000000000000000000000000000000000800000030002E00300000000000000000000000000000
1004
00
1004
00000000000000000000000000000000000000000000000000000000000000000000000000000000000000000000000000000000000000000000000000000000000000000000000000000000000000000000000000000000000000000000000000000000000000000000000000000000000000000000000000000000000000
1004
0000000000000000000000000000000000000000000800000030002E003000000000000000000000000000000000000000000000000000000000000000000000000000000000000000000000000000000000000000000000000000000000000000000000000000000000000000000000000000000000000000000000000000
1004
00
1004
0000000000000000000000000000000000000000000000000000000000000000000000000000000000000000000000000000000000000000000000000000000000
  0
XRECORD
  5
D1
102
{ACAD_REACTORS
330
D0
102
}
330
D0
100
AcDbXrecord
280
     1
1000
CAXA_DRAFT_FILEVERSION
1000
17.0.0.14009
1000
10.1.0.000
1000
18.0.0.000.20170220
  0
XRECORD
  5
101
102
{ACAD_REACTORS
330
100
102
}
330
100
100
AcDbXrecord
280
     1
1000

1000
CAXA_DRAFT_CURRENTGEOTOLSTYLE
1000
标准
  0
XRECORD
  5
103
102
{ACAD_REACTORS
330
100
102
}
330
100
100
AcDbXrecord
280
     1
1000

1000
CAXA_DRAFT_GEOTOLSTYLE
1000
GB(1182-2008)
1000

1000
标准
1000
标准
1070
     1
1070
     0
1070
     0
1070
     0
1070
     1
1070
     0
1070
     3
1000
.
1070
     0
1070
     1
1070
     0
1070
     0
1070
     0
1070
     3
1041
1.0
1000
.
1070
     0
1070
     1
1070
     0
1000
Continuous
1071
1090519039
1071
1090519039
1041
3.5
1071
1090519039
1041
1.0
1071
1090519039
1071
        1
1070
     0
1070
     0
  0
XRECORD
  5
102
102
{ACAD_REACTORS
330
100
102
}
330
100
100
AcDbXrecord
280
     1
1000

1000
CAXA_DRAFT_GEOTOLSTYLE
1000
标准
1000

1000
标准
1000
标准
1070
     1
1070
     0
1070
     0
1070
     0
1070
     1
1070
     0
1070
     3
1000
.
1070
     0
1070
     1
1070
     0
1070
     0
1070
     0
1070
     3
1041
1.0
1000
.
1070
     0
1070
     1
1070
     0
1000
Continuous
1071
1090519039
1071
1090519039
1041
3.5
1071
1090519039
1041
1.0
1071
1090519039
1071
        1
1070
     0
1070
     0
  0
XRECORD
  5
105
102
{ACAD_REACTORS
330
104
102
}
330
104
100
AcDbXrecord
280
     1
1000

1000
CAXA_DRAFT_GEOTOLSTYLEOVERRIDE
1070
     0
1070
     0
1070
     0
1070
     0
1070
     0
1070
     0
1070
     0
1070
     0
1070
     0
1070
     0
1070
     0
1070
     0
1070
     0
1070
     0
1070
     0
1070
     0
1070
     0
1070
     0
1070
     0
1070
     0
1070
     0
1070
     0
1070
     0
1070
     0
1070
     0
1070
     0
1070
     0
1070
     0
1070
     0
1070
     0
  0
XRECORD
  5
F2
102
{ACAD_REACTORS
330
F1
102
}
330
F1
100
AcDbXrecord
280
     1
1000

1000
CAXA_DRAFT_CURRENTLEADERSTYLE
1000
标准
  0
XRECORD
  5
F3
102
{ACAD_REACTORS
330
F1
102
}
330
F1
100
AcDbXrecord
280
     1
1000

1000
CAXA_DRAFT_LEADERSTYLE
1000
标准
1000

1070
     1
1041
4.0
1041
0.0
1041
0.0
1041
3.5
1000
Continuous
1071
1090519039
1041
3.5
1070
     1
  0
XRECORD
  5
113
102
{ACAD_REACTORS
330
112
102
}
330
112
100
AcDbXrecord
280
     1
1000

1000
CAXA_DRAFT_CURRENTPARTNOSTYLE
1000
标准
  0
XRECORD
  5
115
102
{ACAD_REACTORS
330
112
102
}
330
112
100
AcDbXrecord
280
     1
1000

1000
CAXA_DRAFT_PARTNOSTYLE
1000
GB(4458.2-2003)
1000

1071
        0
1000
标准
1000
ByLayer
1041
5.0
1041
0.5
1071
        3
1041
2.0
1041
5.0
1041
10.0
1041
1.2
1041
1.1
1041
1.1
1071
        0
1000

1071
       -1
1071
       -1
1041
4.0
1041
1.0
1041
0.7
1041
0.9
1071
        1
1071
        1
1000
序号
1071
        1
1071
        2
1000

1000

1041
1.0
1071
        1
  0
XRECORD
  5
114
102
{ACAD_REACTORS
330
112
102
}
330
112
100
AcDbXrecord
280
     1
1000

1000
CAXA_DRAFT_PARTNOSTYLE
1000
标准
1000

1071
        0
1000
标准
1000
ByLayer
1041
5.0
1041
0.5
1071
        3
1041
2.0
1041
5.0
1041
10.0
1041
1.2
1041
1.1
1041
1.1
1071
        0
1000

1071
       -1
1071
       -1
1041
4.0
1041
1.0
1041
0.7
1041
0.9
1071
        1
1071
        1
1000
序号
1071
        1
1071
        2
1000

1000

1041
1.0
1071
        1
  0
XRECORD
  5
117
102
{ACAD_REACTORS
330
116
102
}
330
116
100
AcDbXrecord
280
     1
1000

1000
CAXA_DRAFT_PARTNOSTYLEOVERRIDE
1070
     0
1070
     0
1070
     0
1070
     0
1070
     0
1070
     0
1070
     0
1070
     0
1070
     0
1070
     0
1070
     0
1070
     0
1070
     0
1070
     0
1070
     0
1070
     0
  0
XRECORD
  5
FB
102
{ACAD_REACTORS
330
FA
102
}
330
FA
100
AcDbXrecord
280
     1
1000

1000
CAXA_DRAFT_CURRENTROUGHSTYLE
1000
标准
  0
XRECORD
  5
FD
102
{ACAD_REACTORS
330
FA
102
}
330
FA
100
AcDbXrecord
280
     1
1000

1000
CAXA_DRAFT_ROUGHSTYLE
1000
GB(131-93)
1000

1000
标准
1000
标准
1000
Continuous
1071
1090519039
1071
1090519039
1041
3.5
1041
1.0
1041
0.0
1071
        0
1041
0.0
1071
        0
1071
        1
1070
     1
1070
     0
1070
     0
  0
XRECORD
  5
FC
102
{ACAD_REACTORS
330
FA
102
}
330
FA
100
AcDbXrecord
280
     1
1000

1000
CAXA_DRAFT_ROUGHSTYLE
1000
标准
1000

1000
标准
1000
标准
1000
Continuous
1071
1090519039
1071
1090519039
1041
3.5
1041
1.0
1041
0.0
1071
        0
1041
0.0
1071
        0
1071
        1
1070
     1
1070
     0
1070
     0
  0
XRECORD
  5
FF
102
{ACAD_REACTORS
330
FE
102
}
330
FE
100
AcDbXrecord
280
     1
1000

1000
CAXA_DRAFT_ROUGHSTYLEOVERRIDE
1070
     0
1070
     0
1070
     0
1070
     0
1070
     0
1070
     0
1070
     0
1070
     0
1070
     0
1070
     0
1070
     0
1070
     0
  0
XRECORD
  5
51E
102
{ACAD_REACTORS
330
51D
102
}
330
51D
100
AcDbXrecord
280
     1
1000
CAXA_DRAFT_STDDATA
1071
     5732
1004
1A000000310037002E0030002E0030002E003100340030003000390000001A0000002A005300740061006E0064006100720064004D006700720000003700000001000000000000000000F03F000000000100000006000000470042000000080000002A004700420000003800000006000000470042000000FFFF0000000080
1004
002B00000000008000E3FFFFFF0000000000000C40FFFFFF40010000000000000000001040FFFFFF4004000000FFFFFF40FFFF000000000C000000470042005F003A5CF85B0000060000000768C65100000D00000062180AC173A1D341AC13A517A280BD85100000002A00440049004D005300540044000000390000000100
1004
00
1004
00259DF64A6F542643BFC74B8B1F6D71FA020000000000020000000000000080002B0000000000010000000000010000000000010000000000010000000000020000000000010000000000010000000000010000000000010000000000020000000000FFFF000000000000244000000000000028400C000000470042005F00
1004
3A5CF85B0000020000000000C6214C6C6E2B124B990DDA77D01DDBDA140000002A0052004F0055004700480053005400440000003B00000001000000708C6003FCA6F84FA01B1854F3AD4C2918000000470042002F00540020003100330031002D0039003300000018000000470042002F00540020003100330031002D0039
1004
00
1004
33000000000080002F00000002000000020000000200000001000000020000000000FFFF09000000000000000400000030000000010000000100000004000000300000000100000002000000040000003000000001000000030000000400000030000000010000000400000004000000300000000100000006000000040000
1004
00300000000100000007000000040000003000000001000000080000000400000030000000010000000A000000040000003000000001000000160000004700420028003100330031002D00390033002900000018000000470042002F00540020003100330031002D003900330000005F702C7848A26047AA45EF6977F15D81
1004
12
1004
0000002A00570045004C00440053005400440000003D0000000100000009176A59B4AD5D40A81D3C0A9D8CD0312C0000004700420020003300320034002D00380038002C00200047004200200035003100380035002D003800350000002C0000004700420020003300320034002D00380038002C0020004700420020003500
1004
3100380035002D00380035000000000080002E0000000400000001000000190000000000000001000000FFFF0A0000007753B98F0A711D7F0000000000000100000001000000FFFF0A0000004900625F0A711D7F0000000000000200000001000000FFFF0A0000005600625F0A711D7F0000000000000300000001000000FF
1004
FF
1004
0E0000005553B98F5600625F0A711D7F0000000000000400000001000000FFFF10000000265E9D94B98F5600625F0A711D7F0000000000000500000001000000FFFF14000000265E9D94B98F5553B98F5600625F0A711D7F0000000000000600000001000000FFFF10000000265E9D94B98F5500625F0A711D7F0000000000
1004
000700000001000000FFFF10000000265E9D94B98F4A00625F0A711D7F0000000000000800000001000000FFFF0A000000015C955E0A711D7F0000000000000900000001000000FFFF08000000D2890A711D7F0000000000000A00000001000000FFFF100000005E580A711D7F1662FD690A711D7F0000000000000B000000
1004
01
1004
000000FFFF08000000B9700A711D7F0000000000000C00000001000000FFFF14000000B9700A711D7F28004F50BB792D4EC35F29000000000000000D00000001000000FFFF080000001D7F0A711D7F0000000000000E00000001000000FFFF140000001D7F0A711D7F28004F50BB792D4EC35F2900000000000000E8030000
1004
01000000FFFF120000006196A74F56008B576157E35306580A71000000000000E903000001000000FFFF160000005553B98F6196A74F56008B576157E35306580A71000000000000EA03000001000000FFFF0A000000EF7AA5630A711D7F000000000000EB03000001000000FFFF0A0000009862E053A563E3530000000000
1004
00
1004
EC03000001000000FFFF0A0000003E509C650A711D7F000000000000ED03000001000000FFFF0A00000006580A71A5633459000000000000EE03000001000000FFFF0A0000003E509C65A5633459000000000000F203000001000000FFFF0C000000EF53FB7964966C88AB57000000000000F303000001000000FFFF0A0000
1004
000163454E6C88AB57000000000000F403000001000000FFFF0C000000EF53FB7964966C88AB5700000000000002000000090000000000000001000000FFFF100000002C7B004ECD79735E6297267BF7530000000000000100000001000000FFFF100000002C7B8C4ECD79735E6297267BF753000000000000020000000100
1004
00
1004
00FFFF100000002C7B094ECD79735E6297267BF7530000000000000300000001000000FFFF100000002C7B004ECD79F9516297267BF7530000000000000400000001000000FFFF100000002C7B8C4ECD79F9516297267BF7530000000000000500000001000000FFFF100000002C7B004ECD79F8516297267BF75300000000
1004
00000600000001000000FFFF100000002C7B8C4ECD79F8516297267BF753000000000000F003000001000000FFFF0E000000BE8DE890735ED16EC78F216E000000000000F103000001000000FFFF0A0000004A52735E0A711D7F00000000000020000000090000000100000001000000FFFF0C000000265EAB577F67267BF7
1004
53
1004
0000000000000200000001000000FFFF0E000000094E62970A711D7F267BF7530000000000000400000001000000FFFF0E0000006854F4560A711D7F267BF7530000000000000800000001000000FFFF0A000000B0733A57267BF7530000000000001000000001000000FFFF0A0000003E5CE890267BF75300000000000020
1004
00000001000000FFFF12000000A44E1995AD65ED7E0A71A563267BF7530000000000004000000001000000FFFF0E000000094E62970A711D7F267BF7530000000000008000000001000000FFFF0E000000094E62970A711D7F267BF7530000000000000001000001000000FFFF0E000000094E62970A711D7F267BF7530000
1004
00
1004
00000040000000050000001000000001000000FFFF0C0000008755ED53625F0A711D7F0000000000001100000001000000FFFF100000005553B98F8755ED53625F0A711D7F0000000000001200000001000000FFFF0800000006580A711D7F0000000000001300000001000000FFFF0A0000000195B98F0A711D7F00000000
1004
00001400000001000000FFFF0A0000000195B98F6157E353000000000000160000004700420028003300320034002D0038003800290000002C0000004700420020003300320034002D00380038002C00200047004200200035003100380035002D0038003500000082D93BE9997F4041881A19EB1C8F9D46160000002A0047
1004
00
1004
45004F0054004F004C0053005400440000003F00000001000000DA579D9AD23AC242B38B91F0E32D71C81E000000470042002F005400200031003100380032002D00320030003000380000001E000000470042002F005400200031003100380032002D0032003000300038000000000080003000000002000000010000000E
1004
0000000000000001000000FFFF08000000F476BF7EA65E00000200000000000100000001000000FFFF08000000735E6297A65E00000200000000000200000001000000FFFF060000000657A65E00000200000000000300000001000000FFFF080000000657F167A65E00000200000000000400000001000000FFFF0A000000
1004
BF
1004
7E6E8FD35EA65E00000200000000000500000001000000FFFF0A00000062976E8FD35EA65E00000200000000000600000001000000FFFF08000000735E4C88A65E00000200000000000700000001000000FFFF080000008257F476A65E00000200000000000800000001000000FFFF080000003E509C65A65E000002000000
1004
00000900000001000000FFFF060000004D4F6E7F00000200000000000A00000001000000FFFF080000000C54748FA65E00000200000000000B00000001000000FFFF08000000F95BF079A65E00000200000000000C00000001000000FFFF080000000657F38DA85200000200000000000D00000001000000FFFF0800000068
1004
51
1004
F38DA85200000200000000000200000006000000FFFFFFFF01000000FFFF0E000000006727599E5B534F8189426C0000040000006D000000FFFFFFFF01000000FFFF0C000000F65E384F6C51EE5D265E00000400000070000000FFFFFFFF01000000FFFF0E00000000670F5C9E5B534F8189426C0000040000006C000000FF
1004
FFFFFF01000000FFFF0E000000EA813175B67201606167F64E00000400000066000000FFFFFFFF01000000FFFF0A0000000553B95B8189426C00000400000065000000FFFFFFFF01000000FFFF100000000D4E038051867972815F3A5CF85B000004000000720000001C00000047004200280031003100380032002D003200
1004
30
1004
0030003800290000001E000000470042002F005400200031003100380032002D00320030003000380000009C9ED3E9A127ED45BC38BDB2527851D1140000002A0044004100540055004D0053005400440000004100000001000000ABFD65BDD14B5A469C00E35FDA50A4141E000000470042002F0054002000310031003800
1004
32002D00320030003000380000001E000000470042002F005400200031003100380032002D003200300030003800000000008000310000001C00000047004200280031003100380032002D003200300030003800290000001E000000470042002F005400200031003100380032002D0032003000300038000000F527A1CFE2
1004
A4
1004
C24B8D50B0822447D51C120000002A004300550054005300530054004400000043000000010000000230145DFF6B0A4FAD5D7DE6F4E1A14220000000470042002F0054002000310037003400350032002D003100390039003800000020000000470042002F0054002000310037003400350032002D00310039003900380000
1004
00FFFF000000000000000000008000320000001E000000470042002800310037003400350032002D0031003900390038002900000020000000470042002F0054002000310037003400350032002D0031003900390038000000B4471AD2BD196342BD5B37F15E7019F5160000002A0050004100520054004E004F0053005400
1004
44
1004
0000004500000001000000C538618EBE14A64387B54D2A0BE42DC522000000470042002F005400200034003400350038002E0032002D003200300030003300000022000000470042002F005400200034003400350038002E0032002D0032003000300033000000FFFF02000000000080003300000020000000470042002800
1004
34003400350038002E0032002D0032003000300033002900000022000000470042002F005400200034003400350038002E0032002D0032003000300033000000B283886E965F1540BDADBD78F4779C6C100000002A0042004F004D00530054004400000047000000010000009E16704288DD1145BE6AD6C7BD512A9D220000
1004
00
1004
470042002F005400200034003400350038002E0032002D003200300030003300000022000000470042002F005400200034003400350038002E0032002D0032003000300033000000040000000100000001000000010000000100000001000000FFFF0100000000000100000001000000010000000100000001000000010000
1004
0001000000010000000100000000008000340000002000000047004200280034003400350038002E0032002D0032003000300033002900000022000000470042002F005400200034003400350038002E0032002D00320030003000330000004D03C971A7683844874BB3EDB2ECE4A11E0000002A00430045004E0054004500
1004
52
1004
004C0049004E00450053005400440000004900000001000000239CCD5064AB684FAAFCCD0171048ABB22000000470042002F005400200034003400350037002E0034002D003200300030003200000022000000470042002F005400200034003400350037002E0034002D003200300030003200000000000000000000000000
1004
0840333333333333F33FFFFF22000000470042002F005400200034003400350037002E0034002D003200300030003200000060E27056119B2C499C7549322AC316521E0000002A00440045005400410049004C00560049004500570053005400440000004B00000001000000FD693F42D5F0B04C9524885E6901AEBF1C0000
1004
00
1004
470042002F0054002000310034003600390030002D003900330000001C000000470042002F0054002000310034003600390030002D003900330000000000000000008000E3FFFFFF020000000000000000000C40FFFFFF4000008000F3FFFFFFFFFFFFFF0100000000000000000000000000104000000000060000000768C6
1004
51000010000000420079004C00610079006500720000001C000000470042002F0054002000310034003600390030002D00390033000000378324DF0EC65241979A18E3709AB2491A0000002A0048004F004C0045004C0049005300540053005400440000004D000000010000009FAC568DC972D34C8EDE1697EA2C4F3B0200
1004
00
1004
00000002000000000000000000000000000000000000000000000000000000000000000000000000000000040000000000000005000000020000000000010000000000000000002440000000000000010000000000000000000000020000000500000004000000580000000200000000000000000034400000000000000100
1004
0000010000000000000002000000050000000400000059000000030000000000000000003440000000000000010000000100000000000000020000000500000006000000545B845F0000040000000000000000003940000000000000010000000100000000000000020000000000589549FE22248744AF67DF08A8858E931C
1004
00
1004
00002A00440049004D004C004500410044004500520053005400440000004F000000010000009CB4A305A33EE242B7971B4FE93D0C5122000000470042002F005400200034003400350038002E0034002D003100390038003400000022000000470042002F005400200034003400350038002E0034002D0031003900380034
1004
000000FFFF010000000000000000001040FFFFFF400000000000000840FFFFFF4000000000000080002C0000001C000000470042005F00155FFA51F48B0E66280031003900380034002900000022000000470042002F005400200034003400350038002E0034002D003100390038003400000081C6337BDA0E9143B488CF0D
1004
53
1004
7FA318140000002A0054004100500045005200530054004400000051000000010000004AE75D8F20808C438F29EBD0D2D3A2CB44000000470042002F005400200034003400350038002E0034002D0032003000300033002C002000470042002F0054002000310035003700350034002D003100390039003500000044000000
1004
470042002F005400200034003400350038002E0034002D0032003000300033002C002000470042002F0054002000310035003700350034002D00310039003900350000000000000000000000040000003A000000010000000000000000001040FFFFFF400000000000000840FFFFFF40000080002D00000018000000470042
1004
00
1004
5F002595A65E280032003000300033002900000044000000470042002F005400200034003400350038002E0034002D0032003000300033002C002000470042002F0054002000310035003700350034002D0031003900390035000000100000002A00440049004D00530054004400000006000000470042000000
  0
XRECORD
  5
F5
102
{ACAD_REACTORS
330
F4
102
}
330
F4
100
AcDbXrecord
280
     1
1000

1000
CAXA_DRAFT_CURRENTWELDSTYLE
1000
标准
  0
XRECORD
  5
F7
102
{ACAD_REACTORS
330
F4
102
}
330
F4
100
AcDbXrecord
280
     1
1000

1000
CAXA_DRAFT_WELDSTYLE
1000
GB(324-88)
1000

1000
标准
1000
标准
1041
0.3
1070
     0
1041
1.0
1041
0.5
1041
3.5
1041
1.0
1071
1090519039
1071
1090519039
1000
Dash
1041
0.0
1071
        0
1071
        1
1071
1090519039
  0
XRECORD
  5
F6
102
{ACAD_REACTORS
330
F4
102
}
330
F4
100
AcDbXrecord
280
     1
1000

1000
CAXA_DRAFT_WELDSTYLE
1000
标准
1000

1000
标准
1000
标准
1041
0.3
1070
     0
1041
1.0
1041
0.5
1041
3.5
1041
1.0
1071
1090519039
1071
1090519039
1000
Dash
1041
0.0
1071
        0
1071
        1
1071
1090519039
  0
XRECORD
  5
F9
102
{ACAD_REACTORS
330
F8
102
}
330
F8
100
AcDbXrecord
280
     1
1000

1000
CAXA_DRAFT_WELDSTYLEOVERRIDE
1070
     0
1070
     0
1070
     0
1070
     0
1070
     0
1070
     0
1070
     0
1070
     0
1070
     0
1070
     0
1070
     0
1070
     0
1070
     0
1070
     0
  0
SPATIAL_FILTER
  5
359
102
{ACAD_REACTORS
330
358
102
}
330
358
100
AcDbFilter
100
AcDbSpatialFilter
 70
    52
 10
33.88086203960873
 20
0.0
 10
33.61370132270345
 20
4.246397995370251
 10
32.81643245608727
 20
8.42582775767831
 10
31.50162884605207
 20
12.47237718290225
 10
29.6900257309537
 20
16.32222976931484
 10
27.41019317411651
 20
19.9146710418379
 10
24.69808549686779
 20
23.19304605558333
 10
21.59647425741234
 20
26.10565287817807
 10
18.15427371780911
 20
28.60655796012282
 10
14.42576943683858
 20
30.65632053430704
 10
10.46976215431215
 20
32.22261462046701
 10
6.348640468279465
 20
33.28073882520528
 10
2.127396929568027
 20
33.81400589772034
 10
-2.127396929568024
 20
33.81400589772035
 10
-6.348640468279464
 20
33.28073882520529
 10
-10.46976215431215
 20
32.22261462046703
 10
-14.42576943683858
 20
30.65632053430706
 10
-18.15427371780912
 20
28.60655796012286
 10
-21.59647425741235
 20
26.10565287817811
 10
-24.69808549686782
 20
23.19304605558337
 10
-27.41019317411655
 20
19.91467104183793
 10
-29.69002573095374
 20
16.32222976931487
 10
-31.50162884605211
 20
12.47237718290228
 10
-32.81643245608733
 20
8.425827757678327
 10
-33.61370132270351
 20
4.246397995370263
 10
-33.8808620396088
 20
0.0000000000000027
 10
-33.61370132270352
 20
-4.246397995370257
 10
-32.81643245608733
 20
-8.425827757678324
 10
-31.50162884605213
 20
-12.47237718290227
 10
-29.69002573095376
 20
-16.32222976931487
 10
-27.41019317411657
 20
-19.91467104183794
 10
-24.69808549686784
 20
-23.19304605558338
 10
-21.59647425741238
 20
-26.10565287817812
 10
-18.15427371780914
 20
-28.60655796012288
 10
-14.42576943683861
 20
-30.65632053430709
 10
-10.46976215431217
 20
-32.22261462046707
 10
-6.348640468279478
 20
-33.28073882520533
 10
-2.127396929568032
 20
-33.81400589772041
 10
2.127396929568027
 20
-33.81400589772041
 10
6.348640468279474
 20
-33.28073882520535
 10
10.46976215431217
 20
-32.22261462046708
 10
14.42576943683861
 20
-30.65632053430711
 10
18.15427371780915
 20
-28.6065579601229
 10
21.59647425741239
 20
-26.10565287817814
 10
24.69808549686786
 20
-23.1930460555834
 10
27.41019317411659
 20
-19.91467104183796
 10
29.69002573095378
 20
-16.32222976931489
 10
31.50162884605216
 20
-12.47237718290229
 10
32.81643245608737
 20
-8.425827757678334
 10
33.61370132270356
 20
-4.246397995370264
 10
33.88086203960884
 20
0.0000000000000009
 10
33.88086203960873
 20
0.0
210
0.0
220
0.0
230
0.0
 11
0.0
 21
0.0
 31
0.0
 71
     1
 72
     0
 73
     0
 40
1.0
 40
0.0
 40
0.0
 40
0.0
 40
0.0
 40
1.0
 40
0.0
 40
0.0
 40
0.0
 40
0.0
 40
1.0
 40
0.0
 40
1.0
 40
0.0
 40
0.0
 40
0.0
 40
0.0
 40
1.0
 40
0.0
 40
0.0
 40
0.0
 40
0.0
 40
1.0
 40
0.0
  0
DICTIONARY
  5
521
330
5A
100
AcDbDictionary
280
     1
281
     1
  3
ACAD_ROUNDTRIP_2008_TABLESTYLE_CELLSTYLEMAP
360
522
  0
DICTIONARY
  5
523
330
11D
100
AcDbDictionary
280
     1
281
     1
  3
ACAD_ROUNDTRIP_2008_TABLESTYLE_CELLSTYLEMAP
360
524
  0
CELLSTYLEMAP
  5
522
102
{ACAD_REACTORS
330
521
102
}
330
521
100
AcDbCellStyleMap
 90
        3
300
CELLSTYLE
  1
TABLEFORMAT_BEGIN
 90
        5
170
     1
 91
        0
 92
    32768
 62
   257
 93
        1
300
CONTENTFORMAT
  1
CONTENTFORMAT_BEGIN
 90
        0
 91
        0
 92
        0
 93
        0
300

 40
0.0
140
1.0
 94
        5
 62
     0
340
11
144
6.0
309
CONTENTFORMAT_END
171
     1
301
MARGIN
  1
CELLMARGIN_BEGIN
 40
1.5
 40
1.5
 40
1.5
 40
1.5
 40
1.5
 40
1.5
309
CELLMARGIN_END
 94
        6
 95
        1
302
GRIDFORMAT
  1
GRIDFORMAT_BEGIN
 90
        0
 91
        1
 62
     0
 92
       -2
340
14
 93
        0
 40
0.045
309
GRIDFORMAT_END
 95
        2
302
GRIDFORMAT
  1
GRIDFORMAT_BEGIN
 90
        0
 91
        1
 62
     0
 92
       -2
340
14
 93
        0
 40
0.045
309
GRIDFORMAT_END
 95
        4
302
GRIDFORMAT
  1
GRIDFORMAT_BEGIN
 90
        0
 91
        1
 62
     0
 92
       -2
340
14
 93
        0
 40
0.045
309
GRIDFORMAT_END
 95
        8
302
GRIDFORMAT
  1
GRIDFORMAT_BEGIN
 90
        0
 91
        1
 62
     0
 92
       -2
340
14
 93
        0
 40
0.045
309
GRIDFORMAT_END
 95
       16
302
GRIDFORMAT
  1
GRIDFORMAT_BEGIN
 90
        0
 91
        1
 62
     0
 92
       -2
340
14
 93
        0
 40
0.045
309
GRIDFORMAT_END
 95
       32
302
GRIDFORMAT
  1
GRIDFORMAT_BEGIN
 90
        0
 91
        1
 62
     0
 92
       -2
340
14
 93
        0
 40
0.045
309
GRIDFORMAT_END
309
TABLEFORMAT_END
  1
CELLSTYLE_BEGIN
 90
        1
 91
        1
300
_TITLE
309
CELLSTYLE_END
300
CELLSTYLE
  1
TABLEFORMAT_BEGIN
 90
        5
170
     1
 91
        0
 92
        0
 62
   257
 93
        1
300
CONTENTFORMAT
  1
CONTENTFORMAT_BEGIN
 90
        0
 91
        0
 92
        0
 93
        0
300

 40
0.0
140
1.0
 94
        5
 62
     0
340
11
144
4.5
309
CONTENTFORMAT_END
171
     1
301
MARGIN
  1
CELLMARGIN_BEGIN
 40
1.5
 40
1.5
 40
1.5
 40
1.5
 40
1.5
 40
1.5
309
CELLMARGIN_END
 94
        6
 95
        1
302
GRIDFORMAT
  1
GRIDFORMAT_BEGIN
 90
        0
 91
        1
 62
     0
 92
       -2
340
14
 93
        0
 40
0.045
309
GRIDFORMAT_END
 95
        2
302
GRIDFORMAT
  1
GRIDFORMAT_BEGIN
 90
        0
 91
        1
 62
     0
 92
       -2
340
14
 93
        0
 40
0.045
309
GRIDFORMAT_END
 95
        4
302
GRIDFORMAT
  1
GRIDFORMAT_BEGIN
 90
        0
 91
        1
 62
     0
 92
       -2
340
14
 93
        0
 40
0.045
309
GRIDFORMAT_END
 95
        8
302
GRIDFORMAT
  1
GRIDFORMAT_BEGIN
 90
        0
 91
        1
 62
     0
 92
       -2
340
14
 93
        0
 40
0.045
309
GRIDFORMAT_END
 95
       16
302
GRIDFORMAT
  1
GRIDFORMAT_BEGIN
 90
        0
 91
        1
 62
     0
 92
       -2
340
14
 93
        0
 40
0.045
309
GRIDFORMAT_END
 95
       32
302
GRIDFORMAT
  1
GRIDFORMAT_BEGIN
 90
        0
 91
        1
 62
     0
 92
       -2
340
14
 93
        0
 40
0.045
309
GRIDFORMAT_END
309
TABLEFORMAT_END
  1
CELLSTYLE_BEGIN
 90
        2
 91
        1
300
_HEADER
309
CELLSTYLE_END
300
CELLSTYLE
  1
TABLEFORMAT_BEGIN
 90
        5
170
     1
 91
        0
 92
        0
 62
   257
 93
        1
300
CONTENTFORMAT
  1
CONTENTFORMAT_BEGIN
 90
        0
 91
        0
 92
        0
 93
        0
300

 40
0.0
140
1.0
 94
        2
 62
     0
340
11
144
4.5
309
CONTENTFORMAT_END
171
     1
301
MARGIN
  1
CELLMARGIN_BEGIN
 40
1.5
 40
1.5
 40
1.5
 40
1.5
 40
1.5
 40
1.5
309
CELLMARGIN_END
 94
        6
 95
        1
302
GRIDFORMAT
  1
GRIDFORMAT_BEGIN
 90
        0
 91
        1
 62
     0
 92
       -2
340
14
 93
        0
 40
0.045
309
GRIDFORMAT_END
 95
        2
302
GRIDFORMAT
  1
GRIDFORMAT_BEGIN
 90
        0
 91
        1
 62
     0
 92
       -2
340
14
 93
        0
 40
0.045
309
GRIDFORMAT_END
 95
        4
302
GRIDFORMAT
  1
GRIDFORMAT_BEGIN
 90
        0
 91
        1
 62
     0
 92
       -2
340
14
 93
        0
 40
0.045
309
GRIDFORMAT_END
 95
        8
302
GRIDFORMAT
  1
GRIDFORMAT_BEGIN
 90
        0
 91
        1
 62
     0
 92
       -2
340
14
 93
        0
 40
0.045
309
GRIDFORMAT_END
 95
       16
302
GRIDFORMAT
  1
GRIDFORMAT_BEGIN
 90
        0
 91
        1
 62
     0
 92
       -2
340
14
 93
        0
 40
0.045
309
GRIDFORMAT_END
 95
       32
302
GRIDFORMAT
  1
GRIDFORMAT_BEGIN
 90
        0
 91
        1
 62
     0
 92
       -2
340
14
 93
        0
 40
0.045
309
GRIDFORMAT_END
309
TABLEFORMAT_END
  1
CELLSTYLE_BEGIN
 90
        3
 91
        2
300
_DATA
309
CELLSTYLE_END
  0
CELLSTYLEMAP
  5
524
102
{ACAD_REACTORS
330
523
102
}
330
523
100
AcDbCellStyleMap
 90
        3
300
CELLSTYLE
  1
TABLEFORMAT_BEGIN
 90
        5
170
     1
 91
        0
 92
    32768
 62
   257
 93
        1
300
CONTENTFORMAT
  1
CONTENTFORMAT_BEGIN
 90
        0
 91
        0
 92
        0
 93
        0
300

 40
0.0
140
1.0
 94
        5
 62
     0
340
E2
144
6.0
309
CONTENTFORMAT_END
171
     1
301
MARGIN
  1
CELLMARGIN_BEGIN
 40
1.5
 40
1.5
 40
1.5
 40
1.5
 40
0.06
 40
0.06
309
CELLMARGIN_END
 94
        6
 95
        1
302
GRIDFORMAT
  1
GRIDFORMAT_BEGIN
 90
        0
 91
        1
 62
     0
 92
       -2
340
14
 93
        0
 40
0.045
309
GRIDFORMAT_END
 95
        2
302
GRIDFORMAT
  1
GRIDFORMAT_BEGIN
 90
        0
 91
        1
 62
     0
 92
       -2
340
14
 93
        0
 40
0.045
309
GRIDFORMAT_END
 95
        4
302
GRIDFORMAT
  1
GRIDFORMAT_BEGIN
 90
        0
 91
        1
 62
     0
 92
       -2
340
14
 93
        0
 40
0.045
309
GRIDFORMAT_END
 95
        8
302
GRIDFORMAT
  1
GRIDFORMAT_BEGIN
 90
        0
 91
        1
 62
     0
 92
       -2
340
14
 93
        0
 40
0.045
309
GRIDFORMAT_END
 95
       16
302
GRIDFORMAT
  1
GRIDFORMAT_BEGIN
 90
        0
 91
        1
 62
     0
 92
       -2
340
14
 93
        0
 40
0.045
309
GRIDFORMAT_END
 95
       32
302
GRIDFORMAT
  1
GRIDFORMAT_BEGIN
 90
        0
 91
        1
 62
     0
 92
       -2
340
14
 93
        0
 40
0.045
309
GRIDFORMAT_END
309
TABLEFORMAT_END
  1
CELLSTYLE_BEGIN
 90
        1
 91
        0
300
_TITLE
309
CELLSTYLE_END
300
CELLSTYLE
  1
TABLEFORMAT_BEGIN
 90
        5
170
     1
 91
        0
 92
        0
 62
   257
 93
        1
300
CONTENTFORMAT
  1
CONTENTFORMAT_BEGIN
 90
        0
 91
        0
 92
        0
 93
        0
300

 40
0.0
140
1.0
 94
        5
 62
     0
340
E2
144
4.5
309
CONTENTFORMAT_END
171
     1
301
MARGIN
  1
CELLMARGIN_BEGIN
 40
1.5
 40
1.5
 40
1.5
 40
1.5
 40
0.06
 40
0.06
309
CELLMARGIN_END
 94
        6
 95
        1
302
GRIDFORMAT
  1
GRIDFORMAT_BEGIN
 90
        0
 91
        1
 62
     0
 92
       -2
340
14
 93
        0
 40
0.045
309
GRIDFORMAT_END
 95
        2
302
GRIDFORMAT
  1
GRIDFORMAT_BEGIN
 90
        0
 91
        1
 62
     0
 92
       -2
340
14
 93
        0
 40
0.045
309
GRIDFORMAT_END
 95
        4
302
GRIDFORMAT
  1
GRIDFORMAT_BEGIN
 90
        0
 91
        1
 62
     0
 92
       -2
340
14
 93
        0
 40
0.045
309
GRIDFORMAT_END
 95
        8
302
GRIDFORMAT
  1
GRIDFORMAT_BEGIN
 90
        0
 91
        1
 62
     0
 92
       -2
340
14
 93
        0
 40
0.045
309
GRIDFORMAT_END
 95
       16
302
GRIDFORMAT
  1
GRIDFORMAT_BEGIN
 90
        0
 91
        1
 62
     0
 92
       -2
340
14
 93
        0
 40
0.045
309
GRIDFORMAT_END
 95
       32
302
GRIDFORMAT
  1
GRIDFORMAT_BEGIN
 90
        0
 91
        1
 62
     0
 92
       -2
340
14
 93
        0
 40
0.045
309
GRIDFORMAT_END
309
TABLEFORMAT_END
  1
CELLSTYLE_BEGIN
 90
        2
 91
        0
300
_HEADER
309
CELLSTYLE_END
300
CELLSTYLE
  1
TABLEFORMAT_BEGIN
 90
        5
170
     1
 91
        0
 92
        0
 62
   257
 93
        1
300
CONTENTFORMAT
  1
CONTENTFORMAT_BEGIN
 90
        0
 91
        0
 92
        0
 93
        0
300

 40
0.0
140
1.0
 94
        2
 62
     0
340
E2
144
4.5
309
CONTENTFORMAT_END
171
     1
301
MARGIN
  1
CELLMARGIN_BEGIN
 40
1.5
 40
1.5
 40
1.5
 40
1.5
 40
0.06
 40
0.06
309
CELLMARGIN_END
 94
        6
 95
        1
302
GRIDFORMAT
  1
GRIDFORMAT_BEGIN
 90
        0
 91
        1
 62
     0
 92
       -2
340
14
 93
        0
 40
0.045
309
GRIDFORMAT_END
 95
        2
302
GRIDFORMAT
  1
GRIDFORMAT_BEGIN
 90
        0
 91
        1
 62
     0
 92
       -2
340
14
 93
        0
 40
0.045
309
GRIDFORMAT_END
 95
        4
302
GRIDFORMAT
  1
GRIDFORMAT_BEGIN
 90
        0
 91
        1
 62
     0
 92
       -2
340
14
 93
        0
 40
0.045
309
GRIDFORMAT_END
 95
        8
302
GRIDFORMAT
  1
GRIDFORMAT_BEGIN
 90
        0
 91
        1
 62
     0
 92
       -2
340
14
 93
        0
 40
0.045
309
GRIDFORMAT_END
 95
       16
302
GRIDFORMAT
  1
GRIDFORMAT_BEGIN
 90
        0
 91
        1
 62
     0
 92
       -2
340
14
 93
        0
 40
0.045
309
GRIDFORMAT_END
 95
       32
302
GRIDFORMAT
  1
GRIDFORMAT_BEGIN
 90
        0
 91
        1
 62
     0
 92
       -2
340
14
 93
        0
 40
0.045
309
GRIDFORMAT_END
309
TABLEFORMAT_END
  1
CELLSTYLE_BEGIN
 90
        3
 91
        0
300
_DATA
309
CELLSTYLE_END
  0
ENDSEC
  0
EOF
