  0
SECTION
  2
HEADER
  9
$ACADVER
  1
AC1015
  9
$ACADMAINTVER
 70
     6
  9
$DWGCODEPAGE
  3
ANSI_936
  9
$INSBASE
 10
0.0
 20
0.0
 30
0.0
  9
$EXTMIN
 10
-2700.376358337744
 20
-1192.913793009951
 30
0.0
  9
$EXTMAX
 10
8505.581177099804
 20
3495.894754712603
 30
0.0
  9
$LIMMIN
 10
-105.0
 20
-148.5
  9
$LIMMAX
 10
105.0
 20
148.5
  9
$ORTHOMODE
 70
     0
  9
$REGENMODE
 70
     1
  9
$FILLMODE
 70
     1
  9
$QTEXTMODE
 70
     0
  9
$MIRRTEXT
 70
     1
  9
$LTSCALE
 40
1.0
  9
$ATTMODE
 70
     1
  9
$TEXTSIZE
 40
2.5
  9
$TRACEWID
 40
1.0
  9
$TEXTSTYLE
  7
标准
  9
$CLAYER
  8
粗实线层
  9
$CELTYPE
  6
ByLayer
  9
$CECOLOR
 62
   256
  9
$CELTSCALE
 40
1.0
  9
$DISPSILH
 70
     0
  9
$DIMSCALE
 40
1.0
  9
$DIMASZ
 40
4.0
  9
$DIMEXO
 40
0.0
  9
$DIMDLI
 40
10.0
  9
$DIMRND
 40
0.0
  9
$DIMDLE
 40
8.0
  9
$DIMEXE
 40
2.0
  9
$DIMTP
 40
0.0
  9
$DIMTM
 40
0.0
  9
$DIMTXT
 40
3.5
  9
$DIMCEN
 40
0.0
  9
$DIMTSZ
 40
0.0
  9
$DIMTOL
 70
     0
  9
$DIMLIM
 70
     0
  9
$DIMTIH
 70
     0
  9
$DIMTOH
 70
     0
  9
$DIMSE1
 70
     0
  9
$DIMSE2
 70
     0
  9
$DIMTAD
 70
     1
  9
$DIMZIN
 70
     8
  9
$DIMBLK
  1
CAXARROW
  9
$DIMASO
 70
     1
  9
$DIMSHO
 70
     1
  9
$DIMPOST
  1

  9
$DIMAPOST
  1

  9
$DIMALT
 70
     0
  9
$DIMALTD
 70
     2
  9
$DIMALTF
 40
1.0
  9
$DIMLFAC
 40
1.0
  9
$DIMTOFL
 70
     1
  9
$DIMTVP
 40
0.0
  9
$DIMTIX
 70
     0
  9
$DIMSOXD
 70
     0
  9
$DIMSAH
 70
     0
  9
$DIMBLK1
  1

  9
$DIMBLK2
  1

  9
$DIMSTYLE
  2
GB_尺寸
  9
$DIMCLRD
 70
     0
  9
$DIMCLRE
 70
     0
  9
$DIMCLRT
 70
     0
  9
$DIMTFAC
 40
0.7071067811865475
  9
$DIMGAP
 40
0.625
  9
$DIMJUST
 70
     0
  9
$DIMSD1
 70
     0
  9
$DIMSD2
 70
     0
  9
$DIMTOLJ
 70
     1
  9
$DIMTZIN
 70
     8
  9
$DIMALTZ
 70
     0
  9
$DIMALTTZ
 70
     0
  9
$DIMUPT
 70
     0
  9
$DIMDEC
 70
     2
  9
$DIMTDEC
 70
     3
  9
$DIMALTU
 70
     2
  9
$DIMALTTD
 70
     3
  9
$DIMTXSTY
  7
标准
  9
$DIMAUNIT
 70
     0
  9
$DIMADEC
 70
     2
  9
$DIMALTRND
 40
0.0
  9
$DIMAZIN
 70
     2
  9
$DIMDSEP
 70
    46
  9
$DIMATFIT
 70
     3
  9
$DIMFRAC
 70
     2
  9
$DIMLDRBLK
  1

  9
$DIMLUNIT
 70
     2
  9
$DIMLWD
 70
    -2
  9
$DIMLWE
 70
    -2
  9
$DIMTMOVE
 70
     2
  9
$LUNITS
 70
     2
  9
$LUPREC
 70
     4
  9
$SKETCHINC
 40
1.0
  9
$FILLETRAD
 40
0.0
  9
$AUNITS
 70
     0
  9
$AUPREC
 70
     0
  9
$MENU
  1
.
  9
$ELEVATION
 40
0.0
  9
$PELEVATION
 40
0.0
  9
$THICKNESS
 40
0.0
  9
$LIMCHECK
 70
     0
  9
$CHAMFERA
 40
0.0
  9
$CHAMFERB
 40
0.0
  9
$CHAMFERC
 40
0.0
  9
$CHAMFERD
 40
0.0
  9
$SKPOLY
 70
     0
  9
$TDCREATE
 40
2461109.352406215
  9
$TDUCREATE
 40
2461109.019072882
  9
$TDUPDATE
 40
2461109.352407026
  9
$TDUUPDATE
 40
2461109.019073692
  9
$TDINDWG
 40
0.0000000116
  9
$TDUSRTIMER
 40
0.0000000116
  9
$USRTIMER
 70
     1
  9
$ANGBASE
 50
0.0
  9
$ANGDIR
 70
     0
  9
$PDMODE
 70
     0
  9
$PDSIZE
 40
-5.0
  9
$PLINEWID
 40
0.0
  9
$SPLFRAME
 70
     0
  9
$SPLINETYPE
 70
     6
  9
$SPLINESEGS
 70
     8
  9
$HANDSEED
  5
568
  9
$SURFTAB1
 70
     6
  9
$SURFTAB2
 70
     6
  9
$SURFTYPE
 70
     6
  9
$SURFU
 70
     6
  9
$SURFV
 70
     6
  9
$UCSBASE
  2

  9
$UCSNAME
  2

  9
$UCSORG
 10
0.0
 20
0.0
 30
0.0
  9
$UCSXDIR
 10
1.0
 20
0.0
 30
0.0
  9
$UCSYDIR
 10
0.0
 20
1.0
 30
0.0
  9
$UCSORTHOREF
  2

  9
$UCSORTHOVIEW
 70
     0
  9
$UCSORGTOP
 10
0.0
 20
0.0
 30
0.0
  9
$UCSORGBOTTOM
 10
0.0
 20
0.0
 30
0.0
  9
$UCSORGLEFT
 10
0.0
 20
0.0
 30
0.0
  9
$UCSORGRIGHT
 10
0.0
 20
0.0
 30
0.0
  9
$UCSORGFRONT
 10
0.0
 20
0.0
 30
0.0
  9
$UCSORGBACK
 10
0.0
 20
0.0
 30
0.0
  9
$PUCSBASE
  2

  9
$PUCSNAME
  2

  9
$PUCSORG
 10
0.0
 20
0.0
 30
0.0
  9
$PUCSXDIR
 10
1.0
 20
0.0
 30
0.0
  9
$PUCSYDIR
 10
0.0
 20
1.0
 30
0.0
  9
$PUCSORTHOREF
  2

  9
$PUCSORTHOVIEW
 70
     0
  9
$PUCSORGTOP
 10
0.0
 20
0.0
 30
0.0
  9
$PUCSORGBOTTOM
 10
0.0
 20
0.0
 30
0.0
  9
$PUCSORGLEFT
 10
0.0
 20
0.0
 30
0.0
  9
$PUCSORGRIGHT
 10
0.0
 20
0.0
 30
0.0
  9
$PUCSORGFRONT
 10
0.0
 20
0.0
 30
0.0
  9
$PUCSORGBACK
 10
0.0
 20
0.0
 30
0.0
  9
$USERI1
 70
     0
  9
$USERI2
 70
     0
  9
$USERI3
 70
     0
  9
$USERI4
 70
     0
  9
$USERI5
 70
     0
  9
$USERR1
 40
0.0
  9
$USERR2
 40
0.0
  9
$USERR3
 40
0.0
  9
$USERR4
 40
0.0
  9
$USERR5
 40
0.0
  9
$WORLDVIEW
 70
     1
  9
$SHADEDGE
 70
     3
  9
$SHADEDIF
 70
    70
  9
$TILEMODE
 70
     1
  9
$MAXACTVP
 70
    64
  9
$PINSBASE
 10
0.0
 20
0.0
 30
0.0
  9
$PLIMCHECK
 70
     0
  9
$PEXTMIN
 10
1.000000000000000E+20
 20
1.000000000000000E+20
 30
1.000000000000000E+20
  9
$PEXTMAX
 10
-1.000000000000000E+20
 20
-1.000000000000000E+20
 30
-1.000000000000000E+20
  9
$PLIMMIN
 10
0.0
 20
0.0
  9
$PLIMMAX
 10
420.0
 20
297.0
  9
$UNITMODE
 70
     0
  9
$VISRETAIN
 70
     1
  9
$PLINEGEN
 70
     0
  9
$PSLTSCALE
 70
     1
  9
$TREEDEPTH
 70
  3020
  9
$CMLSTYLE
  2
Standard
  9
$CMLJUST
 70
     0
  9
$CMLSCALE
 40
20.0
  9
$PROXYGRAPHICS
 70
     1
  9
$MEASUREMENT
 70
     1
  9
$CELWEIGHT
370
    -1
  9
$ENDCAPS
280
     0
  9
$JOINSTYLE
280
     0
  9
$LWDISPLAY
290
     0
  9
$INSUNITS
 70
     4
  9
$HYPERLINKBASE
  1

  9
$STYLESHEET
  1

  9
$XEDIT
290
     1
  9
$CEPSNTYPE
380
     0
  9
$PSTYLEMODE
290
     1
  9
$FINGERPRINTGUID
  2
{3b7972f3-3121-4baa-9fe3-1f83de2d5d75}
  9
$VERSIONGUID
  2
{FAEB1C32-E019-11D5-929B-00C0DF256EC4}
  9
$EXTNAMES
290
     1
  9
$PSVPSCALE
 40
0.0
  9
$OLESTARTUP
290
     0
  0
ENDSEC
  0
SECTION
  2
CLASSES
  0
CLASS
  1
ACDBDICTIONARYWDFLT
  2
AcDbDictionaryWithDefault
  3
ObjectDBX Classes
 90
        0
280
     0
281
     0
  0
CLASS
  1
VISUALSTYLE
  2
AcDbVisualStyle
  3
ObjectDBX Classes
 90
     4095
280
     0
281
     0
  0
CLASS
  1
MATERIAL
  2
AcDbMaterial
  3
ObjectDBX Classes
 90
     1153
280
     0
281
     0
  0
CLASS
  1
SCALE
  2
AcDbScale
  3
ObjectDBX Classes
 90
     1153
280
     0
281
     0
  0
CLASS
  1
TABLESTYLE
  2
AcDbTableStyle
  3
ObjectDBX Classes
 90
     4095
280
     0
281
     0
  0
CLASS
  1
MLEADERSTYLE
  2
AcDbMLeaderStyle
  3
ACDB_MLEADERSTYLE_CLASS
 90
     4095
280
     0
281
     0
  0
CLASS
  1
SUN
  2
AcDbSun
  3
SCENEOE
 90
     1153
280
     0
281
     0
  0
CLASS
  1
SPATIAL_FILTER
  2
AcDbSpatialFilter
  3
ObjectDBX Classes
 90
        0
280
     0
281
     0
  0
CLASS
  1
WIPEOUTVARIABLES
  2
AcDbWipeoutVariables
  3
WipeOut|AutoCAD Express Tool|expresstools@autodesk.com
 90
        0
280
     0
281
     0
  0
CLASS
  1
DICTIONARYVAR
  2
AcDbDictionaryVar
  3
ObjectDBX Classes
 90
        0
280
     0
281
     0
  0
CLASS
  1
ACDBPLACEHOLDER
  2
AcDbPlaceHolder
  3
ObjectDBX Classes
 90
        0
280
     0
281
     0
  0
CLASS
  1
LAYOUT
  2
AcDbLayout
  3
ObjectDBX Classes
 90
        0
280
     0
281
     0
  0
ENDSEC
  0
SECTION
  2
TABLES
  0
TABLE
  2
VPORT
  5
8
102
{ACAD_XDICTIONARY
360
527
102
}
330
0
100
AcDbSymbolTable
 70
     1
  0
VPORT
  5
29
330
8
100
AcDbSymbolTableRecord
100
AcDbViewportTableRecord
  2
*Active
 70
     0
 10
0.0
 20
0.0
 11
1.0
 21
1.0
 12
2902.602409381029
 22
1151.490480851326
 13
0.0
 23
0.0
 14
10.0
 24
10.0
 15
10.0
 25
10.0
 16
0.0
 26
0.0
 36
1.0
 17
0.0
 27
0.0
 37
0.0
 40
4688.808547722554
 41
2.389937106918238
 42
50.0
 43
0.0
 44
0.0
 50
0.0
 51
0.0
 71
     0
 72
   100
 73
     1
 74
     3
 75
     0
 76
     0
 77
     0
 78
     0
281
     0
 65
     1
110
0.0
120
0.0
130
0.0
111
1.0
121
0.0
131
0.0
112
0.0
122
1.0
132
0.0
 79
     0
146
0.0
  0
ENDTAB
  0
TABLE
  2
LTYPE
  5
5
330
0
100
AcDbSymbolTable
 70
     4
  0
LTYPE
  5
14
330
5
100
AcDbSymbolTableRecord
100
AcDbLinetypeTableRecord
  2
ByBlock
 70
     0
  3

 72
    65
 73
     0
 40
0.0
  0
LTYPE
  5
15
330
5
100
AcDbSymbolTableRecord
100
AcDbLinetypeTableRecord
  2
ByLayer
 70
     0
  3

 72
    65
 73
     0
 40
0.0
  0
LTYPE
  5
16
330
5
100
AcDbSymbolTableRecord
100
AcDbLinetypeTableRecord
  2
Continuous
 70
     0
  3
Solid line
 72
    65
 73
     0
 40
0.0
  0
LTYPE
  5
D2
330
5
100
AcDbSymbolTableRecord
100
AcDbLinetypeTableRecord
  2
虚线
 70
     0
  3
虚线: __ __ __ __ __ __ __ __ __ __ __ __ __
 72
    65
 73
     2
 40
2.0
 49
1.0
 74
     0
 49
-1.0
 74
     0
  0
LTYPE
  5
D3
330
5
100
AcDbSymbolTableRecord
100
AcDbLinetypeTableRecord
  2
点画线
 70
     0
  3
点画线: ____ . ____ . ____ . ____ . ____ . ____
 72
    65
 73
     4
 40
18.0
 49
12.0
 74
     0
 49
-2.0
 74
     0
 49
2.0
 74
     0
 49
-2.0
 74
     0
  0
LTYPE
  5
D4
330
5
100
AcDbSymbolTableRecord
100
AcDbLinetypeTableRecord
  2
双点画线
 70
     0
  3
双点画线: ____ . . ____ . . ____ . . ____ . . ____ 
 72
    65
 73
     6
 40
22.0
 49
12.0
 74
     0
 49
-2.0
 74
     0
 49
2.0
 74
     0
 49
-2.0
 74
     0
 49
2.0
 74
     0
 49
-2.0
 74
     0
  0
ENDTAB
  0
TABLE
  2
LAYER
  5
2
330
0
100
AcDbSymbolTable
 70
    12
  0
LAYER
  5
10
330
2
100
AcDbSymbolTableRecord
100
AcDbLayerTableRecord
  2
0
 70
     0
 62
     7
  6
Continuous
370
    35
390
F
1001
AcAecLayerStandard
1000

1000
0层
  0
LAYER
  5
D6
330
2
100
AcDbSymbolTableRecord
100
AcDbLayerTableRecord
  2
中心线层
 70
     0
 62
     1
  6
点画线
370
    18
390
F
1001
AcAecLayerStandard
1000

1000
中心线层
  0
LAYER
  5
D7
330
2
100
AcDbSymbolTableRecord
100
AcDbLayerTableRecord
  2
虚线层
 70
     0
 62
     6
  6
虚线
370
    18
390
F
1001
AcAecLayerStandard
1000

1000
虚线层
  0
LAYER
  5
D8
330
2
100
AcDbSymbolTableRecord
100
AcDbLayerTableRecord
  2
细实线层
 70
     0
 62
     7
  6
Continuous
370
    18
390
F
1001
AcAecLayerStandard
1000

1000
细实线层
  0
LAYER
  5
D9
330
2
100
AcDbSymbolTableRecord
100
AcDbLayerTableRecord
  2
粗实线层
 70
     0
 62
     7
  6
Continuous
370
    35
390
F
1001
AcAecLayerStandard
1000

1000
粗实线层
  0
LAYER
  5
DA
330
2
100
AcDbSymbolTableRecord
100
AcDbLayerTableRecord
  2
尺寸线层
 70
     0
 62
     3
  6
Continuous
370
    18
390
F
1001
AcAecLayerStandard
1000

1000
尺寸线层
  0
LAYER
  5
DB
330
2
100
AcDbSymbolTableRecord
100
AcDbLayerTableRecord
  2
剖面线层
 70
     0
 62
     4
  6
Continuous
370
    18
390
F
1001
AcAecLayerStandard
1000

1000
剖面线层
  0
LAYER
  5
DC
330
2
100
AcDbSymbolTableRecord
100
AcDbLayerTableRecord
  2
隐藏层
 70
     0
 62
    -7
  6
Continuous
370
    18
390
F
1001
AcAecLayerStandard
1000

1000
隐藏层
  0
LAYER
  5
DD
330
2
100
AcDbSymbolTableRecord
100
AcDbLayerTableRecord
  2
实体线
 70
     0
 62
     5
  6
Continuous
370
    50
390
F
1001
AcAecLayerStandard
1000

1000

  0
LAYER
  5
DE
330
2
100
AcDbSymbolTableRecord
100
AcDbLayerTableRecord
  2
标记
 70
     0
 62
     7
  6
Continuous
370
    18
390
F
1001
AcAecLayerStandard
1000

1000

  0
LAYER
  5
DF
330
2
100
AcDbSymbolTableRecord
100
AcDbLayerTableRecord
  2
文字
 70
     0
 62
     7
  6
Continuous
370
    18
390
F
1001
AcAecLayerStandard
1000

1000

  0
LAYER
  5
E0
330
2
100
AcDbSymbolTableRecord
100
AcDbLayerTableRecord
  2
粗符号线
 70
     0
 62
     6
  6
Continuous
370
    18
390
F
1001
AcAecLayerStandard
1000

1000
粗线符号
  0
ENDTAB
  0
TABLE
  2
STYLE
  5
3
330
0
100
AcDbSymbolTable
 70
     6
  0
STYLE
  5
11
330
3
100
AcDbSymbolTableRecord
100
AcDbTextStyleTableRecord
  2
Standard
 70
     0
 40
0.0
 41
1.0
 50
0.0
 71
     0
 42
3.5
  3
txt
  4

1001
CAXA_DRAFT_TXTSTYLE
1041
0.0
1041
1.667
1001
ACAD
1000
宋体
1071
    34306
  0
STYLE
  5
E1
330
3
100
AcDbSymbolTableRecord
100
AcDbTextStyleTableRecord
  2
标准
 70
     0
 40
0.0
 41
0.667
 50
0.0
 71
     0
 42
2.5
  3

  4

1001
CAXA_DRAFT_TXTSTYLE
1041
0.1
1041
1.918
1001
ACAD
1000
宋体
1071
    34306
  0
STYLE
  5
E2
330
3
100
AcDbSymbolTableRecord
100
AcDbTextStyleTableRecord
  2
机械
 70
     0
 40
0.0
 41
0.667
 50
0.0
 71
     0
 42
2.5
  3

  4

1001
CAXA_DRAFT_TXTSTYLE
1041
0.1
1041
1.918
1001
ACAD
1000
宋体
1071
    34306
  0
STYLE
  5
E3
330
3
100
AcDbSymbolTableRecord
100
AcDbTextStyleTableRecord
  2
UserTxtStyle4
 70
     0
 40
0.0
 41
0.667
 50
0.0
 71
     0
 42
2.5
  3

  4

1001
CAXA_DRAFT_TXTSTYLE
1041
0.1
1041
1.918
1001
ACAD
1000
宋体
1071
    34306
  0
STYLE
  5
E4
330
3
100
AcDbSymbolTableRecord
100
AcDbTextStyleTableRecord
  2
TSSD_Num
 70
     0
 40
0.0
 41
0.7
 50
0.0
 71
     0
 42
2.5
  3

  4

1001
CAXA_DRAFT_TXTSTYLE
1041
0.0
1041
1.667
1001
ACAD
1000
宋体
1071
    34306
  0
STYLE
  5
E5
330
3
100
AcDbSymbolTableRecord
100
AcDbTextStyleTableRecord
  2
TSSD_Label
 70
     0
 40
0.0
 41
0.7
 50
0.0
 71
     0
 42
2.5
  3

  4

1001
CAXA_DRAFT_TXTSTYLE
1041
0.0
1041
1.667
1001
ACAD
1000
宋体
1071
    34306
  0
ENDTAB
  0
TABLE
  2
VIEW
  5
6
330
0
100
AcDbSymbolTable
 70
     0
  0
ENDTAB
  0
TABLE
  2
UCS
  5
7
330
0
100
AcDbSymbolTable
 70
     0
  0
ENDTAB
  0
TABLE
  2
APPID
  5
9
330
0
100
AcDbSymbolTable
 70
   123
  0
APPID
  5
12
330
9
100
AcDbSymbolTableRecord
100
AcDbRegAppTableRecord
  2
ACAD
 70
     0
  0
APPID
  5
5E
330
9
100
AcDbSymbolTableRecord
100
AcDbRegAppTableRecord
  2
CAXA_DRAFT_PAPERORDER
 70
     0
  0
APPID
  5
5F
330
9
100
AcDbSymbolTableRecord
100
AcDbRegAppTableRecord
  2
CAXA_DRAFT_ROUGH
 70
     0
  0
APPID
  5
60
330
9
100
AcDbSymbolTableRecord
100
AcDbRegAppTableRecord
  2
CAXA_DRAFT_ROUGH_STD
 70
     0
  0
APPID
  5
61
330
9
100
AcDbSymbolTableRecord
100
AcDbRegAppTableRecord
  2
CAXA_DRAFT_FORMATED_TXT
 70
     0
  0
APPID
  5
62
330
9
100
AcDbSymbolTableRecord
100
AcDbRegAppTableRecord
  2
CAXA_DRAFT_DATUM
 70
     0
  0
APPID
  5
63
330
9
100
AcDbSymbolTableRecord
100
AcDbRegAppTableRecord
  2
CAXA_DRAFT_WELD
 70
     0
  0
APPID
  5
64
330
9
100
AcDbSymbolTableRecord
100
AcDbRegAppTableRecord
  2
CAXA_DRAFT_GEOTOL
 70
     0
  0
APPID
  5
65
330
9
100
AcDbSymbolTableRecord
100
AcDbRegAppTableRecord
  2
CAXA_DRAFT_CUTS
 70
     0
  0
APPID
  5
66
330
9
100
AcDbSymbolTableRecord
100
AcDbRegAppTableRecord
  2
CAXA_DRAFT_DIMHALF
 70
     0
  0
APPID
  5
67
330
9
100
AcDbSymbolTableRecord
100
AcDbRegAppTableRecord
  2
CAXA_DRAFT_DIMRAY
 70
     0
  0
APPID
  5
68
330
9
100
AcDbSymbolTableRecord
100
AcDbRegAppTableRecord
  2
CAXA_DRAFT_DIMARCLEN
 70
     0
  0
APPID
  5
69
330
9
100
AcDbSymbolTableRecord
100
AcDbRegAppTableRecord
  2
CAXA_DRAFT_DIMTAPER
 70
     0
  0
APPID
  5
6A
330
9
100
AcDbSymbolTableRecord
100
AcDbRegAppTableRecord
  2
CAXA_DRAFT_DIMPITCH
 70
     0
  0
APPID
  5
6B
330
9
100
AcDbSymbolTableRecord
100
AcDbRegAppTableRecord
  2
CAXA_DRAFT_DIMCOORD
 70
     0
  0
APPID
  5
6C
330
9
100
AcDbSymbolTableRecord
100
AcDbRegAppTableRecord
  2
CAXA_DRAFT_DIMORIALIGN
 70
     0
  0
APPID
  5
6D
330
9
100
AcDbSymbolTableRecord
100
AcDbRegAppTableRecord
  2
CAXA_DRAFT_DIMHOLEPOS
 70
     0
  0
APPID
  5
6E
330
9
100
AcDbSymbolTableRecord
100
AcDbRegAppTableRecord
  2
CAXA_DRAFT_DIMCRDLEADER
 70
     0
  0
APPID
  5
6F
330
9
100
AcDbSymbolTableRecord
100
AcDbRegAppTableRecord
  2
CAXA_DRAFT_DIMCHAMFER
 70
     0
  0
APPID
  5
70
330
9
100
AcDbSymbolTableRecord
100
AcDbRegAppTableRecord
  2
CAXA_DRAFT_DIMCENTERHOLE
 70
     0
  0
APPID
  5
71
330
9
100
AcDbSymbolTableRecord
100
AcDbRegAppTableRecord
  2
CAXA_DRAFT_DIMLEADER
 70
     0
  0
APPID
  5
72
330
9
100
AcDbSymbolTableRecord
100
AcDbRegAppTableRecord
  2
CAXA_DRAFT_DIMCRDLIST
 70
     0
  0
APPID
  5
73
330
9
100
AcDbSymbolTableRecord
100
AcDbRegAppTableRecord
  2
CAXA_DRAFT_PAPERSCALE
 70
     0
  0
APPID
  5
74
330
9
100
AcDbSymbolTableRecord
100
AcDbRegAppTableRecord
  2
CAXA_DRAFT_FILEVERSION
 70
     0
  0
APPID
  5
75
330
9
100
AcDbSymbolTableRecord
100
AcDbRegAppTableRecord
  2
CAXA_DRAFT_PRODUCTVERSION
 70
     0
  0
APPID
  5
76
330
9
100
AcDbSymbolTableRecord
100
AcDbRegAppTableRecord
  2
CAXA_DRAFT_DATATABLE
 70
     0
  0
APPID
  5
77
330
9
100
AcDbSymbolTableRecord
100
AcDbRegAppTableRecord
  2
CAXA_DRAFT_PAPERINFO
 70
     0
  0
APPID
  5
78
330
9
100
AcDbSymbolTableRecord
100
AcDbRegAppTableRecord
  2
CAXA_DRAFT_PAPERFRAME
 70
     0
  0
APPID
  5
79
330
9
100
AcDbSymbolTableRecord
100
AcDbRegAppTableRecord
  2
CAXA_DRAFT_PAPERTITLE
 70
     0
  0
APPID
  5
7A
330
9
100
AcDbSymbolTableRecord
100
AcDbRegAppTableRecord
  2
CAXA_DRAFT_PAPERPAREATABLE
 70
     0
  0
APPID
  5
7B
330
9
100
AcDbSymbolTableRecord
100
AcDbRegAppTableRecord
  2
CAXA_DRAFT_PARTNO
 70
     0
  0
APPID
  5
7C
330
9
100
AcDbSymbolTableRecord
100
AcDbRegAppTableRecord
  2
CAXA_DRAFT_BOMTABLE
 70
     0
  0
APPID
  5
7D
330
9
100
AcDbSymbolTableRecord
100
AcDbRegAppTableRecord
  2
CAXA_DRAFT_BLKREF_EXTATT
 70
     0
  0
APPID
  5
7E
330
9
100
AcDbSymbolTableRecord
100
AcDbRegAppTableRecord
  2
CAXA_DRAFT_DBVIEWDATA
 70
     0
  0
APPID
  5
7F
330
9
100
AcDbSymbolTableRecord
100
AcDbRegAppTableRecord
  2
CAXA_DRAFT_DIMSYMTOL
 70
     0
  0
APPID
  5
80
330
9
100
AcDbSymbolTableRecord
100
AcDbRegAppTableRecord
  2
CAXA_DRAFT_DIMASSEMTOL
 70
     0
  0
APPID
  5
81
330
9
100
AcDbSymbolTableRecord
100
AcDbRegAppTableRecord
  2
CAXA_DRAFT_DIMANGLETOL
 70
     0
  0
APPID
  5
82
330
9
100
AcDbSymbolTableRecord
100
AcDbRegAppTableRecord
  2
CAXA_DRAFT_DRAFTDATA
 70
     0
  0
APPID
  5
83
330
9
100
AcDbSymbolTableRecord
100
AcDbRegAppTableRecord
  2
CAXA_DRAFT_DIMORIGIN
 70
     0
  0
APPID
  5
84
330
9
100
AcDbSymbolTableRecord
100
AcDbRegAppTableRecord
  2
CAXA_DRAFT_ENLARGE_EDGE
 70
     0
  0
APPID
  5
85
330
9
100
AcDbSymbolTableRecord
100
AcDbRegAppTableRecord
  2
CAXA_DRAFT_DIMSTY_T_VPOS
 70
     0
  0
APPID
  5
86
330
9
100
AcDbSymbolTableRecord
100
AcDbRegAppTableRecord
  2
CAXA_DRAFT_DIMSTY_AT_VPOS
 70
     0
  0
APPID
  5
87
330
9
100
AcDbSymbolTableRecord
100
AcDbRegAppTableRecord
  2
CAXA_DRAFT_BLKHIDE
 70
     0
  0
APPID
  5
88
330
9
100
AcDbSymbolTableRecord
100
AcDbRegAppTableRecord
  2
CAXA_DRAFT_DIMARROWREVERSE
 70
     0
  0
APPID
  5
89
330
9
100
AcDbSymbolTableRecord
100
AcDbRegAppTableRecord
  2
CAXA_DRAFT_TXTSTYLE
 70
     0
  0
APPID
  5
8A
330
9
100
AcDbSymbolTableRecord
100
AcDbRegAppTableRecord
  2
CAXA_DRAFT_ATTRIBUTE_2PT
 70
     0
  0
APPID
  5
8B
330
9
100
AcDbSymbolTableRecord
100
AcDbRegAppTableRecord
  2
CAXA_DRAFT_ATTDEF_2PT
 70
     0
  0
APPID
  5
8C
330
9
100
AcDbSymbolTableRecord
100
AcDbRegAppTableRecord
  2
CAXA_DRAFT_DIMBIGARC
 70
     0
  0
APPID
  5
8D
330
9
100
AcDbSymbolTableRecord
100
AcDbRegAppTableRecord
  2
CAXA_DRAFT_ISNEB09R3
 70
     0
  0
APPID
  5
8E
330
9
100
AcDbSymbolTableRecord
100
AcDbRegAppTableRecord
  2
CAXA_DRAFT_WIPEOUT_B_HIDE
 70
     0
  0
APPID
  5
8F
330
9
100
AcDbSymbolTableRecord
100
AcDbRegAppTableRecord
  2
CAXA_DRAFT_BLKREF_SYMBOL
 70
     0
  0
APPID
  5
90
330
9
100
AcDbSymbolTableRecord
100
AcDbRegAppTableRecord
  2
CAXA_DRAFT_ENL_COMMENTS
 70
     0
  0
APPID
  5
91
330
9
100
AcDbSymbolTableRecord
100
AcDbRegAppTableRecord
  2
CAXA_DRAFT_ENL_TSCALE
 70
     0
  0
APPID
  5
92
330
9
100
AcDbSymbolTableRecord
100
AcDbRegAppTableRecord
  2
CAXA_DRAFT_TXTSCALE
 70
     0
  0
APPID
  5
93
330
9
100
AcDbSymbolTableRecord
100
AcDbRegAppTableRecord
  2
CAXA_DRAFT_KEEPLTSEG_ZOOM
 70
     0
  0
APPID
  5
94
330
9
100
AcDbSymbolTableRecord
100
AcDbRegAppTableRecord
  2
CAXA_DRAFT_SPECLIB
 70
     0
  0
APPID
  5
95
330
9
100
AcDbSymbolTableRecord
100
AcDbRegAppTableRecord
  2
CAXA_DRAFT_DATUM_2011R2
 70
     0
  0
APPID
  5
96
330
9
100
AcDbSymbolTableRecord
100
AcDbRegAppTableRecord
  2
CAXA_DRAFT_ROUGH_2011R2
 70
     0
  0
APPID
  5
97
330
9
100
AcDbSymbolTableRecord
100
AcDbRegAppTableRecord
  2
CAXA_DRAFT_GEOTOL_2011R2
 70
     0
  0
APPID
  5
98
330
9
100
AcDbSymbolTableRecord
100
AcDbRegAppTableRecord
  2
CAXA_DRAFT_DMOVMAP_2011R3
 70
     0
  0
APPID
  5
99
330
9
100
AcDbSymbolTableRecord
100
AcDbRegAppTableRecord
  2
CAXA_DRAFT_DDTSTY_2011R3
 70
     0
  0
APPID
  5
9A
330
9
100
AcDbSymbolTableRecord
100
AcDbRegAppTableRecord
  2
CAXA_DRAFT_SDTSTY_2011R3
 70
     0
  0
APPID
  5
9B
330
9
100
AcDbSymbolTableRecord
100
AcDbRegAppTableRecord
  2
CDRAFT_TXTROT_2011R3
 70
     0
  0
APPID
  5
9C
330
9
100
AcDbSymbolTableRecord
100
AcDbRegAppTableRecord
  2
CDRAFT_TOLOUT_2011R3
 70
     0
  0
APPID
  5
9D
330
9
100
AcDbSymbolTableRecord
100
AcDbRegAppTableRecord
  2
CAXA_DRAFT_DIMARCLENSTYLE
 70
     0
  0
APPID
  5
9E
330
9
100
AcDbSymbolTableRecord
100
AcDbRegAppTableRecord
  2
CAXA_DRAFT_DMOVMAP_2013
 70
     0
  0
APPID
  5
9F
330
9
100
AcDbSymbolTableRecord
100
AcDbRegAppTableRecord
  2
CAXA_DRAFT_DS_DLLNTYPE
 70
     0
  0
APPID
  5
A0
330
9
100
AcDbSymbolTableRecord
100
AcDbRegAppTableRecord
  2
CAXA_DRAFT_DS_LBLLNTYPE
 70
     0
  0
APPID
  5
A1
330
9
100
AcDbSymbolTableRecord
100
AcDbRegAppTableRecord
  2
CAXA_DRAFT_DS_RBLLNTYPE
 70
     0
  0
APPID
  5
A2
330
9
100
AcDbSymbolTableRecord
100
AcDbRegAppTableRecord
  2
CAXA_DRAFT_DS_ISFILLDFM
 70
     0
  0
APPID
  5
A3
330
9
100
AcDbSymbolTableRecord
100
AcDbRegAppTableRecord
  2
CAXA_DRAFT_DS_DISPZTOOL
 70
     0
  0
APPID
  5
A4
330
9
100
AcDbSymbolTableRecord
100
AcDbRegAppTableRecord
  2
CAXA_DRAFT_DS_SYMCOLOR
 70
     0
  0
APPID
  5
A5
330
9
100
AcDbSymbolTableRecord
100
AcDbRegAppTableRecord
  2
CAXA_DRAFT_HATCH_SCALE_ANGLE
 70
     0
  0
APPID
  5
A6
330
9
100
AcDbSymbolTableRecord
100
AcDbRegAppTableRecord
  2
CAXA_DRAFT_GEOTOL_ISFROMDWG
 70
     0
  0
APPID
  5
A7
330
9
100
AcDbSymbolTableRecord
100
AcDbRegAppTableRecord
  2
CxDragDiaDimLnStyle
 70
     0
  0
APPID
  5
A8
330
9
100
AcDbSymbolTableRecord
100
AcDbRegAppTableRecord
  2
CxDragRadDimLnStyle
 70
     0
  0
APPID
  5
A9
330
9
100
AcDbSymbolTableRecord
100
AcDbRegAppTableRecord
  2
CX_DbAnnotate_SimDimOriTxt
 70
     0
  0
APPID
  5
AA
330
9
100
AcDbSymbolTableRecord
100
AcDbRegAppTableRecord
  2
CX_DbAnnotate_TxtLocPara
 70
     0
  0
APPID
  5
AB
330
9
100
AcDbSymbolTableRecord
100
AcDbRegAppTableRecord
  2
CX_DbAnnotate_DragTxtLoc
 70
     0
  0
APPID
  5
AC
330
9
100
AcDbSymbolTableRecord
100
AcDbRegAppTableRecord
  2
UserSetTxtLoc
 70
     0
  0
APPID
  5
AD
330
9
100
AcDbSymbolTableRecord
100
AcDbRegAppTableRecord
  2
UserSetTxtLocType
 70
     0
  0
APPID
  5
AE
330
9
100
AcDbSymbolTableRecord
100
AcDbRegAppTableRecord
  2
UserSetTxtLocPt
 70
     0
  0
APPID
  5
AF
330
9
100
AcDbSymbolTableRecord
100
AcDbRegAppTableRecord
  2
CAXA_DRAFT_IMAGE_BINARY
 70
     0
  0
APPID
  5
B0
330
9
100
AcDbSymbolTableRecord
100
AcDbRegAppTableRecord
  2
DimTxtFrmStyle_2015R1
 70
     0
  0
APPID
  5
B1
330
9
100
AcDbSymbolTableRecord
100
AcDbRegAppTableRecord
  2
CAXA_DRAFT_GEOTOL_ISSHX
 70
     0
  0
APPID
  5
B2
330
9
100
AcDbSymbolTableRecord
100
AcDbRegAppTableRecord
  2
CAXA_SUPGRAPHICDIM
 70
     0
  0
APPID
  5
B3
330
9
100
AcDbSymbolTableRecord
100
AcDbRegAppTableRecord
  2
CAXA_GRAPHICARCLEN_HASLN
 70
     0
  0
APPID
  5
B4
330
9
100
AcDbSymbolTableRecord
100
AcDbRegAppTableRecord
  2
CAXA_GRAPHICDIM_OUT
 70
     0
  0
APPID
  5
B5
330
9
100
AcDbSymbolTableRecord
100
AcDbRegAppTableRecord
  2
CAXA_DATUM_LEADLNBKMODE
 70
     0
  0
APPID
  5
B6
330
9
100
AcDbSymbolTableRecord
100
AcDbRegAppTableRecord
  2
CX_DbDim_CrdDimLineAndArrow
 70
     0
  0
APPID
  5
B7
330
9
100
AcDbSymbolTableRecord
100
AcDbRegAppTableRecord
  2
CX_DbDim_TaperAngleStd
 70
     0
  0
APPID
  5
B8
330
9
100
AcDbSymbolTableRecord
100
AcDbRegAppTableRecord
  2
CX_DbAttribDef_OptionalVal
 70
     0
  0
APPID
  5
B9
330
9
100
AcDbSymbolTableRecord
100
AcDbRegAppTableRecord
  2
CAXA_DRAFT_LEADER_MLEADERLINE
 70
     0
  0
APPID
  5
BA
330
9
100
AcDbSymbolTableRecord
100
AcDbRegAppTableRecord
  2
CAXA_DRAFT_WELD_MLEADERLINE
 70
     0
  0
APPID
  5
BB
330
9
100
AcDbSymbolTableRecord
100
AcDbRegAppTableRecord
  2
CAXA_DRAFT_GEOTOL_MLEADERLINE
 70
     0
  0
APPID
  5
BC
330
9
100
AcDbSymbolTableRecord
100
AcDbRegAppTableRecord
  2
CAXA_DRAFT_ROUGH_MLEADERLINE
 70
     0
  0
APPID
  5
BD
330
9
100
AcDbSymbolTableRecord
100
AcDbRegAppTableRecord
  2
CAXA_DRAFT_DATUM_MLEADERLINE
 70
     0
  0
APPID
  5
BE
330
9
100
AcDbSymbolTableRecord
100
AcDbRegAppTableRecord
  2
CAXA_DRAFT_ROUGH_STDSPTDATA
 70
     0
  0
APPID
  5
BF
330
9
100
AcDbSymbolTableRecord
100
AcDbRegAppTableRecord
  2
CAXA_DRAFT_CUTS_LABLEDATA
 70
     0
  0
APPID
  5
C0
330
9
100
AcDbSymbolTableRecord
100
AcDbRegAppTableRecord
  2
CAXA_DRAFT_LEADER_DISPREFLINE
 70
     0
  0
APPID
  5
C1
330
9
100
AcDbSymbolTableRecord
100
AcDbRegAppTableRecord
  2
CAXA_DRAFT_TAPER_TEXTTYPE
 70
     0
  0
APPID
  5
C2
330
9
100
AcDbSymbolTableRecord
100
AcDbRegAppTableRecord
  2
CAXA_DRAFT_TAPER_RATEFORMAT
 70
     0
  0
APPID
  5
C3
330
9
100
AcDbSymbolTableRecord
100
AcDbRegAppTableRecord
  2
CAXA_DRAFT_TAPER_RATESEPAR
 70
     0
  0
APPID
  5
C4
330
9
100
AcDbSymbolTableRecord
100
AcDbRegAppTableRecord
  2
CX_DIMSTYLE_TXTFRAME
 70
     0
  0
APPID
  5
C5
330
9
100
AcDbSymbolTableRecord
100
AcDbRegAppTableRecord
  2
CX_DBDIM_TXTFRAME
 70
     0
  0
APPID
  5
C6
330
9
100
AcDbSymbolTableRecord
100
AcDbRegAppTableRecord
  2
CAXA_DRAFT_TABLEENT
 70
     0
  0
APPID
  5
C7
330
9
100
AcDbSymbolTableRecord
100
AcDbRegAppTableRecord
  2
CDRAFT_DIM_STD_REV_NAME
 70
     0
  0
APPID
  5
C8
330
9
100
AcDbSymbolTableRecord
100
AcDbRegAppTableRecord
  2
CAXA_DRAFT_BOM_STDSPTDATA
 70
     0
  0
APPID
  5
C9
330
9
100
AcDbSymbolTableRecord
100
AcDbRegAppTableRecord
  2
CAXA_DRAFT_PARTNO_STDSPTDATA
 70
     0
  0
APPID
  5
CA
330
9
100
AcDbSymbolTableRecord
100
AcDbRegAppTableRecord
  2
CAXA_DRAFT_DATUM_LOCPTEDIT
 70
     0
  0
APPID
  5
CB
330
9
100
AcDbSymbolTableRecord
100
AcDbRegAppTableRecord
  2
CAXA_DRAFT_INFO_WMFLAG
 70
     0
  0
APPID
  5
CC
330
9
100
AcDbSymbolTableRecord
100
AcDbRegAppTableRecord
  2
CX_DbDim_CrdDimTypeAndData
 70
     0
  0
APPID
  5
CD
330
9
100
AcDbSymbolTableRecord
100
AcDbRegAppTableRecord
  2
CX_DbDim_DimOriginBiText
 70
     0
  0
APPID
  5
CE
330
9
100
AcDbSymbolTableRecord
100
AcDbRegAppTableRecord
  2
CX_DbDim_DimCrdLeaderPts
 70
     0
  0
APPID
  5
CF
330
9
100
AcDbSymbolTableRecord
100
AcDbRegAppTableRecord
  2
CAXA_SOLID_FLAG
 70
     0
  0
APPID
  5
D5
330
9
100
AcDbSymbolTableRecord
100
AcDbRegAppTableRecord
  2
AcAecLayerStandard
 70
     0
  0
APPID
  5
1C6
330
9
100
AcDbSymbolTableRecord
100
AcDbRegAppTableRecord
  2
ACAD_DSTYLE_DIMINSPECT
 70
     0
  0
APPID
  5
524
330
9
100
AcDbSymbolTableRecord
100
AcDbRegAppTableRecord
  2
ACAD_DSTYLE_DIMTEXT_FILL
 70
     0
  0
APPID
  5
529
330
9
100
AcDbSymbolTableRecord
100
AcDbRegAppTableRecord
  2
ACAD_DSTYLE_DIMARC_LENGTH_SYMBOL
 70
     0
  0
APPID
  5
52A
330
9
100
AcDbSymbolTableRecord
100
AcDbRegAppTableRecord
  2
ACAD_DSTYLE_DIM_LINETYPE
 70
     0
  0
APPID
  5
52B
330
9
100
AcDbSymbolTableRecord
100
AcDbRegAppTableRecord
  2
ACAD_DSTYLE_DIM_EXT1_LINETYPE
 70
     0
  0
APPID
  5
52C
330
9
100
AcDbSymbolTableRecord
100
AcDbRegAppTableRecord
  2
ACAD_DSTYLE_DIM_EXT2_LINETYPE
 70
     0
  0
APPID
  5
565
330
9
100
AcDbSymbolTableRecord
100
AcDbRegAppTableRecord
  2
ACAD_MLEADERVER
 70
     0
  0
ENDTAB
  0
TABLE
  2
DIMSTYLE
  5
A
330
0
100
AcDbSymbolTable
 70
     4
100
AcDbDimStyleTable
  0
DIMSTYLE
105
E6
102
{ACAD_REACTORS
330
1C7
330
1EB
330
230
330
23A
330
244
330
24E
330
258
330
262
330
26C
330
276
330
280
330
28C
330
296
330
2A0
330
2AA
330
2B4
330
2BF
330
2C8
330
2EC
330
2F6
330
300
330
30A
330
314
330
31E
330
328
330
332
330
378
330
387
330
390
330
3A5
330
3AF
330
3E4
330
3EE
330
3F8
330
402
330
40C
330
416
330
420
330
42A
330
434
330
43E
330
448
330
452
330
45C
330
466
330
470
330
47A
330
484
330
48E
330
498
330
4A2
330
4AC
330
4B6
330
4C0
330
4CA
330
4D4
330
4DE
330
4E7
330
4F1
330
4FB
330
505
102
}
330
A
100
AcDbSymbolTableRecord
100
AcDbDimStyleTableRecord
  2
标准
 70
     0
 41
4.0
 42
0.0
 43
10.0
 44
2.0
 46
8.0
 73
     0
 74
     0
 77
     1
 78
     8
 79
     2
140
3.5
141
0.0
143
1.0
146
0.7071067811865475
147
0.625
172
     1
178
     0
179
     2
271
     2
272
     3
274
     3
276
     2
279
     2
284
     8
340
E1
342
E7
1001
CAXA_DRAFT_DIMSTY_AT_VPOS
1070
     1
1001
CAXA_DRAFT_SDTSTY_2011R3
1070
     0
1001
CAXA_DRAFT_DS_ISFILLDFM
1070
     1
1001
CAXA_DRAFT_DS_DISPZTOOL
1070
     0
1001
CAXA_DRAFT_DS_SYMCOLOR
1071
1090519039
1001
DimTxtFrmStyle_2015R1
1070
     3
1001
CX_DIMSTYLE_TXTFRAME
1070
     0
1070
     0
1001
ACAD_DSTYLE_DIMARC_LENGTH_SYMBOL
1070
   379
1070
     1
1001
ACAD_DSTYLE_DIM_LINETYPE
1070
   380
1005
16
1001
ACAD_DSTYLE_DIM_EXT1_LINETYPE
1070
   381
1005
16
1001
ACAD_DSTYLE_DIM_EXT2_LINETYPE
1070
   382
1005
16
  0
DIMSTYLE
105
EB
330
A
100
AcDbSymbolTableRecord
100
AcDbDimStyleTableRecord
  2
GB_尺寸
 70
     0
 41
4.0
 42
0.0
 43
10.0
 44
2.0
 46
8.0
 73
     0
 74
     0
 77
     1
 78
     8
 79
     2
140
3.5
141
0.0
143
1.0
146
0.7071067811865475
147
0.625
172
     1
178
     0
179
     2
271
     2
272
     3
274
     3
276
     2
279
     2
284
     8
340
E1
342
E7
1001
CAXA_DRAFT_DIMSTY_AT_VPOS
1070
     1
1001
CAXA_DRAFT_SDTSTY_2011R3
1070
     0
1001
CAXA_DRAFT_DS_ISFILLDFM
1070
     1
1001
CAXA_DRAFT_DS_DISPZTOOL
1070
     0
1001
CAXA_DRAFT_DS_SYMCOLOR
1071
1090519039
1001
DimTxtFrmStyle_2015R1
1070
     3
1001
CX_DIMSTYLE_TXTFRAME
1070
     0
1070
     0
1001
ACAD_DSTYLE_DIMARC_LENGTH_SYMBOL
1070
   379
1070
     1
1001
ACAD_DSTYLE_DIM_LINETYPE
1070
   380
1005
16
1001
ACAD_DSTYLE_DIM_EXT1_LINETYPE
1070
   381
1005
16
1001
ACAD_DSTYLE_DIM_EXT2_LINETYPE
1070
   382
1005
16
  0
DIMSTYLE
105
EC
330
A
100
AcDbSymbolTableRecord
100
AcDbDimStyleTableRecord
  2
GB_引出说明(1984)
 70
     0
 41
4.0
 42
0.0
 43
10.0
 44
2.0
 46
8.0
 73
     0
 74
     0
 77
     1
 78
     8
 79
     2
140
3.5
141
0.0
143
1.0
146
0.7071067811865475
147
0.625
172
     1
178
     0
179
     2
271
     2
272
     3
274
     3
276
     2
279
     2
284
     8
340
E1
342
E7
1001
CAXA_DRAFT_DIMSTY_AT_VPOS
1070
     1
1001
CAXA_DRAFT_SDTSTY_2011R3
1070
     0
1001
CAXA_DRAFT_DS_ISFILLDFM
1070
     1
1001
CAXA_DRAFT_DS_DISPZTOOL
1070
     0
1001
CAXA_DRAFT_DS_SYMCOLOR
1071
1090519039
1001
DimTxtFrmStyle_2015R1
1070
     3
1001
CX_DIMSTYLE_TXTFRAME
1070
     0
1070
     0
1001
ACAD_DSTYLE_DIMARC_LENGTH_SYMBOL
1070
   379
1070
     1
1001
ACAD_DSTYLE_DIM_LINETYPE
1070
   380
1005
16
1001
ACAD_DSTYLE_DIM_EXT1_LINETYPE
1070
   381
1005
16
1001
ACAD_DSTYLE_DIM_EXT2_LINETYPE
1070
   382
1005
16
  0
DIMSTYLE
105
ED
330
A
100
AcDbSymbolTableRecord
100
AcDbDimStyleTableRecord
  2
GB_锥度(2003)
 70
     0
 41
4.0
 42
0.0
 43
10.0
 44
2.0
 46
8.0
 73
     0
 74
     0
 77
     1
 78
     8
 79
     2
140
3.5
141
0.0
143
1.0
146
0.7071067811865475
147
0.625
172
     1
178
     0
179
     2
271
     2
272
     3
274
     3
276
     2
279
     2
284
     8
340
E1
342
E7
1001
CAXA_DRAFT_DIMSTY_AT_VPOS
1070
     1
1001
CAXA_DRAFT_SDTSTY_2011R3
1070
     0
1001
CAXA_DRAFT_DS_ISFILLDFM
1070
     1
1001
CAXA_DRAFT_DS_DISPZTOOL
1070
     0
1001
CAXA_DRAFT_DS_SYMCOLOR
1071
1090519039
1001
DimTxtFrmStyle_2015R1
1070
     3
1001
CX_DIMSTYLE_TXTFRAME
1070
     0
1070
     0
1001
ACAD_DSTYLE_DIMARC_LENGTH_SYMBOL
1070
   379
1070
     1
1001
ACAD_DSTYLE_DIM_LINETYPE
1070
   380
1005
16
1001
ACAD_DSTYLE_DIM_EXT1_LINETYPE
1070
   381
1005
16
1001
ACAD_DSTYLE_DIM_EXT2_LINETYPE
1070
   382
1005
16
  0
ENDTAB
  0
TABLE
  2
BLOCK_RECORD
  5
1
330
0
100
AcDbSymbolTable
 70
    73
  0
BLOCK_RECORD
  5
1F
330
1
100
AcDbSymbolTableRecord
100
AcDbBlockTableRecord
  2
*Model_Space
340
22
1001
CAXA_DRAFT_PAPERSCALE
1041
1.0
1001
CAXA_DRAFT_PAPERINFO
1041
210.0
1041
297.0
1071
        0
1070
     1
1070
     1
1070
     1
1070
     0
1001
CAXA_DRAFT_KEEPLTSEG_ZOOM
1070
     0
  0
BLOCK_RECORD
  5
1B
330
1
100
AcDbSymbolTableRecord
100
AcDbBlockTableRecord
  2
*Paper_Space
340
1E
1001
CAXA_DRAFT_PAPERSCALE
1041
1.0
1001
CAXA_DRAFT_PAPERINFO
1041
0.0
1041
0.0
1071
        0
1070
     1
1070
     0
1070
     1
1070
     0
1001
CAXA_DRAFT_KEEPLTSEG_ZOOM
1070
     1
  0
BLOCK_RECORD
  5
E7
330
1
100
AcDbSymbolTableRecord
100
AcDbBlockTableRecord
  2
_CAXARROW
340
0
  0
BLOCK_RECORD
  5
11E
330
1
100
AcDbSymbolTableRecord
100
AcDbBlockTableRecord
  2
*X2
340
0
102
{BLKREFS
331
11D
102
}
  0
BLOCK_RECORD
  5
12A
330
1
100
AcDbSymbolTableRecord
100
AcDbBlockTableRecord
  2
*X3
340
0
102
{BLKREFS
331
129
102
}
  0
BLOCK_RECORD
  5
1BD
330
1
100
AcDbSymbolTableRecord
100
AcDbBlockTableRecord
  2
*X4
340
0
  0
BLOCK_RECORD
  5
1C8
330
1
100
AcDbSymbolTableRecord
100
AcDbBlockTableRecord
  2
*X5
340
0
102
{BLKREFS
331
1D3
102
}
  0
BLOCK_RECORD
  5
1D4
330
1
100
AcDbSymbolTableRecord
100
AcDbBlockTableRecord
  2
*X6
340
0
102
{BLKREFS
331
1DF
102
}
  0
BLOCK_RECORD
  5
1E3
330
1
100
AcDbSymbolTableRecord
100
AcDbBlockTableRecord
  2
*X7
340
0
  0
BLOCK_RECORD
  5
227
330
1
100
AcDbSymbolTableRecord
100
AcDbBlockTableRecord
  2
*X8
340
0
  0
BLOCK_RECORD
  5
231
330
1
100
AcDbSymbolTableRecord
100
AcDbBlockTableRecord
  2
*X9
340
0
  0
BLOCK_RECORD
  5
23B
330
1
100
AcDbSymbolTableRecord
100
AcDbBlockTableRecord
  2
*X10
340
0
  0
BLOCK_RECORD
  5
245
330
1
100
AcDbSymbolTableRecord
100
AcDbBlockTableRecord
  2
*X11
340
0
  0
BLOCK_RECORD
  5
24F
330
1
100
AcDbSymbolTableRecord
100
AcDbBlockTableRecord
  2
*X12
340
0
  0
BLOCK_RECORD
  5
259
330
1
100
AcDbSymbolTableRecord
100
AcDbBlockTableRecord
  2
*X13
340
0
  0
BLOCK_RECORD
  5
263
330
1
100
AcDbSymbolTableRecord
100
AcDbBlockTableRecord
  2
*X14
340
0
  0
BLOCK_RECORD
  5
26D
330
1
100
AcDbSymbolTableRecord
100
AcDbBlockTableRecord
  2
*X15
340
0
  0
BLOCK_RECORD
  5
277
330
1
100
AcDbSymbolTableRecord
100
AcDbBlockTableRecord
  2
*X16
340
0
  0
BLOCK_RECORD
  5
283
330
1
100
AcDbSymbolTableRecord
100
AcDbBlockTableRecord
  2
*X17
340
0
  0
BLOCK_RECORD
  5
28D
330
1
100
AcDbSymbolTableRecord
100
AcDbBlockTableRecord
  2
*X18
340
0
  0
BLOCK_RECORD
  5
297
330
1
100
AcDbSymbolTableRecord
100
AcDbBlockTableRecord
  2
*X19
340
0
  0
BLOCK_RECORD
  5
2A1
330
1
100
AcDbSymbolTableRecord
100
AcDbBlockTableRecord
  2
*X20
340
0
  0
BLOCK_RECORD
  5
2AB
330
1
100
AcDbSymbolTableRecord
100
AcDbBlockTableRecord
  2
*X21
340
0
  0
BLOCK_RECORD
  5
2B6
330
1
100
AcDbSymbolTableRecord
100
AcDbBlockTableRecord
  2
*X22
340
0
  0
BLOCK_RECORD
  5
2C0
330
1
100
AcDbSymbolTableRecord
100
AcDbBlockTableRecord
  2
*X23
340
0
  0
BLOCK_RECORD
  5
2E3
330
1
100
AcDbSymbolTableRecord
100
AcDbBlockTableRecord
  2
*X24
340
0
  0
BLOCK_RECORD
  5
2ED
330
1
100
AcDbSymbolTableRecord
100
AcDbBlockTableRecord
  2
*X25
340
0
  0
BLOCK_RECORD
  5
2F7
330
1
100
AcDbSymbolTableRecord
100
AcDbBlockTableRecord
  2
*X26
340
0
  0
BLOCK_RECORD
  5
301
330
1
100
AcDbSymbolTableRecord
100
AcDbBlockTableRecord
  2
*X27
340
0
  0
BLOCK_RECORD
  5
30B
330
1
100
AcDbSymbolTableRecord
100
AcDbBlockTableRecord
  2
*X28
340
0
  0
BLOCK_RECORD
  5
315
330
1
100
AcDbSymbolTableRecord
100
AcDbBlockTableRecord
  2
*X29
340
0
  0
BLOCK_RECORD
  5
31F
330
1
100
AcDbSymbolTableRecord
100
AcDbBlockTableRecord
  2
*X30
340
0
  0
BLOCK_RECORD
  5
329
330
1
100
AcDbSymbolTableRecord
100
AcDbBlockTableRecord
  2
*X31
340
0
  0
BLOCK_RECORD
  5
338
330
1
100
AcDbSymbolTableRecord
100
AcDbBlockTableRecord
  2
*X32
340
0
102
{BLKREFS
331
337
102
}
  0
BLOCK_RECORD
  5
340
330
1
100
AcDbSymbolTableRecord
100
AcDbBlockTableRecord
  2
*X33
340
0
102
{BLKREFS
331
33F
102
}
  0
BLOCK_RECORD
  5
347
330
1
100
AcDbSymbolTableRecord
100
AcDbBlockTableRecord
  2
*X34
340
0
102
{BLKREFS
331
346
102
}
  0
BLOCK_RECORD
  5
349
330
1
100
AcDbSymbolTableRecord
100
AcDbBlockTableRecord
  2
*X35
340
0
102
{BLKREFS
331
348
102
}
  0
BLOCK_RECORD
  5
35C
330
1
100
AcDbSymbolTableRecord
100
AcDbBlockTableRecord
  2
*X36
340
0
102
{BLKREFS
331
363
102
}
  0
BLOCK_RECORD
  5
364
330
1
100
AcDbSymbolTableRecord
100
AcDbBlockTableRecord
  2
*X37
340
0
102
{BLKREFS
331
36B
102
}
  0
BLOCK_RECORD
  5
36F
330
1
100
AcDbSymbolTableRecord
100
AcDbBlockTableRecord
  2
*X38
340
0
  0
BLOCK_RECORD
  5
37E
330
1
100
AcDbSymbolTableRecord
100
AcDbBlockTableRecord
  2
*X39
340
0
  0
BLOCK_RECORD
  5
389
330
1
100
AcDbSymbolTableRecord
100
AcDbBlockTableRecord
  2
*X40
340
0
  0
BLOCK_RECORD
  5
392
330
1
100
AcDbSymbolTableRecord
100
AcDbBlockTableRecord
  2
主视图
340
0
102
{BLKREFS
331
391
102
}
  0
BLOCK_RECORD
  5
39C
330
1
100
AcDbSymbolTableRecord
100
AcDbBlockTableRecord
  2
*X42
340
0
  0
BLOCK_RECORD
  5
3A6
330
1
100
AcDbSymbolTableRecord
100
AcDbBlockTableRecord
  2
*X43
340
0
  0
BLOCK_RECORD
  5
3DB
330
1
100
AcDbSymbolTableRecord
100
AcDbBlockTableRecord
  2
*X44
340
0
  0
BLOCK_RECORD
  5
3E5
330
1
100
AcDbSymbolTableRecord
100
AcDbBlockTableRecord
  2
*X45
340
0
  0
BLOCK_RECORD
  5
3EF
330
1
100
AcDbSymbolTableRecord
100
AcDbBlockTableRecord
  2
*X46
340
0
  0
BLOCK_RECORD
  5
3F9
330
1
100
AcDbSymbolTableRecord
100
AcDbBlockTableRecord
  2
*X47
340
0
  0
BLOCK_RECORD
  5
403
330
1
100
AcDbSymbolTableRecord
100
AcDbBlockTableRecord
  2
*X48
340
0
  0
BLOCK_RECORD
  5
40D
330
1
100
AcDbSymbolTableRecord
100
AcDbBlockTableRecord
  2
*X49
340
0
  0
BLOCK_RECORD
  5
417
330
1
100
AcDbSymbolTableRecord
100
AcDbBlockTableRecord
  2
*X50
340
0
  0
BLOCK_RECORD
  5
421
330
1
100
AcDbSymbolTableRecord
100
AcDbBlockTableRecord
  2
*X51
340
0
  0
BLOCK_RECORD
  5
42B
330
1
100
AcDbSymbolTableRecord
100
AcDbBlockTableRecord
  2
*X52
340
0
  0
BLOCK_RECORD
  5
435
330
1
100
AcDbSymbolTableRecord
100
AcDbBlockTableRecord
  2
*X53
340
0
  0
BLOCK_RECORD
  5
43F
330
1
100
AcDbSymbolTableRecord
100
AcDbBlockTableRecord
  2
*X54
340
0
  0
BLOCK_RECORD
  5
449
330
1
100
AcDbSymbolTableRecord
100
AcDbBlockTableRecord
  2
*X55
340
0
  0
BLOCK_RECORD
  5
453
330
1
100
AcDbSymbolTableRecord
100
AcDbBlockTableRecord
  2
*X56
340
0
  0
BLOCK_RECORD
  5
45D
330
1
100
AcDbSymbolTableRecord
100
AcDbBlockTableRecord
  2
*X57
340
0
  0
BLOCK_RECORD
  5
467
330
1
100
AcDbSymbolTableRecord
100
AcDbBlockTableRecord
  2
*X58
340
0
  0
BLOCK_RECORD
  5
471
330
1
100
AcDbSymbolTableRecord
100
AcDbBlockTableRecord
  2
*X59
340
0
  0
BLOCK_RECORD
  5
47B
330
1
100
AcDbSymbolTableRecord
100
AcDbBlockTableRecord
  2
*X60
340
0
  0
BLOCK_RECORD
  5
485
330
1
100
AcDbSymbolTableRecord
100
AcDbBlockTableRecord
  2
*X61
340
0
  0
BLOCK_RECORD
  5
48F
330
1
100
AcDbSymbolTableRecord
100
AcDbBlockTableRecord
  2
*X62
340
0
  0
BLOCK_RECORD
  5
499
330
1
100
AcDbSymbolTableRecord
100
AcDbBlockTableRecord
  2
*X63
340
0
  0
BLOCK_RECORD
  5
4A3
330
1
100
AcDbSymbolTableRecord
100
AcDbBlockTableRecord
  2
*X64
340
0
  0
BLOCK_RECORD
  5
4AD
330
1
100
AcDbSymbolTableRecord
100
AcDbBlockTableRecord
  2
*X65
340
0
  0
BLOCK_RECORD
  5
4B7
330
1
100
AcDbSymbolTableRecord
100
AcDbBlockTableRecord
  2
*X66
340
0
  0
BLOCK_RECORD
  5
4C1
330
1
100
AcDbSymbolTableRecord
100
AcDbBlockTableRecord
  2
*X67
340
0
  0
BLOCK_RECORD
  5
4CB
330
1
100
AcDbSymbolTableRecord
100
AcDbBlockTableRecord
  2
*X68
340
0
  0
BLOCK_RECORD
  5
4D5
330
1
100
AcDbSymbolTableRecord
100
AcDbBlockTableRecord
  2
*X69
340
0
  0
BLOCK_RECORD
  5
4DF
330
1
100
AcDbSymbolTableRecord
100
AcDbBlockTableRecord
  2
*X70
340
0
  0
BLOCK_RECORD
  5
4E8
330
1
100
AcDbSymbolTableRecord
100
AcDbBlockTableRecord
  2
*X71
340
0
  0
BLOCK_RECORD
  5
4F2
330
1
100
AcDbSymbolTableRecord
100
AcDbBlockTableRecord
  2
*X72
340
0
  0
BLOCK_RECORD
  5
4FC
330
1
100
AcDbSymbolTableRecord
100
AcDbBlockTableRecord
  2
*X73
340
0
  0
ENDTAB
  0
ENDSEC
  0
SECTION
  2
BLOCKS
  0
BLOCK
  5
20
330
1F
100
AcDbEntity
  8
0
100
AcDbBlockBegin
  2
*Model_Space
 70
     0
 10
0.0
 20
0.0
 30
0.0
  3
*Model_Space
  1

  0
ENDBLK
  5
21
330
1F
100
AcDbEntity
  8
0
100
AcDbBlockEnd
  0
BLOCK
  5
1C
330
1B
100
AcDbEntity
 67
     1
  8
0
100
AcDbBlockBegin
  2
*Paper_Space
 70
     0
 10
0.0
 20
0.0
 30
0.0
  3
*Paper_Space
  1

  0
ENDBLK
  5
1D
330
1B
100
AcDbEntity
 67
     1
  8
0
100
AcDbBlockEnd
  0
BLOCK
  5
E9
330
E7
100
AcDbEntity
  8
0
100
AcDbBlockBegin
  2
_CAXARROW
 70
     0
 10
0.0
 20
0.0
 30
0.0
  3
_CAXARROW
  1

  0
HATCH
  5
E8
330
E7
100
AcDbEntity
  8
0
 62
     0
100
AcDbHatch
 10
0.0
 20
0.0
 30
0.0
210
0.0
220
0.0
230
1.0
  2
SOLID
 70
     1
 71
     0
 91
        1
 92
        0
 93
        3
 72
     1
 10
0.0
 20
0.0
 11
-1.0
 21
0.125
 72
     1
 10
-1.0
 20
0.125
 11
-1.0
 21
-0.125
 72
     1
 10
-1.0
 20
-0.125
 11
0.0
 21
0.0
 97
        0
 75
     0
 76
     1
 98
        1
 10
0.0
 20
0.0
  0
ENDBLK
  5
EA
330
E7
100
AcDbEntity
  8
0
100
AcDbBlockEnd
  0
BLOCK
  5
127
330
11E
100
AcDbEntity
  8
0
100
AcDbBlockBegin
  2
*X2
 70
     1
 10
0.0
 20
0.0
 30
0.0
  3
*X2
  1

  0
LINE
  5
11F
330
11E
100
AcDbEntity
  8
细实线层
100
AcDbLine
 10
-210.0
 20
-148.5
 30
0.0
 11
210.0
 21
-148.5
 31
0.0
  0
LINE
  5
120
330
11E
100
AcDbEntity
  8
细实线层
100
AcDbLine
 10
210.0
 20
-148.5
 30
0.0
 11
210.0
 21
148.5
 31
0.0
  0
LINE
  5
121
330
11E
100
AcDbEntity
  8
细实线层
100
AcDbLine
 10
210.0
 20
148.5
 30
0.0
 11
-210.0
 21
148.5
 31
0.0
  0
LINE
  5
122
330
11E
100
AcDbEntity
  8
细实线层
100
AcDbLine
 10
-210.0
 20
148.5
 30
0.0
 11
-210.0
 21
-148.5
 31
0.0
  0
LINE
  5
123
330
11E
100
AcDbEntity
  8
粗实线层
100
AcDbLine
 10
-200.0
 20
138.5
 30
0.0
 11
-200.0
 21
-138.5
 31
0.0
  0
LINE
  5
124
330
11E
100
AcDbEntity
  8
粗实线层
100
AcDbLine
 10
-200.0
 20
-138.5
 30
0.0
 11
200.0
 21
-138.5
 31
0.0
  0
LINE
  5
125
330
11E
100
AcDbEntity
  8
粗实线层
100
AcDbLine
 10
200.0
 20
-138.5
 30
0.0
 11
200.0
 21
138.5
 31
0.0
  0
LINE
  5
126
330
11E
100
AcDbEntity
  8
粗实线层
100
AcDbLine
 10
200.0
 20
138.5
 30
0.0
 11
-200.0
 21
138.5
 31
0.0
  0
ENDBLK
  5
128
330
11E
100
AcDbEntity
  8
0
100
AcDbBlockEnd
  0
BLOCK
  5
189
330
12A
100
AcDbEntity
  8
0
100
AcDbBlockBegin
  2
*X3
 70
     3
 10
0.0
 20
0.0
 30
0.0
  3
*X3
  1

  0
MTEXT
  5
12B
330
12A
100
AcDbEntity
  8
尺寸线层
  6
Continuous
 62
     7
370
    18
100
AcDbMText
 10
-90.45390702454006
 20
43.31644267174988
 30
0.0
 40
3.703804350631636
 41
81.29754821243455
 71
     5
 72
     1
  1
\T1.1;羿射旭减隔震张家口有限公司
  7
UserTxtStyle4
 73
     1
 44
1.194679239590679
1001
CAXA_DRAFT_TXTSCALE
1041
9.0
1001
ACAD
1000
ACAD_MTEXT_DEFINED_HEIGHT_BEGIN
1070
    46
1040
4.856099037494817
1000
ACAD_MTEXT_DEFINED_HEIGHT_END
  0
LINE
  5
12C
330
12A
100
AcDbEntity
  8
实体线
100
AcDbLine
 10
-180.0
 20
50.0
 30
0.0
 11
0.0
 21
50.0
 31
0.0
  0
LINE
  5
12D
330
12A
100
AcDbEntity
  8
实体线
100
AcDbLine
 10
0.0
 20
50.0
 30
0.0
 11
0.0
 21
0.0
 31
0.0
  0
LINE
  5
12E
330
12A
100
AcDbEntity
  8
实体线
100
AcDbLine
 10
0.0
 20
0.0
 30
0.0
 11
-180.0
 21
0.0
 31
0.0
  0
LINE
  5
12F
330
12A
100
AcDbEntity
  8
实体线
100
AcDbLine
 10
-180.0
 20
0.0
 30
0.0
 11
-180.0
 21
50.0
 31
0.0
  0
LINE
  5
130
330
12A
100
AcDbEntity
  8
实体线
100
AcDbLine
 10
-120.0
 20
0.0
 30
0.0
 11
-120.0
 21
50.0
 31
0.0
  0
LINE
  5
131
330
12A
100
AcDbEntity
  8
实体线
100
AcDbLine
 10
-60.0
 20
0.0
 30
0.0
 11
-60.0
 21
50.0
 31
0.0
  0
LINE
  5
132
330
12A
100
AcDbEntity
  8
实体线
100
AcDbLine
 10
-60.0
 20
5.0
 30
0.0
 11
-180.0
 21
5.0
 31
0.0
  0
LINE
  5
133
330
12A
100
AcDbEntity
  8
实体线
100
AcDbLine
 10
-60.0
 20
15.0
 30
0.0
 11
-180.0
 21
15.0
 31
0.0
  0
LINE
  5
134
330
12A
100
AcDbEntity
  8
实体线
100
AcDbLine
 10
-60.0
 20
25.0
 30
0.0
 11
-180.0
 21
25.0
 31
0.0
  0
LINE
  5
135
330
12A
100
AcDbEntity
  8
实体线
100
AcDbLine
 10
-120.0
 20
45.0
 30
0.0
 11
-180.0
 21
45.0
 31
0.0
  0
LINE
  5
136
330
12A
100
AcDbEntity
  8
实体线
100
AcDbLine
 10
-120.0
 20
40.0
 30
0.0
 11
-180.0
 21
40.0
 31
0.0
  0
LINE
  5
137
330
12A
100
AcDbEntity
  8
实体线
100
AcDbLine
 10
-120.0
 20
40.0
 30
0.0
 11
-180.0
 21
40.0
 31
0.0
  0
LINE
  5
138
330
12A
100
AcDbEntity
  8
实体线
100
AcDbLine
 10
-120.0
 20
35.0
 30
0.0
 11
-180.0
 21
35.0
 31
0.0
  0
LINE
  5
139
330
12A
100
AcDbEntity
  8
实体线
100
AcDbLine
 10
-120.0
 20
30.0
 30
0.0
 11
-180.0
 21
30.0
 31
0.0
  0
LINE
  5
13A
330
12A
100
AcDbEntity
  8
实体线
100
AcDbLine
 10
-120.0
 20
20.0
 30
0.0
 11
-180.0
 21
20.0
 31
0.0
  0
LINE
  5
13B
330
12A
100
AcDbEntity
  8
实体线
100
AcDbLine
 10
-120.0
 20
10.0
 30
0.0
 11
-180.0
 21
10.0
 31
0.0
  0
LINE
  5
13C
330
12A
100
AcDbEntity
  8
实体线
100
AcDbLine
 10
-105.0
 20
5.0
 30
0.0
 11
-105.0
 21
25.0
 31
0.0
  0
LINE
  5
13D
330
12A
100
AcDbEntity
  8
实体线
100
AcDbLine
 10
-90.0
 20
0.0
 30
0.0
 11
-90.0
 21
25.0
 31
0.0
  0
LINE
  5
13E
330
12A
100
AcDbEntity
  8
实体线
100
AcDbLine
 10
-75.0
 20
5.0
 30
0.0
 11
-75.0
 21
25.0
 31
0.0
  0
LINE
  5
13F
330
12A
100
AcDbEntity
  8
实体线
100
AcDbLine
 10
0.0
 20
37.5
 30
0.0
 11
-60.0
 21
37.5
 31
0.0
  0
LINE
  5
140
330
12A
100
AcDbEntity
  8
实体线
100
AcDbLine
 10
0.0
 20
25.0
 30
0.0
 11
-60.0
 21
25.0
 31
0.0
  0
LINE
  5
141
330
12A
100
AcDbEntity
  8
实体线
100
AcDbLine
 10
0.0
 20
12.5
 30
0.0
 11
-60.0
 21
12.5
 31
0.0
  0
LINE
  5
142
330
12A
100
AcDbEntity
  8
实体线
100
AcDbLine
 10
-171.0
 20
25.0
 30
0.0
 11
-171.0
 21
50.0
 31
0.0
  0
LINE
  5
143
330
12A
100
AcDbEntity
  8
实体线
100
AcDbLine
 10
-144.0
 20
25.0
 30
0.0
 11
-144.0
 21
50.0
 31
0.0
  0
LINE
  5
144
330
12A
100
AcDbEntity
  8
实体线
100
AcDbLine
 10
-150.0
 20
0.0
 30
0.0
 11
-150.0
 21
25.0
 31
0.0
  0
LINE
  5
145
330
12A
100
AcDbEntity
  8
实体线
100
AcDbLine
 10
-165.0
 20
0.0
 30
0.0
 11
-165.0
 21
25.0
 31
0.0
  0
LINE
  5
146
330
12A
100
AcDbEntity
  8
实体线
100
AcDbLine
 10
-162.0
 20
25.0
 30
0.0
 11
-162.0
 21
50.0
 31
0.0
  0
LINE
  5
147
330
12A
100
AcDbEntity
  8
实体线
100
AcDbLine
 10
-130.0
 20
25.0
 30
0.0
 11
-130.0
 21
50.0
 31
0.0
  0
LINE
  5
148
330
12A
100
AcDbEntity
  8
实体线
100
AcDbLine
 10
-135.0
 20
0.0
 30
0.0
 11
-135.0
 21
25.0
 31
0.0
  0
ATTDEF
  5
149
330
12A
100
AcDbEntity
  8
尺寸线层
 62
     0
100
AcDbText
 10
-175.5
 20
46.36228813559321
 30
0.0
 40
2.275423728813581
  1

 41
0.667
  7
机械
 72
     1
 11
-175.5
 21
47.5
 31
0.0
100
AcDbAttributeDefinition
  3
标记4
  2
标记4
 70
     0
 74
     2
1001
CAXA_DRAFT_TXTSCALE
1041
9.0
1001
CAXA_DRAFT_ATTDEF_2PT
1070
     1
1041
7.0
1041
3.000000000000028
1001
CX_DbAttribDef_OptionalVal
1000

  0
ATTDEF
  5
14A
330
12A
100
AcDbEntity
  8
尺寸线层
 62
     0
100
AcDbText
 10
-175.5
 20
41.36228813559322
 30
0.0
 40
2.27542372881356
  1

 41
0.667
  7
机械
 72
     1
 11
-175.5
 21
42.5
 31
0.0
100
AcDbAttributeDefinition
  3
标记3
  2
标记3
 70
     0
 74
     2
1001
CAXA_DRAFT_TXTSCALE
1041
9.0
1001
CAXA_DRAFT_ATTDEF_2PT
1070
     1
1041
7.000000000000028
1041
3.000000000000014
1001
CX_DbAttribDef_OptionalVal
1000

  0
ATTDEF
  5
14B
330
12A
100
AcDbEntity
  8
尺寸线层
 62
     0
100
AcDbText
 10
-175.5
 20
36.36228813559322
 30
0.0
 40
2.27542372881356
  1

 41
0.667
  7
机械
 72
     1
 11
-175.5
 21
37.5
 31
0.0
100
AcDbAttributeDefinition
  3
标记2
  2
标记2
 70
     0
 74
     2
1001
CAXA_DRAFT_TXTSCALE
1041
9.0
1001
CAXA_DRAFT_ATTDEF_2PT
1070
     1
1041
7.000000000000028
1041
3.000000000000014
1001
CX_DbAttribDef_OptionalVal
1000

  0
ATTDEF
  5
14C
330
12A
100
AcDbEntity
  8
尺寸线层
 62
     0
100
AcDbText
 10
-175.5
 20
31.36228813559322
 30
0.0
 40
2.27542372881356
  1

 41
0.667
  7
机械
 72
     1
 11
-175.5
 21
32.5
 31
0.0
100
AcDbAttributeDefinition
  3
标记1
  2
标记1
 70
     0
 74
     2
1001
CAXA_DRAFT_TXTSCALE
1041
9.0
1001
CAXA_DRAFT_ATTDEF_2PT
1070
     1
1041
7.000000000000028
1041
3.000000000000014
1001
CX_DbAttribDef_OptionalVal
1000

  0
ATTDEF
  5
14D
330
12A
100
AcDbEntity
  8
尺寸线层
 62
     0
100
AcDbText
 10
-166.5
 20
31.36228813559321
 30
0.0
 40
2.275423728813581
  1

 41
0.667
  7
机械
 72
     1
 11
-166.5
 21
32.5
 31
0.0
100
AcDbAttributeDefinition
  3
处数A
  2
处数A
 70
     0
 74
     2
1001
CAXA_DRAFT_TXTSCALE
1041
9.0
1001
CAXA_DRAFT_ATTDEF_2PT
1070
     1
1041
7.0
1041
3.000000000000028
1001
CX_DbAttribDef_OptionalVal
1000

  0
ATTDEF
  5
14E
330
12A
100
AcDbEntity
  8
尺寸线层
 62
     0
100
AcDbText
 10
-166.5
 20
36.36228813559321
 30
0.0
 40
2.275423728813581
  1

 41
0.667
  7
机械
 72
     1
 11
-166.5
 21
37.5
 31
0.0
100
AcDbAttributeDefinition
  3
处数B
  2
处数B
 70
     0
 74
     2
1001
CAXA_DRAFT_TXTSCALE
1041
9.0
1001
CAXA_DRAFT_ATTDEF_2PT
1070
     1
1041
7.0
1041
3.000000000000028
1001
CX_DbAttribDef_OptionalVal
1000

  0
ATTDEF
  5
14F
330
12A
100
AcDbEntity
  8
尺寸线层
 62
     0
100
AcDbText
 10
-166.5
 20
41.36228813559321
 30
0.0
 40
2.275423728813581
  1

 41
0.667
  7
机械
 72
     1
 11
-166.5
 21
42.5
 31
0.0
100
AcDbAttributeDefinition
  3
处数C
  2
处数C
 70
     0
 74
     2
1001
CAXA_DRAFT_TXTSCALE
1041
9.0
1001
CAXA_DRAFT_ATTDEF_2PT
1070
     1
1041
7.0
1041
3.000000000000028
1001
CX_DbAttribDef_OptionalVal
1000

  0
ATTDEF
  5
150
330
12A
100
AcDbEntity
  8
尺寸线层
 62
     0
100
AcDbText
 10
-166.5
 20
46.36228813559322
 30
0.0
 40
2.275423728813559
  1

 41
0.667
  7
机械
 72
     1
 11
-166.5
 21
47.5
 31
0.0
100
AcDbAttributeDefinition
  3
处数D
  2
处数D
 70
     0
 74
     2
1001
CAXA_DRAFT_TXTSCALE
1041
9.0
1001
CAXA_DRAFT_ATTDEF_2PT
1070
     1
1041
7.0
1041
3.000000000000014
1001
CX_DbAttribDef_OptionalVal
1000

  0
ATTDEF
  5
151
330
12A
100
AcDbEntity
  8
尺寸线层
 62
     0
100
AcDbText
 10
-153.0
 20
31.36228813559321
 30
0.0
 40
2.27542372881357
  1

 41
0.667
  7
机械
 72
     1
 11
-153.0
 21
32.5
 31
0.0
100
AcDbAttributeDefinition
  3
更改文件1
  2
更改文件1
 70
     0
 74
     2
1001
CAXA_DRAFT_TXTSCALE
1041
9.0
1001
CAXA_DRAFT_ATTDEF_2PT
1070
     1
1041
16.0
1041
3.000000000000014
1001
CX_DbAttribDef_OptionalVal
1000

  0
ATTDEF
  5
152
330
12A
100
AcDbEntity
  8
尺寸线层
 62
     0
100
AcDbText
 10
-153.0
 20
36.36228813559322
 30
0.0
 40
2.27542372881357
  1

 41
0.667
  7
机械
 72
     1
 11
-153.0
 21
37.5
 31
0.0
100
AcDbAttributeDefinition
  3
更改文件1
  2
更改文件2
 70
     0
 74
     2
1001
CAXA_DRAFT_TXTSCALE
1041
9.0
1001
CAXA_DRAFT_ATTDEF_2PT
1070
     1
1041
16.00000000000003
1041
3.000000000000014
1001
CX_DbAttribDef_OptionalVal
1000

  0
ATTDEF
  5
153
330
12A
100
AcDbEntity
  8
尺寸线层
 62
     0
100
AcDbText
 10
-153.0
 20
41.3622881355932
 30
0.0
 40
2.275423728813592
  1

 41
0.667
  7
机械
 72
     1
 11
-153.0
 21
42.5
 31
0.0
100
AcDbAttributeDefinition
  3
更改文件3
  2
更改文件3
 70
     0
 74
     2
1001
CAXA_DRAFT_TXTSCALE
1041
9.0
1001
CAXA_DRAFT_ATTDEF_2PT
1070
     1
1041
16.0
1041
3.000000000000028
1001
CX_DbAttribDef_OptionalVal
1000

  0
ATTDEF
  5
154
330
12A
100
AcDbEntity
  8
尺寸线层
 62
     0
100
AcDbText
 10
-153.0
 20
46.3622881355932
 30
0.0
 40
2.275423728813592
  1

 41
0.667
  7
机械
 72
     1
 11
-153.0
 21
47.5
 31
0.0
100
AcDbAttributeDefinition
  3
更改文件4
  2
更改文件4
 70
     0
 74
     2
1001
CAXA_DRAFT_TXTSCALE
1041
9.0
1001
CAXA_DRAFT_ATTDEF_2PT
1070
     1
1041
16.00000000000003
1041
3.000000000000028
1001
CX_DbAttribDef_OptionalVal
1000

  0
ATTDEF
  5
155
330
12A
100
AcDbEntity
  8
尺寸线层
 62
     0
100
AcDbText
 10
-137.0
 20
31.33260869565217
 30
0.0
 40
2.334782608695663
  1

 41
0.667
  7
机械
 72
     1
 11
-137.0
 21
32.5
 31
0.0
100
AcDbAttributeDefinition
  3
签名1
  2
签名1
 70
     0
 74
     2
1001
CAXA_DRAFT_TXTSCALE
1041
9.0
1001
CAXA_DRAFT_ATTDEF_2PT
1070
     1
1041
12.0
1041
3.000000000000014
1001
CX_DbAttribDef_OptionalVal
1000

  0
ATTDEF
  5
156
330
12A
100
AcDbEntity
  8
尺寸线层
 62
     0
100
AcDbText
 10
-137.0
 20
36.33260869565217
 30
0.0
 40
2.334782608695663
  1

 41
0.667
  7
机械
 72
     1
 11
-137.0
 21
37.5
 31
0.0
100
AcDbAttributeDefinition
  3
签名2
  2
签名2
 70
     0
 74
     2
1001
CAXA_DRAFT_TXTSCALE
1041
9.0
1001
CAXA_DRAFT_ATTDEF_2PT
1070
     1
1041
12.0
1041
3.000000000000014
1001
CX_DbAttribDef_OptionalVal
1000

  0
ATTDEF
  5
157
330
12A
100
AcDbEntity
  8
尺寸线层
 62
     0
100
AcDbText
 10
-137.0
 20
41.33260869565216
 30
0.0
 40
2.334782608695686
  1

 41
0.667
  7
机械
 72
     1
 11
-137.0
 21
42.5
 31
0.0
100
AcDbAttributeDefinition
  3
签名3
  2
签名3
 70
     0
 74
     2
1001
CAXA_DRAFT_TXTSCALE
1041
9.0
1001
CAXA_DRAFT_ATTDEF_2PT
1070
     1
1041
12.0
1041
3.000000000000028
1001
CX_DbAttribDef_OptionalVal
1000

  0
ATTDEF
  5
158
330
12A
100
AcDbEntity
  8
尺寸线层
 62
     0
100
AcDbText
 10
-137.0
 20
46.33260869565217
 30
0.0
 40
2.334782608695663
  1

 41
0.667
  7
机械
 72
     1
 11
-137.0
 21
47.5
 31
0.0
100
AcDbAttributeDefinition
  3
签名4
  2
签名4
 70
     0
 74
     2
1001
CAXA_DRAFT_TXTSCALE
1041
9.0
1001
CAXA_DRAFT_ATTDEF_2PT
1070
     1
1041
12.0
1041
3.000000000000014
1001
CX_DbAttribDef_OptionalVal
1000

  0
ATTDEF
  5
159
330
12A
100
AcDbEntity
  8
尺寸线层
 62
     0
100
AcDbText
 10
-125.0
 20
46.3426724137931
 30
0.0
 40
2.314655172413804
  1

 41
0.667
  7
机械
 72
     1
 11
-125.0
 21
47.5
 31
0.0
100
AcDbAttributeDefinition
  3
日期
  2
日期
 70
     0
 74
     2
1001
CAXA_DRAFT_TXTSCALE
1041
9.0
1001
CAXA_DRAFT_ATTDEF_2PT
1070
     1
1041
8.0
1041
3.000000000000014
1001
CX_DbAttribDef_OptionalVal
1000

  0
ATTDEF
  5
15A
330
12A
100
AcDbEntity
  8
尺寸线层
 62
     0
100
AcDbText
 10
-125.0
 20
41.34267241379311
 30
0.0
 40
2.314655172413782
  1

 41
0.667
  7
机械
 72
     1
 11
-125.0
 21
42.5
 31
0.0
100
AcDbAttributeDefinition
  3
日期
  2
日期
 70
     0
 74
     2
1001
CAXA_DRAFT_TXTSCALE
1041
9.0
1001
CAXA_DRAFT_ATTDEF_2PT
1070
     1
1041
8.0
1041
3.0
1001
CX_DbAttribDef_OptionalVal
1000

  0
ATTDEF
  5
15B
330
12A
100
AcDbEntity
  8
尺寸线层
 62
     0
100
AcDbText
 10
-125.0
 20
36.34267241379311
 30
0.0
 40
2.314655172413782
  1

 41
0.667
  7
机械
 72
     1
 11
-125.0
 21
37.5
 31
0.0
100
AcDbAttributeDefinition
  3
日期
  2
日期
 70
     0
 74
     2
1001
CAXA_DRAFT_TXTSCALE
1041
9.0
1001
CAXA_DRAFT_ATTDEF_2PT
1070
     1
1041
8.0
1041
3.0
1001
CX_DbAttribDef_OptionalVal
1000

  0
ATTDEF
  5
15C
330
12A
100
AcDbEntity
  8
尺寸线层
 62
     0
100
AcDbText
 10
-125.0
 20
31.34267241379311
 30
0.0
 40
2.314655172413782
  1

 41
0.667
  7
机械
 72
     1
 11
-125.0
 21
32.5
 31
0.0
100
AcDbAttributeDefinition
  3
日期
  2
日期
 70
     0
 74
     2
1001
CAXA_DRAFT_TXTSCALE
1041
9.0
1001
CAXA_DRAFT_ATTDEF_2PT
1070
     1
1041
8.0
1041
3.0
1001
CX_DbAttribDef_OptionalVal
1000

  0
ATTDEF
  5
15D
330
12A
100
AcDbEntity
  8
尺寸线层
 62
     0
100
AcDbText
 10
-157.5
 20
21.32236842105263
 30
0.0
 40
2.355263157894748
  1

 41
0.667
  7
机械
 72
     1
 11
-157.5
 21
22.5
 31
0.0
100
AcDbAttributeDefinition
  3
设计
  2
设计
 70
     0
 74
     2
1001
CAXA_DRAFT_TXTSCALE
1041
9.0
1001
CAXA_DRAFT_ATTDEF_2PT
1070
     1
1041
13.0
1041
3.000000000000014
1001
CX_DbAttribDef_OptionalVal
1000

  0
ATTDEF
  5
15E
330
12A
100
AcDbEntity
  8
尺寸线层
 62
     0
100
AcDbText
 10
-157.5
 20
16.3525641025641
 30
0.0
 40
2.294871794871796
  1

 41
0.667
  7
机械
 72
     1
 11
-157.5
 21
17.5
 31
0.0
100
AcDbAttributeDefinition
  3
制图
  2
制图
 70
     0
 74
     2
1001
CAXA_DRAFT_TXTSCALE
1041
9.0
1001
CAXA_DRAFT_ATTDEF_2PT
1070
     1
1041
13.0
1041
3.0
1001
CX_DbAttribDef_OptionalVal
1000

  0
ATTDEF
  5
15F
330
12A
100
AcDbEntity
  8
尺寸线层
 62
     0
100
AcDbText
 10
-157.5
 20
11.36228813559322
 30
0.0
 40
2.275423728813559
  1

 41
0.667
  7
机械
 72
     1
 11
-157.5
 21
12.5
 31
0.0
100
AcDbAttributeDefinition
  3
审核
  2
审核
 70
     0
 74
     2
1001
CAXA_DRAFT_TXTSCALE
1041
9.0
1001
CAXA_DRAFT_ATTDEF_2PT
1070
     1
1041
13.00000000000003
1041
3.0
1001
CX_DbAttribDef_OptionalVal
1000

  0
ATTDEF
  5
160
330
12A
100
AcDbEntity
  8
尺寸线层
 62
     0
100
AcDbText
 10
-127.5
 20
21.34267241379311
 30
0.0
 40
2.314655172413782
  1

 41
0.667
  7
机械
 72
     1
 11
-127.5
 21
22.5
 31
0.0
100
AcDbAttributeDefinition
  3
日期
  2
日期
 70
     0
 74
     2
1001
CAXA_DRAFT_TXTSCALE
1041
9.0
1001
CAXA_DRAFT_ATTDEF_2PT
1070
     1
1041
13.0
1041
3.0
1001
CX_DbAttribDef_OptionalVal
1000

  0
ATTDEF
  5
161
330
12A
100
AcDbEntity
  8
尺寸线层
 62
     0
100
AcDbText
 10
-127.5
 20
16.3426724137931
 30
0.0
 40
2.314655172413804
  1

 41
0.667
  7
机械
 72
     1
 11
-127.5
 21
17.5
 31
0.0
100
AcDbAttributeDefinition
  3
日期
  2
日期
 70
     0
 74
     2
1001
CAXA_DRAFT_TXTSCALE
1041
9.0
1001
CAXA_DRAFT_ATTDEF_2PT
1070
     1
1041
13.0
1041
3.000000000000014
1001
CX_DbAttribDef_OptionalVal
1000

  0
ATTDEF
  5
162
330
12A
100
AcDbEntity
  8
尺寸线层
 62
     0
100
AcDbText
 10
-127.5
 20
11.34267241379311
 30
0.0
 40
2.314655172413782
  1

 41
0.667
  7
机械
 72
     1
 11
-127.5
 21
12.5
 31
0.0
100
AcDbAttributeDefinition
  3
日期
  2
日期
 70
     0
 74
     2
1001
CAXA_DRAFT_TXTSCALE
1041
9.0
1001
CAXA_DRAFT_ATTDEF_2PT
1070
     1
1041
13.0
1041
3.0
1001
CX_DbAttribDef_OptionalVal
1000

  0
ATTDEF
  5
163
330
12A
100
AcDbEntity
  8
尺寸线层
 62
     0
100
AcDbText
 10
-127.5
 20
1.699472220618274
 30
0.0
 40
2.314655172413782
  1

 41
0.667
  7
机械
 72
     1
 11
-127.5
 21
2.856799806825165
 31
0.0
100
AcDbAttributeDefinition
  3
日期
  2
日期
 70
     0
 74
     2
1001
CAXA_DRAFT_TXTSCALE
1041
9.0
1001
CAXA_DRAFT_ATTDEF_2PT
1070
     1
1041
13.0
1041
3.0
1001
CX_DbAttribDef_OptionalVal
1000

  0
ATTDEF
  5
164
330
12A
100
AcDbEntity
  8
尺寸线层
 62
     0
100
AcDbText
 10
-112.5
 20
8.111814345991561
 30
0.0
 40
3.776371308016877
  1

 41
0.667
  7
机械
 72
     1
 11
-112.5
 21
10.0
 31
0.0
100
AcDbAttributeDefinition
  3
材料
  2
材料
 70
     0
 74
     2
1001
CAXA_DRAFT_TXTSCALE
1041
9.0
1001
CAXA_DRAFT_ATTDEF_2PT
1070
     1
1041
10.0
1041
5.0
1001
CX_DbAttribDef_OptionalVal
1000

  0
ATTDEF
  5
165
330
12A
100
AcDbEntity
  8
尺寸线层
 62
     0
100
AcDbText
 10
-97.5
 20
8.103813559322035
 30
0.0
 40
3.792372881355933
  1

 41
0.667
  7
机械
 72
     1
 11
-97.5
 21
10.0
 31
0.0
100
AcDbAttributeDefinition
  3
数量
  2
数量
 70
     0
 74
     2
1001
CAXA_DRAFT_TXTSCALE
1041
9.0
1001
CAXA_DRAFT_ATTDEF_2PT
1070
     1
1041
10.0
1041
5.0
1001
CX_DbAttribDef_OptionalVal
1000

  0
ATTDEF
  5
166
330
12A
100
AcDbEntity
  8
尺寸线层
 62
     0
100
AcDbText
 10
-82.5
 20
8.011111111111111
 30
0.0
 40
3.977777777777778
  1

 41
0.667
  7
机械
 72
     1
 11
-82.5
 21
10.0
 31
0.0
100
AcDbAttributeDefinition
  3
重量
  2
重量
 70
     0
 74
     2
1001
CAXA_DRAFT_TXTSCALE
1041
9.0
1001
CAXA_DRAFT_ATTDEF_2PT
1070
     1
1041
10.0
1041
5.0
1001
CX_DbAttribDef_OptionalVal
1000

  0
LINE
  5
167
330
12A
100
AcDbEntity
  8
实体线
100
AcDbLine
 10
-40.0
 20
0.0
 30
0.0
 11
-40.0
 21
50.0
 31
0.0
  0
ATTDEF
  5
168
330
12A
100
AcDbEntity
  8
尺寸线层
 62
     0
100
AcDbText
 10
-20.0
 20
4.164194915254237
 30
0.0
 40
4.171610169491526
  1

 41
0.667
  7
机械
 72
     1
 11
-20.0
 21
6.25
 31
0.0
100
AcDbAttributeDefinition
  3
图纸编号
  2
图纸编号
 70
     0
 74
     2
1001
CAXA_DRAFT_TXTSCALE
1041
9.0
1001
CAXA_DRAFT_ATTDEF_2PT
1070
     1
1041
33.0
1041
5.5
1001
CX_DbAttribDef_OptionalVal
1000

  0
ATTDEF
  5
169
330
12A
100
AcDbEntity
  8
尺寸线层
 62
     0
100
AcDbText
 10
-20.0
 20
16.66419491525424
 30
0.0
 40
4.171610169491525
  1

 41
0.667
  7
机械
 72
     1
 11
-20.0
 21
18.75
 31
0.0
100
AcDbAttributeDefinition
  3
产品型号
  2
产品型号
 70
     0
 74
     2
1001
CAXA_DRAFT_TXTSCALE
1041
9.0
1001
CAXA_DRAFT_ATTDEF_2PT
1070
     1
1041
33.0
1041
5.5
1001
CX_DbAttribDef_OptionalVal
1000

  0
ATTDEF
  5
16A
330
12A
100
AcDbEntity
  8
尺寸线层
 62
     0
100
AcDbText
 10
-20.0
 20
29.16419491525424
 30
0.0
 40
4.171610169491525
  1

 41
0.667
  7
机械
 72
     1
 11
-20.0
 21
31.25
 31
0.0
100
AcDbAttributeDefinition
  3
零件名称
  2
零件名称
 70
     0
 74
     2
1001
CAXA_DRAFT_TXTSCALE
1041
9.0
1001
CAXA_DRAFT_ATTDEF_2PT
1070
     1
1041
33.0
1041
5.5
1001
CX_DbAttribDef_OptionalVal
1000

  0
ATTDEF
  5
16B
330
12A
100
AcDbEntity
  8
尺寸线层
 62
     0
100
AcDbText
 10
-20.0
 20
41.65531914893616
 30
0.0
 40
4.189361702127679
  1

 41
0.667
  7
机械
 72
     1
 11
-20.0
 21
43.75
 31
0.0
100
AcDbAttributeDefinition
  3
项目名称
  2
项目名称
 70
     0
 74
     2
1001
CAXA_DRAFT_TXTSCALE
1041
9.0
1001
CAXA_DRAFT_ATTDEF_2PT
1070
     1
1041
33.0
1041
5.500000000000014
1001
CX_DbAttribDef_OptionalVal
1000

  0
MTEXT
  5
16C
330
12A
100
AcDbEntity
  8
尺寸线层
 62
     0
100
AcDbMText
 10
-178.4950980366889
 20
29.45563089178086
 30
0.0
 40
3.0
 41
15.11912454812736
 71
     1
 72
     1
  1
\T1.1;标记
  7
机械
 73
     1
 44
1.0
1001
CAXA_DRAFT_TXTSCALE
1041
9.0
1001
ACAD
1000
ACAD_MTEXT_DEFINED_HEIGHT_BEGIN
1070
    46
1040
11.33934341109558
1000
ACAD_MTEXT_DEFINED_HEIGHT_END
  0
MTEXT
  5
16D
330
12A
100
AcDbEntity
  8
尺寸线层
 62
     0
100
AcDbMText
 10
-169.6102791664314
 20
29.45563089178086
 30
0.0
 40
3.0
 41
15.11912454812736
 71
     1
 72
     1
  1
\T1.1;处数
  7
机械
 73
     1
 44
1.0
1001
CAXA_DRAFT_TXTSCALE
1041
9.0
1001
ACAD
1000
ACAD_MTEXT_DEFINED_HEIGHT_BEGIN
1070
    46
1040
11.33934341109558
1000
ACAD_MTEXT_DEFINED_HEIGHT_END
  0
MTEXT
  5
16E
330
12A
100
AcDbEntity
  8
尺寸线层
 62
     0
100
AcDbMText
 10
-158.1875278627638
 20
29.0718399240759
 30
0.0
 40
3.0
 41
15.11912454812736
 71
     1
 72
     1
  1
\T1.1;更改文件名
  7
机械
 73
     1
 44
1.0
1001
CAXA_DRAFT_TXTSCALE
1041
9.0
1001
ACAD
1000
ACAD_MTEXT_DEFINED_HEIGHT_BEGIN
1070
    46
1040
11.3393434110956
1000
ACAD_MTEXT_DEFINED_HEIGHT_END
  0
MTEXT
  5
16F
330
12A
100
AcDbEntity
  8
尺寸线层
 62
     0
100
AcDbMText
 10
-139.3236864829
 20
29.45563089178086
 30
0.0
 40
3.0
 41
15.11912454812733
 71
     1
 72
     1
  1
\T1.1;签名
  7
机械
 73
     1
 44
1.0
1001
CAXA_DRAFT_TXTSCALE
1041
9.0
1001
ACAD
1000
ACAD_MTEXT_DEFINED_HEIGHT_BEGIN
1070
    46
1040
11.33934341109558
1000
ACAD_MTEXT_DEFINED_HEIGHT_END
  0
MTEXT
  5
170
330
12A
100
AcDbEntity
  8
尺寸线层
 62
     0
100
AcDbMText
 10
-127.0552856726977
 20
29.45563089178086
 30
0.0
 40
3.0
 41
15.11912454812735
 71
     1
 72
     1
  1
\T1.1;日期
  7
机械
 73
     1
 44
1.0
1001
CAXA_DRAFT_TXTSCALE
1041
9.0
1001
ACAD
1000
ACAD_MTEXT_DEFINED_HEIGHT_BEGIN
1070
    46
1040
11.33934341109558
1000
ACAD_MTEXT_DEFINED_HEIGHT_END
  0
MTEXT
  5
171
330
12A
100
AcDbEntity
  8
尺寸线层
 62
     0
100
AcDbMText
 10
-175.1352925815495
 20
24.3785915373478
 30
0.0
 40
3.0
 41
15.11912454812736
 71
     1
 72
     1
  1
\T1.1;设计
  7
机械
 73
     1
 44
1.0
1001
CAXA_DRAFT_TXTSCALE
1041
9.0
1001
ACAD
1000
ACAD_MTEXT_DEFINED_HEIGHT_BEGIN
1070
    46
1040
11.33934341109558
1000
ACAD_MTEXT_DEFINED_HEIGHT_END
  0
MTEXT
  5
172
330
12A
100
AcDbEntity
  8
尺寸线层
 62
     0
100
AcDbMText
 10
-175.1352925815495
 20
19.30155218291497
 30
0.0
 40
3.0
 41
15.11912454812736
 71
     1
 72
     1
  1
\T1.1;制图
  7
机械
 73
     1
 44
1.0
1001
CAXA_DRAFT_TXTSCALE
1041
9.0
1001
ACAD
1000
ACAD_MTEXT_DEFINED_HEIGHT_BEGIN
1070
    46
1040
11.33934341109558
1000
ACAD_MTEXT_DEFINED_HEIGHT_END
  0
MTEXT
  5
173
330
12A
100
AcDbEntity
  8
尺寸线层
 62
     0
100
AcDbMText
 10
-175.1153356856535
 20
14.14985048503445
 30
0.0
 40
3.0
 41
15.11912454812736
 71
     1
 72
     1
  1
\T1.1;审核
  7
机械
 73
     1
 44
1.0
1001
CAXA_DRAFT_TXTSCALE
1041
9.0
1001
ACAD
1000
ACAD_MTEXT_DEFINED_HEIGHT_BEGIN
1070
    46
1040
11.33934341109558
1000
ACAD_MTEXT_DEFINED_HEIGHT_END
  0
MTEXT
  5
174
330
12A
100
AcDbEntity
  8
尺寸线层
 62
     0
100
AcDbMText
 10
-116.0002278263141
 20
22.50270015822844
 30
0.0
 40
3.5
 41
15.11912454812736
 71
     1
 72
     1
  1
\T1.1;材料
  7
机械
 73
     1
 44
1.0
1001
CAXA_DRAFT_TXTSCALE
1041
9.0
1001
ACAD
1000
ACAD_MTEXT_DEFINED_HEIGHT_BEGIN
1070
    46
1040
11.33934341109557
1000
ACAD_MTEXT_DEFINED_HEIGHT_END
  0
MTEXT
  5
175
330
12A
100
AcDbEntity
  8
尺寸线层
 62
     0
100
AcDbMText
 10
-101.1449102250347
 20
22.23391572181731
 30
0.0
 40
3.5
 41
15.11912454812736
 71
     1
 72
     1
  1
\T1.1;数量
  7
机械
 73
     1
 44
1.0
1001
CAXA_DRAFT_TXTSCALE
1041
9.0
1001
ACAD
1000
ACAD_MTEXT_DEFINED_HEIGHT_BEGIN
1070
    46
1040
11.3393434110956
1000
ACAD_MTEXT_DEFINED_HEIGHT_END
  0
MTEXT
  5
176
330
12A
100
AcDbEntity
  8
尺寸线层
 62
     0
100
AcDbMText
 10
-86.0631168486309
 20
22.23391572181731
 30
0.0
 40
3.5
 41
15.11912454812736
 71
     1
 72
     1
  1
\T1.1;重量
  7
机械
 73
     1
 44
1.0
1001
CAXA_DRAFT_TXTSCALE
1041
9.0
1001
ACAD
1000
ACAD_MTEXT_DEFINED_HEIGHT_BEGIN
1070
    46
1040
11.3393434110956
1000
ACAD_MTEXT_DEFINED_HEIGHT_END
  0
MTEXT
  5
177
330
12A
100
AcDbEntity
  8
实体线
 62
     0
100
AcDbMText
 10
-70.8668412122745
 20
22.12192220664588
 30
0.0
 40
3.5
 41
15.11912454812737
 71
     1
 72
     1
  1
\T1.1;比例
  7
机械
 73
     1
 44
1.0
1001
CAXA_DRAFT_TXTSCALE
1041
9.0
1001
ACAD
1000
ACAD_MTEXT_DEFINED_HEIGHT_BEGIN
1070
    46
1040
11.33934341109558
1000
ACAD_MTEXT_DEFINED_HEIGHT_END
  0
MTEXT
  5
178
330
12A
100
AcDbEntity
  8
尺寸线层
 62
     0
100
AcDbMText
 10
-56.49655737795729
 20
46.07970376278877
 30
0.0
 40
4.0
 41
15.11912454812736
 71
     1
 72
     1
  1
\T1.1;项目名称
  7
机械
 73
     1
 44
1.0
1001
CAXA_DRAFT_TXTSCALE
1041
9.0
1001
ACAD
1000
ACAD_MTEXT_DEFINED_HEIGHT_BEGIN
1070
    46
1040
11.33934341109558
1000
ACAD_MTEXT_DEFINED_HEIGHT_END
  0
MTEXT
  5
179
330
12A
100
AcDbEntity
  8
尺寸线层
 62
     0
100
AcDbMText
 10
-56.60446705520758
 20
33.71138446829082
 30
0.0
 40
4.0
 41
15.11912454812736
 71
     1
 72
     1
  1
\T1.1;零件名称
  7
机械
 73
     1
 44
1.0
1001
CAXA_DRAFT_TXTSCALE
1041
9.0
1001
ACAD
1000
ACAD_MTEXT_DEFINED_HEIGHT_BEGIN
1070
    46
1040
11.33934341109558
1000
ACAD_MTEXT_DEFINED_HEIGHT_END
  0
MTEXT
  5
17A
330
12A
100
AcDbEntity
  8
尺寸线层
 62
     0
100
AcDbMText
 10
-56.60446705520758
 20
20.42148733462818
 30
0.0
 40
4.0
 41
15.11912454812736
 71
     1
 72
     1
  1
\T1.1;产品型号
  7
机械
 73
     1
 44
1.0
1001
CAXA_DRAFT_TXTSCALE
1041
9.0
1001
ACAD
1000
ACAD_MTEXT_DEFINED_HEIGHT_BEGIN
1070
    46
1040
11.33934341109558
1000
ACAD_MTEXT_DEFINED_HEIGHT_END
  0
MTEXT
  5
17B
330
12A
100
AcDbEntity
  8
尺寸线层
 62
     0
100
AcDbMText
 10
-55.90164570073853
 20
8.639928876481008
 30
0.0
 40
4.0
 41
15.11912454812735
 71
     1
 72
     1
  1
\T1.1;图纸编号
  7
机械
 73
     1
 44
1.0
1001
CAXA_DRAFT_TXTSCALE
1041
9.0
1001
ACAD
1000
ACAD_MTEXT_DEFINED_HEIGHT_BEGIN
1070
    46
1040
11.3393434110956
1000
ACAD_MTEXT_DEFINED_HEIGHT_END
  0
MTEXT
  5
17C
330
12A
100
AcDbEntity
  8
尺寸线层
 62
     0
100
AcDbMText
 10
-145.2454677547166
 20
24.07751967088029
 30
0.0
 40
3.0
 41
15.11912454812736
 71
     1
 72
     1
  1
\T1.1;日期
  7
机械
 73
     1
 44
1.0
1001
CAXA_DRAFT_TXTSCALE
1041
9.0
1001
ACAD
1000
ACAD_MTEXT_DEFINED_HEIGHT_BEGIN
1070
    46
1040
11.33934341109558
1000
ACAD_MTEXT_DEFINED_HEIGHT_END
  0
MTEXT
  5
17D
330
12A
100
AcDbEntity
  8
尺寸线层
 62
     0
100
AcDbMText
 10
-145.34501754598
 20
19.22421551895172
 30
0.0
 40
3.0
 41
15.11912454812736
 71
     1
 72
     1
  1
\T1.1;日期
  7
机械
 73
     1
 44
1.0
1001
CAXA_DRAFT_TXTSCALE
1041
9.0
1001
ACAD
1000
ACAD_MTEXT_DEFINED_HEIGHT_BEGIN
1070
    46
1040
11.33934341109558
1000
ACAD_MTEXT_DEFINED_HEIGHT_END
  0
MTEXT
  5
17E
330
12A
100
AcDbEntity
  8
尺寸线层
 62
     0
100
AcDbMText
 10
-145.4943422328752
 20
14.17407639233807
 30
0.0
 40
3.0
 41
15.11912454812736
 71
     1
 72
     1
  1
\T1.1;日期
  7
机械
 73
     1
 44
1.0
1001
CAXA_DRAFT_TXTSCALE
1041
9.0
1001
ACAD
1000
ACAD_MTEXT_DEFINED_HEIGHT_BEGIN
1070
    46
1040
11.33934341109558
1000
ACAD_MTEXT_DEFINED_HEIGHT_END
  0
MTEXT
  5
17F
330
12A
100
AcDbEntity
  8
尺寸线层
 62
     0
100
AcDbMText
 10
-145.5690045763226
 20
4.231706794175352
 30
0.0
 40
3.0
 41
15.11912454812736
 71
     1
 72
     1
  1
\T1.1;日期
  7
机械
 73
     1
 44
1.0
1001
CAXA_DRAFT_TXTSCALE
1041
9.0
1001
ACAD
1000
ACAD_MTEXT_DEFINED_HEIGHT_BEGIN
1070
    46
1040
11.33934341109558
1000
ACAD_MTEXT_DEFINED_HEIGHT_END
  0
MTEXT
  5
180
330
12A
100
AcDbEntity
  8
实体线
 62
     0
100
AcDbMText
 10
-112.2618956841045
 20
3.451711484043926
 30
0.0
 40
2.0
 41
39.58577013805724
 71
     1
 72
     1
  1
\T1.1;第         页
  7
机械
 73
     1
 44
1.0
1001
CAXA_DRAFT_TXTSCALE
1041
9.0
1001
ACAD
1000
ACAD_MTEXT_DEFINED_HEIGHT_BEGIN
1070
    46
1040
14.2148901859388
1000
ACAD_MTEXT_DEFINED_HEIGHT_END
  0
MTEXT
  5
181
330
12A
100
AcDbEntity
  8
尺寸线层
 62
     0
100
AcDbMText
 10
-81.6595629443807
 20
3.557473559993923
 30
0.0
 40
2.0
 41
39.58577013805724
 71
     1
 72
     1
  1
\T1.1;共         页
  7
机械
 73
     1
 44
1.0
1001
CAXA_DRAFT_TXTSCALE
1041
9.0
1001
ACAD
1000
ACAD_MTEXT_DEFINED_HEIGHT_BEGIN
1070
    46
1040
14.2148901859388
1000
ACAD_MTEXT_DEFINED_HEIGHT_END
  0
HATCH
  5
182
330
12A
100
AcDbEntity
  8
标记
  6
Continuous
 62
   138
100
AcDbHatch
 10
0.0
 20
0.0
 30
0.0
210
0.0
220
0.0
230
1.0
  2
SOLID
 70
     1
 71
     0
 91
        1
 92
        0
 93
       65
 72
     1
 10
-94.29796138856409
 20
34.05882934956549
 11
-94.29796138856409
 21
33.58545653088026
 72
     1
 10
-94.29796138856409
 20
33.58545653088026
 11
-94.53464779779893
 21
32.8280600209855
 72
     1
 10
-94.53464779779893
 20
32.8280600209855
 11
-94.77133420704558
 21
32.35468720229119
 72
     1
 10
-94.77133420704558
 20
32.35468720229119
 11
-95.43405615292704
 21
31.45527884678631
 72
     1
 10
-95.43405615292704
 20
31.45527884678631
 11
-96.52281363542352
 21
30.60320777315633
 72
     1
 10
-96.52281363542352
 20
30.60320777315633
 11
-97.37488470868175
 21
30.22450951820224
 72
     1
 10
-97.37488470868175
 20
30.22450951820224
 11
-98.13228121826933
 21
30.08249767260077
 72
     1
 10
-98.13228121826933
 20
30.08249767260077
 11
-98.2269557819584
 21
29.98782310885963
 72
     1
 10
-98.2269557819584
 20
29.98782310885963
 11
-97.99026937271037
 21
29.893148545126
 72
     1
 10
-97.99026937271037
 20
29.893148545126
 11
-97.09086101761068
 21
29.89314854512531
 72
     1
 10
-97.09086101761068
 20
29.89314854512531
 11
-95.86009168953365
 21
30.17717223633258
 72
     1
 10
-95.86009168953365
 20
30.17717223633258
 11
-95.24470702552003
 21
30.46119592754644
 72
     1
 10
-95.24470702552003
 20
30.46119592754644
 11
-94.67665964334446
 21
30.83989418249803
 72
     1
 10
-94.67665964334446
 20
30.83989418249803
 11
-94.06127497931266
 21
31.40794156492666
 72
     1
 10
-94.06127497931266
 20
31.40794156492666
 11
-93.49322759713868
 21
32.16533807481915
 72
     1
 10
-93.49322759713868
 20
32.16533807481915
 11
-93.16186662419136
 21
32.828060020983
 72
     1
 10
-93.16186662419136
 20
32.828060020983
 11
-92.92518021496312
 21
33.63279381275174
 72
     1
 10
-92.92518021496312
 20
33.63279381275174
 11
-91.0790262228893
 21
34.57953945011946
 72
     1
 10
-91.0790262228893
 20
34.57953945011946
 11
-92.95358258406986
 21
35.51681763112492
 72
     1
 10
-92.95358258406986
 20
35.51681763112492
 11
-93.30387846975373
 21
36.56770528861011
 72
     1
 10
-93.30387846975373
 20
36.56770528861011
 11
-93.72991400638034
 21
37.27776451663703
 72
     1
 10
-93.72991400638034
 20
37.27776451663703
 11
-94.67665964334287
 21
38.27184743587782
 72
     1
 10
-94.67665964334287
 20
38.27184743587782
 11
-95.81275440770241
 21
38.93456938204349
 72
     1
 10
-95.81275440770241
 20
38.93456938204349
 11
-96.99618645390638
 21
39.26593035511951
 72
     1
 10
-96.99618645390638
 20
39.26593035511951
 11
-98.22695578195521
 21
39.26593035512019
 72
     1
 10
-98.22695578195521
 20
39.26593035512019
 11
-98.46364219120665
 21
39.21859307325235
 72
     1
 10
-98.46364219120665
 20
39.21859307325235
 11
-98.55831675489435
 21
39.12391850951553
 72
     1
 10
-98.55831675489435
 20
39.12391850951553
 11
-97.56423383607694
 21
38.93456938204508
 72
     1
 10
-97.56423383607694
 20
38.93456938204508
 11
-96.61748819911782
 21
38.55587112709168
 72
     1
 10
-96.61748819911782
 20
38.55587112709168
 11
-95.9074289713933
 21
38.08249830840668
 72
     1
 10
-95.9074289713933
 20
38.08249830840668
 11
-95.24470702552503
 21
37.41977636224351
 72
     1
 10
-95.24470702552503
 20
37.41977636224351
 11
-94.72399692519093
 21
36.66237985234375
 72
     1
 10
-94.72399692519093
 20
36.66237985234375
 11
-94.34529867041374
 21
35.71563421496921
 72
     1
 10
-94.34529867041374
 20
35.71563421496921
 11
-94.25062410671285
 21
35.28959867815388
 72
     1
 10
-94.25062410671285
 20
35.28959867815388
 11
-94.25062410671626
 21
35.14758683254399
 72
     1
 10
-94.25062410671626
 20
35.14758683254399
 11
-94.34529867041374
 21
35.05291226881036
 72
     1
 10
-94.34529867041374
 20
35.05291226881036
 11
-100.3571334651151
 21
35.00557498693911
 72
     1
 10
-100.3571334651151
 20
35.00557498693911
 11
-100.4518080288162
 21
35.14758683254649
 72
     1
 10
-100.4518080288162
 20
35.14758683254649
 11
-100.4518080288128
 21
36.33101887926591
 72
     1
 10
-100.4518080288128
 20
36.33101887926591
 11
-100.5464825925221
 21
36.42569344299613
 72
     1
 10
-100.5464825925221
 20
36.42569344299613
 11
-101.4458909476434
 21
36.42569344299955
 72
     1
 10
-101.4458909476434
 20
36.42569344299955
 11
-101.5405655113377
 21
36.331018879265
 72
     1
 10
-101.5405655113377
 20
36.331018879265
 11
-101.4932282294712
 21
34.20084119517037
 72
     1
 10
-101.4932282294712
 20
34.20084119517037
 11
-101.5405655113409
 21
34.1535039133073
 72
     1
 10
-101.5405655113409
 20
34.1535039133073
 11
-101.4932282294712
 21
32.78072273911152
 72
     1
 10
-101.4932282294712
 20
32.78072273911152
 11
-101.3985536657738
 21
32.63871089350664
 72
     1
 10
-101.3985536657738
 20
32.63871089350664
 11
-100.8778435654444
 21
32.59137361163857
 72
     1
 10
-100.8778435654444
 20
32.59137361163857
 11
-100.5464825925187
 21
32.63871089351005
 72
     1
 10
-100.5464825925187
 20
32.63871089351005
 11
-100.4518080288128
 21
32.73338545724278
 72
     1
 10
-100.4518080288128
 20
32.73338545724278
 11
-100.4518080288128
 21
33.91681750396151
 72
     1
 10
-100.4518080288128
 20
33.91681750396151
 11
-100.3097961832655
 21
34.05882934956549
 72
     1
 10
-100.3097961832655
 20
34.05882934956549
 11
-98.70032860043989
 21
34.05882934956549
 72
     1
 10
-98.70032860043989
 20
34.05882934956549
 11
-98.55831675489935
 21
33.86948022209253
 72
     1
 10
-98.55831675489935
 20
33.86948022209253
 11
-98.55831675489594
 21
32.73338545724346
 72
     1
 10
-98.55831675489594
 20
32.73338545724346
 11
-98.46364219119823
 21
32.63871089350846
 72
     1
 10
-98.46364219119823
 20
32.63871089350846
 11
-96.90151189020048
 21
32.5913736116388
 72
     1
 10
-96.90151189020048
 20
32.5913736116388
 11
-95.86009168954206
 21
32.63871089351005
 72
     1
 10
-95.86009168954206
 20
32.63871089351005
 11
-95.76541712584435
 21
32.73338545724278
 72
     1
 10
-95.76541712584435
 20
32.73338545724278
 11
-95.76541712584435
 21
33.4434446852772
 72
     1
 10
-95.76541712584435
 20
33.4434446852772
 11
-95.86009168954206
 21
33.53811924901311
 72
     1
 10
-95.86009168954206
 20
33.53811924901311
 11
-97.37488470868675
 21
33.49078196713936
 72
     1
 10
-97.37488470868675
 20
33.49078196713936
 11
-97.46955927239287
 21
33.58545653088208
 72
     1
 10
-97.46955927239287
 20
33.58545653088208
 11
-97.46955927239105
 21
33.96415478583526
 72
     1
 10
-97.46955927239105
 20
33.96415478583526
 11
-97.32754742683551
 21
34.05882934956367
 72
     1
 10
-97.32754742683551
 20
34.05882934956367
 11
-94.29796138857591
 21
34.05882934956549
 97
        0
 75
     0
 76
     1
 98
        1
 10
2789.336609894168
 20
36682.01322006969
  0
HATCH
  5
183
330
12A
100
AcDbEntity
  8
标记
  6
Continuous
 62
   138
100
AcDbHatch
 10
0.0
 20
0.0
 30
0.0
210
0.0
220
0.0
230
1.0
  2
SOLID
 70
     1
 71
     0
 91
        1
 92
        0
 93
        8
 72
     1
 10
-95.85909678517305
 20
35.80185497688058
 11
-95.76442222147557
 21
35.8965295406183
 72
     1
 10
-95.76442222147557
 20
35.8965295406183
 11
-95.76442222148398
 21
36.60658876864841
 72
     1
 10
-95.76442222148398
 20
36.60658876864841
 11
-95.85909678518146
 21
36.70126333237954
 72
     1
 10
-95.85909678518146
 20
36.70126333237954
 11
-98.55732185053557
 21
36.65392605051147
 72
     1
 10
-98.55732185053557
 20
36.65392605051147
 11
-98.60465913238681
 21
36.60658876864773
 72
     1
 10
-98.60465913238681
 20
36.60658876864773
 11
-98.604659132385
 21
35.99120410435171
 72
     1
 10
-98.604659132385
 20
35.99120410435171
 11
-98.46264728683786
 21
35.80185497687967
 72
     1
 10
-98.46264728683786
 20
35.80185497687967
 11
-95.85909678517987
 21
35.80185497688058
 97
        0
 75
     0
 76
     1
 98
        1
 10
2764.863189804119
 20
36692.75264952271
  0
HATCH
  5
184
330
12A
100
AcDbEntity
  8
标记
  6
Continuous
 62
     1
100
AcDbHatch
 10
0.0
 20
0.0
 30
0.0
210
0.0
220
0.0
230
1.0
  2
SOLID
 70
     1
 71
     0
 91
        2
 92
        0
 93
       19
 72
     1
 10
-87.14293398384189
 20
35.50601274527162
 11
-87.19027126568972
 21
35.45867546340196
 72
     1
 10
-87.19027126568972
 20
35.45867546340196
 11
-87.14293398386349
 21
33.42317234304642
 72
     1
 10
-87.14293398386349
 20
33.42317234304642
 11
-86.95358485645988
 21
32.99713680623358
 72
     1
 10
-86.95358485645988
 20
32.99713680623358
 11
-86.5748866016695
 21
32.66577583314734
 72
     1
 10
-86.5748866016695
 20
32.66577583314734
 11
-85.91216465579646
 21
32.52376398754495
 72
     1
 10
-85.91216465579646
 20
32.52376398754495
 11
-84.01867338188458
 21
32.52376398754177
 72
     1
 10
-84.01867338188458
 20
32.52376398754177
 11
-83.78198697260632
 21
32.6184385512845
 72
     1
 10
-83.78198697260632
 20
32.6184385512845
 11
-83.82932425449098
 21
36.40542110077467
 72
     1
 10
-83.82932425449098
 20
36.40542110077467
 11
-84.91808173699928
 21
36.45275838264433
 72
     1
 10
-84.91808173699928
 20
36.45275838264433
 11
-85.01275630071359
 21
36.35808381890661
 72
     1
 10
-85.01275630071359
 20
36.35808381890661
 11
-85.01275630070018
 21
33.56518418865812
 72
     1
 10
-85.01275630070018
 20
33.56518418865812
 11
-85.1547681462423
 21
33.4705096249179
 72
     1
 10
-85.1547681462423
 20
33.4705096249179
 11
-85.77015281025592
 21
33.51784690678596
 72
     1
 10
-85.77015281025592
 20
33.51784690678596
 11
-85.91216465579987
 21
33.61252147052278
 72
     1
 10
-85.91216465579987
 20
33.61252147052278
 11
-85.95950193767112
 21
36.31074653704195
 72
     1
 10
-85.95950193767112
 20
36.31074653704195
 11
-86.14885106503289
 21
36.45275838264183
 72
     1
 10
-86.14885106503289
 20
36.45275838264183
 11
-87.09559670202566
 21
36.40542110077718
 72
     1
 10
-87.09559670202566
 20
36.40542110077718
 11
-87.19027126571314
 21
36.31074653704036
 72
     1
 10
-87.19027126571314
 20
36.31074653704036
 11
-87.14293398386349
 21
35.50601274527003
 97
        0
 92
        0
 93
       41
 72
     1
 10
-91.45062663202998
 20
33.18648593370722
 11
-91.49796391387781
 21
33.13914865183665
 72
     1
 10
-91.49796391387781
 20
33.13914865183665
 11
-90.88257924987101
 21
32.47642670567279
 72
     1
 10
-90.88257924987101
 20
32.47642670567279
 11
-90.69323012246582
 21
32.42908942380814
 72
     1
 10
-90.69323012246582
 20
32.42908942380814
 11
-90.36186914952668
 21
33.09181136997131
 72
     1
 10
-90.36186914952668
 20
33.09181136997131
 11
-90.1725200221365
 21
33.28116049744244
 72
     1
 10
-90.1725200221365
 20
33.28116049744244
 11
-89.69914720365182
 21
33.51784690678505
 72
     1
 10
-89.69914720365182
 20
33.51784690678505
 11
-89.1784371033209
 21
33.51784690678846
 72
     1
 10
-89.1784371033209
 20
33.51784690678846
 11
-88.75240156669929
 21
33.32849777931551
 72
     1
 10
-88.75240156669929
 20
33.32849777931551
 11
-88.51571515745627
 21
33.09181136996949
 72
     1
 10
-88.51571515745627
 20
33.09181136996949
 11
-88.18435418452032
 21
32.38175214193848
 72
     1
 10
-88.18435418452032
 20
32.38175214193848
 11
-88.08967962081124
 21
32.3817521419378
 72
     1
 10
-88.08967962081124
 20
32.3817521419378
 11
-87.52163223864045
 21
32.90246224249245
 72
     1
 10
-87.52163223864045
 20
32.90246224249245
 11
-87.3796203930799
 21
33.18648593370904
 72
     1
 10
-87.3796203930799
 20
33.18648593370904
 11
-87.47429495679603
 21
33.28116049744335
 72
     1
 10
-87.47429495679603
 20
33.28116049744335
 11
-87.90033049342924
 21
33.37583506118017
 72
     1
 10
-87.90033049342924
 20
33.37583506118017
 11
-88.32636603005085
 21
33.75453331612766
 72
     1
 10
-88.32636603005085
 20
33.75453331612766
 11
-88.51571515745627
 21
34.18056885294641
 72
     1
 10
-88.51571515745627
 20
34.18056885294641
 11
-88.51571515744945
 21
34.70127895350447
 72
     1
 10
-88.51571515744945
 20
34.70127895350447
 11
-88.27902874819802
 21
35.22198905406344
 72
     1
 10
-88.27902874819802
 20
35.22198905406344
 11
-87.85299321157959
 21
35.55335002713878
 72
     1
 10
-87.85299321157959
 20
35.55335002713878
 11
-87.37962039308331
 21
35.69536187274525
 72
     1
 10
-87.37962039308331
 20
35.69536187274525
 11
-87.52163223864568
 21
35.97938556395752
 72
     1
 10
-87.52163223864568
 20
35.97938556395752
 11
-88.23169146635337
 21
36.54743294637615
 72
     1
 10
-88.23169146635337
 20
36.54743294637615
 11
-88.32636603005267
 21
36.40542110077376
 72
     1
 10
-88.32636603005267
 20
36.40542110077376
 11
-88.3737033118905
 21
36.07406012769525
 72
     1
 10
-88.3737033118905
 20
36.07406012769525
 11
-88.70506428485305
 21
35.64802459087468
 72
     1
 10
-88.70506428485305
 20
35.64802459087468
 11
-89.2731116670102
 21
35.36400089966673
 72
     1
 10
-89.2731116670102
 20
35.36400089966673
 11
-89.65180992180899
 21
35.36400089966924
 72
     1
 10
-89.65180992180899
 20
35.36400089966924
 11
-90.07784545842901
 21
35.50601274527253
 72
     1
 10
-90.07784545842901
 20
35.50601274527253
 11
-90.40920643138816
 21
35.79003643648639
 72
     1
 10
-90.40920643138816
 20
35.79003643648639
 11
-90.69323012246582
 21
36.45275838264683
 72
     1
 10
-90.69323012246582
 20
36.45275838264683
 11
-90.92991653170725
 21
36.40542110077718
 72
     1
 10
-90.92991653170725
 20
36.40542110077718
 11
-91.49796391388463
 21
35.79003643648639
 72
     1
 10
-91.49796391388463
 20
35.79003643648639
 11
-91.45062663203498
 21
35.60068730901503
 72
     1
 10
-91.45062663203498
 20
35.60068730901503
 11
-90.9772538135469
 21
35.50601274527071
 72
     1
 10
-90.9772538135469
 20
35.50601274527071
 11
-90.64589284061958
 21
35.22198905406276
 72
     1
 10
-90.64589284061958
 20
35.22198905406276
 11
-90.40920643138315
 21
34.70127895349879
 72
     1
 10
-90.40920643138315
 20
34.70127895349879
 11
-90.40920643138634
 21
34.22790613481698
 72
     1
 10
-90.40920643138634
 20
34.22790613481698
 11
-90.59855555876811
 21
33.75453331612675
 72
     1
 10
-90.59855555876811
 20
33.75453331612675
 11
-90.78790468616512
 21
33.51784690678846
 72
     1
 10
-90.78790468616512
 20
33.51784690678846
 11
-91.45062663203316
 21
33.18648593370904
 97
        0
 75
     0
 76
     1
 98
        2
 10
2665.48830259261
 20
36637.44806977462
 10
2665.48830259261
 20
36637.44806977462
  0
HATCH
  5
185
330
12A
100
AcDbEntity
  8
标记
  6
Continuous
 62
   138
100
AcDbHatch
 10
0.0
 20
0.0
 30
0.0
210
0.0
220
0.0
230
1.0
  2
SOLID
 70
     1
 71
     0
 91
       18
 92
        0
 93
        5
 72
     1
 10
-70.96068143742127
 20
35.05291226880877
 11
-70.96068143742127
 21
35.81030877870694
 72
     1
 10
-70.96068143742127
 20
35.81030877870694
 11
-70.86600687373198
 21
35.90498334244467
 72
     1
 10
-70.86600687373198
 20
35.90498334244467
 11
-70.34529677340106
 21
35.85764606058001
 72
     1
 10
-70.34529677340106
 20
35.85764606058001
 11
-70.34529677340447
 21
35.05291226881218
 72
     1
 10
-70.34529677340447
 20
35.05291226881218
 11
-70.96068143742286
 21
35.05291226880877
 97
        0
 92
        0
 93
        7
 72
     1
 10
-70.96068143742127
 20
33.82214294022197
 11
-70.96068143742127
 21
34.57953945012036
 72
     1
 10
-70.96068143742127
 20
34.57953945012036
 11
-70.86600687373198
 21
34.67421401385968
 72
     1
 10
-70.86600687373198
 20
34.67421401385968
 11
-70.39263405525071
 21
34.67421401386127
 72
     1
 10
-70.39263405525071
 20
34.67421401386127
 11
-70.29795949155323
 21
34.43752760451798
 72
     1
 10
-70.29795949155323
 20
34.43752760451798
 11
-70.29795949155482
 21
33.9168175039606
 72
     1
 10
-70.29795949155482
 20
33.9168175039606
 11
-70.39263405525253
 21
33.77480565835731
 72
     1
 10
-70.39263405525253
 20
33.77480565835731
 11
-70.96068143742286
 21
33.82214294021946
 97
        0
 92
        0
 93
        7
 72
     1
 10
-71.33937969223007
 20
36.18900703365944
 11
-71.38671697405789
 21
36.14166975179319
 72
     1
 10
-71.38671697405789
 20
36.14166975179319
 11
-71.38671697407813
 21
33.49078196713936
 72
     1
 10
-71.38671697407813
 20
33.49078196713936
 11
-71.24470512852236
 21
33.39610740341004
 72
     1
 10
-71.24470512852236
 20
33.39610740341004
 11
-70.10861036416304
 21
33.4434446852747
 72
     1
 10
-70.10861036416304
 20
33.4434446852747
 11
-69.91926123677445
 21
33.63279381275493
 72
     1
 10
-69.91926123677445
 20
33.63279381275493
 11
-69.91926123677786
 21
36.18900703365853
 72
     1
 10
-69.91926123677786
 20
36.18900703365853
 11
-71.33937969223007
 21
36.18900703365944
 97
        0
 92
        0
 93
       25
 72
     1
 10
-73.23287096616036
 20
33.0647464303288
 11
-73.28020824798818
 21
33.01740914845823
 72
     1
 10
-73.28020824798818
 20
33.01740914845823
 11
-73.28020824798818
 21
32.82806002098619
 72
     1
 10
-73.28020824798818
 20
32.82806002098619
 11
-73.13819640242264
 21
32.73338545724187
 72
     1
 10
-73.13819640242264
 20
32.73338545724187
 11
-72.90150999320622
 21
32.78072273911334
 72
     1
 10
-72.90150999320622
 20
32.78072273911334
 11
-72.71216086580762
 21
32.97007186658607
 72
     1
 10
-72.71216086580762
 20
32.97007186658607
 11
-72.71216086580603
 21
35.47894780563092
 72
     1
 10
-72.71216086580603
 20
35.47894780563092
 11
-72.57014902025867
 21
35.57362236936365
 72
     1
 10
-72.57014902025867
 20
35.57362236936365
 11
-72.09677620177581
 21
35.52628508749558
 72
     1
 10
-72.09677620177581
 20
35.52628508749558
 11
-72.04943891994776
 21
32.92273458471141
 72
     1
 10
-72.04943891994776
 20
32.92273458471141
 11
-71.90742707438562
 21
32.78072273910993
 72
     1
 10
-71.90742707438562
 20
32.78072273910993
 11
-69.96659851860409
 21
32.78072273911084
 72
     1
 10
-69.96659851860409
 20
32.78072273911084
 11
-69.8719239549282
 21
32.87539730285084
 72
     1
 10
-69.8719239549282
 20
32.87539730285084
 11
-69.9665985186291
 21
33.11208371218777
 72
     1
 10
-69.9665985186291
 20
33.11208371218777
 11
-71.5760661014549
 21
33.11208371218845
 72
     1
 10
-71.5760661014549
 20
33.11208371218845
 11
-71.6707406651642
 21
33.20675827592868
 72
     1
 10
-71.6707406651642
 20
33.20675827592868
 11
-71.67074066516261
 21
35.85764606058001
 72
     1
 10
-71.67074066516261
 20
35.85764606058001
 11
-71.81275251068791
 21
35.95232062431523
 72
     1
 10
-71.81275251068791
 20
35.95232062431523
 11
-72.6648235839748
 21
35.95232062431091
 72
     1
 10
-72.6648235839748
 20
35.95232062431091
 11
-72.80683542950192
 21
36.23634431552
 72
     1
 10
-72.80683542950192
 20
36.23634431552
 11
-73.04352183874335
 21
36.2363443155225
 72
     1
 10
-73.04352183874335
 20
36.2363443155225
 11
-73.28020824801001
 21
35.8576460605791
 72
     1
 10
-73.28020824801001
 20
35.8576460605791
 11
-73.28020824798818
 21
35.62095965123831
 72
     1
 10
-73.28020824798818
 20
35.62095965123831
 11
-73.13819640242264
 21
35.52628508749876
 72
     1
 10
-73.13819640242264
 20
35.52628508749876
 11
-73.090859120613
 21
33.25409555779925
 72
     1
 10
-73.090859120613
 20
33.25409555779925
 11
-73.23287096615695
 21
33.06474643032971
 97
        0
 92
        0
 93
        9
 72
     1
 10
-75.45772321300615
 20
33.63279381274992
 11
-75.5050604948458
 21
33.53811924900992
 72
     1
 10
-75.5050604948458
 20
33.53811924900992
 11
-75.36304864930526
 21
33.34877012153515
 72
     1
 10
-75.36304864930526
 20
33.34877012153515
 11
-75.07902495822577
 21
33.34877012153197
 72
     1
 10
-75.07902495822577
 20
33.34877012153197
 11
-74.93701311267205
 21
33.4434446852722
 72
     1
 10
-74.93701311267205
 20
33.4434446852722
 11
-74.93701311267523
 21
34.95823770507104
 72
     1
 10
-74.93701311267523
 20
34.95823770507104
 11
-75.03168767636453
 21
35.05291226880877
 72
     1
 10
-75.03168767636453
 20
35.05291226880877
 11
-75.31571136746902
 21
35.00557498693911
 72
     1
 10
-75.31571136746902
 20
35.00557498693911
 11
-75.31571136745742
 21
33.82214294022288
 72
     1
 10
-75.31571136745742
 20
33.82214294022288
 11
-75.45772321299455
 21
33.63279381275242
 97
        0
 92
        0
 93
       18
 72
     1
 10
-75.55239777669544
 20
35.71563421496921
 11
-75.5997350585435
 21
35.66829693310547
 72
     1
 10
-75.5997350585435
 20
35.66829693310547
 11
-75.5997350585435
 21
35.57362236936615
 72
     1
 10
-75.5997350585435
 20
35.57362236936615
 11
-75.45772321300615
 21
35.43161052375945
 72
     1
 10
-75.45772321300615
 20
35.43161052375945
 11
-74.6056521397245
 21
35.3842732418932
 72
     1
 10
-74.6056521397245
 20
35.3842732418932
 11
-74.6056521397229
 21
33.0647464303272
 72
     1
 10
-74.6056521397229
 20
33.0647464303272
 11
-75.31571136745742
 21
33.01740914845823
 72
     1
 10
-75.31571136745742
 20
33.01740914845823
 11
-75.4103859311549
 21
32.82806002098619
 72
     1
 10
-75.4103859311549
 20
32.82806002098619
 11
-75.26837408561096
 21
32.6860481753788
 72
     1
 10
-75.26837408561096
 20
32.6860481753788
 11
-74.36896573050308
 21
32.68604817537471
 72
     1
 10
-74.36896573050308
 20
32.68604817537471
 11
-74.17961660310948
 21
32.8280600209805
 72
     1
 10
-74.17961660310948
 20
32.8280600209805
 11
-74.17961660310789
 21
35.3842732418907
 72
     1
 10
-74.17961660310789
 20
35.3842732418907
 11
-74.08494203939017
 21
35.47894780562842
 72
     1
 10
-74.08494203939017
 20
35.47894780562842
 11
-74.1796166031113
 21
36.14166975178978
 72
     1
 10
-74.1796166031113
 20
36.14166975178978
 11
-74.2742911668056
 21
36.2363443155225
 72
     1
 10
-74.2742911668056
 20
36.2363443155225
 11
-74.6056521397245
 21
36.18900703365853
 72
     1
 10
-74.6056521397245
 20
36.18900703365853
 11
-74.65298942159257
 21
35.81030877871035
 72
     1
 10
-74.65298942159257
 20
35.81030877871035
 11
-75.17369952192689
 21
35.81030877871035
 72
     1
 10
-75.17369952192689
 20
35.81030877871035
 11
-75.55239777669044
 21
35.71563421497012
 97
        0
 92
        0
 93
        5
 72
     1
 10
-77.1145280776816
 20
35.47894780562933
 11
-77.1145280776816
 21
35.71563421496671
 72
     1
 10
-77.1145280776816
 20
35.71563421496671
 11
-76.21511972258031
 21
35.76297149683887
 72
     1
 10
-76.21511972258031
 20
35.76297149683887
 11
-76.2151197225819
 21
35.52628508749717
 72
     1
 10
-76.2151197225819
 20
35.52628508749717
 11
-76.35713156812926
 21
35.43161052375785
 72
     1
 10
-76.35713156812926
 20
35.43161052375785
 11
-77.11452807768501
 21
35.47894780563092
 97
        0
 92
        0
 93
        5
 72
     1
 10
-77.1145280776816
 20
34.86356314133172
 11
-77.1145280776816
 21
35.05291226880877
 72
     1
 10
-77.1145280776816
 20
35.05291226880877
 11
-76.35713156812767
 21
35.1475868325424
 72
     1
 10
-76.35713156812767
 20
35.1475868325424
 11
-76.16778244072407
 21
35.0055749869407
 72
     1
 10
-76.16778244072407
 20
35.0055749869407
 11
-76.26245700443155
 21
34.81622585946707
 72
     1
 10
-76.26245700443155
 20
34.81622585946707
 11
-77.11452807768319
 21
34.86356314133513
 97
        0
 92
        0
 93
        6
 72
     1
 10
-77.1145280776816
 20
34.24817847704094
 11
-77.1145280776816
 21
34.43752760451798
 72
     1
 10
-77.1145280776816
 20
34.43752760451798
 11
-76.92517895029982
 21
34.5322021682523
 72
     1
 10
-76.92517895029982
 20
34.5322021682523
 11
-76.35713156812767
 21
34.53220216825889
 72
     1
 10
-76.35713156812767
 20
34.53220216825889
 11
-76.16778244072407
 21
34.390190322649
 72
     1
 10
-76.16778244072407
 20
34.390190322649
 11
-76.30979428627279
 21
34.20084119516787
 72
     1
 10
-76.30979428627279
 20
34.20084119516787
 11
-77.11452807768319
 21
34.24817847704162
 97
        0
 92
        0
 93
       18
 72
     1
 10
-77.49322633247039
 20
36.04699518804705
 11
-77.54056361431822
 21
35.9996579061833
 72
     1
 10
-77.54056361431822
 20
35.9996579061833
 11
-77.54056361434004
 21
33.96415478582958
 72
     1
 10
-77.54056361434004
 20
33.96415478582958
 11
-77.44588905063415
 21
33.86948022209162
 72
     1
 10
-77.44588905063415
 20
33.86948022209162
 11
-76.21511972259214
 21
33.86948022209162
 72
     1
 10
-76.21511972259214
 20
33.86948022209162
 11
-76.16778244072407
 21
33.15942099406334
 72
     1
 10
-76.16778244072407
 20
33.15942099406334
 11
-76.26245700443155
 21
33.01740914845755
 72
     1
 10
-76.26245700443155
 20
33.01740914845755
 11
-76.4991434136632
 21
33.01740914845914
 72
     1
 10
-76.4991434136632
 20
33.01740914845914
 11
-76.5938179773691
 21
32.87539730285516
 72
     1
 10
-76.5938179773691
 20
32.87539730285516
 11
-76.45180613179673
 21
32.68604817537471
 72
     1
 10
-76.45180613179673
 20
32.68604817537471
 11
-75.93109603148923
 21
32.68604817537471
 72
     1
 10
-75.93109603148923
 20
32.68604817537471
 11
-75.74174690409745
 21
32.87539730285175
 72
     1
 10
-75.74174690409745
 20
32.87539730285175
 11
-75.78908418594528
 21
35.9996579061808
 72
     1
 10
-75.78908418594528
 20
35.9996579061808
 11
-75.88375874964117
 21
36.09433246991762
 72
     1
 10
-75.88375874964117
 20
36.09433246991762
 11
-76.45180613181356
 21
36.09433246992171
 72
     1
 10
-76.45180613181356
 20
36.09433246992171
 11
-76.54648069551286
 21
36.2363443155275
 72
     1
 10
-76.54648069551286
 20
36.2363443155275
 11
-76.925178950298
 21
36.2363443155225
 72
     1
 10
-76.925178950298
 20
36.2363443155225
 11
-77.06719079583695
 21
36.0943324699183
 72
     1
 10
-77.06719079583695
 20
36.0943324699183
 11
-77.49322633247039
 21
36.04699518805205
 97
        0
 92
        0
 93
       10
 72
     1
 10
-77.49322633247039
 20
32.97007186658789
 11
-77.54056361431822
 21
32.92273458471732
 72
     1
 10
-77.54056361431822
 20
32.92273458471732
 11
-77.54056361434004
 21
32.78072273910993
 72
     1
 10
-77.54056361434004
 20
32.78072273910993
 11
-77.44588905063415
 21
32.6860481753763
 72
     1
 10
-77.44588905063415
 20
32.6860481753763
 11
-77.06719079583377
 21
32.68604817537471
 72
     1
 10
-77.06719079583377
 20
32.68604817537471
 11
-76.83050438660894
 21
32.87539730285175
 72
     1
 10
-76.83050438660894
 20
32.87539730285175
 11
-76.59381797737069
 21
33.4434446852747
 72
     1
 10
-76.59381797737069
 20
33.4434446852747
 11
-76.59381797737251
 21
33.6801310946189
 72
     1
 10
-76.59381797737251
 20
33.6801310946189
 11
-76.87784166845177
 21
33.68013109461799
 72
     1
 10
-76.87784166845177
 20
33.68013109461799
 11
-77.16186535954125
 21
33.11208371219277
 72
     1
 10
-77.16186535954125
 20
33.11208371219277
 11
-77.49322633246857
 21
32.97007186658539
 97
        0
 92
        0
 93
        7
 72
     1
 10
-79.90742770672978
 20
34.53220216825889
 11
-79.95476498857784
 21
34.48486488638923
 72
     1
 10
-79.95476498857784
 20
34.48486488638923
 11
-79.9074277067316
 21
34.24817847704094
 72
     1
 10
-79.9074277067316
 20
34.24817847704094
 11
-79.52872945194122
 21
34.24817847704094
 72
     1
 10
-79.52872945194122
 20
34.24817847704094
 11
-79.38671760638886
 21
34.34285304078116
 72
     1
 10
-79.38671760638886
 20
34.34285304078116
 11
-79.15003119714561
 21
34.76888857759741
 72
     1
 10
-79.15003119714561
 20
34.76888857759741
 11
-79.52872945194281
 21
34.81622585946798
 72
     1
 10
-79.52872945194281
 20
34.81622585946798
 11
-79.90742770673319
 21
34.53220216825639
 97
        0
 92
        0
 93
        9
 72
     1
 10
-79.95476498858125
 20
35.99965790618398
 11
-80.00210227042749
 21
35.90498334244376
 72
     1
 10
-80.00210227042749
 20
35.90498334244376
 11
-79.90742770672978
 21
35.81030877871035
 72
     1
 10
-79.90742770672978
 20
35.81030877871035
 11
-78.86600750606453
 21
35.76297149683978
 72
     1
 10
-78.86600750606453
 20
35.76297149683978
 11
-78.86600750606635
 21
34.3901903226465
 72
     1
 10
-78.86600750606635
 20
34.3901903226465
 11
-78.77133294237706
 21
34.24817847703912
 72
     1
 10
-78.77133294237706
 20
34.24817847703912
 11
-78.43997196944974
 21
34.2955157589106
 72
     1
 10
-78.43997196944974
 20
34.2955157589106
 11
-78.43997196943974
 21
36.14166975178978
 72
     1
 10
-78.43997196943974
 20
36.14166975178978
 11
-79.9074277067316
 21
36.1524668848183
 72
     1
 10
-79.9074277067316
 20
36.1524668848183
 11
-79.95476498857784
 21
35.9996579061833
 97
        0
 92
        0
 93
        9
 72
     1
 10
-79.95476498858125
 20
35.10024955067843
 11
-80.00210227042749
 21
35.05291226880877
 72
     1
 10
-80.00210227042749
 20
35.05291226880877
 11
-79.90742770672978
 21
34.95823770506945
 72
     1
 10
-79.90742770672978
 20
34.95823770506945
 11
-79.38671760638545
 21
34.95823770506945
 72
     1
 10
-79.38671760638545
 20
34.95823770506945
 11
-79.15003119714561
 21
35.33693596001763
 72
     1
 10
-79.15003119714561
 20
35.33693596001763
 11
-79.1973684790155
 21
35.47894780563092
 72
     1
 10
-79.1973684790155
 20
35.47894780563092
 11
-79.43405488827534
 21
35.47894780562933
 72
     1
 10
-79.43405488827534
 20
35.47894780562933
 11
-79.67074129748175
 21
35.2422613962824
 72
     1
 10
-79.67074129748175
 20
35.2422613962824
 11
-79.90742770673319
 21
35.24226139628581
 72
     1
 10
-79.90742770673319
 20
35.24226139628581
 11
-79.95476498857784
 21
35.10024955068184
 97
        0
 92
        0
 93
        9
 72
     1
 10
-81.80091898064666
 20
36.14166975178819
 11
-81.84825626249471
 21
36.09433246991762
 72
     1
 10
-81.84825626249471
 20
36.09433246991762
 11
-81.8482562624963
 21
35.85764606058251
 72
     1
 10
-81.8482562624963
 20
35.85764606058251
 11
-81.75358169879883
 21
35.76297149684228
 72
     1
 10
-81.75358169879883
 20
35.76297149684228
 11
-80.75949877998323
 21
35.76297149684069
 72
     1
 10
-80.75949877998323
 20
35.76297149684069
 11
-80.71216149813677
 21
34.2955157589106
 72
     1
 10
-80.71216149813677
 20
34.2955157589106
 11
-80.38080052522628
 21
34.24817847704253
 72
     1
 10
-80.38080052522628
 20
34.24817847704253
 11
-80.28612596151856
 21
34.34285304078116
 72
     1
 10
-80.28612596151856
 20
34.34285304078116
 11
-80.33346324336662
 21
36.14166975179137
 72
     1
 10
-80.33346324336662
 20
36.14166975179137
 11
-81.80091898064848
 21
36.14166975178819
 97
        0
 92
        0
 93
        8
 72
     1
 10
-81.80091898064666
 20
35.24226139628581
 11
-81.84825626249471
 21
35.19492411441615
 72
     1
 10
-81.84825626249471
 20
35.19492411441615
 11
-81.80091898064848
 21
34.95823770507104
 72
     1
 10
-81.80091898064848
 20
34.95823770507104
 11
-81.28020888031415
 21
34.95823770506945
 72
     1
 10
-81.28020888031415
 20
34.95823770506945
 11
-81.0435224710659
 21
35.28959867815388
 72
     1
 10
-81.0435224710659
 20
35.28959867815388
 11
-81.04352247108432
 21
35.4789478056266
 72
     1
 10
-81.04352247108432
 20
35.4789478056266
 11
-81.32754616218199
 21
35.47894780562933
 72
     1
 10
-81.32754616218199
 20
35.47894780562933
 11
-81.61156985324806
 21
35.2422613962824
 72
     1
 10
-81.61156985324806
 20
35.2422613962824
 11
-81.80091898065348
 21
35.24226139628581
 97
        0
 92
        0
 93
       32
 72
     1
 10
-81.80091898064666
 20
32.97007186658789
 11
-81.84825626249471
 21
32.92273458471732
 72
     1
 10
-81.84825626249471
 20
32.92273458471732
 11
-81.8482562624963
 21
32.82806002097959
 72
     1
 10
-81.8482562624963
 20
32.82806002097959
 11
-81.70624441694918
 21
32.73338545724187
 72
     1
 10
-81.70624441694918
 20
32.73338545724187
 11
-81.13819703478703
 21
32.78072273911334
 72
     1
 10
-81.13819703478703
 20
32.78072273911334
 11
-81.04352247108432
 21
32.87539730285084
 72
     1
 10
-81.04352247108432
 20
32.87539730285084
 11
-81.04352247108432
 21
33.25409555779834
 72
     1
 10
-81.04352247108432
 20
33.25409555779834
 11
-80.90151062553696
 21
33.34877012153856
 72
     1
 10
-80.90151062553696
 20
33.34877012153856
 11
-79.15003119714902
 21
33.34877012153197
 72
     1
 10
-79.15003119714902
 20
33.34877012153197
 11
-79.05535663345813
 21
33.20675827592777
 72
     1
 10
-79.05535663345813
 20
33.20675827592777
 11
-79.05535663345654
 21
32.82806002098209
 72
     1
 10
-79.05535663345654
 20
32.82806002098209
 11
-78.913344787921
 21
32.73338545724187
 72
     1
 10
-78.913344787921
 20
32.73338545724187
 11
-78.67665837868276
 21
32.73338545724278
 72
     1
 10
-78.67665837868276
 20
32.73338545724278
 11
-78.53464653315223
 21
32.87539730285266
 72
     1
 10
-78.53464653315223
 20
32.87539730285266
 11
-78.53464653313381
 21
33.25409555779834
 72
     1
 10
-78.53464653313381
 20
33.25409555779834
 11
-78.39263468757827
 21
33.39610740341004
 72
     1
 10
-78.39263468757827
 20
33.39610740341004
 11
-78.39263468760169
 21
33.6801310946139
 72
     1
 10
-78.39263468760169
 20
33.6801310946139
 11
-78.53464653315223
 21
33.77480565835731
 72
     1
 10
-78.53464653315223
 20
33.77480565835731
 11
-78.53464653313381
 21
33.91681750396151
 72
     1
 10
-78.53464653313381
 20
33.91681750396151
 11
-78.6293210968231
 21
34.01149206769742
 72
     1
 10
-78.6293210968231
 20
34.01149206769742
 11
-79.00801935161007
 21
34.01149206769242
 72
     1
 10
-79.00801935161007
 20
34.01149206769242
 11
-79.15003119714561
 21
33.72746837648356
 72
     1
 10
-79.15003119714561
 20
33.72746837648356
 11
-80.99618518924467
 21
33.72746837648606
 72
     1
 10
-80.99618518924467
 20
33.72746837648606
 11
-81.13819703478521
 21
34.01149206769492
 72
     1
 10
-81.13819703478521
 20
34.01149206769492
 11
-81.46955800771934
 21
34.01149206769242
 72
     1
 10
-81.46955800771934
 20
34.01149206769242
 11
-81.61156985324988
 21
33.91681750395901
 72
     1
 10
-81.61156985324988
 20
33.91681750395901
 11
-81.61156985324806
 21
33.77480565835731
 72
     1
 10
-81.61156985324806
 20
33.77480565835731
 11
-81.84825626248971
 21
33.63279381274992
 72
     1
 10
-81.84825626248971
 20
33.63279381274992
 11
-81.8482562624963
 21
33.39610740340504
 72
     1
 10
-81.8482562624963
 20
33.39610740340504
 11
-81.65890713510453
 21
33.34877012153606
 72
     1
 10
-81.65890713510453
 20
33.34877012153606
 11
-81.56423257139681
 21
33.20675827592777
 72
     1
 10
-81.56423257139681
 20
33.20675827592777
 11
-81.65890713510453
 21
33.01740914845595
 72
     1
 10
-81.65890713510453
 20
33.01740914845595
 11
-81.80091898064848
 21
32.97007186658948
 97
        0
 92
        0
 93
        7
 72
     1
 10
-81.8482562624963
 20
34.48486488638423
 11
-81.89559354434437
 21
34.3901903226465
 72
     1
 10
-81.89559354434437
 20
34.3901903226465
 11
-81.80091898064848
 21
34.24817847703912
 72
     1
 10
-81.80091898064848
 20
34.24817847703912
 11
-81.37488344402345
 21
34.24817847704094
 72
     1
 10
-81.37488344402345
 20
34.24817847704094
 11
-81.04352247108773
 21
34.67421401385968
 72
     1
 10
-81.04352247108773
 20
34.67421401385968
 11
-81.09085975293056
 21
34.86356314133513
 72
     1
 10
-81.09085975293056
 20
34.86356314133513
 11
-81.42222072587128
 21
34.81622585946207
 72
     1
 10
-81.42222072587128
 20
34.81622585946207
 11
-81.84825626249471
 21
34.48486488638673
 97
        0
 75
     0
 76
     1
 98
       18
 10
2664.913157364796
 20
36637.51567939872
 10
-8342.544053141077
 20
-4501.323605375148
 10
-8342.544053141077
 20
-4501.323605375148
 10
-8342.544053141077
 20
-4501.323605375148
 10
-8342.544053141077
 20
-4501.323605375148
 10
-8342.544053141077
 20
-4501.323605375148
 10
-8342.544053141077
 20
-4501.323605375148
 10
-8342.544053141077
 20
-4501.323605375148
 10
-8342.544053141077
 20
-4501.323605375148
 10
-8342.544053141077
 20
-4501.323605375148
 10
-8342.544053141077
 20
-4501.323605375148
 10
-8342.544053141077
 20
-4501.323605375148
 10
-8342.544053141077
 20
-4501.323605375148
 10
-8342.544053141077
 20
-4501.323605375148
 10
-8342.544053141077
 20
-4501.323605375148
 10
-8342.544053141077
 20
-4501.323605375148
 10
-8342.544053141077
 20
-4501.323605375148
 10
2664.913157364796
 20
36637.51567939872
  0
HATCH
  5
186
330
12A
100
AcDbEntity
  8
标记
  6
Continuous
 62
   138
100
AcDbHatch
 10
0.0
 20
0.0
 30
0.0
210
0.0
220
0.0
230
1.0
  2
SOLID
 70
     1
 71
     0
 91
        1
 92
        0
 93
       50
 72
     1
 10
-102.3109577153382
 20
35.0765809097436
 11
-103.1630287886098
 21
35.97598926524756
 72
     1
 10
-103.1630287886098
 20
35.97598926524756
 11
-103.2577033522891
 21
36.16533839272461
 72
     1
 10
-103.2577033522891
 20
36.16533839272461
 11
-103.2577033522857
 21
36.44936208393256
 72
     1
 10
-103.2577033522857
 20
36.44936208393256
 11
-103.3523779160034
 21
36.5440366476721
 72
     1
 10
-103.3523779160034
 20
36.5440366476721
 11
-104.3937981166671
 21
36.54403664767369
 72
     1
 10
-104.3937981166671
 20
36.54403664767369
 11
-104.5358099621992
 21
36.4020248020729
 72
     1
 10
-104.5358099621992
 20
36.4020248020729
 11
-104.3937981166587
 21
35.69196557403529
 72
     1
 10
-104.3937981166587
 20
35.69196557403529
 11
-103.1630287886132
 21
34.27184711797736
 72
     1
 10
-103.1630287886132
 20
34.27184711797736
 11
-103.1156915067636
 21
33.84581158115429
 72
     1
 10
-103.1156915067636
 20
33.84581158115429
 11
-103.3050406341572
 21
33.65646245367975
 72
     1
 10
-103.3050406341572
 20
33.65646245367975
 11
-103.541727043377
 21
33.56178788994544
 72
     1
 10
-103.541727043377
 20
33.56178788994544
 11
-104.9618454988308
 21
33.56178788994384
 72
     1
 10
-104.9618454988308
 20
33.56178788994384
 11
-105.0091827806889
 21
34.93456906414031
 72
     1
 10
-105.0091827806889
 20
34.93456906414031
 11
-105.1038573443782
 21
35.02924362787553
 72
     1
 10
-105.1038573443782
 20
35.02924362787553
 11
-106.097940263197
 21
35.02924362787394
 72
     1
 10
-106.097940263197
 20
35.02924362787394
 11
-106.1926148269063
 21
34.93456906413962
 72
     1
 10
-106.1926148269063
 20
34.93456906413962
 11
-106.1926148268828
 21
33.65646245368157
 72
     1
 10
-106.1926148268828
 20
33.65646245368157
 11
-106.2872893905806
 21
33.56178788994544
 72
     1
 10
-106.2872893905806
 20
33.56178788994544
 11
-107.6600705641781
 21
33.56178788994384
 72
     1
 10
-107.6600705641781
 20
33.56178788994384
 11
-107.6600705641781
 21
34.03516070862884
 72
     1
 10
-107.6600705641781
 20
34.03516070862884
 11
-106.9973486183167
 21
34.46119624545008
 72
     1
 10
-106.9973486183167
 20
34.46119624545008
 11
-106.6659876453859
 21
34.98190634600496
 72
     1
 10
-106.6659876453859
 20
34.98190634600496
 11
-106.5713130816782
 21
35.40794188282712
 72
     1
 10
-106.5713130816782
 20
35.40794188282712
 11
-106.5713130816835
 21
36.4020248020729
 72
     1
 10
-106.5713130816835
 20
36.4020248020729
 11
-106.7133249272156
 21
36.54403664767437
 72
     1
 10
-106.7133249272156
 20
36.54403664767437
 11
-107.4233841549249
 21
36.54403664767369
 72
     1
 10
-107.4233841549249
 20
36.54403664767369
 11
-107.7074078460244
 21
36.44936208393597
 72
     1
 10
-107.7074078460244
 20
36.44936208393597
 11
-107.7547451278724
 21
35.26593003721905
 72
     1
 10
-107.7547451278724
 20
35.26593003721905
 11
-107.9914315371157
 21
34.98190634600246
 72
     1
 10
-107.9914315371157
 20
34.98190634600246
 11
-108.4174670737389
 21
34.93456906414281
 72
     1
 10
-108.4174670737389
 20
34.93456906414281
 11
-108.7014907648399
 21
35.12391819160916
 72
     1
 10
-108.7014907648399
 20
35.12391819160916
 11
-108.7961653285311
 21
35.36060460095837
 72
     1
 10
-108.7961653285311
 20
35.36060460095837
 11
-108.8435026103773
 21
36.44936208393506
 72
     1
 10
-108.8435026103773
 20
36.44936208393506
 11
-109.8375855291945
 21
36.44936208393437
 72
     1
 10
-109.8375855291945
 20
36.44936208393437
 11
-109.8849228110407
 21
36.4020248020679
 72
     1
 10
-109.8849228110407
 20
36.4020248020679
 11
-109.8849228110325
 21
35.45527916469609
 72
     1
 10
-109.8849228110325
 20
35.45527916469609
 11
-109.7902482473464
 21
35.02924362787553
 72
     1
 10
-109.7902482473464
 20
35.02924362787553
 11
-109.6008991199531
 21
34.65054537292554
 72
     1
 10
-109.6008991199531
 20
34.65054537292554
 11
-109.1275263014668
 21
34.2245098361052
 72
     1
 10
-109.1275263014668
 20
34.2245098361052
 11
-108.7961653285276
 21
34.08249799050031
 72
     1
 10
-108.7961653285276
 20
34.08249799050031
 11
-108.7961653285292
 21
33.08841507125612
 72
     1
 10
-108.7961653285292
 20
33.08841507125612
 11
-108.7488280466814
 21
32.7570540981751
 72
     1
 10
-108.7488280466814
 20
32.7570540981751
 11
-108.6068162011441
 21
32.61504225257272
 72
     1
 10
-108.6068162011441
 20
32.61504225257272
 11
-103.115691506762
 21
32.61504225257181
 72
     1
 10
-103.115691506762
 20
32.61504225257181
 11
-102.3582949971862
 21
32.89906594378158
 72
     1
 10
-102.3582949971862
 20
32.89906594378158
 11
-102.0742713061034
 21
33.18308963499476
 72
     1
 10
-102.0742713061034
 20
33.18308963499476
 11
-101.8375848968503
 21
33.70379973555191
 72
     1
 10
-101.8375848968503
 20
33.70379973555191
 11
-101.8375848968535
 21
34.2245098361077
 72
     1
 10
-101.8375848968535
 20
34.2245098361077
 11
-101.9322594605712
 21
34.50853352731815
 72
     1
 10
-101.9322594605712
 20
34.50853352731815
 11
-102.31095771534
 21
35.0765809097411
 97
        0
 75
     0
 76
     1
 98
        1
 10
2723.661103576983
 20
36681.1355199681
  0
HATCH
  5
187
330
12A
100
AcDbEntity
  8
标记
  6
Continuous
 62
   138
100
AcDbHatch
 10
0.0
 20
0.0
 30
0.0
210
0.0
220
0.0
230
1.0
  2
SOLID
 70
     1
 71
     0
 91
        1
 92
        0
 93
        4
 72
     1
 10
-105.028477089156
 20
36.74882604176901
 11
-106.1734475938574
 21
36.74882604176901
 72
     1
 10
-106.1734475938574
 20
36.74882604176901
 11
-106.1734475938574
 21
35.69631116522169
 72
     1
 10
-106.1734475938574
 20
35.69631116522169
 11
-105.028477089156
 21
35.6963111652201
 72
     1
 10
-105.028477089156
 20
35.6963111652201
 11
-105.028477089156
 21
36.74882604176833
 97
        0
 75
     0
 76
     1
 98
        1
 10
2699.514929303262
 20
36692.43911321314
  0
ATTDEF
  5
188
330
12A
100
AcDbEntity
  8
尺寸线层
 62
     0
100
AcDbText
 10
-70.2596765625
 20
8.071120689655173
 30
0.0
 40
3.857758620689656
  1
1:9
 41
0.667
  7
机械
 72
     1
 11
-67.5
 21
10.0
 31
0.0
100
AcDbAttributeDefinition
  3
比例
  2
比例
 70
     0
 74
     2
1001
CAXA_DRAFT_TXTSCALE
1041
9.0
1001
CAXA_DRAFT_ATTDEF_2PT
1070
     1
1041
10.0
1041
5.000000000000002
1001
CX_DbAttribDef_OptionalVal
1000

  0
ENDBLK
  5
18A
330
12A
100
AcDbEntity
  8
0
100
AcDbBlockEnd
  0
BLOCK
  5
1BE
330
1BD
100
AcDbEntity
  8
0
100
AcDbBlockBegin
  2
*X4
 70
     1
 10
0.0
 20
0.0
 30
0.0
  3
*X4
  1

  0
LINE
  5
1C0
330
1BD
100
AcDbEntity
  8
尺寸线层
  6
Continuous
 62
     0
100
AcDbLine
 10
1172.630306706876
 20
611.8074012848247
 30
0.0
 11
1266.672231089562
 21
611.8074012848247
 31
0.0
  0
HATCH
  5
1C1
330
1BD
100
AcDbEntity
  8
尺寸线层
  6
Continuous
 62
     0
100
AcDbHatch
 10
0.0
 20
0.0
 30
0.0
210
0.0
220
0.0
230
1.0
  2
SOLID
 70
     1
 71
     0
 91
        1
 92
        0
 93
        3
 72
     1
 10
1217.630306706876
 20
611.8074012848247
 11
1187.630306706876
 21
615.5574012848247
 72
     1
 10
1187.630306706876
 20
615.5574012848247
 11
1187.630306706876
 21
608.0574012848247
 72
     1
 10
1187.630306706876
 20
608.0574012848247
 11
1217.630306706876
 21
611.8074012848247
 97
        0
 75
     0
 76
     1
 98
        1
 10
0.0
 20
0.0
  0
HATCH
  5
1C2
330
1BD
100
AcDbEntity
  8
尺寸线层
  6
Continuous
 62
     0
100
AcDbHatch
 10
0.0
 20
0.0
 30
0.0
210
0.0
220
0.0
230
1.0
  2
SOLID
 70
     1
 71
     0
 91
        1
 92
        0
 93
        3
 72
     1
 10
1218.630306706877
 20
611.8074012848247
 11
1248.630306706877
 21
615.5574012848247
 72
     1
 10
1248.630306706877
 20
615.5574012848247
 11
1248.630306706877
 21
608.0574012848247
 72
     1
 10
1248.630306706877
 20
608.0574012848247
 11
1218.630306706877
 21
611.8074012848247
 97
        0
 75
     0
 76
     1
 98
        1
 10
0.0
 20
0.0
  0
LINE
  5
1C3
330
1BD
100
AcDbEntity
  8
尺寸线层
  6
Continuous
 62
     0
100
AcDbLine
 10
1217.630306706876
 20
654.7391043103326
 30
0.0
 11
1217.630306706876
 21
596.8074012848247
 31
0.0
  0
LINE
  5
1C4
330
1BD
100
AcDbEntity
  8
尺寸线层
  6
Continuous
 62
     0
100
AcDbLine
 10
1218.630306706877
 20
654.7391043103326
 30
0.0
 11
1218.630306706877
 21
596.8074012848247
 31
0.0
  0
MTEXT
  5
1C5
330
1BD
100
AcDbEntity
  8
尺寸线层
 62
     0
100
AcDbMText
 10
1261.830425921964
 20
629.473253240132
 30
0.0
 40
26.25
 41
52.5
 71
     5
 72
     1
  1
\T1.1;2
  7
标准
 73
     1
 44
1.150569886022795
1001
CAXA_DRAFT_TXTSCALE
1041
1.0
1001
ACAD
1000
ACAD_MTEXT_DEFINED_HEIGHT_BEGIN
1070
    46
1040
52.5
1000
ACAD_MTEXT_DEFINED_HEIGHT_END
  0
ENDBLK
  5
1BF
330
1BD
100
AcDbEntity
  8
0
100
AcDbBlockEnd
  0
BLOCK
  5
1D1
330
1C8
100
AcDbEntity
  8
0
100
AcDbBlockBegin
  2
*X5
 70
     1
 10
0.0
 20
0.0
 30
0.0
  3
*X5
  1

  0
LINE
  5
1C9
330
1C8
100
AcDbEntity
  8
尺寸线层
  6
Continuous
 62
     0
370
    35
100
AcDbLine
 10
-0.0000000000003411
 20
449.7534246573413
 30
0.0
 11
-0.0000000000003411
 21
409.7534246573413
 31
0.0
  0
LINE
  5
1CA
330
1C8
100
AcDbEntity
  8
尺寸线层
  6
Continuous
 62
     0
370
    35
100
AcDbLine
 10
-0.0000000000003411
 20
39.99999999999966
 30
0.0
 11
-0.0000000000003411
 21
-0.0000000000003411
 31
0.0
  0
LINE
  5
1CB
330
1C8
100
AcDbEntity
  8
尺寸线层
 62
     0
100
AcDbLine
 10
-0.0000000000003411
 20
449.7534246573413
 30
0.0
 11
63.99999999999966
 21
449.7534246573413
 31
0.0
  0
HATCH
  5
1CC
330
1C8
100
AcDbEntity
  8
尺寸线层
 62
     0
100
AcDbHatch
 10
0.0
 20
0.0
 30
0.0
210
0.0
220
0.0
230
1.0
  2
SOLID
 70
     1
 71
     0
 91
        1
 92
        0
 93
        3
 72
     1
 10
63.99999999999966
 20
449.7534246573413
 11
31.99999999999966
 21
453.7534246573413
 72
     1
 10
31.99999999999966
 20
453.7534246573413
 11
31.99999999999966
 21
445.7534246573413
 72
     1
 10
31.99999999999966
 20
445.7534246573413
 11
63.99999999999966
 21
449.7534246573413
 97
        0
 75
     0
 76
     1
 98
        1
 10
-855.3211969595867
 20
-591.7039005238133
  0
LINE
  5
1CD
330
1C8
100
AcDbEntity
  8
尺寸线层
 62
     0
100
AcDbLine
 10
-0.0000000000003411
 20
-0.0000000000003411
 30
0.0
 11
63.99999999999966
 21
-0.0000000000003411
 31
0.0
  0
HATCH
  5
1CE
330
1C8
100
AcDbEntity
  8
尺寸线层
 62
     0
100
AcDbHatch
 10
0.0
 20
0.0
 30
0.0
210
0.0
220
0.0
230
1.0
  2
SOLID
 70
     1
 71
     0
 91
        1
 92
        0
 93
        3
 72
     1
 10
63.99999999999966
 20
-0.0000000000003411
 11
31.99999999999966
 21
3.999999999999659
 72
     1
 10
31.99999999999966
 20
3.999999999999659
 11
31.99999999999966
 21
-4.000000000000341
 72
     1
 10
31.99999999999966
 20
-4.000000000000341
 11
63.99999999999966
 21
-0.0000000000003411
 97
        0
 75
     0
 76
     1
 98
        1
 10
-855.3211969595867
 20
-591.7039005238133
  0
MTEXT
  5
1CF
330
1C8
100
AcDbEntity
  8
尺寸线层
 62
     0
100
AcDbMText
 10
45.25483399593861
 20
495.0082586532807
 30
0.0
 40
28.0
 41
56.0
 71
     5
 72
     1
  1
\T1.1;B
  7
标准
 73
     1
 44
1.150569886022795
1001
CAXA_DRAFT_TXTSCALE
1041
1.0
1001
ACAD
1000
ACAD_MTEXT_DEFINED_HEIGHT_BEGIN
1070
    46
1040
56.0
1000
ACAD_MTEXT_DEFINED_HEIGHT_END
  0
MTEXT
  5
1D0
330
1C8
100
AcDbEntity
  8
尺寸线层
 62
     0
100
AcDbMText
 10
45.25483399593861
 20
-45.25483399593975
 30
0.0
 40
28.0
 41
56.0
 71
     5
 72
     1
  1
\T1.1;B
  7
标准
 73
     1
 44
1.150569886022795
1001
CAXA_DRAFT_TXTSCALE
1041
1.0
1001
ACAD
1000
ACAD_MTEXT_DEFINED_HEIGHT_BEGIN
1070
    46
1040
56.0
1000
ACAD_MTEXT_DEFINED_HEIGHT_END
  0
ENDBLK
  5
1D2
330
1C8
100
AcDbEntity
  8
0
100
AcDbBlockEnd
  0
BLOCK
  5
1DD
330
1D4
100
AcDbEntity
  8
0
100
AcDbBlockBegin
  2
*X6
 70
     1
 10
0.0
 20
0.0
 30
0.0
  3
*X6
  1

  0
LINE
  5
1D5
330
1D4
100
AcDbEntity
  8
尺寸线层
  6
Continuous
 62
     0
370
    35
100
AcDbLine
 10
0.0
 20
449.7534246573414
 30
0.0
 11
0.0
 21
409.7534246573416
 31
0.0
  0
LINE
  5
1D6
330
1D4
100
AcDbEntity
  8
尺寸线层
  6
Continuous
 62
     0
370
    35
100
AcDbLine
 10
0.0
 20
40.00000000000023
 30
0.0
 11
0.0
 21
0.0000000000002274
 31
0.0
  0
LINE
  5
1D7
330
1D4
100
AcDbEntity
  8
尺寸线层
 62
     0
100
AcDbLine
 10
0.0
 20
449.7534246573414
 30
0.0
 11
64.0
 21
449.7534246573414
 31
0.0
  0
HATCH
  5
1D8
330
1D4
100
AcDbEntity
  8
尺寸线层
 62
     0
100
AcDbHatch
 10
0.0
 20
0.0
 30
0.0
210
0.0
220
0.0
230
1.0
  2
SOLID
 70
     1
 71
     0
 91
        1
 92
        0
 93
        3
 72
     1
 10
64.0
 20
449.7534246573414
 11
32.0
 21
453.7534246573414
 72
     1
 10
32.0
 20
453.7534246573414
 11
32.0
 21
445.7534246573414
 72
     1
 10
32.0
 20
445.7534246573414
 11
64.0
 21
449.7534246573414
 97
        0
 75
     0
 76
     1
 98
        1
 10
-330.6088681926894
 20
-591.703900523813
  0
LINE
  5
1D9
330
1D4
100
AcDbEntity
  8
尺寸线层
 62
     0
100
AcDbLine
 10
0.0
 20
0.0000000000002274
 30
0.0
 11
64.0
 21
0.0000000000002274
 31
0.0
  0
HATCH
  5
1DA
330
1D4
100
AcDbEntity
  8
尺寸线层
 62
     0
100
AcDbHatch
 10
0.0
 20
0.0
 30
0.0
210
0.0
220
0.0
230
1.0
  2
SOLID
 70
     1
 71
     0
 91
        1
 92
        0
 93
        3
 72
     1
 10
64.0
 20
0.0000000000002274
 11
32.0
 21
4.000000000000227
 72
     1
 10
32.0
 20
4.000000000000227
 11
32.0
 21
-3.999999999999773
 72
     1
 10
32.0
 20
-3.999999999999773
 11
64.0
 21
0.0000000000002274
 97
        0
 75
     0
 76
     1
 98
        1
 10
-330.6088681926894
 20
-591.703900523813
  0
MTEXT
  5
1DB
330
1D4
100
AcDbEntity
  8
尺寸线层
 62
     0
100
AcDbMText
 10
45.25483399593759
 20
495.0082586532808
 30
0.0
 40
28.0
 41
56.0
 71
     5
 72
     1
  1
\T1.1;B
  7
标准
 73
     1
 44
1.150569886022795
1001
CAXA_DRAFT_TXTSCALE
1041
1.0
1001
ACAD
1000
ACAD_MTEXT_DEFINED_HEIGHT_BEGIN
1070
    46
1040
56.0
1000
ACAD_MTEXT_DEFINED_HEIGHT_END
  0
MTEXT
  5
1DC
330
1D4
100
AcDbEntity
  8
尺寸线层
 62
     0
100
AcDbMText
 10
45.25483399593759
 20
-45.25483399593918
 30
0.0
 40
28.0
 41
56.0
 71
     5
 72
     1
  1
\T1.1;B
  7
标准
 73
     1
 44
1.150569886022795
1001
CAXA_DRAFT_TXTSCALE
1041
1.0
1001
ACAD
1000
ACAD_MTEXT_DEFINED_HEIGHT_BEGIN
1070
    46
1040
56.0
1000
ACAD_MTEXT_DEFINED_HEIGHT_END
  0
ENDBLK
  5
1DE
330
1D4
100
AcDbEntity
  8
0
100
AcDbBlockEnd
  0
BLOCK
  5
1E4
330
1E3
100
AcDbEntity
  8
0
100
AcDbBlockBegin
  2
*X7
 70
     1
 10
0.0
 20
0.0
 30
0.0
  3
*X7
  1

  0
ARC
  5
1E6
330
1E3
100
AcDbEntity
  8
尺寸线层
  6
Continuous
 62
     0
100
AcDbCircle
 10
1217.649971632198
 20
654.7391043103326
 30
0.0
 40
59.40356181657369
100
AcDbArc
 50
100.2773672252163
 51
179.999999999999
  0
LINE
  5
1E7
330
1E3
100
AcDbEntity
  8
尺寸线层
  6
Continuous
 62
     0
100
AcDbLine
 10
1207.051571261349
 20
713.189571084129
 30
0.0
 11
1211.051571261349
 21
713.189571084129
 31
0.0
  0
LINE
  5
1E8
330
1E3
100
AcDbEntity
  8
尺寸线层
  6
Continuous
 62
     0
100
AcDbLine
 10
1193.6943182477
 20
678.6947576948314
 30
0.0
 11
1162.917388183707
 21
709.4716877588248
 31
0.0
  0
LINE
  5
1E9
330
1E3
100
AcDbEntity
  8
尺寸线层
  6
Continuous
 62
     0
100
AcDbLine
 10
1217.649971632199
 20
654.7391043103326
 30
0.0
 11
1140.246409815624
 21
654.7391043103326
 31
0.0
  0
MTEXT
  5
1EA
330
1E3
100
AcDbEntity
  8
尺寸线层
 62
     0
100
AcDbMText
 10
1244.433104222243
 20
713.189571084129
 30
0.0
 40
31.5
 41
85.82613184357524
 71
     5
 72
     1
  1
\T1.1;45%%D
  7
标准
 73
     1
 44
1.150569886022795
1001
CAXA_DRAFT_TXTSCALE
1041
1.0
1001
ACAD
1000
ACAD_MTEXT_DEFINED_HEIGHT_BEGIN
1070
    46
1040
63.0
1000
ACAD_MTEXT_DEFINED_HEIGHT_END
  0
ENDBLK
  5
1E5
330
1E3
100
AcDbEntity
  8
0
100
AcDbBlockEnd
  0
BLOCK
  5
228
330
227
100
AcDbEntity
  8
0
100
AcDbBlockBegin
  2
*X8
 70
     1
 10
0.0
 20
0.0
 30
0.0
  3
*X8
  1

  0
LINE
  5
22A
330
227
100
AcDbEntity
  8
尺寸线层
  6
Continuous
 62
     0
100
AcDbLine
 10
3605.183167259911
 20
2120.645094111907
 30
0.0
 11
3605.183167259911
 21
1920.645094112851
 31
0.0
  0
HATCH
  5
22B
330
227
100
AcDbEntity
  8
尺寸线层
  6
Continuous
 62
     0
100
AcDbHatch
 10
0.0
 20
0.0
 30
0.0
210
0.0
220
0.0
230
1.0
  2
SOLID
 70
     1
 71
     0
 91
        1
 92
        0
 93
        3
 72
     1
 10
3605.183167259911
 20
2120.645094111907
 11
3609.683167259911
 21
2084.645094111907
 72
     1
 10
3609.683167259911
 20
2084.645094111907
 11
3600.683167259911
 21
2084.645094111907
 72
     1
 10
3600.683167259911
 20
2084.645094111907
 11
3605.183167259911
 21
2120.645094111907
 97
        0
 75
     0
 76
     1
 98
        1
 10
0.0
 20
0.0
  0
HATCH
  5
22C
330
227
100
AcDbEntity
  8
尺寸线层
  6
Continuous
 62
     0
100
AcDbHatch
 10
0.0
 20
0.0
 30
0.0
210
0.0
220
0.0
230
1.0
  2
SOLID
 70
     1
 71
     0
 91
        1
 92
        0
 93
        3
 72
     1
 10
3605.183167259911
 20
1920.645094112851
 11
3609.683167259911
 21
1956.645094112851
 72
     1
 10
3609.683167259911
 20
1956.645094112851
 11
3600.683167259911
 21
1956.645094112851
 72
     1
 10
3600.683167259911
 20
1956.645094112851
 11
3605.183167259911
 21
1920.645094112851
 97
        0
 75
     0
 76
     1
 98
        1
 10
0.0
 20
0.0
  0
LINE
  5
22D
330
227
100
AcDbEntity
  8
尺寸线层
  6
Continuous
 62
     0
100
AcDbLine
 10
3482.003113542343
 20
2120.645094111907
 30
0.0
 11
3623.183167259911
 21
2120.645094111907
 31
0.0
  0
LINE
  5
22E
330
227
100
AcDbEntity
  8
尺寸线层
  6
Continuous
 62
     0
100
AcDbLine
 10
3482.003113542343
 20
1920.645094112851
 30
0.0
 11
3623.183167259911
 21
1920.645094112851
 31
0.0
  0
MTEXT
  5
22F
330
227
100
AcDbEntity
  8
尺寸线层
 62
     0
100
AcDbMText
 10
3583.984144913542
 20
2020.645093612379
 30
0.0
 40
31.5
 41
90.05170726256983
 71
     5
 72
     1
  1
\T1.1;200
  7
标准
 11
6.123233995736766E-17
 21
1.0
 31
0.0
 73
     1
 44
1.150569886022795
1001
CAXA_DRAFT_TXTSCALE
1041
1.0
1001
ACAD
1000
ACAD_MTEXT_DEFINED_HEIGHT_BEGIN
1070
    46
1040
63.0
1000
ACAD_MTEXT_DEFINED_HEIGHT_END
  0
ENDBLK
  5
229
330
227
100
AcDbEntity
  8
0
100
AcDbBlockEnd
  0
BLOCK
  5
232
330
231
100
AcDbEntity
  8
0
100
AcDbBlockBegin
  2
*X9
 70
     1
 10
0.0
 20
0.0
 30
0.0
  3
*X9
  1

  0
LINE
  5
234
330
231
100
AcDbEntity
  8
尺寸线层
  6
Continuous
 62
     0
100
AcDbLine
 10
2556.551741392247
 20
2120.645094111907
 30
0.0
 11
2556.551741392247
 21
1920.645094112853
 31
0.0
  0
HATCH
  5
235
330
231
100
AcDbEntity
  8
尺寸线层
  6
Continuous
 62
     0
100
AcDbHatch
 10
0.0
 20
0.0
 30
0.0
210
0.0
220
0.0
230
1.0
  2
SOLID
 70
     1
 71
     0
 91
        1
 92
        0
 93
        3
 72
     1
 10
2556.551741392247
 20
2120.645094111907
 11
2561.051741392247
 21
2084.645094111907
 72
     1
 10
2561.051741392247
 20
2084.645094111907
 11
2552.051741392247
 21
2084.645094111907
 72
     1
 10
2552.051741392247
 20
2084.645094111907
 11
2556.551741392247
 21
2120.645094111907
 97
        0
 75
     0
 76
     1
 98
        1
 10
0.0
 20
0.0
  0
HATCH
  5
236
330
231
100
AcDbEntity
  8
尺寸线层
  6
Continuous
 62
     0
100
AcDbHatch
 10
0.0
 20
0.0
 30
0.0
210
0.0
220
0.0
230
1.0
  2
SOLID
 70
     1
 71
     0
 91
        1
 92
        0
 93
        3
 72
     1
 10
2556.551741392247
 20
1920.645094112853
 11
2561.051741392247
 21
1956.645094112853
 72
     1
 10
2561.051741392247
 20
1956.645094112853
 11
2552.051741392247
 21
1956.645094112853
 72
     1
 10
2552.051741392247
 20
1956.645094112853
 11
2556.551741392247
 21
1920.645094112853
 97
        0
 75
     0
 76
     1
 98
        1
 10
0.0
 20
0.0
  0
LINE
  5
237
330
231
100
AcDbEntity
  8
尺寸线层
  6
Continuous
 62
     0
100
AcDbLine
 10
2597.003113542343
 20
2120.645094111907
 30
0.0
 11
2538.551741392247
 21
2120.645094111907
 31
0.0
  0
LINE
  5
238
330
231
100
AcDbEntity
  8
尺寸线层
  6
Continuous
 62
     0
100
AcDbLine
 10
2597.003113542343
 20
1920.645094112853
 30
0.0
 11
2538.551741392247
 21
1920.645094112853
 31
0.0
  0
MTEXT
  5
239
330
231
100
AcDbEntity
  8
尺寸线层
 62
     0
100
AcDbMText
 10
2535.352719045879
 20
2020.64509361238
 30
0.0
 40
31.5
 41
90.05170726256983
 71
     5
 72
     1
  1
\T1.1;200
  7
标准
 11
6.123233995736766E-17
 21
1.0
 31
0.0
 73
     1
 44
1.150569886022795
1001
CAXA_DRAFT_TXTSCALE
1041
1.0
1001
ACAD
1000
ACAD_MTEXT_DEFINED_HEIGHT_BEGIN
1070
    46
1040
63.0
1000
ACAD_MTEXT_DEFINED_HEIGHT_END
  0
ENDBLK
  5
233
330
231
100
AcDbEntity
  8
0
100
AcDbBlockEnd
  0
BLOCK
  5
23C
330
23B
100
AcDbEntity
  8
0
100
AcDbBlockBegin
  2
*X10
 70
     1
 10
0.0
 20
0.0
 30
0.0
  3
*X10
  1

  0
LINE
  5
23E
330
23B
100
AcDbEntity
  8
尺寸线层
  6
Continuous
 62
     0
100
AcDbLine
 10
2665.003113542343
 20
2162.752515897582
 30
0.0
 11
2543.003113542343
 21
2162.752515897582
 31
0.0
  0
HATCH
  5
23F
330
23B
100
AcDbEntity
  8
尺寸线层
  6
Continuous
 62
     0
100
AcDbHatch
 10
0.0
 20
0.0
 30
0.0
210
0.0
220
0.0
230
1.0
  2
SOLID
 70
     1
 71
     0
 91
        1
 92
        0
 93
        3
 72
     1
 10
2611.003113542343
 20
2162.752515897582
 11
2647.003113542343
 21
2158.252515897582
 72
     1
 10
2647.003113542343
 20
2158.252515897582
 11
2647.003113542343
 21
2167.252515897582
 72
     1
 10
2647.003113542343
 20
2167.252515897582
 11
2611.003113542343
 21
2162.752515897582
 97
        0
 75
     0
 76
     1
 98
        1
 10
0.0
 20
0.0
  0
HATCH
  5
240
330
23B
100
AcDbEntity
  8
尺寸线层
  6
Continuous
 62
     0
100
AcDbHatch
 10
0.0
 20
0.0
 30
0.0
210
0.0
220
0.0
230
1.0
  2
SOLID
 70
     1
 71
     0
 91
        1
 92
        0
 93
        3
 72
     1
 10
2597.003113542343
 20
2162.752515897582
 11
2561.003113542343
 21
2158.252515897582
 72
     1
 10
2561.003113542343
 20
2158.252515897582
 11
2561.003113542343
 21
2167.252515897582
 72
     1
 10
2561.003113542343
 20
2167.252515897582
 11
2597.003113542343
 21
2162.752515897582
 97
        0
 75
     0
 76
     1
 98
        1
 10
0.0
 20
0.0
  0
LINE
  5
241
330
23B
100
AcDbEntity
  8
尺寸线层
  6
Continuous
 62
     0
100
AcDbLine
 10
2611.003113542343
 20
2120.645094112855
 30
0.0
 11
2611.003113542343
 21
2180.752515897582
 31
0.0
  0
LINE
  5
242
330
23B
100
AcDbEntity
  8
尺寸线层
  6
Continuous
 62
     0
100
AcDbLine
 10
2597.003113542343
 20
2120.645094112855
 30
0.0
 11
2597.003113542343
 21
2180.752515897582
 31
0.0
  0
MTEXT
  5
243
330
23B
100
AcDbEntity
  8
尺寸线层
 62
     0
100
AcDbMText
 10
2604.003113042343
 20
2184.039527070767
 30
0.0
 40
31.5
 41
63.0
 71
     5
 72
     1
  1
\T1.1;14
  7
标准
 73
     1
 44
1.150569886022795
1001
CAXA_DRAFT_TXTSCALE
1041
1.0
1001
ACAD
1000
ACAD_MTEXT_DEFINED_HEIGHT_BEGIN
1070
    46
1040
63.0
1000
ACAD_MTEXT_DEFINED_HEIGHT_END
  0
ENDBLK
  5
23D
330
23B
100
AcDbEntity
  8
0
100
AcDbBlockEnd
  0
BLOCK
  5
246
330
245
100
AcDbEntity
  8
0
100
AcDbBlockBegin
  2
*X11
 70
     1
 10
0.0
 20
0.0
 30
0.0
  3
*X11
  1

  0
LINE
  5
248
330
245
100
AcDbEntity
  8
尺寸线层
  6
Continuous
 62
     0
100
AcDbLine
 10
3165.769142818591
 20
2162.752515897582
 30
0.0
 11
3298.769142818592
 21
2162.752515897582
 31
0.0
  0
HATCH
  5
249
330
245
100
AcDbEntity
  8
尺寸线层
  6
Continuous
 62
     0
100
AcDbHatch
 10
0.0
 20
0.0
 30
0.0
210
0.0
220
0.0
230
1.0
  2
SOLID
 70
     1
 71
     0
 91
        1
 92
        0
 93
        3
 72
     1
 10
3219.769142818591
 20
2162.752515897582
 11
3183.769142818591
 21
2167.252515897582
 72
     1
 10
3183.769142818591
 20
2167.252515897582
 11
3183.769142818591
 21
2158.252515897582
 72
     1
 10
3183.769142818591
 20
2158.252515897582
 11
3219.769142818591
 21
2162.752515897582
 97
        0
 75
     0
 76
     1
 98
        1
 10
0.0
 20
0.0
  0
HATCH
  5
24A
330
245
100
AcDbEntity
  8
尺寸线层
  6
Continuous
 62
     0
100
AcDbHatch
 10
0.0
 20
0.0
 30
0.0
210
0.0
220
0.0
230
1.0
  2
SOLID
 70
     1
 71
     0
 91
        1
 92
        0
 93
        3
 72
     1
 10
3244.769142818592
 20
2162.752515897582
 11
3280.769142818592
 21
2167.252515897582
 72
     1
 10
3280.769142818592
 20
2167.252515897582
 11
3280.769142818592
 21
2158.252515897582
 72
     1
 10
3280.769142818592
 20
2158.252515897582
 11
3244.769142818592
 21
2162.752515897582
 97
        0
 75
     0
 76
     1
 98
        1
 10
0.0
 20
0.0
  0
LINE
  5
24B
330
245
100
AcDbEntity
  8
尺寸线层
  6
Continuous
 62
     0
100
AcDbLine
 10
3219.769142818591
 20
2120.645094112853
 30
0.0
 11
3219.769142818591
 21
2180.752515897582
 31
0.0
  0
LINE
  5
24C
330
245
100
AcDbEntity
  8
尺寸线层
  6
Continuous
 62
     0
100
AcDbLine
 10
3244.769142818592
 20
2120.645094112853
 30
0.0
 11
3244.769142818592
 21
2180.752515897582
 31
0.0
  0
MTEXT
  5
24D
330
245
100
AcDbEntity
  8
尺寸线层
 62
     0
100
AcDbMText
 10
3232.269143318591
 20
2183.951538243951
 30
0.0
 40
31.5
 41
63.0
 71
     5
 72
     1
  1
\T1.1;25
  7
标准
 73
     1
 44
1.150569886022795
1001
CAXA_DRAFT_TXTSCALE
1041
1.0
1001
ACAD
1000
ACAD_MTEXT_DEFINED_HEIGHT_BEGIN
1070
    46
1040
63.0
1000
ACAD_MTEXT_DEFINED_HEIGHT_END
  0
ENDBLK
  5
247
330
245
100
AcDbEntity
  8
0
100
AcDbBlockEnd
  0
BLOCK
  5
250
330
24F
100
AcDbEntity
  8
0
100
AcDbBlockBegin
  2
*X12
 70
     1
 10
0.0
 20
0.0
 30
0.0
  3
*X12
  1

  0
LINE
  5
252
330
24F
100
AcDbEntity
  8
尺寸线层
  6
Continuous
 62
     0
100
AcDbLine
 10
3240.180101722725
 20
2162.752515897582
 30
0.0
 11
3373.180101722725
 21
2162.752515897582
 31
0.0
  0
HATCH
  5
253
330
24F
100
AcDbEntity
  8
尺寸线层
  6
Continuous
 62
     0
100
AcDbHatch
 10
0.0
 20
0.0
 30
0.0
210
0.0
220
0.0
230
1.0
  2
SOLID
 70
     1
 71
     0
 91
        1
 92
        0
 93
        3
 72
     1
 10
3294.180101722725
 20
2162.752515897582
 11
3258.180101722725
 21
2167.252515897582
 72
     1
 10
3258.180101722725
 20
2167.252515897582
 11
3258.180101722725
 21
2158.252515897582
 72
     1
 10
3258.180101722725
 20
2158.252515897582
 11
3294.180101722725
 21
2162.752515897582
 97
        0
 75
     0
 76
     1
 98
        1
 10
0.0
 20
0.0
  0
HATCH
  5
254
330
24F
100
AcDbEntity
  8
尺寸线层
  6
Continuous
 62
     0
100
AcDbHatch
 10
0.0
 20
0.0
 30
0.0
210
0.0
220
0.0
230
1.0
  2
SOLID
 70
     1
 71
     0
 91
        1
 92
        0
 93
        3
 72
     1
 10
3319.180101722725
 20
2162.752515897582
 11
3355.180101722725
 21
2167.252515897582
 72
     1
 10
3355.180101722725
 20
2167.252515897582
 11
3355.180101722725
 21
2158.252515897582
 72
     1
 10
3355.180101722725
 20
2158.252515897582
 11
3319.180101722725
 21
2162.752515897582
 97
        0
 75
     0
 76
     1
 98
        1
 10
0.0
 20
0.0
  0
LINE
  5
255
330
24F
100
AcDbEntity
  8
尺寸线层
  6
Continuous
 62
     0
100
AcDbLine
 10
3294.180101722725
 20
2120.645094112853
 30
0.0
 11
3294.180101722725
 21
2180.752515897582
 31
0.0
  0
LINE
  5
256
330
24F
100
AcDbEntity
  8
尺寸线层
  6
Continuous
 62
     0
100
AcDbLine
 10
3319.180101722725
 20
2120.645094112853
 30
0.0
 11
3319.180101722725
 21
2180.752515897582
 31
0.0
  0
MTEXT
  5
257
330
24F
100
AcDbEntity
  8
尺寸线层
 62
     0
100
AcDbMText
 10
3306.680102222726
 20
2183.951538243951
 30
0.0
 40
31.5
 41
63.0
 71
     5
 72
     1
  1
\T1.1;25
  7
标准
 73
     1
 44
1.150569886022795
1001
CAXA_DRAFT_TXTSCALE
1041
1.0
1001
ACAD
1000
ACAD_MTEXT_DEFINED_HEIGHT_BEGIN
1070
    46
1040
63.0
1000
ACAD_MTEXT_DEFINED_HEIGHT_END
  0
ENDBLK
  5
251
330
24F
100
AcDbEntity
  8
0
100
AcDbBlockEnd
  0
BLOCK
  5
25A
330
259
100
AcDbEntity
  8
0
100
AcDbBlockBegin
  2
*X13
 70
     1
 10
0.0
 20
0.0
 30
0.0
  3
*X13
  1

  0
LINE
  5
25C
330
259
100
AcDbEntity
  8
尺寸线层
  6
Continuous
 62
     0
100
AcDbLine
 10
3414.003113542343
 20
2162.752515897582
 30
0.0
 11
3536.003113542343
 21
2162.752515897582
 31
0.0
  0
HATCH
  5
25D
330
259
100
AcDbEntity
  8
尺寸线层
  6
Continuous
 62
     0
100
AcDbHatch
 10
0.0
 20
0.0
 30
0.0
210
0.0
220
0.0
230
1.0
  2
SOLID
 70
     1
 71
     0
 91
        1
 92
        0
 93
        3
 72
     1
 10
3468.003113542343
 20
2162.752515897582
 11
3432.003113542343
 21
2167.252515897582
 72
     1
 10
3432.003113542343
 20
2167.252515897582
 11
3432.003113542343
 21
2158.252515897582
 72
     1
 10
3432.003113542343
 20
2158.252515897582
 11
3468.003113542343
 21
2162.752515897582
 97
        0
 75
     0
 76
     1
 98
        1
 10
0.0
 20
0.0
  0
HATCH
  5
25E
330
259
100
AcDbEntity
  8
尺寸线层
  6
Continuous
 62
     0
100
AcDbHatch
 10
0.0
 20
0.0
 30
0.0
210
0.0
220
0.0
230
1.0
  2
SOLID
 70
     1
 71
     0
 91
        1
 92
        0
 93
        3
 72
     1
 10
3482.003113542343
 20
2162.752515897582
 11
3518.003113542343
 21
2167.252515897582
 72
     1
 10
3518.003113542343
 20
2167.252515897582
 11
3518.003113542343
 21
2158.252515897582
 72
     1
 10
3518.003113542343
 20
2158.252515897582
 11
3482.003113542343
 21
2162.752515897582
 97
        0
 75
     0
 76
     1
 98
        1
 10
0.0
 20
0.0
  0
LINE
  5
25F
330
259
100
AcDbEntity
  8
尺寸线层
  6
Continuous
 62
     0
100
AcDbLine
 10
3468.003113542343
 20
2120.645094112853
 30
0.0
 11
3468.003113542343
 21
2180.752515897582
 31
0.0
  0
LINE
  5
260
330
259
100
AcDbEntity
  8
尺寸线层
  6
Continuous
 62
     0
100
AcDbLine
 10
3482.003113542343
 20
2120.645094112853
 30
0.0
 11
3482.003113542343
 21
2180.752515897582
 31
0.0
  0
MTEXT
  5
261
330
259
100
AcDbEntity
  8
尺寸线层
 62
     0
100
AcDbMText
 10
3475.003114042343
 20
2184.039527070767
 30
0.0
 40
31.5
 41
63.0
 71
     5
 72
     1
  1
\T1.1;14
  7
标准
 73
     1
 44
1.150569886022795
1001
CAXA_DRAFT_TXTSCALE
1041
1.0
1001
ACAD
1000
ACAD_MTEXT_DEFINED_HEIGHT_BEGIN
1070
    46
1040
63.0
1000
ACAD_MTEXT_DEFINED_HEIGHT_END
  0
ENDBLK
  5
25B
330
259
100
AcDbEntity
  8
0
100
AcDbBlockEnd
  0
BLOCK
  5
264
330
263
100
AcDbEntity
  8
0
100
AcDbBlockBegin
  2
*X14
 70
     1
 10
0.0
 20
0.0
 30
0.0
  3
*X14
  1

  0
LINE
  5
266
330
263
100
AcDbEntity
  8
尺寸线层
  6
Continuous
 62
     0
100
AcDbLine
 10
3537.322796992481
 20
2087.145094112853
 30
0.0
 11
3537.322796992481
 21
1954.145094112853
 31
0.0
  0
HATCH
  5
267
330
263
100
AcDbEntity
  8
尺寸线层
  6
Continuous
 62
     0
100
AcDbHatch
 10
0.0
 20
0.0
 30
0.0
210
0.0
220
0.0
230
1.0
  2
SOLID
 70
     1
 71
     0
 91
        1
 92
        0
 93
        3
 72
     1
 10
3537.322796992481
 20
2033.145094112853
 11
3541.822796992481
 21
2069.145094112853
 72
     1
 10
3541.822796992481
 20
2069.145094112853
 11
3532.822796992481
 21
2069.145094112853
 72
     1
 10
3532.822796992481
 20
2069.145094112853
 11
3537.322796992481
 21
2033.145094112853
 97
        0
 75
     0
 76
     1
 98
        1
 10
0.0
 20
0.0
  0
HATCH
  5
268
330
263
100
AcDbEntity
  8
尺寸线层
  6
Continuous
 62
     0
100
AcDbHatch
 10
0.0
 20
0.0
 30
0.0
210
0.0
220
0.0
230
1.0
  2
SOLID
 70
     1
 71
     0
 91
        1
 92
        0
 93
        3
 72
     1
 10
3537.322796992481
 20
2008.145094112853
 11
3541.822796992481
 21
1972.145094112853
 72
     1
 10
3541.822796992481
 20
1972.145094112853
 11
3532.822796992481
 21
1972.145094112853
 72
     1
 10
3532.822796992481
 20
1972.145094112853
 11
3537.322796992481
 21
2008.145094112853
 97
        0
 75
     0
 76
     1
 98
        1
 10
0.0
 20
0.0
  0
LINE
  5
269
330
263
100
AcDbEntity
  8
尺寸线层
  6
Continuous
 62
     0
100
AcDbLine
 10
3468.003113542343
 20
2033.145094112853
 30
0.0
 11
3555.322796992481
 21
2033.145094112853
 31
0.0
  0
LINE
  5
26A
330
263
100
AcDbEntity
  8
尺寸线层
  6
Continuous
 62
     0
100
AcDbLine
 10
3468.003113542343
 20
2008.145094112853
 30
0.0
 11
3555.322796992481
 21
2008.145094112853
 31
0.0
  0
MTEXT
  5
26B
330
263
100
AcDbEntity
  8
尺寸线层
 62
     0
100
AcDbMText
 10
3516.123774646112
 20
2020.645093612853
 30
0.0
 40
31.5
 41
63.0
 71
     5
 72
     1
  1
\T1.1;25
  7
标准
 11
6.123233995736766E-17
 21
1.0
 31
0.0
 73
     1
 44
1.150569886022795
1001
CAXA_DRAFT_TXTSCALE
1041
1.0
1001
ACAD
1000
ACAD_MTEXT_DEFINED_HEIGHT_BEGIN
1070
    46
1040
63.0
1000
ACAD_MTEXT_DEFINED_HEIGHT_END
  0
ENDBLK
  5
265
330
263
100
AcDbEntity
  8
0
100
AcDbBlockEnd
  0
BLOCK
  5
26E
330
26D
100
AcDbEntity
  8
0
100
AcDbBlockBegin
  2
*X15
 70
     1
 10
0.0
 20
0.0
 30
0.0
  3
*X15
  1

  0
LINE
  5
270
330
26D
100
AcDbEntity
  8
尺寸线层
  6
Continuous
 62
     0
100
AcDbLine
 10
2690.418926206186
 20
1979.145094112855
 30
0.0
 11
2690.418926206186
 21
2174.645094112857
 31
0.0
  0
HATCH
  5
271
330
26D
100
AcDbEntity
  8
尺寸线层
  6
Continuous
 62
     0
100
AcDbHatch
 10
0.0
 20
0.0
 30
0.0
210
0.0
220
0.0
230
1.0
  2
SOLID
 70
     1
 71
     0
 91
        1
 92
        0
 93
        3
 72
     1
 10
2690.418926206186
 20
2033.145094112855
 11
2685.918926206186
 21
1997.145094112855
 72
     1
 10
2685.918926206186
 20
1997.145094112855
 11
2694.918926206186
 21
1997.145094112855
 72
     1
 10
2694.918926206186
 20
1997.145094112855
 11
2690.418926206186
 21
2033.145094112855
 97
        0
 75
     0
 76
     1
 98
        1
 10
0.0
 20
0.0
  0
HATCH
  5
272
330
26D
100
AcDbEntity
  8
尺寸线层
  6
Continuous
 62
     0
100
AcDbHatch
 10
0.0
 20
0.0
 30
0.0
210
0.0
220
0.0
230
1.0
  2
SOLID
 70
     1
 71
     0
 91
        1
 92
        0
 93
        3
 72
     1
 10
2690.418926206186
 20
2120.645094112857
 11
2685.918926206186
 21
2156.645094112857
 72
     1
 10
2685.918926206186
 20
2156.645094112857
 11
2694.918926206186
 21
2156.645094112857
 72
     1
 10
2694.918926206186
 20
2156.645094112857
 11
2690.418926206186
 21
2120.645094112857
 97
        0
 75
     0
 76
     1
 98
        1
 10
0.0
 20
0.0
  0
LINE
  5
273
330
26D
100
AcDbEntity
  8
尺寸线层
  6
Continuous
 62
     0
100
AcDbLine
 10
2750.826125361962
 20
2033.145094112855
 30
0.0
 11
2672.418926206186
 21
2033.145094112855
 31
0.0
  0
LINE
  5
274
330
26D
100
AcDbEntity
  8
尺寸线层
  6
Continuous
 62
     0
100
AcDbLine
 10
2750.826125361962
 20
2120.645094112857
 30
0.0
 11
2672.418926206186
 21
2120.645094112857
 31
0.0
  0
MTEXT
  5
275
330
26D
100
AcDbEntity
  8
尺寸线层
 62
     0
100
AcDbMText
 10
2669.219903859818
 20
2076.895094612856
 30
0.0
 40
31.5
 41
122.8703430167602
 71
     5
 72
     1
  1
\T1.1;87.5
  7
标准
 11
6.123233995736766E-17
 21
1.0
 31
0.0
 73
     1
 44
1.150569886022795
1001
CAXA_DRAFT_TXTSCALE
1041
1.0
1001
ACAD
1000
ACAD_MTEXT_DEFINED_HEIGHT_BEGIN
1070
    46
1040
63.0
1000
ACAD_MTEXT_DEFINED_HEIGHT_END
  0
ENDBLK
  5
26F
330
26D
100
AcDbEntity
  8
0
100
AcDbBlockEnd
  0
BLOCK
  5
278
330
277
100
AcDbEntity
  8
0
100
AcDbBlockBegin
  2
*X16
 70
     1
 10
0.0
 20
0.0
 30
0.0
  3
*X16
  1

  0
LINE
  5
27A
330
277
100
AcDbEntity
  8
尺寸线层
  6
Continuous
 62
     0
100
AcDbLine
 10
2978.503113541702
 20
2162.752515897582
 30
0.0
 11
3100.503113542343
 21
2162.752515897582
 31
0.0
  0
HATCH
  5
27B
330
277
100
AcDbEntity
  8
尺寸线层
  6
Continuous
 62
     0
100
AcDbHatch
 10
0.0
 20
0.0
 30
0.0
210
0.0
220
0.0
230
1.0
  2
SOLID
 70
     1
 71
     0
 91
        1
 92
        0
 93
        3
 72
     1
 10
3032.503113541702
 20
2162.752515897582
 11
2996.503113541702
 21
2167.252515897582
 72
     1
 10
2996.503113541702
 20
2167.252515897582
 11
2996.503113541702
 21
2158.252515897582
 72
     1
 10
2996.503113541702
 20
2158.252515897582
 11
3032.503113541702
 21
2162.752515897582
 97
        0
 75
     0
 76
     1
 98
        1
 10
0.0
 20
0.0
  0
HATCH
  5
27C
330
277
100
AcDbEntity
  8
尺寸线层
  6
Continuous
 62
     0
100
AcDbHatch
 10
0.0
 20
0.0
 30
0.0
210
0.0
220
0.0
230
1.0
  2
SOLID
 70
     1
 71
     0
 91
        1
 92
        0
 93
        3
 72
     1
 10
3046.503113542343
 20
2162.752515897582
 11
3082.503113542343
 21
2167.252515897582
 72
     1
 10
3082.503113542343
 20
2167.252515897582
 11
3082.503113542343
 21
2158.252515897582
 72
     1
 10
3082.503113542343
 20
2158.252515897582
 11
3046.503113542343
 21
2162.752515897582
 97
        0
 75
     0
 76
     1
 98
        1
 10
0.0
 20
0.0
  0
LINE
  5
27D
330
277
100
AcDbEntity
  8
尺寸线层
  6
Continuous
 62
     0
100
AcDbLine
 10
3032.503113541702
 20
2120.645094112855
 30
0.0
 11
3032.503113541702
 21
2180.752515897582
 31
0.0
  0
LINE
  5
27E
330
277
100
AcDbEntity
  8
尺寸线层
  6
Continuous
 62
     0
100
AcDbLine
 10
3046.503113542343
 20
2120.645094112855
 30
0.0
 11
3046.503113542343
 21
2180.752515897582
 31
0.0
  0
MTEXT
  5
27F
330
277
100
AcDbEntity
  8
尺寸线层
 62
     0
100
AcDbMText
 10
3039.503114042023
 20
2184.039527070767
 30
0.0
 40
31.5
 41
63.0
 71
     5
 72
     1
  1
\T1.1;14
  7
标准
 73
     1
 44
1.150569886022795
1001
CAXA_DRAFT_TXTSCALE
1041
1.0
1001
ACAD
1000
ACAD_MTEXT_DEFINED_HEIGHT_BEGIN
1070
    46
1040
63.0
1000
ACAD_MTEXT_DEFINED_HEIGHT_END
  0
ENDBLK
  5
279
330
277
100
AcDbEntity
  8
0
100
AcDbBlockEnd
  0
BLOCK
  5
284
330
283
100
AcDbEntity
  8
0
100
AcDbBlockBegin
  2
*X17
 70
     1
 10
0.0
 20
0.0
 30
0.0
  3
*X17
  1

  0
LINE
  5
286
330
283
100
AcDbEntity
  8
尺寸线层
  6
Continuous
 62
     0
100
AcDbLine
 10
3091.358183914458
 20
2162.752515898375
 30
0.0
 11
3224.358183914458
 21
2162.752515898375
 31
0.0
  0
HATCH
  5
287
330
283
100
AcDbEntity
  8
尺寸线层
  6
Continuous
 62
     0
100
AcDbHatch
 10
0.0
 20
0.0
 30
0.0
210
0.0
220
0.0
230
1.0
  2
SOLID
 70
     1
 71
     0
 91
        1
 92
        0
 93
        3
 72
     1
 10
3145.358183914458
 20
2162.752515898375
 11
3109.358183914458
 21
2167.252515898375
 72
     1
 10
3109.358183914458
 20
2167.252515898375
 11
3109.358183914458
 21
2158.252515898375
 72
     1
 10
3109.358183914458
 20
2158.252515898375
 11
3145.358183914458
 21
2162.752515898375
 97
        0
 75
     0
 76
     1
 98
        1
 10
0.0
 20
0.0
  0
HATCH
  5
288
330
283
100
AcDbEntity
  8
尺寸线层
  6
Continuous
 62
     0
100
AcDbHatch
 10
0.0
 20
0.0
 30
0.0
210
0.0
220
0.0
230
1.0
  2
SOLID
 70
     1
 71
     0
 91
        1
 92
        0
 93
        3
 72
     1
 10
3170.358183914458
 20
2162.752515898375
 11
3206.358183914458
 21
2167.252515898375
 72
     1
 10
3206.358183914458
 20
2167.252515898375
 11
3206.358183914458
 21
2158.252515898375
 72
     1
 10
3206.358183914458
 20
2158.252515898375
 11
3170.358183914458
 21
2162.752515898375
 97
        0
 75
     0
 76
     1
 98
        1
 10
0.0
 20
0.0
  0
LINE
  5
289
330
283
100
AcDbEntity
  8
尺寸线层
  6
Continuous
 62
     0
100
AcDbLine
 10
3145.358183914458
 20
2120.64509411285
 30
0.0
 11
3145.358183914458
 21
2180.752515898375
 31
0.0
  0
LINE
  5
28A
330
283
100
AcDbEntity
  8
尺寸线层
  6
Continuous
 62
     0
100
AcDbLine
 10
3170.358183914458
 20
2120.645094112851
 30
0.0
 11
3170.358183914458
 21
2180.752515898375
 31
0.0
  0
MTEXT
  5
28B
330
283
100
AcDbEntity
  8
尺寸线层
 62
     0
100
AcDbMText
 10
3157.858184414458
 20
2183.951538244744
 30
0.0
 40
31.5
 41
63.0
 71
     5
 72
     1
  1
\T1.1;25
  7
标准
 73
     1
 44
1.150569886022795
1001
CAXA_DRAFT_TXTSCALE
1041
1.0
1001
ACAD
1000
ACAD_MTEXT_DEFINED_HEIGHT_BEGIN
1070
    46
1040
63.0
1000
ACAD_MTEXT_DEFINED_HEIGHT_END
  0
ENDBLK
  5
285
330
283
100
AcDbEntity
  8
0
100
AcDbBlockEnd
  0
BLOCK
  5
28E
330
28D
100
AcDbEntity
  8
0
100
AcDbBlockBegin
  2
*X18
 70
     1
 10
0.0
 20
0.0
 30
0.0
  3
*X18
  1

  0
LINE
  5
290
330
28D
100
AcDbEntity
  8
尺寸线层
  6
Continuous
 62
     0
100
AcDbLine
 10
2845.648043170228
 20
2162.752515897582
 30
0.0
 11
2978.648043169932
 21
2162.752515897582
 31
0.0
  0
HATCH
  5
291
330
28D
100
AcDbEntity
  8
尺寸线层
  6
Continuous
 62
     0
100
AcDbHatch
 10
0.0
 20
0.0
 30
0.0
210
0.0
220
0.0
230
1.0
  2
SOLID
 70
     1
 71
     0
 91
        1
 92
        0
 93
        3
 72
     1
 10
2899.648043170228
 20
2162.752515897582
 11
2863.648043170228
 21
2167.252515897582
 72
     1
 10
2863.648043170228
 20
2167.252515897582
 11
2863.648043170228
 21
2158.252515897582
 72
     1
 10
2863.648043170228
 20
2158.252515897582
 11
2899.648043170228
 21
2162.752515897582
 97
        0
 75
     0
 76
     1
 98
        1
 10
0.0
 20
0.0
  0
HATCH
  5
292
330
28D
100
AcDbEntity
  8
尺寸线层
  6
Continuous
 62
     0
100
AcDbHatch
 10
0.0
 20
0.0
 30
0.0
210
0.0
220
0.0
230
1.0
  2
SOLID
 70
     1
 71
     0
 91
        1
 92
        0
 93
        3
 72
     1
 10
2924.648043169932
 20
2162.752515897582
 11
2960.648043169932
 21
2167.252515897582
 72
     1
 10
2960.648043169932
 20
2167.252515897582
 11
2960.648043169932
 21
2158.252515897582
 72
     1
 10
2960.648043169932
 20
2158.252515897582
 11
2924.648043169932
 21
2162.752515897582
 97
        0
 75
     0
 76
     1
 98
        1
 10
0.0
 20
0.0
  0
LINE
  5
293
330
28D
100
AcDbEntity
  8
尺寸线层
  6
Continuous
 62
     0
100
AcDbLine
 10
2899.648043170228
 20
2120.645094112853
 30
0.0
 11
2899.648043170228
 21
2180.752515897582
 31
0.0
  0
LINE
  5
294
330
28D
100
AcDbEntity
  8
尺寸线层
  6
Continuous
 62
     0
100
AcDbLine
 10
2924.648043169932
 20
2120.645094112853
 30
0.0
 11
2924.648043169932
 21
2180.752515897582
 31
0.0
  0
MTEXT
  5
295
330
28D
100
AcDbEntity
  8
尺寸线层
 62
     0
100
AcDbMText
 10
2912.14804367008
 20
2183.951538243951
 30
0.0
 40
31.5
 41
63.0
 71
     5
 72
     1
  1
\T1.1;25
  7
标准
 73
     1
 44
1.150569886022795
1001
CAXA_DRAFT_TXTSCALE
1041
1.0
1001
ACAD
1000
ACAD_MTEXT_DEFINED_HEIGHT_BEGIN
1070
    46
1040
63.0
1000
ACAD_MTEXT_DEFINED_HEIGHT_END
  0
ENDBLK
  5
28F
330
28D
100
AcDbEntity
  8
0
100
AcDbBlockEnd
  0
BLOCK
  5
298
330
297
100
AcDbEntity
  8
0
100
AcDbBlockBegin
  2
*X19
 70
     1
 10
0.0
 20
0.0
 30
0.0
  3
*X19
  1

  0
LINE
  5
29A
330
297
100
AcDbEntity
  8
尺寸线层
  6
Continuous
 62
     0
100
AcDbLine
 10
2904.237084266096
 20
2162.752515897582
 30
0.0
 11
2771.237084265281
 21
2162.752515897582
 31
0.0
  0
HATCH
  5
29B
330
297
100
AcDbEntity
  8
尺寸线层
  6
Continuous
 62
     0
100
AcDbHatch
 10
0.0
 20
0.0
 30
0.0
210
0.0
220
0.0
230
1.0
  2
SOLID
 70
     1
 71
     0
 91
        1
 92
        0
 93
        3
 72
     1
 10
2850.237084266096
 20
2162.752515897582
 11
2886.237084266096
 21
2158.252515897582
 72
     1
 10
2886.237084266096
 20
2158.252515897582
 11
2886.237084266096
 21
2167.252515897582
 72
     1
 10
2886.237084266096
 20
2167.252515897582
 11
2850.237084266096
 21
2162.752515897582
 97
        0
 75
     0
 76
     1
 98
        1
 10
0.0
 20
0.0
  0
HATCH
  5
29C
330
297
100
AcDbEntity
  8
尺寸线层
  6
Continuous
 62
     0
100
AcDbHatch
 10
0.0
 20
0.0
 30
0.0
210
0.0
220
0.0
230
1.0
  2
SOLID
 70
     1
 71
     0
 91
        1
 92
        0
 93
        3
 72
     1
 10
2825.237084265281
 20
2162.752515897582
 11
2789.237084265281
 21
2158.252515897582
 72
     1
 10
2789.237084265281
 20
2158.252515897582
 11
2789.237084265281
 21
2167.252515897582
 72
     1
 10
2789.237084265281
 20
2167.252515897582
 11
2825.237084265281
 21
2162.752515897582
 97
        0
 75
     0
 76
     1
 98
        1
 10
0.0
 20
0.0
  0
LINE
  5
29D
330
297
100
AcDbEntity
  8
尺寸线层
  6
Continuous
 62
     0
100
AcDbLine
 10
2850.237084266096
 20
2120.645094112855
 30
0.0
 11
2850.237084266096
 21
2180.752515897582
 31
0.0
  0
LINE
  5
29E
330
297
100
AcDbEntity
  8
尺寸线层
  6
Continuous
 62
     0
100
AcDbLine
 10
2825.237084265281
 20
2120.645094112855
 30
0.0
 11
2825.237084265281
 21
2180.752515897582
 31
0.0
  0
MTEXT
  5
29F
330
297
100
AcDbEntity
  8
尺寸线层
 62
     0
100
AcDbMText
 10
2837.737083765689
 20
2183.951538243951
 30
0.0
 40
31.5
 41
63.0
 71
     5
 72
     1
  1
\T1.1;25
  7
标准
 73
     1
 44
1.150569886022795
1001
CAXA_DRAFT_TXTSCALE
1041
1.0
1001
ACAD
1000
ACAD_MTEXT_DEFINED_HEIGHT_BEGIN
1070
    46
1040
63.0
1000
ACAD_MTEXT_DEFINED_HEIGHT_END
  0
ENDBLK
  5
299
330
297
100
AcDbEntity
  8
0
100
AcDbBlockEnd
  0
BLOCK
  5
2A2
330
2A1
100
AcDbEntity
  8
0
100
AcDbBlockBegin
  2
*X20
 70
     1
 10
0.0
 20
0.0
 30
0.0
  3
*X20
  1

  0
LINE
  5
2A4
330
2A1
100
AcDbEntity
  8
尺寸线层
  6
Continuous
 62
     0
100
AcDbLine
 10
2829.826125361962
 20
2162.752515898208
 30
0.0
 11
2696.826125361962
 21
2162.752515898208
 31
0.0
  0
HATCH
  5
2A5
330
2A1
100
AcDbEntity
  8
尺寸线层
  6
Continuous
 62
     0
100
AcDbHatch
 10
0.0
 20
0.0
 30
0.0
210
0.0
220
0.0
230
1.0
  2
SOLID
 70
     1
 71
     0
 91
        1
 92
        0
 93
        3
 72
     1
 10
2775.826125361962
 20
2162.752515898208
 11
2811.826125361962
 21
2158.252515898208
 72
     1
 10
2811.826125361962
 20
2158.252515898208
 11
2811.826125361962
 21
2167.252515898208
 72
     1
 10
2811.826125361962
 20
2167.252515898208
 11
2775.826125361962
 21
2162.752515898208
 97
        0
 75
     0
 76
     1
 98
        1
 10
0.0
 20
0.0
  0
HATCH
  5
2A6
330
2A1
100
AcDbEntity
  8
尺寸线层
  6
Continuous
 62
     0
100
AcDbHatch
 10
0.0
 20
0.0
 30
0.0
210
0.0
220
0.0
230
1.0
  2
SOLID
 70
     1
 71
     0
 91
        1
 92
        0
 93
        3
 72
     1
 10
2750.826125361962
 20
2162.752515898208
 11
2714.826125361962
 21
2158.252515898208
 72
     1
 10
2714.826125361962
 20
2158.252515898208
 11
2714.826125361962
 21
2167.252515898208
 72
     1
 10
2714.826125361962
 20
2167.252515898208
 11
2750.826125361962
 21
2162.752515898208
 97
        0
 75
     0
 76
     1
 98
        1
 10
0.0
 20
0.0
  0
LINE
  5
2A7
330
2A1
100
AcDbEntity
  8
尺寸线层
  6
Continuous
 62
     0
100
AcDbLine
 10
2775.826125361962
 20
2120.645094112855
 30
0.0
 11
2775.826125361962
 21
2180.752515898208
 31
0.0
  0
LINE
  5
2A8
330
2A1
100
AcDbEntity
  8
尺寸线层
  6
Continuous
 62
     0
100
AcDbLine
 10
2750.826125361962
 20
2120.645094112853
 30
0.0
 11
2750.826125361962
 21
2180.752515898208
 31
0.0
  0
MTEXT
  5
2A9
330
2A1
100
AcDbEntity
  8
尺寸线层
 62
     0
100
AcDbMText
 10
2763.326124861961
 20
2183.951538244577
 30
0.0
 40
31.5
 41
63.0
 71
     5
 72
     1
  1
\T1.1;25
  7
标准
 73
     1
 44
1.150569886022795
1001
CAXA_DRAFT_TXTSCALE
1041
1.0
1001
ACAD
1000
ACAD_MTEXT_DEFINED_HEIGHT_BEGIN
1070
    46
1040
63.0
1000
ACAD_MTEXT_DEFINED_HEIGHT_END
  0
ENDBLK
  5
2A3
330
2A1
100
AcDbEntity
  8
0
100
AcDbBlockEnd
  0
BLOCK
  5
2AC
330
2AB
100
AcDbEntity
  8
0
100
AcDbBlockBegin
  2
*X21
 70
     1
 10
0.0
 20
0.0
 30
0.0
  3
*X21
  1

  0
LINE
  5
2AE
330
2AB
100
AcDbEntity
  8
尺寸线层
  6
Continuous
 62
     0
100
AcDbLine
 10
2991.980712733401
 20
2174.645094111906
 30
0.0
 11
2991.980712733401
 21
1979.145094112855
 31
0.0
  0
HATCH
  5
2AF
330
2AB
100
AcDbEntity
  8
尺寸线层
  6
Continuous
 62
     0
100
AcDbHatch
 10
0.0
 20
0.0
 30
0.0
210
0.0
220
0.0
230
1.0
  2
SOLID
 70
     1
 71
     0
 91
        1
 92
        0
 93
        3
 72
     1
 10
2991.980712733401
 20
2120.645094111906
 11
2996.480712733401
 21
2156.645094111906
 72
     1
 10
2996.480712733401
 20
2156.645094111906
 11
2987.480712733401
 21
2156.645094111906
 72
     1
 10
2987.480712733401
 20
2156.645094111906
 11
2991.980712733401
 21
2120.645094111906
 97
        0
 75
     0
 76
     1
 98
        1
 10
0.0
 20
0.0
  0
HATCH
  5
2B0
330
2AB
100
AcDbEntity
  8
尺寸线层
  6
Continuous
 62
     0
100
AcDbHatch
 10
0.0
 20
0.0
 30
0.0
210
0.0
220
0.0
230
1.0
  2
SOLID
 70
     1
 71
     0
 91
        1
 92
        0
 93
        3
 72
     1
 10
2991.980712733401
 20
2033.145094112855
 11
2996.480712733401
 21
1997.145094112855
 72
     1
 10
2996.480712733401
 20
1997.145094112855
 11
2987.480712733401
 21
1997.145094112855
 72
     1
 10
2987.480712733401
 20
1997.145094112855
 11
2991.980712733401
 21
2033.145094112855
 97
        0
 75
     0
 76
     1
 98
        1
 10
0.0
 20
0.0
  0
LINE
  5
2B1
330
2AB
100
AcDbEntity
  8
尺寸线层
  6
Continuous
 62
     0
100
AcDbLine
 10
3032.503113542343
 20
2120.645094111906
 30
0.0
 11
2973.980712733401
 21
2120.645094111906
 31
0.0
  0
LINE
  5
2B2
330
2AB
100
AcDbEntity
  8
尺寸线层
  6
Continuous
 62
     0
100
AcDbLine
 10
3032.503113542343
 20
2033.145094112855
 30
0.0
 11
2973.980712733401
 21
2033.145094112855
 31
0.0
  0
MTEXT
  5
2B3
330
2AB
100
AcDbEntity
  8
尺寸线层
 62
     0
100
AcDbMText
 10
2970.781690387032
 20
2076.89509361238
 30
0.0
 40
31.5
 41
122.8703430167602
 71
     5
 72
     1
  1
\T1.1;87.5
  7
标准
 11
6.123233995736766E-17
 21
1.0
 31
0.0
 73
     1
 44
1.150569886022795
1001
CAXA_DRAFT_TXTSCALE
1041
1.0
1001
ACAD
1000
ACAD_MTEXT_DEFINED_HEIGHT_BEGIN
1070
    46
1040
63.0
1000
ACAD_MTEXT_DEFINED_HEIGHT_END
  0
ENDBLK
  5
2AD
330
2AB
100
AcDbEntity
  8
0
100
AcDbBlockEnd
  0
BLOCK
  5
2B7
330
2B6
100
AcDbEntity
  8
0
100
AcDbBlockBegin
  2
*X22
 70
     1
 10
0.0
 20
0.0
 30
0.0
  3
*X22
  1

  0
LINE
  5
2B9
330
2B6
100
AcDbEntity
  8
尺寸线层
  6
Continuous
 62
     0
100
AcDbLine
 10
1162.649971632199
 20
980.5191067670239
 30
0.0
 11
1272.649971632199
 21
980.5191067670239
 31
0.0
  0
HATCH
  5
2BA
330
2B6
100
AcDbEntity
  8
尺寸线层
  6
Continuous
 62
     0
100
AcDbHatch
 10
0.0
 20
0.0
 30
0.0
210
0.0
220
0.0
230
1.0
  2
SOLID
 70
     1
 71
     0
 91
        1
 92
        0
 93
        3
 72
     1
 10
1216.649971632199
 20
980.5191067670239
 11
1180.649971632199
 21
985.0191067670239
 72
     1
 10
1180.649971632199
 20
985.0191067670239
 11
1180.649971632199
 21
976.0191067670239
 72
     1
 10
1180.649971632199
 20
976.0191067670239
 11
1216.649971632199
 21
980.5191067670239
 97
        0
 75
     0
 76
     1
 98
        1
 10
0.0
 20
0.0
  0
HATCH
  5
2BB
330
2B6
100
AcDbEntity
  8
尺寸线层
  6
Continuous
 62
     0
100
AcDbHatch
 10
0.0
 20
0.0
 30
0.0
210
0.0
220
0.0
230
1.0
  2
SOLID
 70
     1
 71
     0
 91
        1
 92
        0
 93
        3
 72
     1
 10
1218.649971632199
 20
980.5191067670239
 11
1254.649971632199
 21
985.0191067670239
 72
     1
 10
1254.649971632199
 20
985.0191067670239
 11
1254.649971632199
 21
976.0191067670239
 72
     1
 10
1254.649971632199
 20
976.0191067670239
 11
1218.649971632199
 21
980.5191067670239
 97
        0
 75
     0
 76
     1
 98
        1
 10
0.0
 20
0.0
  0
LINE
  5
2BC
330
2B6
100
AcDbEntity
  8
尺寸线层
  6
Continuous
 62
     0
100
AcDbLine
 10
1216.649971632199
 20
953.6178292498207
 30
0.0
 11
1216.649971632199
 21
998.5191067670239
 31
0.0
  0
LINE
  5
2BD
330
2B6
100
AcDbEntity
  8
尺寸线层
  6
Continuous
 62
     0
100
AcDbLine
 10
1218.649971632199
 20
953.6178292498207
 30
0.0
 11
1218.649971632199
 21
998.5191067670239
 31
0.0
  0
MTEXT
  5
2BE
330
2B6
100
AcDbEntity
  8
尺寸线层
 62
     0
100
AcDbMText
 10
1217.649972132199
 20
1001.718129113393
 30
0.0
 40
31.5
 41
63.0
 71
     5
 72
     1
  1
\T1.1;2
  7
标准
 73
     1
 44
1.150569886022795
1001
CAXA_DRAFT_TXTSCALE
1041
1.0
1001
ACAD
1000
ACAD_MTEXT_DEFINED_HEIGHT_BEGIN
1070
    46
1040
63.0
1000
ACAD_MTEXT_DEFINED_HEIGHT_END
  0
ENDBLK
  5
2B8
330
2B6
100
AcDbEntity
  8
0
100
AcDbBlockEnd
  0
BLOCK
  5
2C1
330
2C0
100
AcDbEntity
  8
0
100
AcDbBlockBegin
  2
*X23
 70
     1
 10
0.0
 20
0.0
 30
0.0
  3
*X23
  1

  0
ARC
  5
2C3
330
2C0
100
AcDbEntity
  8
尺寸线层
  6
Continuous
 62
     0
100
AcDbCircle
 10
1216.649971632153
 20
953.6178292498207
 30
0.0
 40
65.00913216017649
100
AcDbArc
 50
148.2714105859956
 51
224.9999999999986
  0
LINE
  5
2C4
330
2C0
100
AcDbEntity
  8
尺寸线层
  6
Continuous
 62
     0
100
AcDbLine
 10
1161.356532025202
 20
987.8058798033649
 30
0.0
 11
1157.356532025202
 21
987.8058798033649
 31
0.0
  0
LINE
  5
2C5
330
2C0
100
AcDbEntity
  8
尺寸线层
  6
Continuous
 62
     0
100
AcDbLine
 10
1216.649971632199
 20
953.6178292498207
 30
0.0
 11
1133.640839471977
 21
953.6178292498207
 31
0.0
  0
LINE
  5
2C6
330
2C0
100
AcDbEntity
  8
尺寸线层
  6
Continuous
 62
     0
100
AcDbLine
 10
1193.694318247701
 20
930.6621758653691
 30
0.0
 11
1157.953651381281
 21
894.9215089989507
 31
0.0
  0
MTEXT
  5
2C7
330
2C0
100
AcDbEntity
  8
尺寸线层
 62
     0
100
AcDbMText
 10
1123.974999064308
 20
987.8058798033649
 30
0.0
 40
31.5
 41
85.82613184357524
 71
     5
 72
     1
  1
\T1.1;45%%D
  7
标准
 73
     1
 44
1.150569886022795
1001
CAXA_DRAFT_TXTSCALE
1041
1.0
1001
ACAD
1000
ACAD_MTEXT_DEFINED_HEIGHT_BEGIN
1070
    46
1040
63.0
1000
ACAD_MTEXT_DEFINED_HEIGHT_END
  0
ENDBLK
  5
2C2
330
2C0
100
AcDbEntity
  8
0
100
AcDbBlockEnd
  0
BLOCK
  5
2E4
330
2E3
100
AcDbEntity
  8
0
100
AcDbBlockBegin
  2
*X24
 70
     1
 10
0.0
 20
0.0
 30
0.0
  3
*X24
  1

  0
LINE
  5
2E6
330
2E3
100
AcDbEntity
  8
尺寸线层
  6
Continuous
 62
     0
100
AcDbLine
 10
2342.80214227882
 20
2401.780607114979
 30
0.0
 11
2142.802142279766
 21
2401.780607114979
 31
0.0
  0
HATCH
  5
2E7
330
2E3
100
AcDbEntity
  8
尺寸线层
  6
Continuous
 62
     0
100
AcDbHatch
 10
0.0
 20
0.0
 30
0.0
210
0.0
220
0.0
230
1.0
  2
SOLID
 70
     1
 71
     0
 91
        1
 92
        0
 93
        3
 72
     1
 10
2342.80214227882
 20
2401.780607114979
 11
2306.80214227882
 21
2397.280607114979
 72
     1
 10
2306.80214227882
 20
2397.280607114979
 11
2306.80214227882
 21
2406.280607114979
 72
     1
 10
2306.80214227882
 20
2406.280607114979
 11
2342.80214227882
 21
2401.780607114979
 97
        0
 75
     0
 76
     1
 98
        1
 10
0.0
 20
0.0
  0
HATCH
  5
2E8
330
2E3
100
AcDbEntity
  8
尺寸线层
  6
Continuous
 62
     0
100
AcDbHatch
 10
0.0
 20
0.0
 30
0.0
210
0.0
220
0.0
230
1.0
  2
SOLID
 70
     1
 71
     0
 91
        1
 92
        0
 93
        3
 72
     1
 10
2142.802142279766
 20
2401.780607114979
 11
2178.802142279766
 21
2397.280607114979
 72
     1
 10
2178.802142279766
 20
2397.280607114979
 11
2178.802142279766
 21
2406.280607114979
 72
     1
 10
2178.802142279766
 20
2406.280607114979
 11
2142.802142279766
 21
2401.780607114979
 97
        0
 75
     0
 76
     1
 98
        1
 10
0.0
 20
0.0
  0
LINE
  5
2E9
330
2E3
100
AcDbEntity
  8
尺寸线层
  6
Continuous
 62
     0
100
AcDbLine
 10
2342.80214227882
 20
2341.518338216938
 30
0.0
 11
2342.80214227882
 21
2419.780607114979
 31
0.0
  0
LINE
  5
2EA
330
2E3
100
AcDbEntity
  8
尺寸线层
  6
Continuous
 62
     0
100
AcDbLine
 10
2142.802142279766
 20
2341.518338216938
 30
0.0
 11
2142.802142279766
 21
2419.780607114979
 31
0.0
  0
MTEXT
  5
2EB
330
2E3
100
AcDbEntity
  8
尺寸线层
 62
     0
100
AcDbMText
 10
2242.802141779293
 20
2422.979629461347
 30
0.0
 40
31.5
 41
90.05170726256983
 71
     5
 72
     1
  1
\T1.1;200
  7
标准
 73
     1
 44
1.150569886022795
1001
CAXA_DRAFT_TXTSCALE
1041
1.0
1001
ACAD
1000
ACAD_MTEXT_DEFINED_HEIGHT_BEGIN
1070
    46
1040
63.0
1000
ACAD_MTEXT_DEFINED_HEIGHT_END
  0
ENDBLK
  5
2E5
330
2E3
100
AcDbEntity
  8
0
100
AcDbBlockEnd
  0
BLOCK
  5
2EE
330
2ED
100
AcDbEntity
  8
0
100
AcDbBlockBegin
  2
*X25
 70
     1
 10
0.0
 20
0.0
 30
0.0
  3
*X25
  1

  0
LINE
  5
2F0
330
2ED
100
AcDbEntity
  8
尺寸线层
  6
Continuous
 62
     0
100
AcDbLine
 10
2082.757243016244
 20
2227.85861134269
 30
0.0
 11
2082.757243016244
 21
2094.85861134269
 31
0.0
  0
HATCH
  5
2F1
330
2ED
100
AcDbEntity
  8
尺寸线层
  6
Continuous
 62
     0
100
AcDbHatch
 10
0.0
 20
0.0
 30
0.0
210
0.0
220
0.0
230
1.0
  2
SOLID
 70
     1
 71
     0
 91
        1
 92
        0
 93
        3
 72
     1
 10
2082.757243016244
 20
2173.85861134269
 11
2087.257243016244
 21
2209.85861134269
 72
     1
 10
2087.257243016244
 20
2209.85861134269
 11
2078.257243016244
 21
2209.85861134269
 72
     1
 10
2078.257243016244
 20
2209.85861134269
 11
2082.757243016244
 21
2173.85861134269
 97
        0
 75
     0
 76
     1
 98
        1
 10
0.0
 20
0.0
  0
HATCH
  5
2F2
330
2ED
100
AcDbEntity
  8
尺寸线层
  6
Continuous
 62
     0
100
AcDbHatch
 10
0.0
 20
0.0
 30
0.0
210
0.0
220
0.0
230
1.0
  2
SOLID
 70
     1
 71
     0
 91
        1
 92
        0
 93
        3
 72
     1
 10
2082.757243016244
 20
2148.85861134269
 11
2087.257243016244
 21
2112.85861134269
 72
     1
 10
2087.257243016244
 20
2112.85861134269
 11
2078.257243016244
 21
2112.85861134269
 72
     1
 10
2078.257243016244
 20
2112.85861134269
 11
2082.757243016244
 21
2148.85861134269
 97
        0
 75
     0
 76
     1
 98
        1
 10
0.0
 20
0.0
  0
LINE
  5
2F3
330
2ED
100
AcDbEntity
  8
尺寸线层
  6
Continuous
 62
     0
100
AcDbLine
 10
2142.802142279766
 20
2173.85861134269
 30
0.0
 11
2064.757243016244
 21
2173.85861134269
 31
0.0
  0
LINE
  5
2F4
330
2ED
100
AcDbEntity
  8
尺寸线层
  6
Continuous
 62
     0
100
AcDbLine
 10
2142.802142279766
 20
2148.85861134269
 30
0.0
 11
2064.757243016244
 21
2148.85861134269
 31
0.0
  0
MTEXT
  5
2F5
330
2ED
100
AcDbEntity
  8
尺寸线层
 62
     0
100
AcDbMText
 10
2061.558220669875
 20
2161.35861084269
 30
0.0
 40
31.5
 41
63.0
 71
     5
 72
     1
  1
\T1.1;25
  7
标准
 11
6.123233995736766E-17
 21
1.0
 31
0.0
 73
     1
 44
1.150569886022795
1001
CAXA_DRAFT_TXTSCALE
1041
1.0
1001
ACAD
1000
ACAD_MTEXT_DEFINED_HEIGHT_BEGIN
1070
    46
1040
63.0
1000
ACAD_MTEXT_DEFINED_HEIGHT_END
  0
ENDBLK
  5
2EF
330
2ED
100
AcDbEntity
  8
0
100
AcDbBlockEnd
  0
BLOCK
  5
2F8
330
2F7
100
AcDbEntity
  8
0
100
AcDbBlockBegin
  2
*X26
 70
     1
 10
0.0
 20
0.0
 30
0.0
  3
*X26
  1

  0
LINE
  5
2FA
330
2F7
100
AcDbEntity
  8
尺寸线层
  6
Continuous
 62
     0
100
AcDbLine
 10
2082.757243016244
 20
2157.85861134269
 30
0.0
 11
2082.757243016244
 21
2024.85861134269
 31
0.0
  0
HATCH
  5
2FB
330
2F7
100
AcDbEntity
  8
尺寸线层
  6
Continuous
 62
     0
100
AcDbHatch
 10
0.0
 20
0.0
 30
0.0
210
0.0
220
0.0
230
1.0
  2
SOLID
 70
     1
 71
     0
 91
        1
 92
        0
 93
        3
 72
     1
 10
2082.757243016244
 20
2103.85861134269
 11
2087.257243016244
 21
2139.85861134269
 72
     1
 10
2087.257243016244
 20
2139.85861134269
 11
2078.257243016244
 21
2139.85861134269
 72
     1
 10
2078.257243016244
 20
2139.85861134269
 11
2082.757243016244
 21
2103.85861134269
 97
        0
 75
     0
 76
     1
 98
        1
 10
0.0
 20
0.0
  0
HATCH
  5
2FC
330
2F7
100
AcDbEntity
  8
尺寸线层
  6
Continuous
 62
     0
100
AcDbHatch
 10
0.0
 20
0.0
 30
0.0
210
0.0
220
0.0
230
1.0
  2
SOLID
 70
     1
 71
     0
 91
        1
 92
        0
 93
        3
 72
     1
 10
2082.757243016244
 20
2078.85861134269
 11
2087.257243016244
 21
2042.85861134269
 72
     1
 10
2087.257243016244
 20
2042.85861134269
 11
2078.257243016244
 21
2042.85861134269
 72
     1
 10
2078.257243016244
 20
2042.85861134269
 11
2082.757243016244
 21
2078.85861134269
 97
        0
 75
     0
 76
     1
 98
        1
 10
0.0
 20
0.0
  0
LINE
  5
2FD
330
2F7
100
AcDbEntity
  8
尺寸线层
  6
Continuous
 62
     0
100
AcDbLine
 10
2142.802142279766
 20
2103.85861134269
 30
0.0
 11
2064.757243016244
 21
2103.85861134269
 31
0.0
  0
LINE
  5
2FE
330
2F7
100
AcDbEntity
  8
尺寸线层
  6
Continuous
 62
     0
100
AcDbLine
 10
2142.802142279766
 20
2078.85861134269
 30
0.0
 11
2064.757243016244
 21
2078.85861134269
 31
0.0
  0
MTEXT
  5
2FF
330
2F7
100
AcDbEntity
  8
尺寸线层
 62
     0
100
AcDbMText
 10
2061.558220669875
 20
2091.35861084269
 30
0.0
 40
31.5
 41
63.0
 71
     5
 72
     1
  1
\T1.1;25
  7
标准
 11
6.123233995736766E-17
 21
1.0
 31
0.0
 73
     1
 44
1.150569886022795
1001
CAXA_DRAFT_TXTSCALE
1041
1.0
1001
ACAD
1000
ACAD_MTEXT_DEFINED_HEIGHT_BEGIN
1070
    46
1040
63.0
1000
ACAD_MTEXT_DEFINED_HEIGHT_END
  0
ENDBLK
  5
2F9
330
2F7
100
AcDbEntity
  8
0
100
AcDbBlockEnd
  0
BLOCK
  5
302
330
301
100
AcDbEntity
  8
0
100
AcDbBlockBegin
  2
*X27
 70
     1
 10
0.0
 20
0.0
 30
0.0
  3
*X27
  1

  0
LINE
  5
304
330
301
100
AcDbEntity
  8
尺寸线层
  6
Continuous
 62
     0
100
AcDbLine
 10
2082.757243016244
 20
2087.85861134269
 30
0.0
 11
2082.757243016244
 21
1954.85861134269
 31
0.0
  0
HATCH
  5
305
330
301
100
AcDbEntity
  8
尺寸线层
  6
Continuous
 62
     0
100
AcDbHatch
 10
0.0
 20
0.0
 30
0.0
210
0.0
220
0.0
230
1.0
  2
SOLID
 70
     1
 71
     0
 91
        1
 92
        0
 93
        3
 72
     1
 10
2082.757243016244
 20
2033.85861134269
 11
2087.257243016244
 21
2069.85861134269
 72
     1
 10
2087.257243016244
 20
2069.85861134269
 11
2078.257243016244
 21
2069.85861134269
 72
     1
 10
2078.257243016244
 20
2069.85861134269
 11
2082.757243016244
 21
2033.85861134269
 97
        0
 75
     0
 76
     1
 98
        1
 10
0.0
 20
0.0
  0
HATCH
  5
306
330
301
100
AcDbEntity
  8
尺寸线层
  6
Continuous
 62
     0
100
AcDbHatch
 10
0.0
 20
0.0
 30
0.0
210
0.0
220
0.0
230
1.0
  2
SOLID
 70
     1
 71
     0
 91
        1
 92
        0
 93
        3
 72
     1
 10
2082.757243016244
 20
2008.85861134269
 11
2087.257243016244
 21
1972.85861134269
 72
     1
 10
2087.257243016244
 20
1972.85861134269
 11
2078.257243016244
 21
1972.85861134269
 72
     1
 10
2078.257243016244
 20
1972.85861134269
 11
2082.757243016244
 21
2008.85861134269
 97
        0
 75
     0
 76
     1
 98
        1
 10
0.0
 20
0.0
  0
LINE
  5
307
330
301
100
AcDbEntity
  8
尺寸线层
  6
Continuous
 62
     0
100
AcDbLine
 10
2142.802142279766
 20
2033.85861134269
 30
0.0
 11
2064.757243016244
 21
2033.85861134269
 31
0.0
  0
LINE
  5
308
330
301
100
AcDbEntity
  8
尺寸线层
  6
Continuous
 62
     0
100
AcDbLine
 10
2142.802142279766
 20
2008.85861134269
 30
0.0
 11
2064.757243016244
 21
2008.85861134269
 31
0.0
  0
MTEXT
  5
309
330
301
100
AcDbEntity
  8
尺寸线层
 62
     0
100
AcDbMText
 10
2061.558220669875
 20
2021.35861084269
 30
0.0
 40
31.5
 41
63.0
 71
     5
 72
     1
  1
\T1.1;25
  7
标准
 11
6.123233995736766E-17
 21
1.0
 31
0.0
 73
     1
 44
1.150569886022795
1001
CAXA_DRAFT_TXTSCALE
1041
1.0
1001
ACAD
1000
ACAD_MTEXT_DEFINED_HEIGHT_BEGIN
1070
    46
1040
63.0
1000
ACAD_MTEXT_DEFINED_HEIGHT_END
  0
ENDBLK
  5
303
330
301
100
AcDbEntity
  8
0
100
AcDbBlockEnd
  0
BLOCK
  5
30C
330
30B
100
AcDbEntity
  8
0
100
AcDbBlockBegin
  2
*X28
 70
     1
 10
0.0
 20
0.0
 30
0.0
  3
*X28
  1

  0
LINE
  5
30E
330
30B
100
AcDbEntity
  8
尺寸线层
  6
Continuous
 62
     0
100
AcDbLine
 10
2176.302142279766
 20
1750.253615084015
 30
0.0
 11
2309.302142279766
 21
1750.253615084015
 31
0.0
  0
HATCH
  5
30F
330
30B
100
AcDbEntity
  8
尺寸线层
  6
Continuous
 62
     0
100
AcDbHatch
 10
0.0
 20
0.0
 30
0.0
210
0.0
220
0.0
230
1.0
  2
SOLID
 70
     1
 71
     0
 91
        1
 92
        0
 93
        3
 72
     1
 10
2230.302142279766
 20
1750.253615084015
 11
2194.302142279766
 21
1754.753615084015
 72
     1
 10
2194.302142279766
 20
1754.753615084015
 11
2194.302142279766
 21
1745.753615084015
 72
     1
 10
2194.302142279766
 20
1745.753615084015
 11
2230.302142279766
 21
1750.253615084015
 97
        0
 75
     0
 76
     1
 98
        1
 10
0.0
 20
0.0
  0
HATCH
  5
310
330
30B
100
AcDbEntity
  8
尺寸线层
  6
Continuous
 62
     0
100
AcDbHatch
 10
0.0
 20
0.0
 30
0.0
210
0.0
220
0.0
230
1.0
  2
SOLID
 70
     1
 71
     0
 91
        1
 92
        0
 93
        3
 72
     1
 10
2255.302142279766
 20
1750.253615084015
 11
2291.302142279766
 21
1754.753615084015
 72
     1
 10
2291.302142279766
 20
1754.753615084015
 11
2291.302142279766
 21
1745.753615084015
 72
     1
 10
2291.302142279766
 20
1745.753615084015
 11
2255.302142279766
 21
1750.253615084015
 97
        0
 75
     0
 76
     1
 98
        1
 10
0.0
 20
0.0
  0
LINE
  5
311
330
30B
100
AcDbEntity
  8
尺寸线层
  6
Continuous
 62
     0
100
AcDbLine
 10
2230.302142279766
 20
1865.518338207223
 30
0.0
 11
2230.302142279766
 21
1732.253615084015
 31
0.0
  0
LINE
  5
312
330
30B
100
AcDbEntity
  8
尺寸线层
  6
Continuous
 62
     0
100
AcDbLine
 10
2255.302142279766
 20
1865.518338207223
 30
0.0
 11
2255.302142279766
 21
1732.253615084015
 31
0.0
  0
MTEXT
  5
313
330
30B
100
AcDbEntity
  8
尺寸线层
 62
     0
100
AcDbMText
 10
2242.802142779766
 20
1771.452637430384
 30
0.0
 40
31.5
 41
63.0
 71
     5
 72
     1
  1
\T1.1;25
  7
标准
 73
     1
 44
1.150569886022795
1001
CAXA_DRAFT_TXTSCALE
1041
1.0
1001
ACAD
1000
ACAD_MTEXT_DEFINED_HEIGHT_BEGIN
1070
    46
1040
63.0
1000
ACAD_MTEXT_DEFINED_HEIGHT_END
  0
ENDBLK
  5
30D
330
30B
100
AcDbEntity
  8
0
100
AcDbBlockEnd
  0
BLOCK
  5
316
330
315
100
AcDbEntity
  8
0
100
AcDbBlockBegin
  2
*X29
 70
     1
 10
0.0
 20
0.0
 30
0.0
  3
*X29
  1

  0
LINE
  5
318
330
315
100
AcDbEntity
  8
尺寸线层
  6
Continuous
 62
     0
100
AcDbLine
 10
2082.757243016244
 20
2395.518338216001
 30
0.0
 11
2082.757243016244
 21
2273.51833821694
 31
0.0
  0
HATCH
  5
319
330
315
100
AcDbEntity
  8
尺寸线层
  6
Continuous
 62
     0
100
AcDbHatch
 10
0.0
 20
0.0
 30
0.0
210
0.0
220
0.0
230
1.0
  2
SOLID
 70
     1
 71
     0
 91
        1
 92
        0
 93
        3
 72
     1
 10
2082.757243016244
 20
2341.518338216001
 11
2087.257243016244
 21
2377.518338216001
 72
     1
 10
2087.257243016244
 20
2377.518338216001
 11
2078.257243016244
 21
2377.518338216001
 72
     1
 10
2078.257243016244
 20
2377.518338216001
 11
2082.757243016244
 21
2341.518338216001
 97
        0
 75
     0
 76
     1
 98
        1
 10
0.0
 20
0.0
  0
HATCH
  5
31A
330
315
100
AcDbEntity
  8
尺寸线层
  6
Continuous
 62
     0
100
AcDbHatch
 10
0.0
 20
0.0
 30
0.0
210
0.0
220
0.0
230
1.0
  2
SOLID
 70
     1
 71
     0
 91
        1
 92
        0
 93
        3
 72
     1
 10
2082.757243016244
 20
2327.51833821694
 11
2087.257243016244
 21
2291.51833821694
 72
     1
 10
2087.257243016244
 20
2291.51833821694
 11
2078.257243016244
 21
2291.51833821694
 72
     1
 10
2078.257243016244
 20
2291.51833821694
 11
2082.757243016244
 21
2327.51833821694
 97
        0
 75
     0
 76
     1
 98
        1
 10
0.0
 20
0.0
  0
LINE
  5
31B
330
315
100
AcDbEntity
  8
尺寸线层
  6
Continuous
 62
     0
100
AcDbLine
 10
2142.802142279766
 20
2341.518338216001
 30
0.0
 11
2064.757243016244
 21
2341.518338216001
 31
0.0
  0
LINE
  5
31C
330
315
100
AcDbEntity
  8
尺寸线层
  6
Continuous
 62
     0
100
AcDbLine
 10
2142.802142279766
 20
2327.51833821694
 30
0.0
 11
2064.757243016244
 21
2327.51833821694
 31
0.0
  0
MTEXT
  5
31D
330
315
100
AcDbEntity
  8
尺寸线层
 62
     0
100
AcDbMText
 10
2061.47023184306
 20
2334.51833771647
 30
0.0
 40
31.5
 41
63.0
 71
     5
 72
     1
  1
\T1.1;14
  7
标准
 11
6.123233995736766E-17
 21
1.0
 31
0.0
 73
     1
 44
1.150569886022795
1001
CAXA_DRAFT_TXTSCALE
1041
1.0
1001
ACAD
1000
ACAD_MTEXT_DEFINED_HEIGHT_BEGIN
1070
    46
1040
63.0
1000
ACAD_MTEXT_DEFINED_HEIGHT_END
  0
ENDBLK
  5
317
330
315
100
AcDbEntity
  8
0
100
AcDbBlockEnd
  0
BLOCK
  5
320
330
31F
100
AcDbEntity
  8
0
100
AcDbBlockBegin
  2
*X30
 70
     1
 10
0.0
 20
0.0
 30
0.0
  3
*X30
  1

  0
LINE
  5
322
330
31F
100
AcDbEntity
  8
尺寸线层
  6
Continuous
 62
     0
100
AcDbLine
 10
2088.802142279602
 20
1820.457102600863
 30
0.0
 11
2284.302142279766
 21
1820.457102600863
 31
0.0
  0
HATCH
  5
323
330
31F
100
AcDbEntity
  8
尺寸线层
  6
Continuous
 62
     0
100
AcDbHatch
 10
0.0
 20
0.0
 30
0.0
210
0.0
220
0.0
230
1.0
  2
SOLID
 70
     1
 71
     0
 91
        1
 92
        0
 93
        3
 72
     1
 10
2142.802142279602
 20
1820.457102600863
 11
2106.802142279602
 21
1824.957102600863
 72
     1
 10
2106.802142279602
 20
1824.957102600863
 11
2106.802142279602
 21
1815.957102600863
 72
     1
 10
2106.802142279602
 20
1815.957102600863
 11
2142.802142279602
 21
1820.457102600863
 97
        0
 75
     0
 76
     1
 98
        1
 10
0.0
 20
0.0
  0
HATCH
  5
324
330
31F
100
AcDbEntity
  8
尺寸线层
  6
Continuous
 62
     0
100
AcDbHatch
 10
0.0
 20
0.0
 30
0.0
210
0.0
220
0.0
230
1.0
  2
SOLID
 70
     1
 71
     0
 91
        1
 92
        0
 93
        3
 72
     1
 10
2230.302142279766
 20
1820.457102600863
 11
2266.302142279766
 21
1824.957102600863
 72
     1
 10
2266.302142279766
 20
1824.957102600863
 11
2266.302142279766
 21
1815.957102600863
 72
     1
 10
2266.302142279766
 20
1815.957102600863
 11
2230.302142279766
 21
1820.457102600863
 97
        0
 75
     0
 76
     1
 98
        1
 10
0.0
 20
0.0
  0
LINE
  5
325
330
31F
100
AcDbEntity
  8
尺寸线层
  6
Continuous
 62
     0
100
AcDbLine
 10
2142.802142279602
 20
2008.85861134269
 30
0.0
 11
2142.802142279602
 21
1802.457102600863
 31
0.0
  0
LINE
  5
326
330
31F
100
AcDbEntity
  8
尺寸线层
  6
Continuous
 62
     0
100
AcDbLine
 10
2230.302142279766
 20
1865.518338207223
 30
0.0
 11
2230.302142279766
 21
1802.457102600863
 31
0.0
  0
MTEXT
  5
327
330
31F
100
AcDbEntity
  8
尺寸线层
 62
     0
100
AcDbMText
 10
2171.802142279606
 20
1841.656124947232
 30
0.0
 40
31.5
 41
122.8703430167607
 71
     5
 72
     1
  1
\T1.1;87.5
  7
标准
 73
     1
 44
1.150569886022795
1001
CAXA_DRAFT_TXTSCALE
1041
1.0
1001
ACAD
1000
ACAD_MTEXT_DEFINED_HEIGHT_BEGIN
1070
    46
1040
63.0
1000
ACAD_MTEXT_DEFINED_HEIGHT_END
  0
ENDBLK
  5
321
330
31F
100
AcDbEntity
  8
0
100
AcDbBlockEnd
  0
BLOCK
  5
32A
330
329
100
AcDbEntity
  8
0
100
AcDbBlockBegin
  2
*X31
 70
     1
 10
0.0
 20
0.0
 30
0.0
  3
*X31
  1

  0
LINE
  5
32C
330
329
100
AcDbEntity
  8
尺寸线层
  6
Continuous
 62
     0
100
AcDbLine
 10
2396.80214227993
 20
1820.457102600865
 30
0.0
 11
2201.302142279766
 21
1820.457102600865
 31
0.0
  0
HATCH
  5
32D
330
329
100
AcDbEntity
  8
尺寸线层
  6
Continuous
 62
     0
100
AcDbHatch
 10
0.0
 20
0.0
 30
0.0
210
0.0
220
0.0
230
1.0
  2
SOLID
 70
     1
 71
     0
 91
        1
 92
        0
 93
        3
 72
     1
 10
2342.80214227993
 20
1820.457102600865
 11
2378.80214227993
 21
1815.957102600865
 72
     1
 10
2378.80214227993
 20
1815.957102600865
 11
2378.80214227993
 21
1824.957102600865
 72
     1
 10
2378.80214227993
 20
1824.957102600865
 11
2342.80214227993
 21
1820.457102600865
 97
        0
 75
     0
 76
     1
 98
        1
 10
0.0
 20
0.0
  0
HATCH
  5
32E
330
329
100
AcDbEntity
  8
尺寸线层
  6
Continuous
 62
     0
100
AcDbHatch
 10
0.0
 20
0.0
 30
0.0
210
0.0
220
0.0
230
1.0
  2
SOLID
 70
     1
 71
     0
 91
        1
 92
        0
 93
        3
 72
     1
 10
2255.302142279766
 20
1820.457102600865
 11
2219.302142279766
 21
1815.957102600865
 72
     1
 10
2219.302142279766
 20
1815.957102600865
 11
2219.302142279766
 21
1824.957102600865
 72
     1
 10
2219.302142279766
 20
1824.957102600865
 11
2255.302142279766
 21
1820.457102600865
 97
        0
 75
     0
 76
     1
 98
        1
 10
0.0
 20
0.0
  0
LINE
  5
32F
330
329
100
AcDbEntity
  8
尺寸线层
  6
Continuous
 62
     0
100
AcDbLine
 10
2342.80214227993
 20
2008.85861134269
 30
0.0
 11
2342.80214227993
 21
1802.457102600865
 31
0.0
  0
LINE
  5
330
330
329
100
AcDbEntity
  8
尺寸线层
  6
Continuous
 62
     0
100
AcDbLine
 10
2255.302142279766
 20
1865.518338207223
 30
0.0
 11
2255.302142279766
 21
1802.457102600865
 31
0.0
  0
MTEXT
  5
331
330
329
100
AcDbEntity
  8
尺寸线层
 62
     0
100
AcDbMText
 10
2299.052141779848
 20
1841.656124947234
 30
0.0
 40
31.5
 41
122.8703430167607
 71
     5
 72
     1
  1
\T1.1;87.5
  7
标准
 73
     1
 44
1.150569886022795
1001
CAXA_DRAFT_TXTSCALE
1041
1.0
1001
ACAD
1000
ACAD_MTEXT_DEFINED_HEIGHT_BEGIN
1070
    46
1040
63.0
1000
ACAD_MTEXT_DEFINED_HEIGHT_END
  0
ENDBLK
  5
32B
330
329
100
AcDbEntity
  8
0
100
AcDbBlockEnd
  0
BLOCK
  5
33D
330
338
100
AcDbEntity
  8
0
100
AcDbBlockBegin
  2
*X32
 70
     1
 10
0.0
 20
0.0
 30
0.0
  3
*X32
  1

  0
CIRCLE
  5
339
330
338
100
AcDbEntity
  8
细实线层
  6
ByBlock
 62
     0
370
    -2
100
AcDbCircle
 10
0.0
 20
0.0
 30
0.0
 40
33.88086203960873
  0
LINE
  5
33A
330
338
100
AcDbEntity
  8
细实线层
  6
ByBlock
 62
     0
370
    -2
100
AcDbLine
 10
-33.5843359055325
 20
4.472716661201048
 30
0.0
 11
-219.0901696213432
 21
29.17813395885423
 31
0.0
  0
TEXT
  5
33B
330
338
100
AcDbEntity
  8
尺寸线层
  6
ByBlock
 62
     0
370
    -2
100
AcDbText
 10
-248.8658521422922
 20
38.62813395885496
 30
0.0
 40
31.5
  1
C
 41
0.667
  7
标准
 72
     1
 11
-241.3545983922922
 21
70.12813395885496
 31
0.0
100
AcDbText
 73
     3
1001
CAXA_DRAFT_TXTSCALE
1041
9.0
  0
LINE
  5
33C
330
338
100
AcDbEntity
  8
细实线层
  6
ByBlock
 62
     0
370
    -2
100
AcDbLine
 10
-219.0901696213432
 20
29.17813395885423
 30
0.0
 11
-263.6190271632422
 21
29.17813395885423
 31
0.0
  0
ENDBLK
  5
33E
330
338
100
AcDbEntity
  8
0
100
AcDbBlockEnd
  0
BLOCK
  5
344
330
340
100
AcDbEntity
  8
0
100
AcDbBlockBegin
  2
*X33
 70
     1
 10
0.0
 20
0.0
 30
0.0
  3
*X33
  1

  0
TEXT
  5
341
330
340
100
AcDbEntity
  8
尺寸线层
  6
ByBlock
 62
     0
370
    -2
100
AcDbText
 10
-7.511253750000001
 20
9.450000000000728
 30
0.0
 40
31.5
  1
C
 41
0.667
  7
标准
 72
     1
 11
0.0
 21
40.95000000000073
 31
0.0
100
AcDbText
 73
     3
1001
CAXA_DRAFT_TXTSCALE
1041
9.0
  0
TEXT
  5
342
330
340
100
AcDbEntity
  8
尺寸线层
  6
ByBlock
 62
     0
370
    -2
100
AcDbText
 10
-37.55626875
 20
-40.95000000000073
 30
0.0
 40
31.5
  1
1:3.6
 41
0.667
  7
标准
 72
     1
 11
0.0
 21
-9.450000000000728
 31
0.0
100
AcDbText
 73
     3
1001
CAXA_DRAFT_TXTSCALE
1041
9.0
1001
CAXA_DRAFT_ENL_TSCALE
1041
0.2777777777777778
  0
LINE
  5
343
330
340
100
AcDbEntity
  8
细实线层
  6
ByBlock
 62
     0
370
    -2
100
AcDbLine
 10
-38.10060502793294
 20
0.0
 30
0.0
 11
38.10060502793294
 21
0.0
 31
0.0
  0
ENDBLK
  5
345
330
340
100
AcDbEntity
  8
0
100
AcDbBlockEnd
  0
BLOCK
  5
354
330
347
100
AcDbEntity
  8
0
100
AcDbBlockBegin
  2
*X34
 70
     1
 10
0.0
 20
0.0
 30
0.0
  3
*X34
  1

  0
INSERT
  5
348
102
{ACAD_REACTORS
330
351
330
352
102
}
102
{ACAD_XDICTIONARY
360
350
102
}
330
347
100
AcDbEntity
  8
0
100
AcDbBlockReference
  2
*X35
 10
0.0
 20
0.0
 30
0.0
1001
CAXA_DRAFT_BLKHIDE
1070
     0
  0
CIRCLE
  5
353
330
347
100
AcDbEntity
  8
粗实线层
100
AcDbCircle
 10
0.0
 20
0.0
 30
0.0
 40
33.88086203960873
  0
ENDBLK
  5
355
330
347
100
AcDbEntity
  8
0
100
AcDbBlockEnd
  0
BLOCK
  5
34E
330
349
100
AcDbEntity
  8
0
100
AcDbBlockBegin
  2
*X35
 70
     1
 10
0.0
 20
0.0
 30
0.0
  3
*X35
  1

  0
LINE
  5
34A
330
349
100
AcDbEntity
  8
粗实线层
100
AcDbLine
 10
16.626776911251
 20
29.52055389199995
 30
0.0
 11
-33.76056865436112
 21
-2.852510592645558
 31
0.0
  0
LINE
  5
34B
330
349
100
AcDbEntity
  8
粗实线层
100
AcDbLine
 10
-19.41701077970447
 20
6.362996174046202
 30
0.0
 11
6.085065478368961
 21
-33.32993835384332
 31
0.0
  0
LINE
  5
34C
330
349
100
AcDbEntity
  8
粗实线层
100
AcDbLine
 10
9.748791023380363
 20
7.218058580792786
 30
0.0
 11
27.28826738771659
 21
-20.08141617325418
 31
0.0
  0
LINE
  5
34D
330
349
100
AcDbEntity
  8
粗实线层
100
AcDbLine
 10
-18.08614125422719
 20
7.218058580792786
 30
0.0
 11
9.748791023380363
 21
7.218058580792786
 31
0.0
  0
ENDBLK
  5
34F
330
349
100
AcDbEntity
  8
0
100
AcDbBlockEnd
  0
BLOCK
  5
361
330
35C
100
AcDbEntity
  8
0
100
AcDbBlockBegin
  2
*X36
 70
     1
 10
0.0
 20
0.0
 30
0.0
  3
*X36
  1

  0
LINE
  5
35D
330
35C
100
AcDbEntity
  8
尺寸线层
  6
Continuous
 62
     0
100
AcDbLine
 10
117.7768922517014
 20
-116.2125104105987
 30
0.0
 11
93.51389363128396
 21
-0.0000000000006821
 31
0.0
  0
HATCH
  5
35E
330
35C
100
AcDbEntity
  8
尺寸线层
  6
Continuous
 62
     0
100
AcDbHatch
 10
0.0
 20
0.0
 30
0.0
210
0.0
220
0.0
230
1.0
  2
SOLID
 70
     1
 71
     0
 91
        1
 92
        0
 93
        3
 72
     1
 10
117.7768922517014
 20
-116.2125104105987
 11
103.6618927570466
 21
-75.02796489573484
 72
     1
 10
103.6618927570466
 20
-75.02796489573484
 11
114.2339347143873
 21
-72.8207202667387
 72
     1
 10
114.2339347143873
 20
-72.8207202667387
 11
117.7768922517014
 21
-116.2125104105987
 97
        0
 75
     0
 76
     1
 98
        1
 10
-1734.18952086007
 20
-1032.77186788882
  0
LINE
  5
35F
330
35C
100
AcDbEntity
  8
尺寸线层
 62
     0
100
AcDbLine
 10
93.51389363128396
 20
-0.0000000000006821
 30
0.0
 11
-139.4862445810063
 21
-0.0000000000006821
 31
0.0
  0
MTEXT
  5
360
330
35C
100
AcDbEntity
  8
尺寸线层
 62
     0
100
AcDbMText
 10
-0.0000000000006821
 20
31.6684357541892
 30
0.0
 40
37.8
 41
557.9449783240225
 71
     5
 72
     1
  1
\T1.1;单边坡口（一半）
  7
标准
 73
     1
 44
1.150569886022795
1001
CAXA_DRAFT_TXTSCALE
1041
1.0
1001
ACAD
1000
ACAD_MTEXT_DEFINED_HEIGHT_BEGIN
1070
    46
1040
75.60000000000001
1000
ACAD_MTEXT_DEFINED_HEIGHT_END
  0
ENDBLK
  5
362
330
35C
100
AcDbEntity
  8
0
100
AcDbBlockEnd
  0
BLOCK
  5
369
330
364
100
AcDbEntity
  8
0
100
AcDbBlockBegin
  2
*X37
 70
     1
 10
0.0
 20
0.0
 30
0.0
  3
*X37
  1

  0
LINE
  5
365
330
364
100
AcDbEntity
  8
尺寸线层
  6
Continuous
 62
     0
100
AcDbLine
 10
-131.7723478404528
 20
-120.3859590220654
 30
0.0
 11
-93.51389363128465
 21
0.0
 31
0.0
  0
HATCH
  5
366
330
364
100
AcDbEntity
  8
尺寸线层
  6
Continuous
 62
     0
100
AcDbHatch
 10
0.0
 20
0.0
 30
0.0
210
0.0
220
0.0
230
1.0
  2
SOLID
 70
     1
 71
     0
 91
        1
 92
        0
 93
        3
 72
     1
 10
-131.7723478404528
 20
-120.3859590220654
 11
-123.8346576721801
 21
-77.57949835556667
 72
     1
 10
-123.8346576721801
 20
-77.57949835556667
 11
-113.5419193594503
 21
-80.85051318672606
 72
     1
 10
-113.5419193594503
 20
-80.85051318672606
 11
-131.7723478404528
 21
-120.3859590220654
 97
        0
 75
     0
 76
     1
 98
        1
 10
-2200.896977078388
 20
-1036.945316500287
  0
LINE
  5
367
330
364
100
AcDbEntity
  8
尺寸线层
 62
     0
100
AcDbLine
 10
-93.51389363128465
 20
0.0
 30
0.0
 11
139.4862445810058
 21
0.0
 31
0.0
  0
MTEXT
  5
368
330
364
100
AcDbEntity
  8
尺寸线层
 62
     0
100
AcDbMText
 10
0.0
 20
31.66843575418989
 30
0.0
 40
37.8
 41
557.9449783240225
 71
     5
 72
     1
  1
\T1.1;单边坡口（一半）
  7
标准
 73
     1
 44
1.150569886022795
1001
CAXA_DRAFT_TXTSCALE
1041
1.0
1001
ACAD
1000
ACAD_MTEXT_DEFINED_HEIGHT_BEGIN
1070
    46
1040
75.60000000000001
1000
ACAD_MTEXT_DEFINED_HEIGHT_END
  0
ENDBLK
  5
36A
330
364
100
AcDbEntity
  8
0
100
AcDbBlockEnd
  0
BLOCK
  5
370
330
36F
100
AcDbEntity
  8
0
100
AcDbBlockBegin
  2
*X38
 70
     1
 10
0.0
 20
0.0
 30
0.0
  3
*X38
  1

  0
LINE
  5
372
330
36F
100
AcDbEntity
  8
尺寸线层
  6
Continuous
 62
     0
100
AcDbLine
 10
1801.017974104421
 20
960.3656095408624
 30
0.0
 11
1934.675822311125
 21
960.3656095408624
 31
0.0
  0
HATCH
  5
373
330
36F
100
AcDbEntity
  8
尺寸线层
  6
Continuous
 62
     0
100
AcDbHatch
 10
0.0
 20
0.0
 30
0.0
210
0.0
220
0.0
230
1.0
  2
SOLID
 70
     1
 71
     0
 91
        1
 92
        0
 93
        3
 72
     1
 10
1855.017974104421
 20
960.3656095408624
 11
1819.017974104421
 21
964.8656095408624
 72
     1
 10
1819.017974104421
 20
964.8656095408624
 11
1819.017974104421
 21
955.8656095408624
 72
     1
 10
1819.017974104421
 20
955.8656095408624
 11
1855.017974104421
 21
960.3656095408624
 97
        0
 75
     0
 76
     1
 98
        1
 10
0.0
 20
0.0
  0
HATCH
  5
374
330
36F
100
AcDbEntity
  8
尺寸线层
  6
Continuous
 62
     0
100
AcDbHatch
 10
0.0
 20
0.0
 30
0.0
210
0.0
220
0.0
230
1.0
  2
SOLID
 70
     1
 71
     0
 91
        1
 92
        0
 93
        3
 72
     1
 10
1857.417974104421
 20
960.3656095408624
 11
1893.417974104421
 21
964.8656095408624
 72
     1
 10
1893.417974104421
 20
964.8656095408624
 11
1893.417974104421
 21
955.8656095408624
 72
     1
 10
1893.417974104421
 20
955.8656095408624
 11
1857.417974104421
 21
960.3656095408624
 97
        0
 75
     0
 76
     1
 98
        1
 10
0.0
 20
0.0
  0
LINE
  5
375
330
36F
100
AcDbEntity
  8
尺寸线层
  6
Continuous
 62
     0
100
AcDbLine
 10
1855.017974104421
 20
936.1379503810094
 30
0.0
 11
1855.017974104421
 21
978.3656095408624
 31
0.0
  0
LINE
  5
376
330
36F
100
AcDbEntity
  8
尺寸线层
  6
Continuous
 62
     0
100
AcDbLine
 10
1857.417974104421
 20
936.1379503810094
 30
0.0
 11
1857.417974104421
 21
978.3656095408624
 31
0.0
  0
MTEXT
  5
377
330
36F
100
AcDbEntity
  8
尺寸线层
 62
     0
100
AcDbMText
 10
1911.928141305538
 20
981.564631887231
 30
0.0
 40
31.5
 41
90.99072402234651
 71
     5
 72
     1
  1
\T1.1;2.4
  7
标准
 73
     1
 44
1.150569886022795
1001
CAXA_DRAFT_TXTSCALE
1041
1.0
1001
ACAD
1000
ACAD_MTEXT_DEFINED_HEIGHT_BEGIN
1070
    46
1040
63.0
1000
ACAD_MTEXT_DEFINED_HEIGHT_END
  0
ENDBLK
  5
371
330
36F
100
AcDbEntity
  8
0
100
AcDbBlockEnd
  0
BLOCK
  5
37F
330
37E
100
AcDbEntity
  8
0
100
AcDbBlockBegin
  2
*X39
 70
     1
 10
0.0
 20
0.0
 30
0.0
  3
*X39
  1

  0
LINE
  5
381
330
37E
100
AcDbEntity
  8
尺寸线层
  6
Continuous
 62
     0
100
AcDbLine
 10
2118.265962627667
 20
960.3656095408605
 30
0.0
 11
1984.608114420963
 21
960.3656095408605
 31
0.0
  0
HATCH
  5
382
330
37E
100
AcDbEntity
  8
尺寸线层
  6
Continuous
 62
     0
100
AcDbHatch
 10
0.0
 20
0.0
 30
0.0
210
0.0
220
0.0
230
1.0
  2
SOLID
 70
     1
 71
     0
 91
        1
 92
        0
 93
        3
 72
     1
 10
2064.265962627667
 20
960.3656095408605
 11
2100.265962627667
 21
955.8656095408605
 72
     1
 10
2100.265962627667
 20
955.8656095408605
 11
2100.265962627667
 21
964.8656095408605
 72
     1
 10
2100.265962627667
 20
964.8656095408605
 11
2064.265962627667
 21
960.3656095408605
 97
        0
 75
     0
 76
     1
 98
        1
 10
0.0
 20
0.0
  0
HATCH
  5
383
330
37E
100
AcDbEntity
  8
尺寸线层
  6
Continuous
 62
     0
100
AcDbHatch
 10
0.0
 20
0.0
 30
0.0
210
0.0
220
0.0
230
1.0
  2
SOLID
 70
     1
 71
     0
 91
        1
 92
        0
 93
        3
 72
     1
 10
2061.865962627667
 20
960.3656095408605
 11
2025.865962627667
 21
955.8656095408605
 72
     1
 10
2025.865962627667
 20
955.8656095408605
 11
2025.865962627667
 21
964.8656095408605
 72
     1
 10
2025.865962627667
 20
964.8656095408605
 11
2061.865962627667
 21
960.3656095408605
 97
        0
 75
     0
 76
     1
 98
        1
 10
0.0
 20
0.0
  0
LINE
  5
384
330
37E
100
AcDbEntity
  8
尺寸线层
  6
Continuous
 62
     0
100
AcDbLine
 10
2064.265962627667
 20
936.1379503810076
 30
0.0
 11
2064.265962627667
 21
978.3656095408605
 31
0.0
  0
LINE
  5
385
330
37E
100
AcDbEntity
  8
尺寸线层
  6
Continuous
 62
     0
100
AcDbLine
 10
2061.865962627667
 20
936.1379503810076
 30
0.0
 11
2061.865962627667
 21
978.3656095408605
 31
0.0
  0
MTEXT
  5
386
330
37E
100
AcDbEntity
  8
尺寸线层
 62
     0
100
AcDbMText
 10
2007.35579542655
 20
981.5646318872292
 30
0.0
 40
31.5
 41
90.99072402234651
 71
     5
 72
     1
  1
\T1.1;2.4
  7
标准
 73
     1
 44
1.150569886022795
1001
CAXA_DRAFT_TXTSCALE
1041
1.0
1001
ACAD
1000
ACAD_MTEXT_DEFINED_HEIGHT_BEGIN
1070
    46
1040
63.0
1000
ACAD_MTEXT_DEFINED_HEIGHT_END
  0
ENDBLK
  5
380
330
37E
100
AcDbEntity
  8
0
100
AcDbBlockEnd
  0
BLOCK
  5
38A
330
389
100
AcDbEntity
  8
0
100
AcDbBlockBegin
  2
*X40
 70
     1
 10
0.0
 20
0.0
 30
0.0
  3
*X40
  1

  0
LINE
  5
38C
330
389
100
AcDbEntity
  8
尺寸线层
  6
Continuous
 62
     0
100
AcDbLine
 10
1641.663474266235
 20
914.6255061299996
 30
0.0
 11
1671.785835165619
 21
965.5039248116308
 31
0.0
  0
HATCH
  5
38D
330
389
100
AcDbEntity
  8
尺寸线层
  6
Continuous
 62
     0
100
AcDbHatch
 10
0.0
 20
0.0
 30
0.0
210
0.0
220
0.0
230
1.0
  2
SOLID
 70
     1
 71
     0
 91
        1
 92
        0
 93
        3
 72
     1
 10
1641.663474266235
 20
914.6255061299996
 11
1656.131585709738
 21
947.895969776579
 72
     1
 10
1656.131585709738
 20
947.895969776579
 11
1663.876065639865
 21
943.3108819244372
 72
     1
 10
1663.876065639865
 20
943.3108819244372
 11
1641.663474266235
 21
914.6255061299996
 97
        0
 75
     0
 76
     1
 98
        1
 10
0.0
 20
0.0
  0
LINE
  5
38E
330
389
100
AcDbEntity
  8
尺寸线层
  6
Continuous
 62
     0
100
AcDbLine
 10
1671.785835165619
 20
965.5039248116308
 30
0.0
 11
1738.056942986848
 21
965.5039248116308
 31
0.0
  0
MTEXT
  5
38F
330
389
100
AcDbEntity
  8
尺寸线层
  6
Continuous
 62
     0
100
AcDbMText
 10
1715.426639076234
 20
986.7029471579995
 30
0.0
 40
31.5
 41
90.52121564245772
 71
     5
 72
     1
  1
\T1.1;R25
  7
标准
 73
     1
 44
1.150569886022795
1001
CAXA_DRAFT_TXTSCALE
1041
1.0
1001
ACAD
1000
ACAD_MTEXT_DEFINED_HEIGHT_BEGIN
1070
    46
1040
63.0
1000
ACAD_MTEXT_DEFINED_HEIGHT_END
  0
ENDBLK
  5
38B
330
389
100
AcDbEntity
  8
0
100
AcDbBlockEnd
  0
BLOCK
  5
506
330
392
100
AcDbEntity
  8
0
100
AcDbBlockBegin
  2
主视图
 70
     0
 10
0.0
 20
0.0
 30
0.0
  3
主视图
  1

  0
LINE
  5
393
330
392
100
AcDbEntity
  8
中心线层
100
AcDbLine
 10
-436.4636093020454
 20
448.0855092568345
 30
0.0
 11
-148.5758286901983
 21
0.000000000001819
 31
0.0
  0
LINE
  5
394
330
392
100
AcDbEntity
  8
粗实线层
100
AcDbLine
 10
-331.2984546619118
 20
515.6524408839705
 30
0.0
 11
331.2984546618827
 21
515.6524408839414
 31
0.0
  0
LINE
  5
395
330
392
100
AcDbEntity
  8
粗实线层
100
AcDbLine
 10
-541.6287639422226
 20
380.5185776297039
 30
0.0
 11
-541.6287639422226
 21
0.0
 31
0.0
  0
LINE
  5
396
330
392
100
AcDbEntity
  8
粗实线层
100
AcDbLine
 10
-541.6287639421935
 20
380.5185776297258
 30
0.0
 11
-331.2984546618245
 21
515.6524408839923
 31
0.0
  0
LINE
  5
397
330
392
100
AcDbEntity
  8
中心线层
100
AcDbLine
 10
436.4636093020454
 20
448.0855092568272
 30
0.0
 11
148.5758286901983
 21
0.0
 31
0.0
  0
LINE
  5
398
330
392
100
AcDbEntity
  8
粗实线层
100
AcDbLine
 10
541.6287639422226
 20
380.5185776296967
 30
0.0
 11
541.6287639422226
 21
-0.000000000007276
 31
0.0
  0
LINE
  5
399
330
392
100
AcDbEntity
  8
粗实线层
100
AcDbLine
 10
541.6287639421935
 20
380.5185776297185
 30
0.0
 11
331.2984546618245
 21
515.6524408839887
 31
0.0
  0
LINE
  5
39A
330
392
100
AcDbEntity
  8
粗实线层
100
AcDbLine
 10
-541.6287639422226
 20
0.0
 30
0.0
 11
541.6287639422226
 21
0.0
 31
0.0
  0
LINE
  5
39B
330
392
100
AcDbEntity
  8
中心线层
100
AcDbLine
 10
0.0
 20
515.652440885091
 30
0.0
 11
0.0
 21
-3.000000000003638
 31
0.0
  0
DIMENSION
  5
3A5
330
392
100
AcDbEntity
  8
尺寸线层
100
AcDbDimension
  2
*X42
 10
-148.5758286901983
 20
-61.79550245087739
 30
0.0
 11
-74.28791484509907
 21
-40.50849127769311
 31
0.0
 70
   160
 71
     5
 42
-1.0
  3
标准
100
AcDbAlignedDimension
 13
0.0
 23
-3.000000000003638
 33
0.0
 14
-148.5758286901983
 24
0.000000000001819
 34
0.0
100
AcDbRotatedDimension
1001
CX_DbAnnotate_TxtLocPara
1041
0.0
1001
CX_DbAnnotate_SimDimOriTxt
1070
     0
1001
CAXA_DRAFT_DIMARROWREVERSE
1070
     0
1001
ACAD
1000
DSTYLE
1002
{
1070
    69
1070
     1
1070
   173
1070
     1
1070
   284
1070
     0
1002
}
1001
CAXA_DRAFT_DIMARCLENSTYLE
1070
     1
1001
CAXA_DRAFT_DDTSTY_2011R3
1070
     0
1001
ACAD_DSTYLE_DIMINSPECT
1070
   396
1000

1070
   395
1000

1070
   394
1070
     0
1070
   393
1070
     0
1001
CX_DBDIM_TXTFRAME
1070
     0
1070
     0
1001
CDRAFT_DIM_STD_REV_NAME
1000
GB
1000
*DIMSTD
1000

1001
ACAD_DSTYLE_DIMTEXT_FILL
1070
   376
1070
     1
  0
DIMENSION
  5
3AF
330
392
100
AcDbEntity
  8
尺寸线层
100
AcDbDimension
  2
*X43
 10
148.5758286901983
 20
-61.79550245087921
 30
0.0
 11
74.28791484509907
 21
-40.50849127769493
 31
0.0
 70
   160
 71
     5
 42
-1.0
  3
标准
100
AcDbAlignedDimension
 13
0.0
 23
-3.000000000003638
 33
0.0
 14
148.5758286901983
 24
0.0
 34
0.0
100
AcDbRotatedDimension
1001
CX_DbAnnotate_TxtLocPara
1041
0.0
1001
CX_DbAnnotate_SimDimOriTxt
1070
     0
1001
CAXA_DRAFT_DIMARROWREVERSE
1070
     0
1001
ACAD
1000
DSTYLE
1002
{
1070
    69
1070
     1
1070
   173
1070
     1
1070
   284
1070
     0
1002
}
1001
CAXA_DRAFT_DIMARCLENSTYLE
1070
     1
1001
CAXA_DRAFT_DDTSTY_2011R3
1070
     0
1001
ACAD_DSTYLE_DIMINSPECT
1070
   396
1000

1070
   395
1000

1070
   394
1070
     0
1070
   393
1070
     0
1001
CX_DBDIM_TXTFRAME
1070
     0
1070
     0
1001
CDRAFT_DIM_STD_REV_NAME
1000
GB
1000
*DIMSTD
1000

1001
ACAD_DSTYLE_DIMTEXT_FILL
1070
   376
1070
     1
  0
LINE
  5
3B0
330
392
100
AcDbEntity
  8
粗实线层
100
AcDbLine
 10
-555.6287639422226
 20
380.5185776297039
 30
0.0
 11
-555.6287639422226
 21
0.0
 31
0.0
  0
LINE
  5
3B1
330
392
100
AcDbEntity
  8
粗实线层
100
AcDbLine
 10
-555.6287639422226
 20
0.0
 30
0.0
 11
-541.6287639422226
 21
0.0
 31
0.0
  0
LINE
  5
3B2
330
392
100
AcDbEntity
  8
粗实线层
100
AcDbLine
 10
-555.6287639422226
 20
380.5185776297039
 30
0.0
 11
-541.6287639421935
 21
380.5185776297039
 31
0.0
  0
LINE
  5
3B3
330
392
100
AcDbEntity
  8
粗实线层
100
AcDbLine
 10
555.6287639422217
 20
380.5185776297039
 30
0.0
 11
555.6287639422217
 21
0.0
 31
0.0
  0
LINE
  5
3B4
330
392
100
AcDbEntity
  8
粗实线层
100
AcDbLine
 10
555.6287639422217
 20
380.5185776297039
 30
0.0
 11
541.6287639421926
 21
380.5185776297039
 31
0.0
  0
LINE
  5
3B5
330
392
100
AcDbEntity
  8
粗实线层
100
AcDbLine
 10
555.6287639422217
 20
0.0
 30
0.0
 11
541.6287639422217
 21
0.0
 31
0.0
  0
LINE
  5
3B6
330
392
100
AcDbEntity
  8
粗实线层
100
AcDbLine
 10
-331.2984546619109
 20
529.6524408839705
 30
0.0
 11
331.2984546618832
 21
529.6524408839414
 31
0.0
  0
LINE
  5
3B7
330
392
100
AcDbEntity
  8
粗实线层
100
AcDbLine
 10
-331.2984546619109
 20
529.6524408839705
 30
0.0
 11
-331.2984546619109
 21
515.6524408839705
 31
0.0
  0
LINE
  5
3B8
330
392
100
AcDbEntity
  8
粗实线层
100
AcDbLine
 10
331.2984546618832
 20
529.6524408839414
 30
0.0
 11
331.2984546618832
 21
515.6524408839887
 31
0.0
  0
TEXT
  5
3B9
330
392
100
AcDbEntity
  8
粗符号线
100
AcDbText
 10
226.1154811485383
 20
563.2384345412302
 30
0.0
 40
25.0
  1
1
 41
0.7
  7
TSSD_Label
 72
     2
 11
238.6279811485383
 21
558.2110907912302
 31
0.0
100
AcDbText
 73
     1
1001
CAXA_DRAFT_TXTSCALE
1041
1.0
  0
LWPOLYLINE
  5
3BA
330
392
100
AcDbEntity
  8
粗符号线
100
AcDbPolyline
 90
        3
 70
     0
 43
2.5
 10
271.1279811485383
 20
540.5714259867618
 10
271.1279811485383
 20
583.0714259867618
 10
246.1279811485383
 20
583.0714259867618
  0
LWPOLYLINE
  5
3BB
330
392
100
AcDbEntity
  8
粗符号线
100
AcDbPolyline
 90
        3
 70
     0
 43
2.5
 10
246.1279811485383
 20
-49.29692613227053
 10
271.1279811485383
 20
-49.29692613227053
 10
271.1279811485383
 20
-9.296926132270528
  0
TEXT
  5
3BC
330
392
100
AcDbEntity
  8
粗符号线
100
AcDbText
 10
226.1154811485383
 20
-52.82954203521695
 30
0.0
 40
25.0
  1
1
 41
0.7
  7
TSSD_Label
 72
     2
 11
238.6279811485383
 21
-57.85688578521695
 31
0.0
100
AcDbText
 73
     1
1001
CAXA_DRAFT_TXTSCALE
1041
1.0
  0
LWPOLYLINE
  5
3BD
330
392
100
AcDbEntity
  8
粗符号线
100
AcDbPolyline
 90
        3
 70
     0
 43
2.5
 10
-560.7617151967761
 20
260.5682198373961
 10
-600.7617151967834
 20
260.5682198373925
 10
-600.7617151967834
 20
285.5682198373925
  0
TEXT
  5
3BE
330
392
100
AcDbEntity
  8
粗符号线
100
AcDbText
 10
-603.8511382737709
 20
292.7888902284558
 30
0.0
 40
25.0
  1
2
 41
0.7
  7
TSSD_Label
 72
     2
 11
-591.3386382737708
 21
317.7888902284558
 31
0.0
100
AcDbText
 73
     3
1001
CAXA_DRAFT_TXTSCALE
1041
1.0
  0
LWPOLYLINE
  5
3BF
330
392
100
AcDbEntity
  8
粗符号线
100
AcDbPolyline
 90
        3
 70
     0
 43
2.5
 10
563.3303434542477
 20
260.5682198374197
 10
603.3303434542477
 20
260.5682198374216
 10
603.3303434542477
 20
285.5682198374216
  0
TEXT
  5
3C0
330
392
100
AcDbEntity
  8
粗符号线
100
AcDbText
 10
590.8178434542476
 20
292.7888902284831
 30
0.0
 40
25.0
  1
2
 41
0.7
  7
TSSD_Label
 72
     2
 11
603.3303434542477
 21
317.7888902284831
 31
0.0
100
AcDbText
 73
     3
1001
CAXA_DRAFT_TXTSCALE
1041
1.0
  0
LINE
  5
3C1
330
392
100
AcDbEntity
  8
粗实线层
100
AcDbLine
 10
-7.0
 20
515.652440885091
 30
0.0
 11
-7.0
 21
0.0
 31
0.0
  0
LINE
  5
3C2
330
392
100
AcDbEntity
  8
粗实线层
100
AcDbLine
 10
7.0
 20
515.652440885091
 30
0.0
 11
7.0
 21
0.0
 31
0.0
  0
LINE
  5
3C3
330
392
100
AcDbEntity
  8
粗实线层
100
AcDbLine
 10
-417.6391432172459
 20
441.9112184198748
 30
0.0
 11
-142.4003806311812
 21
13.51338632542684
 31
0.0
  0
LINE
  5
3C4
330
392
100
AcDbEntity
  8
粗实线层
100
AcDbLine
 10
-446.9801247660635
 20
441.3288160941211
 30
0.0
 11
-163.4334115592183
 21
0.0
 31
0.0
  0
LINE
  5
3C5
330
392
100
AcDbEntity
  8
粗实线层
100
AcDbLine
 10
-344.2065886080909
 20
489.4929860313732
 30
0.0
 11
-38.39730054803385
 21
13.51338632542684
 31
0.0
  0
LINE
  5
3C6
330
392
100
AcDbEntity
  8
粗实线层
100
AcDbLine
 10
-373.3645165179323
 20
488.6256682331132
 30
0.0
 11
-59.43033147607093
 21
0.0
 31
0.0
  0
LINE
  5
3C7
330
392
100
AcDbEntity
  8
粗实线层
100
AcDbLine
 10
-520.5957330141946
 20
394.031963955129
 30
0.0
 11
-267.4364916423651
 21
0.0
 31
0.0
  0
LINE
  5
3C8
330
392
100
AcDbEntity
  8
粗实线层
100
AcDbLine
 10
-491.4299312111098
 20
394.8870263618755
 30
0.0
 11
-246.4034607143276
 21
13.51338632542684
 31
0.0
  0
LINE
  5
3C9
330
392
100
AcDbEntity
  8
粗实线层
100
AcDbLine
 10
-267.4364916423651
 20
0.0
 30
0.0
 11
-246.4034607143267
 21
13.51338632542684
 31
0.0
  0
LINE
  5
3CA
330
392
100
AcDbEntity
  8
粗实线层
100
AcDbLine
 10
-163.4334115592183
 20
0.0
 30
0.0
 11
-142.4003806311816
 21
13.51338632542684
 31
0.0
  0
LINE
  5
3CB
330
392
100
AcDbEntity
  8
粗实线层
100
AcDbLine
 10
-59.43033147607093
 20
0.0
 30
0.0
 11
-38.39730054803294
 21
13.51338632542684
 31
0.0
  0
LINE
  5
3CC
330
392
100
AcDbEntity
  8
粗实线层
100
AcDbLine
 10
-372.0145719788025
 20
489.4929860313732
 30
0.0
 11
-344.2065886080891
 21
489.4929860313732
 31
0.0
  0
LINE
  5
3CD
330
392
100
AcDbEntity
  8
粗实线层
100
AcDbLine
 10
-446.0736394606711
 20
441.9112184198748
 30
0.0
 11
-417.639143217245
 21
441.9112184198748
 31
0.0
  0
LINE
  5
3CE
330
392
100
AcDbEntity
  8
粗实线层
100
AcDbLine
 10
-519.2648634887173
 20
394.8870263618755
 30
0.0
 11
-491.4299312111098
 21
394.8870263618755
 31
0.0
  0
LINE
  5
3CF
330
392
100
AcDbEntity
  8
粗实线层
100
AcDbLine
 10
344.20658860809
 20
489.4929860313732
 30
0.0
 11
38.3973005480334
 21
13.51338632542684
 31
0.0
  0
LINE
  5
3D0
330
392
100
AcDbEntity
  8
粗实线层
100
AcDbLine
 10
373.3645165179314
 20
488.6256682331132
 30
0.0
 11
59.43033147607048
 21
0.0
 31
0.0
  0
LINE
  5
3D1
330
392
100
AcDbEntity
  8
粗实线层
100
AcDbLine
 10
372.0145719788015
 20
489.4929860313732
 30
0.0
 11
344.2065886080882
 21
489.4929860313732
 31
0.0
  0
LINE
  5
3D2
330
392
100
AcDbEntity
  8
粗实线层
100
AcDbLine
 10
446.0736394606702
 20
441.9112184198748
 30
0.0
 11
417.6391432172441
 21
441.9112184198748
 31
0.0
  0
LINE
  5
3D3
330
392
100
AcDbEntity
  8
粗实线层
100
AcDbLine
 10
519.2648634887164
 20
394.8870263618755
 30
0.0
 11
491.4299312111089
 21
394.8870263618755
 31
0.0
  0
LINE
  5
3D4
330
392
100
AcDbEntity
  8
粗实线层
100
AcDbLine
 10
491.4299312111089
 20
394.8870263618755
 30
0.0
 11
246.4034607143271
 21
13.51338632542684
 31
0.0
  0
LINE
  5
3D5
330
392
100
AcDbEntity
  8
粗实线层
100
AcDbLine
 10
520.5957330141937
 20
394.031963955129
 30
0.0
 11
267.4364916423647
 21
0.0
 31
0.0
  0
LINE
  5
3D6
330
392
100
AcDbEntity
  8
粗实线层
100
AcDbLine
 10
417.639143217245
 20
441.9112184198748
 30
0.0
 11
142.4003806311807
 21
13.51338632542684
 31
0.0
  0
LINE
  5
3D7
330
392
100
AcDbEntity
  8
粗实线层
100
AcDbLine
 10
446.9801247660625
 20
441.3288160941211
 30
0.0
 11
163.4334115592178
 21
0.0
 31
0.0
  0
LINE
  5
3D8
330
392
100
AcDbEntity
  8
粗实线层
100
AcDbLine
 10
267.4364916423647
 20
0.0
 30
0.0
 11
246.4034607143262
 21
13.51338632542684
 31
0.0
  0
LINE
  5
3D9
330
392
100
AcDbEntity
  8
粗实线层
100
AcDbLine
 10
163.4334115592178
 20
0.0
 30
0.0
 11
142.4003806311812
 21
13.51338632542684
 31
0.0
  0
LINE
  5
3DA
330
392
100
AcDbEntity
  8
粗实线层
100
AcDbLine
 10
59.43033147607048
 20
0.0
 30
0.0
 11
38.39730054803249
 21
13.51338632542684
 31
0.0
  0
DIMENSION
  5
3E4
330
392
100
AcDbEntity
  8
尺寸线层
100
AcDbDimension
  2
*X44
 10
-641.6968305690889
 20
0.0000000000000284
 30
0.0
 11
-662.8958529154577
 21
190.259288314852
 31
0.0
 70
   160
 71
     5
 42
-1.0
  3
标准
100
AcDbAlignedDimension
 13
-555.6287639422226
 23
380.5185776297039
 33
0.0
 14
-555.6287639422226
 24
0.0
 34
0.0
 50
270.0
100
AcDbRotatedDimension
1001
CX_DbAnnotate_TxtLocPara
1041
0.0
1001
CX_DbAnnotate_SimDimOriTxt
1070
     0
1001
CAXA_DRAFT_DIMARROWREVERSE
1070
     0
1001
ACAD
1000
DSTYLE
1002
{
1070
    69
1070
     1
1070
   173
1070
     1
1070
   284
1070
     0
1002
}
1001
CAXA_DRAFT_DIMARCLENSTYLE
1070
     1
1001
CAXA_DRAFT_DDTSTY_2011R3
1070
     0
1001
ACAD_DSTYLE_DIMINSPECT
1070
   396
1000

1070
   395
1000

1070
   394
1070
     0
1070
   393
1070
     0
1001
CX_DBDIM_TXTFRAME
1070
     0
1070
     0
1001
CDRAFT_DIM_STD_REV_NAME
1000
GB
1000
*DIMSTD
1000

1001
ACAD_DSTYLE_DIMTEXT_FILL
1070
   376
1070
     1
  0
DIMENSION
  5
3EE
330
392
100
AcDbEntity
  8
尺寸线层
100
AcDbDimension
  2
*X45
 10
541.6287639422226
 20
-126.6446389546581
 30
0.0
 11
0.0000005000001693
 21
-105.3576277814739
 31
0.0
 70
   160
 71
     5
 42
-1.0
  3
标准
100
AcDbAlignedDimension
 13
-541.6287639422226
 23
0.0
 33
0.0
 14
541.6287639422226
 24
-0.000000000007276
 34
0.0
100
AcDbRotatedDimension
1001
CX_DbAnnotate_TxtLocPara
1041
0.0
1001
CX_DbAnnotate_SimDimOriTxt
1070
     0
1001
CAXA_DRAFT_DIMARROWREVERSE
1070
     0
1001
ACAD
1000
DSTYLE
1002
{
1070
    69
1070
     1
1070
   173
1070
     1
1070
   284
1070
     0
1002
}
1001
CAXA_DRAFT_DIMARCLENSTYLE
1070
     1
1001
CAXA_DRAFT_DDTSTY_2011R3
1070
     0
1001
ACAD_DSTYLE_DIMINSPECT
1070
   396
1000

1070
   395
1000

1070
   394
1070
     0
1070
   393
1070
     0
1001
CX_DBDIM_TXTFRAME
1070
     0
1070
     0
1001
CDRAFT_DIM_STD_REV_NAME
1000
GB
1000
*DIMSTD
1000

1001
ACAD_DSTYLE_DIMTEXT_FILL
1070
   376
1070
     1
  0
DIMENSION
  5
3F8
330
392
100
AcDbEntity
  8
尺寸线层
100
AcDbDimension
  2
*X46
 10
-555.6287639422226
 20
-126.6446389546563
 30
0.0
 11
-548.6287644422226
 21
-105.357627781472
 31
0.0
 70
   160
 71
     5
 42
-1.0
  3
标准
100
AcDbAlignedDimension
 13
-541.6287639422226
 23
0.0
 33
0.0
 14
-555.6287639422226
 24
0.0
 34
0.0
100
AcDbRotatedDimension
1001
CX_DbAnnotate_TxtLocPara
1041
0.0
1001
CX_DbAnnotate_SimDimOriTxt
1070
     0
1001
CAXA_DRAFT_DIMARROWREVERSE
1070
     0
1001
ACAD
1000
DSTYLE
1002
{
1070
    69
1070
     1
1070
   173
1070
     1
1070
   284
1070
     0
1002
}
1001
CAXA_DRAFT_DIMARCLENSTYLE
1070
     1
1001
CAXA_DRAFT_DDTSTY_2011R3
1070
     0
1001
ACAD_DSTYLE_DIMINSPECT
1070
   396
1000

1070
   395
1000

1070
   394
1070
     0
1070
   393
1070
     0
1001
CX_DBDIM_TXTFRAME
1070
     0
1070
     0
1001
CDRAFT_DIM_STD_REV_NAME
1000
GB
1000
*DIMSTD
1000

1001
ACAD_DSTYLE_DIMTEXT_FILL
1070
   376
1070
     1
  0
DIMENSION
  5
402
330
392
100
AcDbEntity
  8
尺寸线层
100
AcDbDimension
  2
*X47
 10
555.6287639422217
 20
-126.6446389546563
 30
0.0
 11
548.6287644422221
 21
-105.357627781472
 31
0.0
 70
   160
 71
     5
 42
-1.0
  3
标准
100
AcDbAlignedDimension
 13
541.6287639422226
 23
-0.000000000007276
 33
0.0
 14
555.6287639422217
 24
0.0
 34
0.0
100
AcDbRotatedDimension
1001
CX_DbAnnotate_TxtLocPara
1041
0.0
1001
CX_DbAnnotate_SimDimOriTxt
1070
     0
1001
CAXA_DRAFT_DIMARROWREVERSE
1070
     0
1001
ACAD
1000
DSTYLE
1002
{
1070
    69
1070
     1
1070
   173
1070
     1
1070
   284
1070
     0
1002
}
1001
CAXA_DRAFT_DIMARCLENSTYLE
1070
     1
1001
CAXA_DRAFT_DDTSTY_2011R3
1070
     0
1001
ACAD_DSTYLE_DIMINSPECT
1070
   396
1000

1070
   395
1000

1070
   394
1070
     0
1070
   393
1070
     0
1001
CX_DBDIM_TXTFRAME
1070
     0
1070
     0
1001
CDRAFT_DIM_STD_REV_NAME
1000
GB
1000
*DIMSTD
1000

1001
ACAD_DSTYLE_DIMTEXT_FILL
1070
   376
1070
     1
  0
DIMENSION
  5
40C
330
392
100
AcDbEntity
  8
尺寸线层
100
AcDbDimension
  2
*X48
 10
646.61436638758
 20
0.0000000000000071
 30
0.0
 11
625.4153440412113
 21
190.259288314852
 31
0.0
 70
   160
 71
     5
 42
-1.0
  3
标准
100
AcDbAlignedDimension
 13
555.6287639422217
 23
380.5185776297039
 33
0.0
 14
555.6287639422217
 24
0.0
 34
0.0
 50
270.0
100
AcDbRotatedDimension
1001
CX_DbAnnotate_TxtLocPara
1041
0.0
1001
CX_DbAnnotate_SimDimOriTxt
1070
     0
1001
CAXA_DRAFT_DIMARROWREVERSE
1070
     0
1001
ACAD
1000
DSTYLE
1002
{
1070
    69
1070
     1
1070
   173
1070
     1
1070
   284
1070
     0
1002
}
1001
CAXA_DRAFT_DIMARCLENSTYLE
1070
     1
1001
CAXA_DRAFT_DDTSTY_2011R3
1070
     0
1001
ACAD_DSTYLE_DIMINSPECT
1070
   396
1000

1070
   395
1000

1070
   394
1070
     0
1070
   393
1070
     0
1001
CX_DBDIM_TXTFRAME
1070
     0
1070
     0
1001
CDRAFT_DIM_STD_REV_NAME
1000
GB
1000
*DIMSTD
1000

1001
ACAD_DSTYLE_DIMTEXT_FILL
1070
   376
1070
     1
  0
DIMENSION
  5
416
330
392
100
AcDbEntity
  8
尺寸线层
100
AcDbDimension
  2
*X49
 10
7.00000000000129
 20
555.3688258405107
 30
0.0
 11
0.0000005000019883
 21
576.655837013695
 31
0.0
 70
   160
 71
     5
 42
-1.0
  3
标准
100
AcDbAlignedDimension
 13
-7.0
 23
515.652440885091
 33
0.0
 14
7.0
 24
515.652440885091
 34
0.0
 50
-0.0000000000018611
100
AcDbRotatedDimension
1001
CX_DbAnnotate_TxtLocPara
1041
0.0
1001
CX_DbAnnotate_SimDimOriTxt
1070
     0
1001
CAXA_DRAFT_DIMARROWREVERSE
1070
     0
1001
ACAD
1000
DSTYLE
1002
{
1070
    69
1070
     1
1070
   173
1070
     1
1070
   284
1070
     0
1002
}
1001
CAXA_DRAFT_DIMARCLENSTYLE
1070
     1
1001
CAXA_DRAFT_DDTSTY_2011R3
1070
     0
1001
ACAD_DSTYLE_DIMINSPECT
1070
   396
1000

1070
   395
1000

1070
   394
1070
     0
1070
   393
1070
     0
1001
CX_DBDIM_TXTFRAME
1070
     0
1070
     0
1001
CDRAFT_DIM_STD_REV_NAME
1000
GB
1000
*DIMSTD
1000

1001
ACAD_DSTYLE_DIMTEXT_FILL
1070
   376
1070
     1
  0
DIMENSION
  5
420
330
392
100
AcDbEntity
  8
尺寸线层
100
AcDbDimension
  2
*X50
 10
331.2984546618832
 20
612.5954718472985
 30
0.0
 11
0.0000004999860721
 21
633.7944941936671
 31
0.0
 70
   160
 71
     5
 42
-1.0
  3
标准
100
AcDbAlignedDimension
 13
-331.2984546619109
 23
529.6524408839705
 33
0.0
 14
331.2984546618832
 24
529.6524408839414
 34
0.0
100
AcDbRotatedDimension
1001
CX_DbAnnotate_TxtLocPara
1041
0.0
1001
CX_DbAnnotate_SimDimOriTxt
1070
     0
1001
CAXA_DRAFT_DIMARROWREVERSE
1070
     0
1001
ACAD
1000
DSTYLE
1002
{
1070
    69
1070
     1
1070
   173
1070
     1
1070
   284
1070
     0
1002
}
1001
CAXA_DRAFT_DIMARCLENSTYLE
1070
     1
1001
CAXA_DRAFT_DDTSTY_2011R3
1070
     0
1001
ACAD_DSTYLE_DIMINSPECT
1070
   396
1000

1070
   395
1000

1070
   394
1070
     0
1070
   393
1070
     0
1001
CX_DBDIM_TXTFRAME
1070
     0
1070
     0
1001
CDRAFT_DIM_STD_REV_NAME
1000
GB
1000
*DIMSTD
1000

1001
ACAD_DSTYLE_DIMTEXT_FILL
1070
   376
1070
     1
  0
DIMENSION
  5
42A
330
392
100
AcDbEntity
  8
尺寸线层
100
AcDbDimension
  2
*X51
 10
-515.6270429746322
 20
432.5488372385279
 30
0.0
 11
-500.7945778827591
 21
467.2757575812557
 31
0.0
 70
   160
  1
62.5
 71
     5
 42
-1.0
  3
标准
100
AcDbAlignedDimension
 13
-446.9801247660635
 23
441.3288160941211
 33
0.0
 14
-491.4299312111098
 24
394.8870263618755
 34
0.0
 50
212.7200968944488
100
AcDbRotatedDimension
1001
CX_DbAnnotate_TxtLocPara
1041
0.0
1001
CX_DbAnnotate_SimDimOriTxt
1070
     0
1001
CAXA_DRAFT_DIMARROWREVERSE
1070
     0
1001
ACAD
1000
DSTYLE
1002
{
1070
    69
1070
     1
1070
   173
1070
     1
1070
   271
1070
     1
1070
   146
1040
1.0
1070
   284
1070
     0
1002
}
1001
CAXA_DRAFT_DIMARCLENSTYLE
1070
     1
1001
CAXA_DRAFT_DDTSTY_2011R3
1070
     0
1001
ACAD_DSTYLE_DIMINSPECT
1070
   396
1000

1070
   395
1000

1070
   394
1070
     0
1070
   393
1070
     0
1001
CX_DBDIM_TXTFRAME
1070
     0
1070
     0
1001
CDRAFT_DIM_STD_REV_NAME
1000
GB
1000
*DIMSTD
1000

1001
ACAD_DSTYLE_DIMTEXT_FILL
1070
   376
1070
     1
  0
DIMENSION
  5
434
330
392
100
AcDbEntity
  8
尺寸线层
100
AcDbDimension
  2
*X52
 10
-441.4606923761321
 20
478.9884815237852
 30
0.0
 11
-426.6282272842589
 21
513.7154018665137
 31
0.0
 70
   160
 71
     5
 42
-1.0
  3
标准
100
AcDbAlignedDimension
 13
-373.3645165179323
 23
488.6256682331132
 33
0.0
 14
-417.6391432172459
 24
441.9112184198748
 34
0.0
 50
212.7200968944489
100
AcDbRotatedDimension
1001
CX_DbAnnotate_TxtLocPara
1041
0.0
1001
CX_DbAnnotate_SimDimOriTxt
1070
     0
1001
CAXA_DRAFT_DIMARROWREVERSE
1070
     0
1001
ACAD
1000
DSTYLE
1002
{
1070
    69
1070
     1
1070
   173
1070
     1
1070
   271
1070
     1
1070
   284
1070
     0
1002
}
1001
CAXA_DRAFT_DIMARCLENSTYLE
1070
     1
1001
CAXA_DRAFT_DDTSTY_2011R3
1070
     0
1001
ACAD_DSTYLE_DIMINSPECT
1070
   396
1000

1070
   395
1000

1070
   394
1070
     0
1070
   393
1070
     0
1001
CX_DBDIM_TXTFRAME
1070
     0
1070
     0
1001
CDRAFT_DIM_STD_REV_NAME
1000
GB
1000
*DIMSTD
1000

1001
ACAD_DSTYLE_DIMTEXT_FILL
1070
   376
1070
     1
  0
DIMENSION
  5
43E
330
392
100
AcDbEntity
  8
尺寸线层
100
AcDbDimension
  2
*X53
 10
-565.988653692727
 20
464.6841810644012
 30
0.0
 11
-570.8630505135238
 21
486.7497574858053
 31
0.0
 70
   160
 71
     5
 42
-1.0
  3
标准
100
AcDbAlignedDimension
 13
-491.4299312111098
 23
394.8870263618755
 33
0.0
 14
-520.5957330141946
 24
394.031963955129
 34
0.0
 50
212.7200968944497
100
AcDbRotatedDimension
1001
CX_DbAnnotate_TxtLocPara
1041
0.0
1001
CX_DbAnnotate_SimDimOriTxt
1070
     0
1001
CAXA_DRAFT_DIMARROWREVERSE
1070
     0
1001
ACAD
1000
DSTYLE
1002
{
1070
    69
1070
     1
1070
   173
1070
     1
1070
   284
1070
     0
1002
}
1001
CAXA_DRAFT_DIMARCLENSTYLE
1070
     1
1001
CAXA_DRAFT_DDTSTY_2011R3
1070
     0
1001
ACAD_DSTYLE_DIMINSPECT
1070
   396
1000

1070
   395
1000

1070
   394
1070
     0
1070
   393
1070
     0
1001
CX_DBDIM_TXTFRAME
1070
     0
1070
     0
1001
CDRAFT_DIM_STD_REV_NAME
1000
GB
1000
*DIMSTD
1000

1001
ACAD_DSTYLE_DIMTEXT_FILL
1070
   376
1070
     1
  0
DIMENSION
  5
448
330
392
100
AcDbEntity
  8
尺寸线层
100
AcDbDimension
  2
*X54
 10
-492.7994863433108
 20
512.6447709516988
 30
0.0
 11
-493.7417944474664
 21
537.2366515503572
 31
0.0
 70
   160
 71
     5
 42
-1.0
  3
标准
100
AcDbAlignedDimension
 13
-417.6391432172459
 23
441.9112184198748
 33
0.0
 14
-446.9801247660635
 24
441.3288160941211
 34
0.0
 50
212.7200968944505
100
AcDbRotatedDimension
1001
CX_DbAnnotate_TxtLocPara
1041
0.0
1001
CX_DbAnnotate_SimDimOriTxt
1070
     0
1001
CAXA_DRAFT_DIMARROWREVERSE
1070
     0
1001
ACAD
1000
DSTYLE
1002
{
1070
    69
1070
     1
1070
   173
1070
     1
1070
   284
1070
     0
1002
}
1001
CAXA_DRAFT_DIMARCLENSTYLE
1070
     1
1001
CAXA_DRAFT_DDTSTY_2011R3
1070
     0
1001
ACAD_DSTYLE_DIMINSPECT
1070
   396
1000

1070
   395
1000

1070
   394
1070
     0
1070
   393
1070
     0
1001
CX_DBDIM_TXTFRAME
1070
     0
1070
     0
1001
CDRAFT_DIM_STD_REV_NAME
1000
GB
1000
*DIMSTD
1000

1001
ACAD_DSTYLE_DIMTEXT_FILL
1070
   376
1070
     1
  0
DIMENSION
  5
452
330
392
100
AcDbEntity
  8
尺寸线层
100
AcDbDimension
  2
*X55
 10
-419.4189333811331
 20
560.3074769914297
 30
0.0
 11
-418.2751348149518
 21
586.2396477959437
 31
0.0
 70
   160
 71
     5
 42
-1.0
  3
标准
100
AcDbAlignedDimension
 13
-344.2065886080909
 23
489.4929860313732
 33
0.0
 14
-373.3645165179323
 24
488.6256682331132
 34
0.0
 50
212.7200968944481
100
AcDbRotatedDimension
1001
CX_DbAnnotate_TxtLocPara
1041
0.0
1001
CX_DbAnnotate_SimDimOriTxt
1070
     0
1001
CAXA_DRAFT_DIMARROWREVERSE
1070
     0
1001
ACAD
1000
DSTYLE
1002
{
1070
    69
1070
     1
1070
   173
1070
     1
1070
   284
1070
     0
1002
}
1001
CAXA_DRAFT_DIMARCLENSTYLE
1070
     1
1001
CAXA_DRAFT_DDTSTY_2011R3
1070
     0
1001
ACAD_DSTYLE_DIMINSPECT
1070
   396
1000

1070
   395
1000

1070
   394
1070
     0
1070
   393
1070
     0
1001
CX_DBDIM_TXTFRAME
1070
     0
1070
     0
1001
CDRAFT_DIM_STD_REV_NAME
1000
GB
1000
*DIMSTD
1000

1001
ACAD_DSTYLE_DIMTEXT_FILL
1070
   376
1070
     1
  0
DIMENSION
  5
45C
330
392
100
AcDbEntity
  8
尺寸线层
100
AcDbDimension
  2
*X56
 10
-599.988014996979
 20
517.6027908506367
 30
0.0
 11
-527.3147148530038
 21
589.4915235882877
 31
0.0
 70
   160
 71
     5
 42
-1.0
  3
标准
100
AcDbAlignedDimension
 13
-344.2065886080909
 23
489.4929860313732
 33
0.0
 14
-520.5957330141946
 24
394.031963955129
 34
0.0
 50
212.7200968944488
100
AcDbRotatedDimension
1001
CX_DbAnnotate_TxtLocPara
1041
0.0
1001
CX_DbAnnotate_SimDimOriTxt
1070
     0
1001
CAXA_DRAFT_DIMARROWREVERSE
1070
     0
1001
ACAD
1000
DSTYLE
1002
{
1070
    69
1070
     1
1070
   173
1070
     1
1070
   284
1070
     0
1002
}
1001
CAXA_DRAFT_DIMARCLENSTYLE
1070
     1
1001
CAXA_DRAFT_DDTSTY_2011R3
1070
     0
1001
ACAD_DSTYLE_DIMINSPECT
1070
   396
1000

1070
   395
1000

1070
   394
1070
     0
1070
   393
1070
     0
1001
CX_DBDIM_TXTFRAME
1070
     0
1070
     0
1001
CDRAFT_DIM_STD_REV_NAME
1000
GB
1000
*DIMSTD
1000

1001
ACAD_DSTYLE_DIMTEXT_FILL
1070
   376
1070
     1
  0
DIMENSION
  5
466
330
392
100
AcDbEntity
  8
尺寸线层
100
AcDbDimension
  2
*X57
 10
-448.3921888800572
 20
697.9040300846482
 30
0.0
 11
-565.0161662470944
 21
648.1722864339954
 31
0.0
 70
   160
 71
     5
 42
-1.0
  3
标准
100
AcDbAlignedDimension
 13
-541.6287639421935
 23
380.5185776297258
 33
0.0
 14
-331.2984546618245
 24
515.6524408839923
 34
0.0
 50
32.72009689445017
100
AcDbRotatedDimension
1001
CX_DbAnnotate_TxtLocPara
1041
0.0
1001
CX_DbAnnotate_SimDimOriTxt
1070
     0
1001
CAXA_DRAFT_DIMARROWREVERSE
1070
     0
1001
ACAD
1000
DSTYLE
1002
{
1070
    69
1070
     1
1070
   173
1070
     1
1070
   284
1070
     0
1002
}
1001
CAXA_DRAFT_DIMARCLENSTYLE
1070
     1
1001
CAXA_DRAFT_DDTSTY_2011R3
1070
     0
1001
ACAD_DSTYLE_DIMINSPECT
1070
   396
1000

1070
   395
1000

1070
   394
1070
     0
1070
   393
1070
     0
1001
CX_DBDIM_TXTFRAME
1070
     0
1070
     0
1001
CDRAFT_DIM_STD_REV_NAME
1000
GB
1000
*DIMSTD
1000

1001
ACAD_DSTYLE_DIMTEXT_FILL
1070
   376
1070
     1
  0
DIMENSION
  5
470
330
392
100
AcDbEntity
  8
尺寸线层
100
AcDbDimension
  2
*X58
 10
-411.0160884843136
 20
639.729664558381
 30
0.0
 11
-432.9914266752003
 21
650.808159372139
 31
0.0
 70
   160
 71
     5
 42
-1.0
  3
标准
100
AcDbAlignedDimension
 13
-344.2065886080909
 23
489.4929860313732
 33
0.0
 14
-331.2984546618245
 24
515.6524408839923
 34
0.0
 50
32.72009689444928
100
AcDbRotatedDimension
1001
CX_DbAnnotate_TxtLocPara
1041
0.0
1001
CX_DbAnnotate_SimDimOriTxt
1070
     0
1001
CAXA_DRAFT_DIMARROWREVERSE
1070
     0
1001
ACAD
1000
DSTYLE
1002
{
1070
    69
1070
     1
1070
   173
1070
     1
1070
   284
1070
     0
1002
}
1001
CAXA_DRAFT_DIMARCLENSTYLE
1070
     1
1001
CAXA_DRAFT_DDTSTY_2011R3
1070
     0
1001
ACAD_DSTYLE_DIMINSPECT
1070
   396
1000

1070
   395
1000

1070
   394
1070
     0
1070
   393
1070
     0
1001
CX_DBDIM_TXTFRAME
1070
     0
1070
     0
1001
CDRAFT_DIM_STD_REV_NAME
1000
GB
1000
*DIMSTD
1000

1001
ACAD_DSTYLE_DIMTEXT_FILL
1070
   376
1070
     1
  0
DIMENSION
  5
47A
330
392
100
AcDbEntity
  8
尺寸线层
100
AcDbDimension
  2
*X59
 10
-620.9186302650297
 20
503.9299987559178
 30
0.0
 11
-621.8609383692037
 21
528.5218793545646
 31
0.0
 70
   160
 71
     5
 42
-1.0
  3
标准
100
AcDbAlignedDimension
 13
-520.5957330141946
 23
394.031963955129
 33
0.0
 14
-541.6287639421935
 24
380.5185776297258
 34
0.0
 50
212.7200968944497
100
AcDbRotatedDimension
1001
CX_DbAnnotate_TxtLocPara
1041
0.0
1001
CX_DbAnnotate_SimDimOriTxt
1070
     0
1001
CAXA_DRAFT_DIMARROWREVERSE
1070
     0
1001
ACAD
1000
DSTYLE
1002
{
1070
    69
1070
     1
1070
   173
1070
     1
1070
   284
1070
     0
1002
}
1001
CAXA_DRAFT_DIMARCLENSTYLE
1070
     1
1001
CAXA_DRAFT_DDTSTY_2011R3
1070
     0
1001
ACAD_DSTYLE_DIMINSPECT
1070
   396
1000

1070
   395
1000

1070
   394
1070
     0
1070
   393
1070
     0
1001
CX_DBDIM_TXTFRAME
1070
     0
1070
     0
1001
CDRAFT_DIM_STD_REV_NAME
1000
GB
1000
*DIMSTD
1000

1001
ACAD_DSTYLE_DIMTEXT_FILL
1070
   376
1070
     1
  0
DIMENSION
  5
484
330
392
100
AcDbEntity
  8
尺寸线层
100
AcDbDimension
  2
*X60
 10
515.6270429746313
 20
432.5488372385282
 30
0.0
 11
500.7945778827582
 21
467.2757575812561
 31
0.0
 70
   160
  1
62.5
 71
     5
 42
-1.0
  3
标准
100
AcDbAlignedDimension
 13
446.9801247660625
 23
441.3288160941211
 33
0.0
 14
491.4299312111089
 24
394.8870263618755
 34
0.0
 50
327.2799031055515
100
AcDbRotatedDimension
1001
CX_DbAnnotate_TxtLocPara
1041
0.0
1001
CX_DbAnnotate_SimDimOriTxt
1070
     0
1001
CAXA_DRAFT_DIMARROWREVERSE
1070
     0
1001
ACAD
1000
DSTYLE
1002
{
1070
    69
1070
     1
1070
   173
1070
     1
1070
   271
1070
     1
1070
   146
1040
1.0
1070
   284
1070
     0
1002
}
1001
CAXA_DRAFT_DIMARCLENSTYLE
1070
     1
1001
CAXA_DRAFT_DDTSTY_2011R3
1070
     0
1001
ACAD_DSTYLE_DIMINSPECT
1070
   396
1000

1070
   395
1000

1070
   394
1070
     0
1070
   393
1070
     0
1001
CX_DBDIM_TXTFRAME
1070
     0
1070
     0
1001
CDRAFT_DIM_STD_REV_NAME
1000
GB
1000
*DIMSTD
1000

1001
ACAD_DSTYLE_DIMTEXT_FILL
1070
   376
1070
     1
  0
DIMENSION
  5
48E
330
392
100
AcDbEntity
  8
尺寸线层
100
AcDbDimension
  2
*X61
 10
441.460692376131
 20
478.9884815237858
 30
0.0
 11
426.6282272842575
 21
513.7154018665137
 31
0.0
 70
   160
 71
     5
 42
-1.0
  3
标准
100
AcDbAlignedDimension
 13
373.3645165179314
 23
488.6256682331132
 33
0.0
 14
417.639143217245
 24
441.9112184198748
 34
0.0
 50
327.2799031055519
100
AcDbRotatedDimension
1001
CX_DbAnnotate_TxtLocPara
1041
0.0
1001
CX_DbAnnotate_SimDimOriTxt
1070
     0
1001
CAXA_DRAFT_DIMARROWREVERSE
1070
     0
1001
ACAD
1000
DSTYLE
1002
{
1070
    69
1070
     1
1070
   173
1070
     1
1070
   271
1070
     1
1070
   284
1070
     0
1002
}
1001
CAXA_DRAFT_DIMARCLENSTYLE
1070
     1
1001
CAXA_DRAFT_DDTSTY_2011R3
1070
     0
1001
ACAD_DSTYLE_DIMINSPECT
1070
   396
1000

1070
   395
1000

1070
   394
1070
     0
1070
   393
1070
     0
1001
CX_DBDIM_TXTFRAME
1070
     0
1070
     0
1001
CDRAFT_DIM_STD_REV_NAME
1000
GB
1000
*DIMSTD
1000

1001
ACAD_DSTYLE_DIMTEXT_FILL
1070
   376
1070
     1
  0
DIMENSION
  5
498
330
392
100
AcDbEntity
  8
尺寸线层
100
AcDbDimension
  2
*X62
 10
565.9886536927261
 20
464.6841810644011
 30
0.0
 11
570.8630505135227
 21
486.7497574858053
 31
0.0
 70
   160
 71
     5
 42
-1.0
  3
标准
100
AcDbAlignedDimension
 13
491.4299312111089
 23
394.8870263618755
 33
0.0
 14
520.5957330141937
 24
394.031963955129
 34
0.0
 50
327.2799031055503
100
AcDbRotatedDimension
1001
CX_DbAnnotate_TxtLocPara
1041
0.0
1001
CX_DbAnnotate_SimDimOriTxt
1070
     0
1001
CAXA_DRAFT_DIMARROWREVERSE
1070
     0
1001
ACAD
1000
DSTYLE
1002
{
1070
    69
1070
     1
1070
   173
1070
     1
1070
   284
1070
     0
1002
}
1001
CAXA_DRAFT_DIMARCLENSTYLE
1070
     1
1001
CAXA_DRAFT_DDTSTY_2011R3
1070
     0
1001
ACAD_DSTYLE_DIMINSPECT
1070
   396
1000

1070
   395
1000

1070
   394
1070
     0
1070
   393
1070
     0
1001
CX_DBDIM_TXTFRAME
1070
     0
1070
     0
1001
CDRAFT_DIM_STD_REV_NAME
1000
GB
1000
*DIMSTD
1000

1001
ACAD_DSTYLE_DIMTEXT_FILL
1070
   376
1070
     1
  0
DIMENSION
  5
4A2
330
392
100
AcDbEntity
  8
尺寸线层
100
AcDbDimension
  2
*X63
 10
492.7994863433095
 20
512.6447709516989
 30
0.0
 11
493.7417944474662
 21
537.2366515503568
 31
0.0
 70
   160
 71
     5
 42
-1.0
  3
标准
100
AcDbAlignedDimension
 13
417.639143217245
 23
441.9112184198748
 33
0.0
 14
446.9801247660625
 24
441.3288160941211
 34
0.0
 50
327.2799031055497
100
AcDbRotatedDimension
1001
CX_DbAnnotate_TxtLocPara
1041
0.0
1001
CX_DbAnnotate_SimDimOriTxt
1070
     0
1001
CAXA_DRAFT_DIMARROWREVERSE
1070
     0
1001
ACAD
1000
DSTYLE
1002
{
1070
    69
1070
     1
1070
   173
1070
     1
1070
   284
1070
     0
1002
}
1001
CAXA_DRAFT_DIMARCLENSTYLE
1070
     1
1001
CAXA_DRAFT_DDTSTY_2011R3
1070
     0
1001
ACAD_DSTYLE_DIMINSPECT
1070
   396
1000

1070
   395
1000

1070
   394
1070
     0
1070
   393
1070
     0
1001
CX_DBDIM_TXTFRAME
1070
     0
1070
     0
1001
CDRAFT_DIM_STD_REV_NAME
1000
GB
1000
*DIMSTD
1000

1001
ACAD_DSTYLE_DIMTEXT_FILL
1070
   376
1070
     1
  0
DIMENSION
  5
4AC
330
392
100
AcDbEntity
  8
尺寸线层
100
AcDbDimension
  2
*X64
 10
419.4189333811307
 20
560.3074769914324
 30
0.0
 11
418.2751348149516
 21
586.2396477959442
 31
0.0
 70
   160
 71
     5
 42
-1.0
  3
标准
100
AcDbAlignedDimension
 13
344.20658860809
 23
489.4929860313732
 33
0.0
 14
373.3645165179314
 24
488.6256682331132
 34
0.0
 50
327.2799031055538
100
AcDbRotatedDimension
1001
CX_DbAnnotate_TxtLocPara
1041
0.0
1001
CX_DbAnnotate_SimDimOriTxt
1070
     0
1001
CAXA_DRAFT_DIMARROWREVERSE
1070
     0
1001
ACAD
1000
DSTYLE
1002
{
1070
    69
1070
     1
1070
   173
1070
     1
1070
   284
1070
     0
1002
}
1001
CAXA_DRAFT_DIMARCLENSTYLE
1070
     1
1001
CAXA_DRAFT_DDTSTY_2011R3
1070
     0
1001
ACAD_DSTYLE_DIMINSPECT
1070
   396
1000

1070
   395
1000

1070
   394
1070
     0
1070
   393
1070
     0
1001
CX_DBDIM_TXTFRAME
1070
     0
1070
     0
1001
CDRAFT_DIM_STD_REV_NAME
1000
GB
1000
*DIMSTD
1000

1001
ACAD_DSTYLE_DIMTEXT_FILL
1070
   376
1070
     1
  0
DIMENSION
  5
4B6
330
392
100
AcDbEntity
  8
尺寸线层
100
AcDbDimension
  2
*X65
 10
599.9880149969795
 20
517.6027908506367
 30
0.0
 11
527.3147148530034
 21
589.4915235882881
 31
0.0
 70
   160
 71
     5
 42
-1.0
  3
标准
100
AcDbAlignedDimension
 13
344.20658860809
 23
489.4929860313732
 33
0.0
 14
520.5957330141937
 24
394.031963955129
 34
0.0
 50
327.2799031055508
100
AcDbRotatedDimension
1001
CX_DbAnnotate_TxtLocPara
1041
0.0
1001
CX_DbAnnotate_SimDimOriTxt
1070
     0
1001
CAXA_DRAFT_DIMARROWREVERSE
1070
     0
1001
ACAD
1000
DSTYLE
1002
{
1070
    69
1070
     1
1070
   173
1070
     1
1070
   284
1070
     0
1002
}
1001
CAXA_DRAFT_DIMARCLENSTYLE
1070
     1
1001
CAXA_DRAFT_DDTSTY_2011R3
1070
     0
1001
ACAD_DSTYLE_DIMINSPECT
1070
   396
1000

1070
   395
1000

1070
   394
1070
     0
1070
   393
1070
     0
1001
CX_DBDIM_TXTFRAME
1070
     0
1070
     0
1001
CDRAFT_DIM_STD_REV_NAME
1000
GB
1000
*DIMSTD
1000

1001
ACAD_DSTYLE_DIMTEXT_FILL
1070
   376
1070
     1
  0
DIMENSION
  5
4C0
330
392
100
AcDbEntity
  8
尺寸线层
100
AcDbDimension
  2
*X66
 10
448.3921888800572
 20
697.9040300846469
 30
0.0
 11
565.0161662470944
 21
648.1722864339945
 31
0.0
 70
   160
 71
     5
 42
-1.0
  3
标准
100
AcDbAlignedDimension
 13
541.6287639421926
 23
380.5185776297258
 33
0.0
 14
331.2984546618236
 24
515.6524408839923
 34
0.0
 50
147.2799031055495
100
AcDbRotatedDimension
1001
CX_DbAnnotate_TxtLocPara
1041
0.0
1001
CX_DbAnnotate_SimDimOriTxt
1070
     0
1001
CAXA_DRAFT_DIMARROWREVERSE
1070
     0
1001
ACAD
1000
DSTYLE
1002
{
1070
    69
1070
     1
1070
   173
1070
     1
1070
   284
1070
     0
1002
}
1001
CAXA_DRAFT_DIMARCLENSTYLE
1070
     1
1001
CAXA_DRAFT_DDTSTY_2011R3
1070
     0
1001
ACAD_DSTYLE_DIMINSPECT
1070
   396
1000

1070
   395
1000

1070
   394
1070
     0
1070
   393
1070
     0
1001
CX_DBDIM_TXTFRAME
1070
     0
1070
     0
1001
CDRAFT_DIM_STD_REV_NAME
1000
GB
1000
*DIMSTD
1000

1001
ACAD_DSTYLE_DIMTEXT_FILL
1070
   376
1070
     1
  0
DIMENSION
  5
4CA
330
392
100
AcDbEntity
  8
尺寸线层
100
AcDbDimension
  2
*X67
 10
411.0160884843088
 20
639.7296645583834
 30
0.0
 11
432.9914266751975
 21
650.8081593721404
 31
0.0
 70
   160
 71
     5
 42
-1.0
  3
标准
100
AcDbAlignedDimension
 13
344.20658860809
 23
489.4929860313732
 33
0.0
 14
331.2984546618236
 24
515.6524408839923
 34
0.0
 50
147.2799031055525
100
AcDbRotatedDimension
1001
CX_DbAnnotate_TxtLocPara
1041
0.0
1001
CX_DbAnnotate_SimDimOriTxt
1070
     0
1001
CAXA_DRAFT_DIMARROWREVERSE
1070
     0
1001
ACAD
1000
DSTYLE
1002
{
1070
    69
1070
     1
1070
   173
1070
     1
1070
   284
1070
     0
1002
}
1001
CAXA_DRAFT_DIMARCLENSTYLE
1070
     1
1001
CAXA_DRAFT_DDTSTY_2011R3
1070
     0
1001
ACAD_DSTYLE_DIMINSPECT
1070
   396
1000

1070
   395
1000

1070
   394
1070
     0
1070
   393
1070
     0
1001
CX_DBDIM_TXTFRAME
1070
     0
1070
     0
1001
CDRAFT_DIM_STD_REV_NAME
1000
GB
1000
*DIMSTD
1000

1001
ACAD_DSTYLE_DIMTEXT_FILL
1070
   376
1070
     1
  0
DIMENSION
  5
4D4
330
392
100
AcDbEntity
  8
尺寸线层
100
AcDbDimension
  2
*X68
 10
620.9186302650234
 20
503.9299987559216
 30
0.0
 11
621.860938369196
 21
528.5218793545687
 31
0.0
 70
   160
 71
     5
 42
-1.0
  3
标准
100
AcDbAlignedDimension
 13
520.5957330141937
 23
394.031963955129
 33
0.0
 14
541.6287639421926
 24
380.5185776297258
 34
0.0
 50
327.2799031055529
100
AcDbRotatedDimension
1001
CX_DbAnnotate_TxtLocPara
1041
0.0
1001
CX_DbAnnotate_SimDimOriTxt
1070
     0
1001
CAXA_DRAFT_DIMARROWREVERSE
1070
     0
1001
ACAD
1000
DSTYLE
1002
{
1070
    69
1070
     1
1070
   173
1070
     1
1070
   284
1070
     0
1002
}
1001
CAXA_DRAFT_DIMARCLENSTYLE
1070
     1
1001
CAXA_DRAFT_DDTSTY_2011R3
1070
     0
1001
ACAD_DSTYLE_DIMINSPECT
1070
   396
1000

1070
   395
1000

1070
   394
1070
     0
1070
   393
1070
     0
1001
CX_DBDIM_TXTFRAME
1070
     0
1070
     0
1001
CDRAFT_DIM_STD_REV_NAME
1000
GB
1000
*DIMSTD
1000

1001
ACAD_DSTYLE_DIMTEXT_FILL
1070
   376
1070
     1
  0
DIMENSION
  5
4DE
330
392
100
AcDbEntity
  8
尺寸线层
100
AcDbDimension
  2
*X69
 10
74.28791434510532
 20
0.0
 30
0.0
 11
53.00090317192121
 21
257.826219941976
 31
0.0
 70
   160
 71
     5
 42
-1.0
  3
标准
100
AcDbAlignedDimension
 13
95.44536054018693
 23
515.6524408839517
 33
0.0
 14
19.61525368806861
 24
0.0
 34
0.0
 50
270.0
100
AcDbRotatedDimension
1001
CX_DbAnnotate_TxtLocPara
1041
0.0
1001
CX_DbAnnotate_SimDimOriTxt
1070
     0
1001
CAXA_DRAFT_DIMARROWREVERSE
1070
     0
1001
ACAD
1000
DSTYLE
1002
{
1070
    69
1070
     1
1070
   173
1070
     1
1070
   284
1070
     0
1002
}
1001
CAXA_DRAFT_DIMARCLENSTYLE
1070
     1
1001
CAXA_DRAFT_DDTSTY_2011R3
1070
     0
1001
ACAD_DSTYLE_DIMINSPECT
1070
   396
1000

1070
   395
1000

1070
   394
1070
     0
1070
   393
1070
     0
1001
CX_DBDIM_TXTFRAME
1070
     0
1070
     0
1001
CDRAFT_DIM_STD_REV_NAME
1000
GB
1000
*DIMSTD
1000

1001
ACAD_DSTYLE_DIMTEXT_FILL
1070
   376
1070
     1
  0
DIMENSION
  5
4E7
330
392
100
AcDbEntity
  8
尺寸线层
100
AcDbDimension
  2
*X70
 10
541.6287639422226
 20
0.0
 30
0.0
 11
277.1152695655696
 21
70.19829449843564
 31
0.0
 70
    34
 71
     5
 42
-1.0
  3
标准
100
AcDb2LineAngularDimension
 13
436.4636093020454
 23
448.0855092568272
 33
0.0
 14
148.5758286901983
 24
0.0
 34
0.0
 15
-541.6287639422226
 25
0.0
 35
0.0
 16
277.1152695655696
 26
70.19829449843564
 36
0.0
1001
CAXA_DRAFT_DIMARROWREVERSE
1070
     0
1001
ACAD
1000
DSTYLE
1002
{
1070
    69
1070
     1
1070
   284
1070
     8
1070
   173
1070
     1
1070
    77
1070
     0
1070
   272
1070
     2
1070
    73
1070
     1
1070
    74
1070
     1
1002
}
1001
CAXA_DRAFT_DIMARCLENSTYLE
1070
     1
1001
CAXA_DRAFT_DDTSTY_2011R3
1070
     0
1001
ACAD_DSTYLE_DIMINSPECT
1070
   396
1000

1070
   395
1000

1070
   394
1070
     0
1070
   393
1070
     0
1001
CX_DBDIM_TXTFRAME
1070
     0
1070
     0
1001
CDRAFT_DIM_STD_REV_NAME
1000
GB
1000
*DIMSTD
1000

1001
UserSetTxtLoc
1070
     0
1001
UserSetTxtLocType
1070
     0
1001
ACAD_DSTYLE_DIMTEXT_FILL
1070
   376
1070
     1
  0
DIMENSION
  5
4F1
330
392
100
AcDbEntity
  8
尺寸线层
100
AcDbDimension
  2
*X71
 10
-323.4064079421306
 20
-35.95977698831453
 30
0.0
 11
-432.1508406515678
 21
172.5150277161001
 31
0.0
 70
   160
 71
     5
 42
-1.0
  3
标准
100
AcDbAlignedDimension
 13
-541.6287639421935
 23
380.5185776297258
 33
0.0
 14
-267.4364916423651
 24
0.0
 34
0.0
 50
302.7200968944503
100
AcDbRotatedDimension
1001
CX_DbAnnotate_TxtLocPara
1041
0.0
1001
CX_DbAnnotate_SimDimOriTxt
1070
     0
1001
CAXA_DRAFT_DIMARROWREVERSE
1070
     0
1001
ACAD
1000
DSTYLE
1002
{
1070
    69
1070
     1
1070
   173
1070
     1
1070
   284
1070
     0
1002
}
1001
CAXA_DRAFT_DIMARCLENSTYLE
1070
     1
1001
CAXA_DRAFT_DDTSTY_2011R3
1070
     0
1001
ACAD_DSTYLE_DIMINSPECT
1070
   396
1000

1070
   395
1000

1070
   394
1070
     0
1070
   393
1070
     0
1001
CX_DBDIM_TXTFRAME
1070
     0
1070
     0
1001
CDRAFT_DIM_STD_REV_NAME
1000
GB
1000
*DIMSTD
1000

1001
ACAD_DSTYLE_DIMTEXT_FILL
1070
   376
1070
     1
  0
DIMENSION
  5
4FB
330
392
100
AcDbEntity
  8
尺寸线层
100
AcDbDimension
  2
*X72
 10
-9.77762103959327
 20
31.90107315148035
 30
0.0
 11
-148.9095255840493
 21
287.6727299948884
 31
0.0
 70
   160
 71
     5
 42
-1.0
  3
标准
100
AcDbAlignedDimension
 13
-331.2984546618245
 23
515.6524408839923
 33
0.0
 14
-38.39730054803294
 24
13.51338632542684
 34
0.0
 50
302.7200968944501
100
AcDbRotatedDimension
1001
CX_DbAnnotate_TxtLocPara
1041
0.0
1001
CX_DbAnnotate_SimDimOriTxt
1070
     0
1001
CAXA_DRAFT_DIMARROWREVERSE
1070
     0
1001
ACAD
1000
DSTYLE
1002
{
1070
    69
1070
     1
1070
   173
1070
     1
1070
   284
1070
     0
1002
}
1001
CAXA_DRAFT_DIMARCLENSTYLE
1070
     1
1001
CAXA_DRAFT_DDTSTY_2011R3
1070
     0
1001
ACAD_DSTYLE_DIMINSPECT
1070
   396
1000

1070
   395
1000

1070
   394
1070
     0
1070
   393
1070
     0
1001
CX_DBDIM_TXTFRAME
1070
     0
1070
     0
1001
CDRAFT_DIM_STD_REV_NAME
1000
GB
1000
*DIMSTD
1000

1001
ACAD_DSTYLE_DIMTEXT_FILL
1070
   376
1070
     1
  0
DIMENSION
  5
505
330
392
100
AcDbEntity
  8
尺寸线层
100
AcDbDimension
  2
*X73
 10
-129.3658501854824
 20
21.88786388341276
 30
0.0
 11
-253.3040188124298
 21
254.0110946573236
 31
0.0
 70
   160
 71
     5
 42
-1.0
  3
标准
100
AcDbAlignedDimension
 13
-414.9437074746129
 23
461.9117023563621
 33
0.0
 14
-142.4003806311816
 24
13.51338632542684
 34
0.0
 50
302.7200968944504
100
AcDbRotatedDimension
1001
CX_DbAnnotate_TxtLocPara
1041
0.0
1001
CX_DbAnnotate_SimDimOriTxt
1070
     0
1001
CAXA_DRAFT_DIMARROWREVERSE
1070
     0
1001
ACAD
1000
DSTYLE
1002
{
1070
    69
1070
     1
1070
   173
1070
     1
1070
   284
1070
     0
1002
}
1001
CAXA_DRAFT_DIMARCLENSTYLE
1070
     1
1001
CAXA_DRAFT_DDTSTY_2011R3
1070
     0
1001
ACAD_DSTYLE_DIMINSPECT
1070
   396
1000

1070
   395
1000

1070
   394
1070
     0
1070
   393
1070
     0
1001
CX_DBDIM_TXTFRAME
1070
     0
1070
     0
1001
CDRAFT_DIM_STD_REV_NAME
1000
GB
1000
*DIMSTD
1000

1001
ACAD_DSTYLE_DIMTEXT_FILL
1070
   376
1070
     1
  0
ENDBLK
  5
507
330
392
100
AcDbEntity
  8
0
100
AcDbBlockEnd
  0
BLOCK
  5
39D
330
39C
100
AcDbEntity
  8
0
100
AcDbBlockBegin
  2
*X42
 70
     1
 10
0.0
 20
0.0
 30
0.0
  3
*X42
  1

  0
LINE
  5
39F
330
39C
100
AcDbEntity
  8
尺寸线层
  6
Continuous
 62
     0
100
AcDbLine
 10
0.0
 20
-61.79550245087739
 30
0.0
 11
-148.5758286901983
 21
-61.79550245087739
 31
0.0
  0
HATCH
  5
3A0
330
39C
100
AcDbEntity
  8
尺寸线层
  6
Continuous
 62
     0
100
AcDbHatch
 10
0.0
 20
0.0
 30
0.0
210
0.0
220
0.0
230
1.0
  2
SOLID
 70
     1
 71
     0
 91
        1
 92
        0
 93
        3
 72
     1
 10
0.0
 20
-61.79550245087739
 11
-36.0
 21
-66.2955024508774
 72
     1
 10
-36.0
 20
-66.2955024508774
 11
-36.0
 21
-57.29550245087739
 72
     1
 10
-36.0
 20
-57.29550245087739
 11
0.0
 21
-61.79550245087739
 97
        0
 75
     0
 76
     1
 98
        1
 10
-1173.42588673524
 20
-1822.313392815824
  0
HATCH
  5
3A1
330
39C
100
AcDbEntity
  8
尺寸线层
  6
Continuous
 62
     0
100
AcDbHatch
 10
0.0
 20
0.0
 30
0.0
210
0.0
220
0.0
230
1.0
  2
SOLID
 70
     1
 71
     0
 91
        1
 92
        0
 93
        3
 72
     1
 10
-148.5758286901983
 20
-61.79550245087739
 11
-112.5758286901983
 21
-66.2955024508774
 72
     1
 10
-112.5758286901983
 20
-66.2955024508774
 11
-112.5758286901983
 21
-57.29550245087739
 72
     1
 10
-112.5758286901983
 20
-57.29550245087739
 11
-148.5758286901983
 21
-61.79550245087739
 97
        0
 75
     0
 76
     1
 98
        1
 10
-1173.42588673524
 20
-1822.313392815824
  0
LINE
  5
3A2
330
39C
100
AcDbEntity
  8
尺寸线层
  6
Continuous
 62
     0
100
AcDbLine
 10
0.0
 20
-3.000000000003638
 30
0.0
 11
0.0
 21
-79.7955024508774
 31
0.0
  0
LINE
  5
3A3
330
39C
100
AcDbEntity
  8
尺寸线层
  6
Continuous
 62
     0
100
AcDbLine
 10
-148.5758286901983
 20
0.000000000001819
 30
0.0
 11
-148.5758286901983
 21
-79.7955024508774
 31
0.0
  0
MTEXT
  5
3A4
330
39C
100
AcDbEntity
  8
尺寸线层
 62
     0
100
AcDbMText
 10
-74.28791484509907
 20
-40.50849127769311
 30
0.0
 40
31.5
 41
184.9863016759773
 71
     5
 72
     1
  1
\T1.1;148.58
  7
标准
 73
     1
 44
1.150569886022795
1001
CAXA_DRAFT_TXTSCALE
1041
1.0
1001
ACAD
1000
ACAD_MTEXT_DEFINED_HEIGHT_BEGIN
1070
    46
1040
63.0
1000
ACAD_MTEXT_DEFINED_HEIGHT_END
  0
ENDBLK
  5
39E
330
39C
100
AcDbEntity
  8
0
100
AcDbBlockEnd
  0
BLOCK
  5
3A7
330
3A6
100
AcDbEntity
  8
0
100
AcDbBlockBegin
  2
*X43
 70
     1
 10
0.0
 20
0.0
 30
0.0
  3
*X43
  1

  0
LINE
  5
3A9
330
3A6
100
AcDbEntity
  8
尺寸线层
  6
Continuous
 62
     0
100
AcDbLine
 10
0.0
 20
-61.79550245087921
 30
0.0
 11
148.5758286901983
 21
-61.79550245087921
 31
0.0
  0
HATCH
  5
3AA
330
3A6
100
AcDbEntity
  8
尺寸线层
  6
Continuous
 62
     0
100
AcDbHatch
 10
0.0
 20
0.0
 30
0.0
210
0.0
220
0.0
230
1.0
  2
SOLID
 70
     1
 71
     0
 91
        1
 92
        0
 93
        3
 72
     1
 10
0.0
 20
-61.79550245087921
 11
36.0
 21
-57.29550245087921
 72
     1
 10
36.0
 20
-57.29550245087921
 11
36.0
 21
-66.29550245087921
 72
     1
 10
36.0
 20
-66.29550245087921
 11
0.0
 21
-61.79550245087921
 97
        0
 75
     0
 76
     1
 98
        1
 10
-1173.42588673524
 20
-1822.313392815824
  0
HATCH
  5
3AB
330
3A6
100
AcDbEntity
  8
尺寸线层
  6
Continuous
 62
     0
100
AcDbHatch
 10
0.0
 20
0.0
 30
0.0
210
0.0
220
0.0
230
1.0
  2
SOLID
 70
     1
 71
     0
 91
        1
 92
        0
 93
        3
 72
     1
 10
148.5758286901983
 20
-61.79550245087921
 11
112.5758286901983
 21
-57.29550245087921
 72
     1
 10
112.5758286901983
 20
-57.29550245087921
 11
112.5758286901983
 21
-66.29550245087921
 72
     1
 10
112.5758286901983
 20
-66.29550245087921
 11
148.5758286901983
 21
-61.79550245087921
 97
        0
 75
     0
 76
     1
 98
        1
 10
-1173.42588673524
 20
-1822.313392815824
  0
LINE
  5
3AC
330
3A6
100
AcDbEntity
  8
尺寸线层
  6
Continuous
 62
     0
100
AcDbLine
 10
0.0
 20
-3.000000000003638
 30
0.0
 11
0.0
 21
-79.79550245087921
 31
0.0
  0
LINE
  5
3AD
330
3A6
100
AcDbEntity
  8
尺寸线层
  6
Continuous
 62
     0
100
AcDbLine
 10
148.5758286901983
 20
0.0
 30
0.0
 11
148.5758286901983
 21
-79.79550245087921
 31
0.0
  0
MTEXT
  5
3AE
330
3A6
100
AcDbEntity
  8
尺寸线层
 62
     0
100
AcDbMText
 10
74.28791484509907
 20
-40.50849127769493
 30
0.0
 40
31.5
 41
184.9863016759773
 71
     5
 72
     1
  1
\T1.1;148.58
  7
标准
 73
     1
 44
1.150569886022795
1001
CAXA_DRAFT_TXTSCALE
1041
1.0
1001
ACAD
1000
ACAD_MTEXT_DEFINED_HEIGHT_BEGIN
1070
    46
1040
63.0
1000
ACAD_MTEXT_DEFINED_HEIGHT_END
  0
ENDBLK
  5
3A8
330
3A6
100
AcDbEntity
  8
0
100
AcDbBlockEnd
  0
BLOCK
  5
3DC
330
3DB
100
AcDbEntity
  8
0
100
AcDbBlockBegin
  2
*X44
 70
     1
 10
0.0
 20
0.0
 30
0.0
  3
*X44
  1

  0
LINE
  5
3DE
330
3DB
100
AcDbEntity
  8
尺寸线层
  6
Continuous
 62
     0
100
AcDbLine
 10
-641.6968305690889
 20
380.5185776297039
 30
0.0
 11
-641.6968305690889
 21
0.0
 31
0.0
  0
HATCH
  5
3DF
330
3DB
100
AcDbEntity
  8
尺寸线层
  6
Continuous
 62
     0
100
AcDbHatch
 10
0.0
 20
0.0
 30
0.0
210
0.0
220
0.0
230
1.0
  2
SOLID
 70
     1
 71
     0
 91
        1
 92
        0
 93
        3
 72
     1
 10
-641.6968305690889
 20
380.5185776297039
 11
-637.1968305690889
 21
344.5185776297039
 72
     1
 10
-637.1968305690889
 20
344.5185776297039
 11
-646.1968305690889
 21
344.5185776297039
 72
     1
 10
-646.1968305690889
 20
344.5185776297039
 11
-641.6968305690889
 21
380.5185776297039
 97
        0
 75
     0
 76
     1
 98
        1
 10
-1173.42588673524
 20
-1822.313392815824
  0
HATCH
  5
3E0
330
3DB
100
AcDbEntity
  8
尺寸线层
  6
Continuous
 62
     0
100
AcDbHatch
 10
0.0
 20
0.0
 30
0.0
210
0.0
220
0.0
230
1.0
  2
SOLID
 70
     1
 71
     0
 91
        1
 92
        0
 93
        3
 72
     1
 10
-641.6968305690889
 20
0.0
 11
-637.1968305690889
 21
36.0
 72
     1
 10
-637.1968305690889
 20
36.0
 11
-646.1968305690889
 21
36.0
 72
     1
 10
-646.1968305690889
 20
36.0
 11
-641.6968305690889
 21
0.0
 97
        0
 75
     0
 76
     1
 98
        1
 10
-1173.42588673524
 20
-1822.313392815824
  0
LINE
  5
3E1
330
3DB
100
AcDbEntity
  8
尺寸线层
  6
Continuous
 62
     0
100
AcDbLine
 10
-555.6287639422226
 20
380.5185776297039
 30
0.0
 11
-659.6968305690889
 21
380.5185776297039
 31
0.0
  0
LINE
  5
3E2
330
3DB
100
AcDbEntity
  8
尺寸线层
  6
Continuous
 62
     0
100
AcDbLine
 10
-555.6287639422226
 20
0.0
 30
0.0
 11
-659.6968305690889
 21
0.0
 31
0.0
  0
MTEXT
  5
3E3
330
3DB
100
AcDbEntity
  8
尺寸线层
 62
     0
100
AcDbMText
 10
-662.8958529154577
 20
190.259288314852
 30
0.0
 40
31.5
 41
188.0381061452513
 71
     5
 72
     1
  1
\T1.1;380.52
  7
标准
 11
6.123233995736766E-17
 21
1.0
 31
0.0
 73
     1
 44
1.150569886022795
1001
CAXA_DRAFT_TXTSCALE
1041
1.0
1001
ACAD
1000
ACAD_MTEXT_DEFINED_HEIGHT_BEGIN
1070
    46
1040
63.0
1000
ACAD_MTEXT_DEFINED_HEIGHT_END
  0
ENDBLK
  5
3DD
330
3DB
100
AcDbEntity
  8
0
100
AcDbBlockEnd
  0
BLOCK
  5
3E6
330
3E5
100
AcDbEntity
  8
0
100
AcDbBlockBegin
  2
*X45
 70
     1
 10
0.0
 20
0.0
 30
0.0
  3
*X45
  1

  0
LINE
  5
3E8
330
3E5
100
AcDbEntity
  8
尺寸线层
  6
Continuous
 62
     0
100
AcDbLine
 10
-541.6287639422226
 20
-126.6446389546581
 30
0.0
 11
541.6287639422226
 21
-126.6446389546581
 31
0.0
  0
HATCH
  5
3E9
330
3E5
100
AcDbEntity
  8
尺寸线层
  6
Continuous
 62
     0
100
AcDbHatch
 10
0.0
 20
0.0
 30
0.0
210
0.0
220
0.0
230
1.0
  2
SOLID
 70
     1
 71
     0
 91
        1
 92
        0
 93
        3
 72
     1
 10
-541.6287639422226
 20
-126.6446389546581
 11
-505.6287639422226
 21
-122.1446389546581
 72
     1
 10
-505.6287639422226
 20
-122.1446389546581
 11
-505.6287639422226
 21
-131.1446389546581
 72
     1
 10
-505.6287639422226
 20
-131.1446389546581
 11
-541.6287639422226
 21
-126.6446389546581
 97
        0
 75
     0
 76
     1
 98
        1
 10
-1173.42588673524
 20
-1822.313392815824
  0
HATCH
  5
3EA
330
3E5
100
AcDbEntity
  8
尺寸线层
  6
Continuous
 62
     0
100
AcDbHatch
 10
0.0
 20
0.0
 30
0.0
210
0.0
220
0.0
230
1.0
  2
SOLID
 70
     1
 71
     0
 91
        1
 92
        0
 93
        3
 72
     1
 10
541.6287639422226
 20
-126.6446389546581
 11
505.6287639422226
 21
-122.1446389546581
 72
     1
 10
505.6287639422226
 20
-122.1446389546581
 11
505.6287639422226
 21
-131.1446389546581
 72
     1
 10
505.6287639422226
 20
-131.1446389546581
 11
541.6287639422226
 21
-126.6446389546581
 97
        0
 75
     0
 76
     1
 98
        1
 10
-1173.42588673524
 20
-1822.313392815824
  0
LINE
  5
3EB
330
3E5
100
AcDbEntity
  8
尺寸线层
  6
Continuous
 62
     0
100
AcDbLine
 10
-541.6287639422226
 20
0.0
 30
0.0
 11
-541.6287639422226
 21
-144.6446389546581
 31
0.0
  0
LINE
  5
3EC
330
3E5
100
AcDbEntity
  8
尺寸线层
  6
Continuous
 62
     0
100
AcDbLine
 10
541.6287639422226
 20
-0.000000000007276
 30
0.0
 11
541.6287639422226
 21
-144.6446389546581
 31
0.0
  0
MTEXT
  5
3ED
330
3E5
100
AcDbEntity
  8
尺寸线层
 62
     0
100
AcDbMText
 10
0.0000005000001693
 20
-105.3576277814739
 30
0.0
 40
31.5
 41
218.5092000000004
 71
     5
 72
     1
  1
\T1.1;1083.26
  7
标准
 73
     1
 44
1.150569886022795
1001
CAXA_DRAFT_TXTSCALE
1041
1.0
1001
ACAD
1000
ACAD_MTEXT_DEFINED_HEIGHT_BEGIN
1070
    46
1040
63.0
1000
ACAD_MTEXT_DEFINED_HEIGHT_END
  0
ENDBLK
  5
3E7
330
3E5
100
AcDbEntity
  8
0
100
AcDbBlockEnd
  0
BLOCK
  5
3F0
330
3EF
100
AcDbEntity
  8
0
100
AcDbBlockBegin
  2
*X46
 70
     1
 10
0.0
 20
0.0
 30
0.0
  3
*X46
  1

  0
LINE
  5
3F2
330
3EF
100
AcDbEntity
  8
尺寸线层
  6
Continuous
 62
     0
100
AcDbLine
 10
-487.6287639422226
 20
-126.6446389546563
 30
0.0
 11
-609.6287639422226
 21
-126.6446389546563
 31
0.0
  0
HATCH
  5
3F3
330
3EF
100
AcDbEntity
  8
尺寸线层
  6
Continuous
 62
     0
100
AcDbHatch
 10
0.0
 20
0.0
 30
0.0
210
0.0
220
0.0
230
1.0
  2
SOLID
 70
     1
 71
     0
 91
        1
 92
        0
 93
        3
 72
     1
 10
-541.6287639422226
 20
-126.6446389546563
 11
-505.6287639422226
 21
-131.1446389546563
 72
     1
 10
-505.6287639422226
 20
-131.1446389546563
 11
-505.6287639422226
 21
-122.1446389546563
 72
     1
 10
-505.6287639422226
 20
-122.1446389546563
 11
-541.6287639422226
 21
-126.6446389546563
 97
        0
 75
     0
 76
     1
 98
        1
 10
-1173.42588673524
 20
-1822.313392815824
  0
HATCH
  5
3F4
330
3EF
100
AcDbEntity
  8
尺寸线层
  6
Continuous
 62
     0
100
AcDbHatch
 10
0.0
 20
0.0
 30
0.0
210
0.0
220
0.0
230
1.0
  2
SOLID
 70
     1
 71
     0
 91
        1
 92
        0
 93
        3
 72
     1
 10
-555.6287639422226
 20
-126.6446389546563
 11
-591.6287639422226
 21
-131.1446389546563
 72
     1
 10
-591.6287639422226
 20
-131.1446389546563
 11
-591.6287639422226
 21
-122.1446389546563
 72
     1
 10
-591.6287639422226
 20
-122.1446389546563
 11
-555.6287639422226
 21
-126.6446389546563
 97
        0
 75
     0
 76
     1
 98
        1
 10
-1173.42588673524
 20
-1822.313392815824
  0
LINE
  5
3F5
330
3EF
100
AcDbEntity
  8
尺寸线层
  6
Continuous
 62
     0
100
AcDbLine
 10
-541.6287639422226
 20
0.0
 30
0.0
 11
-541.6287639422226
 21
-144.6446389546563
 31
0.0
  0
LINE
  5
3F6
330
3EF
100
AcDbEntity
  8
尺寸线层
  6
Continuous
 62
     0
100
AcDbLine
 10
-555.6287639422226
 20
0.0
 30
0.0
 11
-555.6287639422226
 21
-144.6446389546563
 31
0.0
  0
MTEXT
  5
3F7
330
3EF
100
AcDbEntity
  8
尺寸线层
 62
     0
100
AcDbMText
 10
-548.6287644422226
 20
-105.357627781472
 30
0.0
 40
31.5
 41
63.0
 71
     5
 72
     1
  1
\T1.1;14
  7
标准
 73
     1
 44
1.150569886022795
1001
CAXA_DRAFT_TXTSCALE
1041
1.0
1001
ACAD
1000
ACAD_MTEXT_DEFINED_HEIGHT_BEGIN
1070
    46
1040
63.0
1000
ACAD_MTEXT_DEFINED_HEIGHT_END
  0
ENDBLK
  5
3F1
330
3EF
100
AcDbEntity
  8
0
100
AcDbBlockEnd
  0
BLOCK
  5
3FA
330
3F9
100
AcDbEntity
  8
0
100
AcDbBlockBegin
  2
*X47
 70
     1
 10
0.0
 20
0.0
 30
0.0
  3
*X47
  1

  0
LINE
  5
3FC
330
3F9
100
AcDbEntity
  8
尺寸线层
  6
Continuous
 62
     0
100
AcDbLine
 10
487.6287639422226
 20
-126.6446389546563
 30
0.0
 11
609.6287639422217
 21
-126.6446389546563
 31
0.0
  0
HATCH
  5
3FD
330
3F9
100
AcDbEntity
  8
尺寸线层
  6
Continuous
 62
     0
100
AcDbHatch
 10
0.0
 20
0.0
 30
0.0
210
0.0
220
0.0
230
1.0
  2
SOLID
 70
     1
 71
     0
 91
        1
 92
        0
 93
        3
 72
     1
 10
541.6287639422226
 20
-126.6446389546563
 11
505.6287639422226
 21
-122.1446389546563
 72
     1
 10
505.6287639422226
 20
-122.1446389546563
 11
505.6287639422226
 21
-131.1446389546563
 72
     1
 10
505.6287639422226
 20
-131.1446389546563
 11
541.6287639422226
 21
-126.6446389546563
 97
        0
 75
     0
 76
     1
 98
        1
 10
-1173.42588673524
 20
-1822.313392815824
  0
HATCH
  5
3FE
330
3F9
100
AcDbEntity
  8
尺寸线层
  6
Continuous
 62
     0
100
AcDbHatch
 10
0.0
 20
0.0
 30
0.0
210
0.0
220
0.0
230
1.0
  2
SOLID
 70
     1
 71
     0
 91
        1
 92
        0
 93
        3
 72
     1
 10
555.6287639422217
 20
-126.6446389546563
 11
591.6287639422217
 21
-122.1446389546563
 72
     1
 10
591.6287639422217
 20
-122.1446389546563
 11
591.6287639422217
 21
-131.1446389546563
 72
     1
 10
591.6287639422217
 20
-131.1446389546563
 11
555.6287639422217
 21
-126.6446389546563
 97
        0
 75
     0
 76
     1
 98
        1
 10
-1173.42588673524
 20
-1822.313392815824
  0
LINE
  5
3FF
330
3F9
100
AcDbEntity
  8
尺寸线层
  6
Continuous
 62
     0
100
AcDbLine
 10
541.6287639422226
 20
-0.000000000007276
 30
0.0
 11
541.6287639422226
 21
-144.6446389546563
 31
0.0
  0
LINE
  5
400
330
3F9
100
AcDbEntity
  8
尺寸线层
  6
Continuous
 62
     0
100
AcDbLine
 10
555.6287639422217
 20
0.0
 30
0.0
 11
555.6287639422217
 21
-144.6446389546563
 31
0.0
  0
MTEXT
  5
401
330
3F9
100
AcDbEntity
  8
尺寸线层
 62
     0
100
AcDbMText
 10
548.6287644422221
 20
-105.357627781472
 30
0.0
 40
31.5
 41
63.0
 71
     5
 72
     1
  1
\T1.1;14
  7
标准
 73
     1
 44
1.150569886022795
1001
CAXA_DRAFT_TXTSCALE
1041
1.0
1001
ACAD
1000
ACAD_MTEXT_DEFINED_HEIGHT_BEGIN
1070
    46
1040
63.0
1000
ACAD_MTEXT_DEFINED_HEIGHT_END
  0
ENDBLK
  5
3FB
330
3F9
100
AcDbEntity
  8
0
100
AcDbBlockEnd
  0
BLOCK
  5
404
330
403
100
AcDbEntity
  8
0
100
AcDbBlockBegin
  2
*X48
 70
     1
 10
0.0
 20
0.0
 30
0.0
  3
*X48
  1

  0
LINE
  5
406
330
403
100
AcDbEntity
  8
尺寸线层
  6
Continuous
 62
     0
100
AcDbLine
 10
646.61436638758
 20
380.5185776297039
 30
0.0
 11
646.61436638758
 21
0.0
 31
0.0
  0
HATCH
  5
407
330
403
100
AcDbEntity
  8
尺寸线层
  6
Continuous
 62
     0
100
AcDbHatch
 10
0.0
 20
0.0
 30
0.0
210
0.0
220
0.0
230
1.0
  2
SOLID
 70
     1
 71
     0
 91
        1
 92
        0
 93
        3
 72
     1
 10
646.61436638758
 20
380.5185776297039
 11
651.11436638758
 21
344.5185776297039
 72
     1
 10
651.11436638758
 20
344.5185776297039
 11
642.11436638758
 21
344.5185776297039
 72
     1
 10
642.11436638758
 20
344.5185776297039
 11
646.61436638758
 21
380.5185776297039
 97
        0
 75
     0
 76
     1
 98
        1
 10
-1173.42588673524
 20
-1822.313392815824
  0
HATCH
  5
408
330
403
100
AcDbEntity
  8
尺寸线层
  6
Continuous
 62
     0
100
AcDbHatch
 10
0.0
 20
0.0
 30
0.0
210
0.0
220
0.0
230
1.0
  2
SOLID
 70
     1
 71
     0
 91
        1
 92
        0
 93
        3
 72
     1
 10
646.61436638758
 20
0.0
 11
651.11436638758
 21
36.0
 72
     1
 10
651.11436638758
 20
36.0
 11
642.11436638758
 21
36.0
 72
     1
 10
642.11436638758
 20
36.0
 11
646.61436638758
 21
0.0
 97
        0
 75
     0
 76
     1
 98
        1
 10
-1173.42588673524
 20
-1822.313392815824
  0
LINE
  5
409
330
403
100
AcDbEntity
  8
尺寸线层
  6
Continuous
 62
     0
100
AcDbLine
 10
555.6287639422217
 20
380.5185776297039
 30
0.0
 11
664.61436638758
 21
380.5185776297039
 31
0.0
  0
LINE
  5
40A
330
403
100
AcDbEntity
  8
尺寸线层
  6
Continuous
 62
     0
100
AcDbLine
 10
555.6287639422217
 20
0.0
 30
0.0
 11
664.61436638758
 21
0.0
 31
0.0
  0
MTEXT
  5
40B
330
403
100
AcDbEntity
  8
尺寸线层
 62
     0
100
AcDbMText
 10
625.4153440412113
 20
190.259288314852
 30
0.0
 40
31.5
 41
188.0381061452513
 71
     5
 72
     1
  1
\T1.1;380.52
  7
标准
 11
6.123233995736766E-17
 21
1.0
 31
0.0
 73
     1
 44
1.150569886022795
1001
CAXA_DRAFT_TXTSCALE
1041
1.0
1001
ACAD
1000
ACAD_MTEXT_DEFINED_HEIGHT_BEGIN
1070
    46
1040
63.0
1000
ACAD_MTEXT_DEFINED_HEIGHT_END
  0
ENDBLK
  5
405
330
403
100
AcDbEntity
  8
0
100
AcDbBlockEnd
  0
BLOCK
  5
40E
330
40D
100
AcDbEntity
  8
0
100
AcDbBlockBegin
  2
*X49
 70
     1
 10
0.0
 20
0.0
 30
0.0
  3
*X49
  1

  0
LINE
  5
410
330
40D
100
AcDbEntity
  8
尺寸线层
  6
Continuous
 62
     0
100
AcDbLine
 10
-60.99999999999864
 20
555.3688258405127
 30
0.0
 11
61.00000000000136
 21
555.3688258405086
 31
0.0
  0
HATCH
  5
411
330
40D
100
AcDbEntity
  8
尺寸线层
  6
Continuous
 62
     0
100
AcDbHatch
 10
0.0
 20
0.0
 30
0.0
210
0.0
220
0.0
230
1.0
  2
SOLID
 70
     1
 71
     0
 91
        1
 92
        0
 93
        3
 72
     1
 10
-6.999999999998636
 20
555.3688258405109
 11
-42.99999999999841
 21
559.8688258405132
 72
     1
 10
-42.99999999999841
 20
559.8688258405132
 11
-42.99999999999886
 21
550.8688258405132
 72
     1
 10
-42.99999999999886
 20
550.8688258405132
 11
-6.999999999998636
 21
555.3688258405109
 97
        0
 75
     0
 76
     1
 98
        1
 10
-1173.42588673524
 20
-1822.313392815824
  0
HATCH
  5
412
330
40D
100
AcDbEntity
  8
尺寸线层
  6
Continuous
 62
     0
100
AcDbHatch
 10
0.0
 20
0.0
 30
0.0
210
0.0
220
0.0
230
1.0
  2
SOLID
 70
     1
 71
     0
 91
        1
 92
        0
 93
        3
 72
     1
 10
7.000000000001364
 20
555.3688258405105
 11
43.00000000000159
 21
559.8688258405077
 72
     1
 10
43.00000000000159
 20
559.8688258405077
 11
43.00000000000114
 21
550.8688258405077
 72
     1
 10
43.00000000000114
 20
550.8688258405077
 11
7.000000000001364
 21
555.3688258405105
 97
        0
 75
     0
 76
     1
 98
        1
 10
-1173.42588673524
 20
-1822.313392815824
  0
LINE
  5
413
330
40D
100
AcDbEntity
  8
尺寸线层
  6
Continuous
 62
     0
100
AcDbLine
 10
-7.0
 20
515.652440885091
 30
0.0
 11
-6.999999999997954
 21
573.3688258405109
 31
0.0
  0
LINE
  5
414
330
40D
100
AcDbEntity
  8
尺寸线层
  6
Continuous
 62
     0
100
AcDbLine
 10
7.0
 20
515.652440885091
 30
0.0
 11
7.000000000002046
 21
573.3688258405105
 31
0.0
  0
MTEXT
  5
415
330
40D
100
AcDbEntity
  8
尺寸线层
 62
     0
100
AcDbMText
 10
0.0000005000019883
 20
576.655837013695
 30
0.0
 40
31.5
 41
63.0
 71
     5
 72
     1
  1
\T1.1;14
  7
标准
 73
     1
 44
1.150569886022795
1001
CAXA_DRAFT_TXTSCALE
1041
1.0
1001
ACAD
1000
ACAD_MTEXT_DEFINED_HEIGHT_BEGIN
1070
    46
1040
63.0
1000
ACAD_MTEXT_DEFINED_HEIGHT_END
  0
ENDBLK
  5
40F
330
40D
100
AcDbEntity
  8
0
100
AcDbBlockEnd
  0
BLOCK
  5
418
330
417
100
AcDbEntity
  8
0
100
AcDbBlockBegin
  2
*X50
 70
     1
 10
0.0
 20
0.0
 30
0.0
  3
*X50
  1

  0
LINE
  5
41A
330
417
100
AcDbEntity
  8
尺寸线层
  6
Continuous
 62
     0
100
AcDbLine
 10
-331.2984546619109
 20
612.5954718472985
 30
0.0
 11
331.2984546618832
 21
612.5954718472985
 31
0.0
  0
HATCH
  5
41B
330
417
100
AcDbEntity
  8
尺寸线层
  6
Continuous
 62
     0
100
AcDbHatch
 10
0.0
 20
0.0
 30
0.0
210
0.0
220
0.0
230
1.0
  2
SOLID
 70
     1
 71
     0
 91
        1
 92
        0
 93
        3
 72
     1
 10
-331.2984546619109
 20
612.5954718472985
 11
-295.2984546619109
 21
617.0954718472985
 72
     1
 10
-295.2984546619109
 20
617.0954718472985
 11
-295.2984546619109
 21
608.0954718472985
 72
     1
 10
-295.2984546619109
 20
608.0954718472985
 11
-331.2984546619109
 21
612.5954718472985
 97
        0
 75
     0
 76
     1
 98
        1
 10
-1173.42588673524
 20
-1822.313392815824
  0
HATCH
  5
41C
330
417
100
AcDbEntity
  8
尺寸线层
  6
Continuous
 62
     0
100
AcDbHatch
 10
0.0
 20
0.0
 30
0.0
210
0.0
220
0.0
230
1.0
  2
SOLID
 70
     1
 71
     0
 91
        1
 92
        0
 93
        3
 72
     1
 10
331.2984546618832
 20
612.5954718472985
 11
295.2984546618832
 21
617.0954718472985
 72
     1
 10
295.2984546618832
 20
617.0954718472985
 11
295.2984546618832
 21
608.0954718472985
 72
     1
 10
295.2984546618832
 20
608.0954718472985
 11
331.2984546618832
 21
612.5954718472985
 97
        0
 75
     0
 76
     1
 98
        1
 10
-1173.42588673524
 20
-1822.313392815824
  0
LINE
  5
41D
330
417
100
AcDbEntity
  8
尺寸线层
  6
Continuous
 62
     0
100
AcDbLine
 10
-331.2984546619109
 20
529.6524408839705
 30
0.0
 11
-331.2984546619109
 21
630.5954718472985
 31
0.0
  0
LINE
  5
41E
330
417
100
AcDbEntity
  8
尺寸线层
  6
Continuous
 62
     0
100
AcDbLine
 10
331.2984546618832
 20
529.6524408839414
 30
0.0
 11
331.2984546618832
 21
630.5954718472985
 31
0.0
  0
MTEXT
  5
41F
330
417
100
AcDbEntity
  8
尺寸线层
 62
     0
100
AcDbMText
 10
0.0000004999860721
 20
633.7944941936671
 30
0.0
 40
31.5
 41
156.393241340782
 71
     5
 72
     1
  1
\T1.1;662.6
  7
标准
 73
     1
 44
1.150569886022795
1001
CAXA_DRAFT_TXTSCALE
1041
1.0
1001
ACAD
1000
ACAD_MTEXT_DEFINED_HEIGHT_BEGIN
1070
    46
1040
63.0
1000
ACAD_MTEXT_DEFINED_HEIGHT_END
  0
ENDBLK
  5
419
330
417
100
AcDbEntity
  8
0
100
AcDbBlockEnd
  0
BLOCK
  5
422
330
421
100
AcDbEntity
  8
0
100
AcDbBlockBegin
  2
*X51
 70
     1
 10
0.0
 20
0.0
 30
0.0
  3
*X51
  1

  0
LINE
  5
424
330
421
100
AcDbEntity
  8
尺寸线层
  6
Continuous
 62
     0
100
AcDbLine
 10
-417.6131188499778
 20
495.5212175150141
 30
0.0
 11
-561.0583897791929
 21
403.3599227756067
 31
0.0
  0
HATCH
  5
425
330
421
100
AcDbEntity
  8
尺寸线层
  6
Continuous
 62
     0
100
AcDbHatch
 10
0.0
 20
0.0
 30
0.0
210
0.0
220
0.0
230
1.0
  2
SOLID
 70
     1
 71
     0
 91
        1
 92
        0
 93
        3
 72
     1
 10
-463.0444656545387
 20
466.3323030520933
 11
-430.3244915795881
 21
482.0056337936603
 72
     1
 10
-430.3244915795881
 20
482.0056337936603
 11
-435.1893106567416
 21
489.577524927754
 72
     1
 10
-435.1893106567416
 20
489.577524927754
 11
-463.0444656545387
 21
466.3323030520933
 97
        0
 75
     0
 76
     1
 98
        1
 10
-1173.42588673524
 20
-1822.313392815824
  0
HATCH
  5
426
330
421
100
AcDbEntity
  8
尺寸线层
  6
Continuous
 62
     0
100
AcDbHatch
 10
0.0
 20
0.0
 30
0.0
210
0.0
220
0.0
230
1.0
  2
SOLID
 70
     1
 71
     0
 91
        1
 92
        0
 93
        3
 72
     1
 10
-515.627042974632
 20
432.5488372385275
 11
-543.4821979724292
 21
409.3036153628668
 72
     1
 10
-543.4821979724292
 20
409.3036153628668
 11
-548.3470170495826
 21
416.8755064969605
 72
     1
 10
-548.3470170495826
 20
416.8755064969605
 11
-515.627042974632
 21
432.5488372385275
 97
        0
 75
     0
 76
     1
 98
        1
 10
-1173.42588673524
 20
-1822.313392815824
  0
LINE
  5
427
330
421
100
AcDbEntity
  8
尺寸线层
  6
Continuous
 62
     0
100
AcDbLine
 10
-446.9801247660635
 20
441.3288160941211
 30
0.0
 11
-472.7741038088457
 21
481.4760853202802
 31
0.0
  0
LINE
  5
428
330
421
100
AcDbEntity
  8
尺寸线层
  6
Continuous
 62
     0
100
AcDbLine
 10
-491.4299312111098
 20
394.8870263618755
 30
0.0
 11
-525.3566811289389
 21
447.6926195067144
 31
0.0
  0
MTEXT
  5
429
330
421
100
AcDbEntity
  8
尺寸线层
 62
     0
100
AcDbMText
 10
-500.7945778827591
 20
467.2757575812557
 30
0.0
 40
31.5
 41
122.6355888268158
 71
     5
 72
     1
  1
\T1.1;62.5
  7
标准
 11
0.8413212371214976
 21
0.5405354530170549
 31
0.0
 73
     1
 44
1.150569886022795
1001
CAXA_DRAFT_TXTSCALE
1041
1.0
1001
ACAD
1000
ACAD_MTEXT_DEFINED_HEIGHT_BEGIN
1070
    46
1040
63.0
1000
ACAD_MTEXT_DEFINED_HEIGHT_END
  0
ENDBLK
  5
423
330
421
100
AcDbEntity
  8
0
100
AcDbBlockEnd
  0
BLOCK
  5
42C
330
42B
100
AcDbEntity
  8
0
100
AcDbBlockBegin
  2
*X52
 70
     1
 10
0.0
 20
0.0
 30
0.0
  3
*X52
  1

  0
LINE
  5
42E
330
42B
100
AcDbEntity
  8
尺寸线层
  6
Continuous
 62
     0
100
AcDbLine
 10
-343.4467682514775
 20
541.9608618002721
 30
0.0
 11
-486.8920391806929
 21
449.7995670608643
 31
0.0
  0
HATCH
  5
42F
330
42B
100
AcDbEntity
  8
尺寸线层
  6
Continuous
 62
     0
100
AcDbHatch
 10
0.0
 20
0.0
 30
0.0
210
0.0
220
0.0
230
1.0
  2
SOLID
 70
     1
 71
     0
 91
        1
 92
        0
 93
        3
 72
     1
 10
-388.8781150560383
 20
512.7719473373513
 11
-356.1581409810876
 21
528.4452780789188
 72
     1
 10
-356.1581409810876
 20
528.4452780789188
 11
-361.0229600582411
 21
536.017169213012
 72
     1
 10
-361.0229600582411
 20
536.017169213012
 11
-388.8781150560383
 21
512.7719473373513
 97
        0
 75
     0
 76
     1
 98
        1
 10
-1173.42588673524
 20
-1822.313392815824
  0
HATCH
  5
430
330
42B
100
AcDbEntity
  8
尺寸线层
  6
Continuous
 62
     0
100
AcDbHatch
 10
0.0
 20
0.0
 30
0.0
210
0.0
220
0.0
230
1.0
  2
SOLID
 70
     1
 71
     0
 91
        1
 92
        0
 93
        3
 72
     1
 10
-441.4606923761321
 20
478.9884815237851
 11
-469.3158473739293
 21
455.7432596481244
 72
     1
 10
-469.3158473739293
 20
455.7432596481244
 11
-474.1806664510827
 21
463.3151507822176
 72
     1
 10
-474.1806664510827
 20
463.3151507822176
 11
-441.4606923761321
 21
478.9884815237851
 97
        0
 75
     0
 76
     1
 98
        1
 10
-1173.42588673524
 20
-1822.313392815824
  0
LINE
  5
431
330
42B
100
AcDbEntity
  8
尺寸线层
  6
Continuous
 62
     0
100
AcDbLine
 10
-373.3645165179323
 20
488.6256682331132
 30
0.0
 11
-398.6077532103452
 21
527.9157296055382
 31
0.0
  0
LINE
  5
432
330
42B
100
AcDbEntity
  8
尺寸线层
  6
Continuous
 62
     0
100
AcDbLine
 10
-417.6391432172459
 20
441.9112184198748
 30
0.0
 11
-451.190330530439
 21
494.132263791972
 31
0.0
  0
MTEXT
  5
433
330
42B
100
AcDbEntity
  8
尺寸线层
 62
     0
100
AcDbMText
 10
-426.6282272842589
 20
513.7154018665137
 30
0.0
 40
31.5
 41
122.6355888268156
 71
     5
 72
     1
  1
\T1.1;62.5
  7
标准
 11
0.8413212371214969
 21
0.540535453017056
 31
0.0
 73
     1
 44
1.150569886022795
1001
CAXA_DRAFT_TXTSCALE
1041
1.0
1001
ACAD
1000
ACAD_MTEXT_DEFINED_HEIGHT_BEGIN
1070
    46
1040
63.0
1000
ACAD_MTEXT_DEFINED_HEIGHT_END
  0
ENDBLK
  5
42D
330
42B
100
AcDbEntity
  8
0
100
AcDbBlockEnd
  0
BLOCK
  5
436
330
435
100
AcDbEntity
  8
0
100
AcDbBlockBegin
  2
*X53
 70
     1
 10
0.0
 20
0.0
 30
0.0
  3
*X53
  1

  0
LINE
  5
438
330
435
100
AcDbEntity
  8
尺寸线层
  6
Continuous
 62
     0
100
AcDbLine
 10
-499.524275960129
 20
507.38648185275
 30
0.0
 11
-611.4200004972872
 21
435.4952666014797
 31
0.0
  0
HATCH
  5
439
330
435
100
AcDbEntity
  8
尺寸线层
  6
Continuous
 62
     0
100
AcDbHatch
 10
0.0
 20
0.0
 30
0.0
210
0.0
220
0.0
230
1.0
  2
SOLID
 70
     1
 71
     0
 91
        1
 92
        0
 93
        3
 72
     1
 10
-544.9556227646895
 20
478.1975673898282
 11
-512.235648689739
 21
493.8708981313962
 72
     1
 10
-512.235648689739
 20
493.8708981313962
 11
-517.1004677668926
 21
501.4427892654894
 72
     1
 10
-517.1004677668926
 20
501.4427892654894
 11
-544.9556227646895
 21
478.1975673898282
 97
        0
 75
     0
 76
     1
 98
        1
 10
-1173.42588673524
 20
-1822.313392815824
  0
HATCH
  5
43A
330
435
100
AcDbEntity
  8
尺寸线层
  6
Continuous
 62
     0
100
AcDbHatch
 10
0.0
 20
0.0
 30
0.0
210
0.0
220
0.0
230
1.0
  2
SOLID
 70
     1
 71
     0
 91
        1
 92
        0
 93
        3
 72
     1
 10
-565.9886536927269
 20
464.6841810644014
 11
-593.8438086905237
 21
441.4389591887402
 72
     1
 10
-593.8438086905237
 20
441.4389591887402
 11
-598.7086277676773
 21
449.0108503228334
 72
     1
 10
-598.7086277676773
 20
449.0108503228334
 11
-565.9886536927269
 21
464.6841810644014
 97
        0
 75
     0
 76
     1
 98
        1
 10
-1173.42588673524
 20
-1822.313392815824
  0
LINE
  5
43B
330
435
100
AcDbEntity
  8
尺寸线层
  6
Continuous
 62
     0
100
AcDbLine
 10
-491.4299312111098
 20
394.8870263618755
 30
0.0
 11
-554.6852609189966
 21
493.3413496580151
 31
0.0
  0
LINE
  5
43C
330
435
100
AcDbEntity
  8
尺寸线层
  6
Continuous
 62
     0
100
AcDbLine
 10
-520.5957330141946
 20
394.031963955129
 30
0.0
 11
-575.718291847034
 21
479.8279633325883
 31
0.0
  0
MTEXT
  5
43D
330
435
100
AcDbEntity
  8
尺寸线层
 62
     0
100
AcDbMText
 10
-570.8630505135238
 20
486.7497574858053
 30
0.0
 40
31.5
 41
63.0
 71
     5
 72
     1
  1
\T1.1;25
  7
标准
 11
0.841321237121489
 21
0.5405354530170683
 31
0.0
 73
     1
 44
1.150569886022795
1001
CAXA_DRAFT_TXTSCALE
1041
1.0
1001
ACAD
1000
ACAD_MTEXT_DEFINED_HEIGHT_BEGIN
1070
    46
1040
63.0
1000
ACAD_MTEXT_DEFINED_HEIGHT_END
  0
ENDBLK
  5
437
330
435
100
AcDbEntity
  8
0
100
AcDbBlockEnd
  0
BLOCK
  5
440
330
43F
100
AcDbEntity
  8
0
100
AcDbBlockBegin
  2
*X54
 70
     1
 10
0.0
 20
0.0
 30
0.0
  3
*X54
  1

  0
LINE
  5
442
330
43F
100
AcDbEntity
  8
尺寸线层
  6
Continuous
 62
     0
100
AcDbLine
 10
-426.3351086107139
 20
555.3470717400469
 30
0.0
 11
-538.2308331478708
 21
483.455856488777
 31
0.0
  0
HATCH
  5
443
330
43F
100
AcDbEntity
  8
尺寸线层
  6
Continuous
 62
     0
100
AcDbHatch
 10
0.0
 20
0.0
 30
0.0
210
0.0
220
0.0
230
1.0
  2
SOLID
 70
     1
 71
     0
 91
        1
 92
        0
 93
        3
 72
     1
 10
-471.7664554152741
 20
526.1581572771252
 11
-439.0464813403238
 21
541.8314880186931
 72
     1
 10
-439.0464813403238
 20
541.8314880186931
 11
-443.9113004174774
 21
549.4033791527863
 72
     1
 10
-443.9113004174774
 20
549.4033791527863
 11
-471.7664554152741
 21
526.1581572771252
 97
        0
 75
     0
 76
     1
 98
        1
 10
-1173.42588673524
 20
-1822.313392815824
  0
HATCH
  5
444
330
43F
100
AcDbEntity
  8
尺寸线层
  6
Continuous
 62
     0
100
AcDbHatch
 10
0.0
 20
0.0
 30
0.0
210
0.0
220
0.0
230
1.0
  2
SOLID
 70
     1
 71
     0
 91
        1
 92
        0
 93
        3
 72
     1
 10
-492.7994863433106
 20
512.6447709516988
 11
-520.6546413411073
 21
489.3995490760376
 72
     1
 10
-520.6546413411073
 20
489.3995490760376
 11
-525.5194604182609
 21
496.9714402101308
 72
     1
 10
-525.5194604182609
 20
496.9714402101308
 11
-492.7994863433106
 21
512.6447709516988
 97
        0
 75
     0
 76
     1
 98
        1
 10
-1173.42588673524
 20
-1822.313392815824
  0
LINE
  5
445
330
43F
100
AcDbEntity
  8
尺寸线层
  6
Continuous
 62
     0
100
AcDbLine
 10
-417.6391432172459
 20
441.9112184198748
 30
0.0
 11
-481.4960935695815
 21
541.301939545312
 31
0.0
  0
LINE
  5
446
330
43F
100
AcDbEntity
  8
尺寸线层
  6
Continuous
 62
     0
100
AcDbLine
 10
-446.9801247660635
 20
441.3288160941211
 30
0.0
 11
-502.529124497618
 21
527.7885532198857
 31
0.0
  0
MTEXT
  5
447
330
43F
100
AcDbEntity
  8
尺寸线层
 62
     0
100
AcDbMText
 10
-493.7417944474664
 20
537.2366515503572
 30
0.0
 40
31.5
 41
63.0
 71
     5
 72
     1
  1
\T1.1;25
  7
标准
 11
0.8413212371214865
 21
0.5405354530170721
 31
0.0
 73
     1
 44
1.150569886022795
1001
CAXA_DRAFT_TXTSCALE
1041
1.0
1001
ACAD
1000
ACAD_MTEXT_DEFINED_HEIGHT_BEGIN
1070
    46
1040
63.0
1000
ACAD_MTEXT_DEFINED_HEIGHT_END
  0
ENDBLK
  5
441
330
43F
100
AcDbEntity
  8
0
100
AcDbBlockEnd
  0
BLOCK
  5
44A
330
449
100
AcDbEntity
  8
0
100
AcDbBlockBegin
  2
*X55
 70
     1
 10
0.0
 20
0.0
 30
0.0
  3
*X55
  1

  0
LINE
  5
44C
330
449
100
AcDbEntity
  8
尺寸线层
  6
Continuous
 62
     0
100
AcDbLine
 10
-352.9545556485334
 20
603.009777779776
 30
0.0
 11
-464.850280185694
 21
531.1185625285102
 31
0.0
  0
HATCH
  5
44D
330
449
100
AcDbEntity
  8
尺寸线层
  6
Continuous
 62
     0
100
AcDbHatch
 10
0.0
 20
0.0
 30
0.0
210
0.0
220
0.0
230
1.0
  2
SOLID
 70
     1
 71
     0
 91
        1
 92
        0
 93
        3
 72
     1
 10
-398.3859024530949
 20
573.820863316856
 11
-365.6659283781439
 21
589.4941940584226
 72
     1
 10
-365.6659283781439
 20
589.4941940584226
 11
-370.5307474552973
 21
597.0660851925163
 72
     1
 10
-370.5307474552973
 20
597.0660851925163
 11
-398.3859024530949
 21
573.820863316856
 97
        0
 75
     0
 76
     1
 98
        1
 10
-1173.42588673524
 20
-1822.313392815824
  0
HATCH
  5
44E
330
449
100
AcDbEntity
  8
尺寸线层
  6
Continuous
 62
     0
100
AcDbHatch
 10
0.0
 20
0.0
 30
0.0
210
0.0
220
0.0
230
1.0
  2
SOLID
 70
     1
 71
     0
 91
        1
 92
        0
 93
        3
 72
     1
 10
-419.4189333811325
 20
560.3074769914301
 11
-447.2740883789302
 21
537.0622551157699
 72
     1
 10
-447.2740883789302
 20
537.0622551157699
 11
-452.1389074560835
 21
544.6341462498635
 72
     1
 10
-452.1389074560835
 20
544.6341462498635
 11
-419.4189333811325
 21
560.3074769914301
 97
        0
 75
     0
 76
     1
 98
        1
 10
-1173.42588673524
 20
-1822.313392815824
  0
LINE
  5
44F
330
449
100
AcDbEntity
  8
尺寸线层
  6
Continuous
 62
     0
100
AcDbLine
 10
-344.2065886080909
 20
489.4929860313732
 30
0.0
 11
-408.1155406074015
 21
588.9646455850434
 31
0.0
  0
LINE
  5
450
330
449
100
AcDbEntity
  8
尺寸线层
  6
Continuous
 62
     0
100
AcDbLine
 10
-373.3645165179323
 20
488.6256682331132
 30
0.0
 11
-429.1485715354391
 21
575.4512592596175
 31
0.0
  0
MTEXT
  5
451
330
449
100
AcDbEntity
  8
尺寸线层
 62
     0
100
AcDbMText
 10
-418.2751348149518
 20
586.2396477959437
 30
0.0
 40
31.5
 41
63.0
 71
     5
 72
     1
  1
\T1.1;25
  7
标准
 11
0.8413212371215082
 21
0.5405354530170384
 31
0.0
 73
     1
 44
1.150569886022795
1001
CAXA_DRAFT_TXTSCALE
1041
1.0
1001
ACAD
1000
ACAD_MTEXT_DEFINED_HEIGHT_BEGIN
1070
    46
1040
63.0
1000
ACAD_MTEXT_DEFINED_HEIGHT_END
  0
ENDBLK
  5
44B
330
449
100
AcDbEntity
  8
0
100
AcDbBlockEnd
  0
BLOCK
  5
454
330
453
100
AcDbEntity
  8
0
100
AcDbBlockBegin
  2
*X56
 70
     1
 10
0.0
 20
0.0
 30
0.0
  3
*X56
  1

  0
LINE
  5
456
330
453
100
AcDbEntity
  8
尺寸线层
  6
Continuous
 62
     0
100
AcDbLine
 10
-431.7237675726805
 20
625.7098814540473
 30
0.0
 11
-599.9880149969797
 21
517.6027908506371
 31
0.0
  0
HATCH
  5
457
330
453
100
AcDbEntity
  8
尺寸线层
  6
Continuous
 62
     0
100
AcDbHatch
 10
0.0
 20
0.0
 30
0.0
210
0.0
220
0.0
230
1.0
  2
SOLID
 70
     1
 71
     0
 91
        1
 92
        0
 93
        3
 72
     1
 10
-431.7237675726805
 20
625.7098814540473
 11
-459.5789225704777
 21
602.4646595783865
 72
     1
 10
-459.5789225704777
 20
602.4646595783865
 11
-464.4437416476312
 21
610.0365507124802
 72
     1
 10
-464.4437416476312
 20
610.0365507124802
 11
-431.7237675726805
 21
625.7098814540473
 97
        0
 75
     0
 76
     1
 98
        1
 10
-1173.42588673524
 20
-1822.313392815824
  0
HATCH
  5
458
330
453
100
AcDbEntity
  8
尺寸线层
  6
Continuous
 62
     0
100
AcDbHatch
 10
0.0
 20
0.0
 30
0.0
210
0.0
220
0.0
230
1.0
  2
SOLID
 70
     1
 71
     0
 91
        1
 92
        0
 93
        3
 72
     1
 10
-599.9880149969797
 20
517.6027908506371
 11
-567.2680409220291
 21
533.2761215922042
 72
     1
 10
-567.2680409220291
 20
533.2761215922042
 11
-572.1328599991825
 21
540.8480127262978
 72
     1
 10
-572.1328599991825
 20
540.8480127262978
 11
-599.9880149969797
 21
517.6027908506371
 97
        0
 75
     0
 76
     1
 98
        1
 10
-1173.42588673524
 20
-1822.313392815824
  0
LINE
  5
459
330
453
100
AcDbEntity
  8
尺寸线层
  6
Continuous
 62
     0
100
AcDbLine
 10
-344.2065886080909
 20
489.4929860313732
 30
0.0
 11
-441.4534057269875
 21
640.8536637222342
 31
0.0
  0
LINE
  5
45A
330
453
100
AcDbEntity
  8
尺寸线层
  6
Continuous
 62
     0
100
AcDbLine
 10
-520.5957330141946
 20
394.031963955129
 30
0.0
 11
-609.7176531512866
 21
532.746573118824
 31
0.0
  0
MTEXT
  5
45B
330
453
100
AcDbEntity
  8
尺寸线层
 62
     0
100
AcDbMText
 10
-527.3147148530038
 20
589.4915235882877
 30
0.0
 40
31.5
 41
90.05170726256968
 71
     5
 72
     1
  1
\T1.1;200
  7
标准
 11
0.8413212371214991
 21
0.5405354530170526
 31
0.0
 73
     1
 44
1.150569886022795
1001
CAXA_DRAFT_TXTSCALE
1041
1.0
1001
ACAD
1000
ACAD_MTEXT_DEFINED_HEIGHT_BEGIN
1070
    46
1040
63.0
1000
ACAD_MTEXT_DEFINED_HEIGHT_END
  0
ENDBLK
  5
455
330
453
100
AcDbEntity
  8
0
100
AcDbBlockEnd
  0
BLOCK
  5
45E
330
45D
100
AcDbEntity
  8
0
100
AcDbBlockBegin
  2
*X57
 70
     1
 10
0.0
 20
0.0
 30
0.0
  3
*X57
  1

  0
LINE
  5
460
330
45D
100
AcDbEntity
  8
尺寸线层
  6
Continuous
 62
     0
100
AcDbLine
 10
-658.722498160426
 20
562.7701668303812
 30
0.0
 11
-448.3921888800571
 21
697.9040300846477
 31
0.0
  0
HATCH
  5
461
330
45D
100
AcDbEntity
  8
尺寸线层
  6
Continuous
 62
     0
100
AcDbHatch
 10
0.0
 20
0.0
 30
0.0
210
0.0
220
0.0
230
1.0
  2
SOLID
 70
     1
 71
     0
 91
        1
 92
        0
 93
        3
 72
     1
 10
-658.722498160426
 20
562.7701668303812
 11
-630.8673431626293
 21
586.0153887060424
 72
     1
 10
-630.8673431626293
 20
586.0153887060424
 11
-626.0025240854757
 21
578.4434975719491
 72
     1
 10
-626.0025240854757
 20
578.4434975719491
 11
-658.722498160426
 21
562.7701668303812
 97
        0
 75
     0
 76
     1
 98
        1
 10
-1173.42588673524
 20
-1822.313392815824
  0
HATCH
  5
462
330
45D
100
AcDbEntity
  8
尺寸线层
  6
Continuous
 62
     0
100
AcDbHatch
 10
0.0
 20
0.0
 30
0.0
210
0.0
220
0.0
230
1.0
  2
SOLID
 70
     1
 71
     0
 91
        1
 92
        0
 93
        3
 72
     1
 10
-448.3921888800571
 20
697.9040300846477
 11
-481.1121629550073
 21
682.2306993430798
 72
     1
 10
-481.1121629550073
 20
682.2306993430798
 11
-476.2473438778537
 21
674.6588082089866
 72
     1
 10
-476.2473438778537
 20
674.6588082089866
 11
-448.3921888800571
 21
697.9040300846477
 97
        0
 75
     0
 76
     1
 98
        1
 10
-1173.42588673524
 20
-1822.313392815824
  0
LINE
  5
463
330
45D
100
AcDbEntity
  8
尺寸线层
  6
Continuous
 62
     0
100
AcDbLine
 10
-541.6287639421935
 20
380.5185776297258
 30
0.0
 11
-668.4521363147333
 21
577.9139490985681
 31
0.0
  0
LINE
  5
464
330
45D
100
AcDbEntity
  8
尺寸线层
  6
Continuous
 62
     0
100
AcDbLine
 10
-331.2984546618245
 20
515.6524408839923
 30
0.0
 11
-458.1218270343644
 21
713.0478123528346
 31
0.0
  0
MTEXT
  5
465
330
45D
100
AcDbEntity
  8
尺寸线层
 62
     0
100
AcDbMText
 10
-565.0161662470944
 20
648.1722864339954
 30
0.0
 40
31.5
 41
90.0517072625697
 71
     5
 72
     1
  1
\T1.1;250
  7
标准
 11
0.841321237121486
 21
0.5405354530170731
 31
0.0
 73
     1
 44
1.150569886022795
1001
CAXA_DRAFT_TXTSCALE
1041
1.0
1001
ACAD
1000
ACAD_MTEXT_DEFINED_HEIGHT_BEGIN
1070
    46
1040
63.0
1000
ACAD_MTEXT_DEFINED_HEIGHT_END
  0
ENDBLK
  5
45F
330
45D
100
AcDbEntity
  8
0
100
AcDbBlockEnd
  0
BLOCK
  5
468
330
467
100
AcDbEntity
  8
0
100
AcDbBlockBegin
  2
*X58
 70
     1
 10
0.0
 20
0.0
 30
0.0
  3
*X58
  1

  0
LINE
  5
46A
330
467
100
AcDbEntity
  8
尺寸线层
  6
Continuous
 62
     0
100
AcDbLine
 10
-477.4804662169462
 20
597.0273637700134
 30
0.0
 11
-365.5847416797501
 21
668.9185790213019
 31
0.0
  0
HATCH
  5
46B
330
467
100
AcDbEntity
  8
尺寸线层
  6
Continuous
 62
     0
100
AcDbHatch
 10
0.0
 20
0.0
 30
0.0
210
0.0
220
0.0
230
1.0
  2
SOLID
 70
     1
 71
     0
 91
        1
 92
        0
 93
        3
 72
     1
 10
-432.0491194123847
 20
626.2162782329333
 11
-464.7690934873357
 21
610.5429474913667
 72
     1
 10
-464.7690934873357
 20
610.5429474913667
 11
-459.9042744101823
 21
602.971056357273
 72
     1
 10
-459.9042744101823
 20
602.971056357273
 11
-432.0491194123847
 21
626.2162782329333
 97
        0
 75
     0
 76
     1
 98
        1
 10
-1173.42588673524
 20
-1822.313392815824
  0
HATCH
  5
46C
330
467
100
AcDbEntity
  8
尺寸线层
  6
Continuous
 62
     0
100
AcDbHatch
 10
0.0
 20
0.0
 30
0.0
210
0.0
220
0.0
230
1.0
  2
SOLID
 70
     1
 71
     0
 91
        1
 92
        0
 93
        3
 72
     1
 10
-411.0160884843116
 20
639.729664558382
 11
-383.160933486514
 21
662.9748864340422
 72
     1
 10
-383.160933486514
 20
662.9748864340422
 11
-378.2961144093606
 21
655.4029952999485
 72
     1
 10
-378.2961144093606
 20
655.4029952999485
 11
-411.0160884843116
 21
639.729664558382
 97
        0
 75
     0
 76
     1
 98
        1
 10
-1173.42588673524
 20
-1822.313392815824
  0
LINE
  5
46D
330
467
100
AcDbEntity
  8
尺寸线层
  6
Continuous
 62
     0
100
AcDbLine
 10
-344.2065886080909
 20
489.4929860313732
 30
0.0
 11
-441.7787575666915
 21
641.3600605011202
 31
0.0
  0
LINE
  5
46E
330
467
100
AcDbEntity
  8
尺寸线层
  6
Continuous
 62
     0
100
AcDbLine
 10
-331.2984546618245
 20
515.6524408839923
 30
0.0
 11
-420.7457266386184
 21
654.8734468265689
 31
0.0
  0
MTEXT
  5
46F
330
467
100
AcDbEntity
  8
尺寸线层
 62
     0
100
AcDbMText
 10
-432.9914266752003
 20
650.808159372139
 30
0.0
 40
31.5
 41
63.0
 71
     5
 72
     1
  1
\T1.1;25
  7
标准
 11
0.8413212371215091
 21
0.5405354530170371
 31
0.0
 73
     1
 44
1.150569886022795
1001
CAXA_DRAFT_TXTSCALE
1041
1.0
1001
ACAD
1000
ACAD_MTEXT_DEFINED_HEIGHT_BEGIN
1070
    46
1040
63.0
1000
ACAD_MTEXT_DEFINED_HEIGHT_END
  0
ENDBLK
  5
469
330
467
100
AcDbEntity
  8
0
100
AcDbBlockEnd
  0
BLOCK
  5
472
330
471
100
AcDbEntity
  8
0
100
AcDbBlockBegin
  2
*X59
 70
     1
 10
0.0
 20
0.0
 30
0.0
  3
*X59
  1

  0
LINE
  5
474
330
471
100
AcDbEntity
  8
尺寸线层
  6
Continuous
 62
     0
100
AcDbLine
 10
-554.4542525324697
 20
546.632299544242
 30
0.0
 11
-666.34997706959
 21
474.7410842929962
 31
0.0
  0
HATCH
  5
475
330
471
100
AcDbEntity
  8
尺寸线层
  6
Continuous
 62
     0
100
AcDbHatch
 10
0.0
 20
0.0
 30
0.0
210
0.0
220
0.0
230
1.0
  2
SOLID
 70
     1
 71
     0
 91
        1
 92
        0
 93
        3
 72
     1
 10
-599.8855993370302
 20
517.4433850813202
 11
-567.1656252620797
 21
533.1167158228877
 72
     1
 10
-567.1656252620797
 20
533.1167158228877
 11
-572.0304443392333
 21
540.6886069569814
 72
     1
 10
-572.0304443392333
 20
540.6886069569814
 11
-599.8855993370302
 21
517.4433850813202
 97
        0
 75
     0
 76
     1
 98
        1
 10
-1173.42588673524
 20
-1822.313392815824
  0
HATCH
  5
476
330
471
100
AcDbEntity
  8
尺寸线层
  6
Continuous
 62
     0
100
AcDbHatch
 10
0.0
 20
0.0
 30
0.0
210
0.0
220
0.0
230
1.0
  2
SOLID
 70
     1
 71
     0
 91
        1
 92
        0
 93
        3
 72
     1
 10
-620.9186302650295
 20
503.9299987559179
 11
-648.7737852628263
 21
480.6847768802568
 72
     1
 10
-648.7737852628263
 20
480.6847768802568
 11
-653.6386043399799
 21
488.2566680143505
 72
     1
 10
-653.6386043399799
 20
488.2566680143505
 11
-620.9186302650295
 21
503.9299987559179
 97
        0
 75
     0
 76
     1
 98
        1
 10
-1173.42588673524
 20
-1822.313392815824
  0
LINE
  5
477
330
471
100
AcDbEntity
  8
尺寸线层
  6
Continuous
 62
     0
100
AcDbLine
 10
-520.5957330141946
 20
394.031963955129
 30
0.0
 11
-609.6152374913373
 21
532.5871673495071
 31
0.0
  0
LINE
  5
478
330
471
100
AcDbEntity
  8
尺寸线层
  6
Continuous
 62
     0
100
AcDbLine
 10
-541.6287639421935
 20
380.5185776297258
 30
0.0
 11
-630.6482684193367
 21
519.0737810241048
 31
0.0
  0
MTEXT
  5
479
330
471
100
AcDbEntity
  8
尺寸线层
 62
     0
100
AcDbMText
 10
-621.8609383692037
 20
528.5218793545646
 30
0.0
 40
31.5
 41
63.0
 71
     5
 72
     1
  1
\T1.1;25
  7
标准
 11
0.8413212371214907
 21
0.5405354530170657
 31
0.0
 73
     1
 44
1.150569886022795
1001
CAXA_DRAFT_TXTSCALE
1041
1.0
1001
ACAD
1000
ACAD_MTEXT_DEFINED_HEIGHT_BEGIN
1070
    46
1040
63.0
1000
ACAD_MTEXT_DEFINED_HEIGHT_END
  0
ENDBLK
  5
473
330
471
100
AcDbEntity
  8
0
100
AcDbBlockEnd
  0
BLOCK
  5
47C
330
47B
100
AcDbEntity
  8
0
100
AcDbBlockBegin
  2
*X60
 70
     1
 10
0.0
 20
0.0
 30
0.0
  3
*X60
  1

  0
LINE
  5
47E
330
47B
100
AcDbEntity
  8
尺寸线层
  6
Continuous
 62
     0
100
AcDbLine
 10
417.6131188499767
 20
495.5212175150141
 30
0.0
 11
561.0583897791923
 21
403.3599227756072
 31
0.0
  0
HATCH
  5
47F
330
47B
100
AcDbEntity
  8
尺寸线层
  6
Continuous
 62
     0
100
AcDbHatch
 10
0.0
 20
0.0
 30
0.0
210
0.0
220
0.0
230
1.0
  2
SOLID
 70
     1
 71
     0
 91
        1
 92
        0
 93
        3
 72
     1
 10
463.0444656545378
 20
466.3323030520933
 11
435.1893106567404
 21
489.577524927754
 72
     1
 10
435.1893106567404
 20
489.577524927754
 11
430.3244915795869
 21
482.0056337936603
 72
     1
 10
430.3244915795869
 20
482.0056337936603
 11
463.0444656545378
 21
466.3323030520933
 97
        0
 75
     0
 76
     1
 98
        1
 10
-1173.42588673524
 20
-1822.313392815824
  0
HATCH
  5
480
330
47B
100
AcDbEntity
  8
尺寸线层
  6
Continuous
 62
     0
100
AcDbHatch
 10
0.0
 20
0.0
 30
0.0
210
0.0
220
0.0
230
1.0
  2
SOLID
 70
     1
 71
     0
 91
        1
 92
        0
 93
        3
 72
     1
 10
515.6270429746312
 20
432.548837238528
 11
548.3470170495821
 21
416.875506496961
 72
     1
 10
548.3470170495821
 20
416.875506496961
 11
543.4821979724286
 21
409.3036153628673
 72
     1
 10
543.4821979724286
 20
409.3036153628673
 11
515.6270429746312
 21
432.548837238528
 97
        0
 75
     0
 76
     1
 98
        1
 10
-1173.42588673524
 20
-1822.313392815824
  0
LINE
  5
481
330
47B
100
AcDbEntity
  8
尺寸线层
  6
Continuous
 62
     0
100
AcDbLine
 10
446.9801247660625
 20
441.3288160941211
 30
0.0
 11
472.7741038088448
 21
481.4760853202802
 31
0.0
  0
LINE
  5
482
330
47B
100
AcDbEntity
  8
尺寸线层
  6
Continuous
 62
     0
100
AcDbLine
 10
491.4299312111089
 20
394.8870263618755
 30
0.0
 11
525.3566811289381
 21
447.6926195067149
 31
0.0
  0
MTEXT
  5
483
330
47B
100
AcDbEntity
  8
尺寸线层
 62
     0
100
AcDbMText
 10
500.7945778827582
 20
467.2757575812561
 30
0.0
 40
31.5
 41
122.6355888268157
 71
     5
 72
     1
  1
\T1.1;62.5
  7
标准
 11
0.8413212371215011
 21
-0.5405354530170495
 31
0.0
 73
     1
 44
1.150569886022795
1001
CAXA_DRAFT_TXTSCALE
1041
1.0
1001
ACAD
1000
ACAD_MTEXT_DEFINED_HEIGHT_BEGIN
1070
    46
1040
63.0
1000
ACAD_MTEXT_DEFINED_HEIGHT_END
  0
ENDBLK
  5
47D
330
47B
100
AcDbEntity
  8
0
100
AcDbBlockEnd
  0
BLOCK
  5
486
330
485
100
AcDbEntity
  8
0
100
AcDbBlockBegin
  2
*X61
 70
     1
 10
0.0
 20
0.0
 30
0.0
  3
*X61
  1

  0
LINE
  5
488
330
485
100
AcDbEntity
  8
尺寸线层
  6
Continuous
 62
     0
100
AcDbLine
 10
343.4467682514755
 20
541.9608618002712
 30
0.0
 11
486.8920391806926
 21
449.7995670608652
 31
0.0
  0
HATCH
  5
489
330
485
100
AcDbEntity
  8
尺寸线层
  6
Continuous
 62
     0
100
AcDbHatch
 10
0.0
 20
0.0
 30
0.0
210
0.0
220
0.0
230
1.0
  2
SOLID
 70
     1
 71
     0
 91
        1
 92
        0
 93
        3
 72
     1
 10
388.8781150560369
 20
512.7719473373509
 11
361.0229600582395
 21
536.0171692130111
 72
     1
 10
361.0229600582395
 20
536.0171692130111
 11
356.158140981086
 21
528.4452780789175
 72
     1
 10
356.158140981086
 20
528.4452780789175
 11
388.8781150560369
 21
512.7719473373509
 97
        0
 75
     0
 76
     1
 98
        1
 10
-1173.42588673524
 20
-1822.313392815824
  0
HATCH
  5
48A
330
485
100
AcDbEntity
  8
尺寸线层
  6
Continuous
 62
     0
100
AcDbHatch
 10
0.0
 20
0.0
 30
0.0
210
0.0
220
0.0
230
1.0
  2
SOLID
 70
     1
 71
     0
 91
        1
 92
        0
 93
        3
 72
     1
 10
441.4606923761312
 20
478.9884815237856
 11
474.1806664510821
 21
463.315150782219
 72
     1
 10
474.1806664510821
 20
463.315150782219
 11
469.3158473739286
 21
455.7432596481253
 72
     1
 10
469.3158473739286
 20
455.7432596481253
 11
441.4606923761312
 21
478.9884815237856
 97
        0
 75
     0
 76
     1
 98
        1
 10
-1173.42588673524
 20
-1822.313392815824
  0
LINE
  5
48B
330
485
100
AcDbEntity
  8
尺寸线层
  6
Continuous
 62
     0
100
AcDbLine
 10
373.3645165179314
 20
488.6256682331132
 30
0.0
 11
398.6077532103438
 21
527.9157296055378
 31
0.0
  0
LINE
  5
48C
330
485
100
AcDbEntity
  8
尺寸线层
  6
Continuous
 62
     0
100
AcDbLine
 10
417.639143217245
 20
441.9112184198748
 30
0.0
 11
451.1903305304381
 21
494.1322637919725
 31
0.0
  0
MTEXT
  5
48D
330
485
100
AcDbEntity
  8
尺寸线层
 62
     0
100
AcDbMText
 10
426.6282272842575
 20
513.7154018665137
 30
0.0
 40
31.5
 41
122.6355888268161
 71
     5
 72
     1
  1
\T1.1;62.5
  7
标准
 11
0.8413212371215054
 21
-0.5405354530170428
 31
0.0
 73
     1
 44
1.150569886022795
1001
CAXA_DRAFT_TXTSCALE
1041
1.0
1001
ACAD
1000
ACAD_MTEXT_DEFINED_HEIGHT_BEGIN
1070
    46
1040
63.0
1000
ACAD_MTEXT_DEFINED_HEIGHT_END
  0
ENDBLK
  5
487
330
485
100
AcDbEntity
  8
0
100
AcDbBlockEnd
  0
BLOCK
  5
490
330
48F
100
AcDbEntity
  8
0
100
AcDbBlockBegin
  2
*X62
 70
     1
 10
0.0
 20
0.0
 30
0.0
  3
*X62
  1

  0
LINE
  5
492
330
48F
100
AcDbEntity
  8
尺寸线层
  6
Continuous
 62
     0
100
AcDbLine
 10
499.5242759601279
 20
507.3864818527486
 30
0.0
 11
611.4200004972872
 21
435.4952666014806
 31
0.0
  0
HATCH
  5
493
330
48F
100
AcDbEntity
  8
尺寸线层
  6
Continuous
 62
     0
100
AcDbHatch
 10
0.0
 20
0.0
 30
0.0
210
0.0
220
0.0
230
1.0
  2
SOLID
 70
     1
 71
     0
 91
        1
 92
        0
 93
        3
 72
     1
 10
544.9556227646888
 20
478.1975673898278
 11
517.1004677668916
 21
501.4427892654885
 72
     1
 10
517.1004677668916
 20
501.4427892654885
 11
512.2356486897381
 21
493.8708981313948
 72
     1
 10
512.2356486897381
 20
493.8708981313948
 11
544.9556227646888
 21
478.1975673898278
 97
        0
 75
     0
 76
     1
 98
        1
 10
-1173.42588673524
 20
-1822.313392815824
  0
HATCH
  5
494
330
48F
100
AcDbEntity
  8
尺寸线层
  6
Continuous
 62
     0
100
AcDbHatch
 10
0.0
 20
0.0
 30
0.0
210
0.0
220
0.0
230
1.0
  2
SOLID
 70
     1
 71
     0
 91
        1
 92
        0
 93
        3
 72
     1
 10
565.9886536927263
 20
464.6841810644014
 11
598.708627767677
 21
449.0108503228344
 72
     1
 10
598.708627767677
 20
449.0108503228344
 11
593.8438086905235
 21
441.4389591887407
 72
     1
 10
593.8438086905235
 20
441.4389591887407
 11
565.9886536927263
 21
464.6841810644014
 97
        0
 75
     0
 76
     1
 98
        1
 10
-1173.42588673524
 20
-1822.313392815824
  0
LINE
  5
495
330
48F
100
AcDbEntity
  8
尺寸线层
  6
Continuous
 62
     0
100
AcDbLine
 10
491.4299312111089
 20
394.8870263618755
 30
0.0
 11
554.6852609189959
 21
493.3413496580147
 31
0.0
  0
LINE
  5
496
330
48F
100
AcDbEntity
  8
尺寸线层
  6
Continuous
 62
     0
100
AcDbLine
 10
520.5957330141937
 20
394.031963955129
 30
0.0
 11
575.7182918470335
 21
479.8279633325883
 31
0.0
  0
MTEXT
  5
497
330
48F
100
AcDbEntity
  8
尺寸线层
 62
     0
100
AcDbMText
 10
570.8630505135227
 20
486.7497574858053
 30
0.0
 40
31.5
 41
63.0
 71
     5
 72
     1
  1
\T1.1;25
  7
标准
 11
0.8413212371214982
 21
-0.540535453017054
 31
0.0
 73
     1
 44
1.150569886022795
1001
CAXA_DRAFT_TXTSCALE
1041
1.0
1001
ACAD
1000
ACAD_MTEXT_DEFINED_HEIGHT_BEGIN
1070
    46
1040
63.0
1000
ACAD_MTEXT_DEFINED_HEIGHT_END
  0
ENDBLK
  5
491
330
48F
100
AcDbEntity
  8
0
100
AcDbBlockEnd
  0
BLOCK
  5
49A
330
499
100
AcDbEntity
  8
0
100
AcDbBlockBegin
  2
*X63
 70
     1
 10
0.0
 20
0.0
 30
0.0
  3
*X63
  1

  0
LINE
  5
49C
330
499
100
AcDbEntity
  8
尺寸线层
  6
Continuous
 62
     0
100
AcDbLine
 10
426.3351086107136
 20
555.3470717400464
 30
0.0
 11
538.2308331478707
 21
483.4558564887766
 31
0.0
  0
HATCH
  5
49D
330
499
100
AcDbEntity
  8
尺寸线层
  6
Continuous
 62
     0
100
AcDbHatch
 10
0.0
 20
0.0
 30
0.0
210
0.0
220
0.0
230
1.0
  2
SOLID
 70
     1
 71
     0
 91
        1
 92
        0
 93
        3
 72
     1
 10
471.7664554152739
 20
526.1581572771247
 11
443.9113004174772
 21
549.4033791527859
 72
     1
 10
443.9113004174772
 20
549.4033791527859
 11
439.0464813403235
 21
541.8314880186927
 72
     1
 10
439.0464813403235
 20
541.8314880186927
 11
471.7664554152739
 21
526.1581572771247
 97
        0
 75
     0
 76
     1
 98
        1
 10
-1173.42588673524
 20
-1822.313392815824
  0
HATCH
  5
49E
330
499
100
AcDbEntity
  8
尺寸线层
  6
Continuous
 62
     0
100
AcDbHatch
 10
0.0
 20
0.0
 30
0.0
210
0.0
220
0.0
230
1.0
  2
SOLID
 70
     1
 71
     0
 91
        1
 92
        0
 93
        3
 72
     1
 10
492.7994863433105
 20
512.6447709516983
 11
525.5194604182609
 21
496.9714402101304
 72
     1
 10
525.5194604182609
 20
496.9714402101304
 11
520.6546413411072
 21
489.3995490760371
 72
     1
 10
520.6546413411072
 20
489.3995490760371
 11
492.7994863433105
 21
512.6447709516983
 97
        0
 75
     0
 76
     1
 98
        1
 10
-1173.42588673524
 20
-1822.313392815824
  0
LINE
  5
49F
330
499
100
AcDbEntity
  8
尺寸线层
  6
Continuous
 62
     0
100
AcDbLine
 10
417.639143217245
 20
441.9112184198748
 30
0.0
 11
481.4960935695815
 21
541.3019395453111
 31
0.0
  0
LINE
  5
4A0
330
499
100
AcDbEntity
  8
尺寸线层
  6
Continuous
 62
     0
100
AcDbLine
 10
446.9801247660625
 20
441.3288160941211
 30
0.0
 11
502.5291244976181
 21
527.7885532198848
 31
0.0
  0
MTEXT
  5
4A1
330
499
100
AcDbEntity
  8
尺寸线层
 62
     0
100
AcDbMText
 10
493.7417944474662
 20
537.2366515503568
 30
0.0
 40
31.5
 41
63.0
 71
     5
 72
     1
  1
\T1.1;25
  7
标准
 11
0.8413212371214877
 21
-0.5405354530170704
 31
0.0
 73
     1
 44
1.150569886022795
1001
CAXA_DRAFT_TXTSCALE
1041
1.0
1001
ACAD
1000
ACAD_MTEXT_DEFINED_HEIGHT_BEGIN
1070
    46
1040
63.0
1000
ACAD_MTEXT_DEFINED_HEIGHT_END
  0
ENDBLK
  5
49B
330
499
100
AcDbEntity
  8
0
100
AcDbBlockEnd
  0
BLOCK
  5
4A4
330
4A3
100
AcDbEntity
  8
0
100
AcDbBlockBegin
  2
*X64
 70
     1
 10
0.0
 20
0.0
 30
0.0
  3
*X64
  1

  0
LINE
  5
4A6
330
4A3
100
AcDbEntity
  8
尺寸线层
  6
Continuous
 62
     0
100
AcDbLine
 10
352.95455564853
 20
603.0097777797769
 30
0.0
 11
464.8502801856928
 21
531.1185625285134
 31
0.0
  0
HATCH
  5
4A7
330
4A3
100
AcDbEntity
  8
尺寸线层
  6
Continuous
 62
     0
100
AcDbHatch
 10
0.0
 20
0.0
 30
0.0
210
0.0
220
0.0
230
1.0
  2
SOLID
 70
     1
 71
     0
 91
        1
 92
        0
 93
        3
 72
     1
 10
398.3859024530923
 20
573.8208633168579
 11
370.530747455294
 21
597.0660851925172
 72
     1
 10
370.530747455294
 20
597.0660851925172
 11
365.665928378141
 21
589.4941940584235
 72
     1
 10
365.665928378141
 20
589.4941940584235
 11
398.3859024530923
 21
573.8208633168579
 97
        0
 75
     0
 76
     1
 98
        1
 10
-1173.42588673524
 20
-1822.313392815824
  0
HATCH
  5
4A8
330
4A3
100
AcDbEntity
  8
尺寸线层
  6
Continuous
 62
     0
100
AcDbHatch
 10
0.0
 20
0.0
 30
0.0
210
0.0
220
0.0
230
1.0
  2
SOLID
 70
     1
 71
     0
 91
        1
 92
        0
 93
        3
 72
     1
 10
419.4189333811305
 20
560.3074769914324
 11
452.1389074560818
 21
544.6341462498667
 72
     1
 10
452.1389074560818
 20
544.6341462498667
 11
447.2740883789288
 21
537.062255115773
 72
     1
 10
447.2740883789288
 20
537.062255115773
 11
419.4189333811305
 21
560.3074769914324
 97
        0
 75
     0
 76
     1
 98
        1
 10
-1173.42588673524
 20
-1822.313392815824
  0
LINE
  5
4A9
330
4A3
100
AcDbEntity
  8
尺寸线层
  6
Continuous
 62
     0
100
AcDbLine
 10
344.20658860809
 20
489.4929860313732
 30
0.0
 11
408.1155406073985
 21
588.9646455850452
 31
0.0
  0
LINE
  5
4AA
330
4A3
100
AcDbEntity
  8
尺寸线层
  6
Continuous
 62
     0
100
AcDbLine
 10
373.3645165179314
 20
488.6256682331132
 30
0.0
 11
429.1485715354368
 21
575.4512592596197
 31
0.0
  0
MTEXT
  5
4AB
330
4A3
100
AcDbEntity
  8
尺寸线层
 62
     0
100
AcDbMText
 10
418.2751348149516
 20
586.2396477959442
 30
0.0
 40
31.5
 41
63.0
 71
     5
 72
     1
  1
\T1.1;25
  7
标准
 11
0.8413212371215227
 21
-0.5405354530170159
 31
0.0
 73
     1
 44
1.150569886022795
1001
CAXA_DRAFT_TXTSCALE
1041
1.0
1001
ACAD
1000
ACAD_MTEXT_DEFINED_HEIGHT_BEGIN
1070
    46
1040
63.0
1000
ACAD_MTEXT_DEFINED_HEIGHT_END
  0
ENDBLK
  5
4A5
330
4A3
100
AcDbEntity
  8
0
100
AcDbBlockEnd
  0
BLOCK
  5
4AE
330
4AD
100
AcDbEntity
  8
0
100
AcDbBlockBegin
  2
*X65
 70
     1
 10
0.0
 20
0.0
 30
0.0
  3
*X65
  1

  0
LINE
  5
4B0
330
4AD
100
AcDbEntity
  8
尺寸线层
  6
Continuous
 62
     0
100
AcDbLine
 10
431.7237675726803
 20
625.7098814540482
 30
0.0
 11
599.988014996979
 21
517.6027908506371
 31
0.0
  0
HATCH
  5
4B1
330
4AD
100
AcDbEntity
  8
尺寸线层
  6
Continuous
 62
     0
100
AcDbHatch
 10
0.0
 20
0.0
 30
0.0
210
0.0
220
0.0
230
1.0
  2
SOLID
 70
     1
 71
     0
 91
        1
 92
        0
 93
        3
 72
     1
 10
431.7237675726803
 20
625.7098814540482
 11
464.443741647631
 21
610.0365507124807
 72
     1
 10
464.443741647631
 20
610.0365507124807
 11
459.5789225704775
 21
602.4646595783875
 72
     1
 10
459.5789225704775
 20
602.4646595783875
 11
431.7237675726803
 21
625.7098814540482
 97
        0
 75
     0
 76
     1
 98
        1
 10
-1173.42588673524
 20
-1822.313392815824
  0
HATCH
  5
4B2
330
4AD
100
AcDbEntity
  8
尺寸线层
  6
Continuous
 62
     0
100
AcDbHatch
 10
0.0
 20
0.0
 30
0.0
210
0.0
220
0.0
230
1.0
  2
SOLID
 70
     1
 71
     0
 91
        1
 92
        0
 93
        3
 72
     1
 10
599.988014996979
 20
517.6027908506371
 11
572.1328599991818
 21
540.8480127262978
 72
     1
 10
572.1328599991818
 20
540.8480127262978
 11
567.2680409220284
 21
533.2761215922046
 72
     1
 10
567.2680409220284
 20
533.2761215922046
 11
599.988014996979
 21
517.6027908506371
 97
        0
 75
     0
 76
     1
 98
        1
 10
-1173.42588673524
 20
-1822.313392815824
  0
LINE
  5
4B3
330
4AD
100
AcDbEntity
  8
尺寸线层
  6
Continuous
 62
     0
100
AcDbLine
 10
344.20658860809
 20
489.4929860313732
 30
0.0
 11
441.4534057269873
 21
640.8536637222351
 31
0.0
  0
LINE
  5
4B4
330
4AD
100
AcDbEntity
  8
尺寸线层
  6
Continuous
 62
     0
100
AcDbLine
 10
520.5957330141937
 20
394.031963955129
 30
0.0
 11
609.717653151286
 21
532.746573118824
 31
0.0
  0
MTEXT
  5
4B5
330
4AD
100
AcDbEntity
  8
尺寸线层
 62
     0
100
AcDbMText
 10
527.3147148530034
 20
589.4915235882881
 30
0.0
 40
31.5
 41
90.05170726257016
 71
     5
 72
     1
  1
\T1.1;200
  7
标准
 11
0.8413212371214958
 21
-0.5405354530170577
 31
0.0
 73
     1
 44
1.150569886022795
1001
CAXA_DRAFT_TXTSCALE
1041
1.0
1001
ACAD
1000
ACAD_MTEXT_DEFINED_HEIGHT_BEGIN
1070
    46
1040
63.0
1000
ACAD_MTEXT_DEFINED_HEIGHT_END
  0
ENDBLK
  5
4AF
330
4AD
100
AcDbEntity
  8
0
100
AcDbBlockEnd
  0
BLOCK
  5
4B8
330
4B7
100
AcDbEntity
  8
0
100
AcDbBlockBegin
  2
*X66
 70
     1
 10
0.0
 20
0.0
 30
0.0
  3
*X66
  1

  0
LINE
  5
4BA
330
4B7
100
AcDbEntity
  8
尺寸线层
  6
Continuous
 62
     0
100
AcDbLine
 10
658.7224981604256
 20
562.7701668303798
 30
0.0
 11
448.3921888800573
 21
697.9040300846477
 31
0.0
  0
HATCH
  5
4BB
330
4B7
100
AcDbEntity
  8
尺寸线层
  6
Continuous
 62
     0
100
AcDbHatch
 10
0.0
 20
0.0
 30
0.0
210
0.0
220
0.0
230
1.0
  2
SOLID
 70
     1
 71
     0
 91
        1
 92
        0
 93
        3
 72
     1
 10
658.7224981604256
 20
562.7701668303798
 11
626.0025240854754
 21
578.4434975719478
 72
     1
 10
626.0025240854754
 20
578.4434975719478
 11
630.8673431626291
 21
586.0153887060414
 72
     1
 10
630.8673431626291
 20
586.0153887060414
 11
658.7224981604256
 21
562.7701668303798
 97
        0
 75
     0
 76
     1
 98
        1
 10
-1173.42588673524
 20
-1822.313392815824
  0
HATCH
  5
4BC
330
4B7
100
AcDbEntity
  8
尺寸线层
  6
Continuous
 62
     0
100
AcDbHatch
 10
0.0
 20
0.0
 30
0.0
210
0.0
220
0.0
230
1.0
  2
SOLID
 70
     1
 71
     0
 91
        1
 92
        0
 93
        3
 72
     1
 10
448.3921888800573
 20
697.9040300846477
 11
476.2473438778538
 21
674.6588082089861
 72
     1
 10
476.2473438778538
 20
674.6588082089861
 11
481.1121629550075
 21
682.2306993430798
 72
     1
 10
481.1121629550075
 20
682.2306993430798
 11
448.3921888800573
 21
697.9040300846477
 97
        0
 75
     0
 76
     1
 98
        1
 10
-1173.42588673524
 20
-1822.313392815824
  0
LINE
  5
4BD
330
4B7
100
AcDbEntity
  8
尺寸线层
  6
Continuous
 62
     0
100
AcDbLine
 10
541.6287639421926
 20
380.5185776297258
 30
0.0
 11
668.452136314733
 21
577.9139490985667
 31
0.0
  0
LINE
  5
4BE
330
4B7
100
AcDbEntity
  8
尺寸线层
  6
Continuous
 62
     0
100
AcDbLine
 10
331.2984546618236
 20
515.6524408839923
 30
0.0
 11
458.1218270343647
 21
713.0478123528346
 31
0.0
  0
MTEXT
  5
4BF
330
4B7
100
AcDbEntity
  8
尺寸线层
 62
     0
100
AcDbMText
 10
565.0161662470944
 20
648.1722864339945
 30
0.0
 40
31.5
 41
90.05170726257
 71
     5
 72
     1
  1
\T1.1;250
  7
标准
 11
0.8413212371214829
 21
-0.5405354530170778
 31
0.0
 73
     1
 44
1.150569886022795
1001
CAXA_DRAFT_TXTSCALE
1041
1.0
1001
ACAD
1000
ACAD_MTEXT_DEFINED_HEIGHT_BEGIN
1070
    46
1040
63.0
1000
ACAD_MTEXT_DEFINED_HEIGHT_END
  0
ENDBLK
  5
4B9
330
4B7
100
AcDbEntity
  8
0
100
AcDbBlockEnd
  0
BLOCK
  5
4C2
330
4C1
100
AcDbEntity
  8
0
100
AcDbBlockBegin
  2
*X67
 70
     1
 10
0.0
 20
0.0
 30
0.0
  3
*X67
  1

  0
LINE
  5
4C4
330
4C1
100
AcDbEntity
  8
尺寸线层
  6
Continuous
 62
     0
100
AcDbLine
 10
477.4804662169438
 20
597.0273637700147
 30
0.0
 11
365.5847416797474
 21
668.9185790213032
 31
0.0
  0
HATCH
  5
4C5
330
4C1
100
AcDbEntity
  8
尺寸线层
  6
Continuous
 62
     0
100
AcDbHatch
 10
0.0
 20
0.0
 30
0.0
210
0.0
220
0.0
230
1.0
  2
SOLID
 70
     1
 71
     0
 91
        1
 92
        0
 93
        3
 72
     1
 10
432.0491194123822
 20
626.2162782329347
 11
459.9042744101798
 21
602.9710563572744
 72
     1
 10
459.9042744101798
 20
602.9710563572744
 11
464.7690934873333
 21
610.5429474913681
 72
     1
 10
464.7690934873333
 20
610.5429474913681
 11
432.0491194123822
 21
626.2162782329347
 97
        0
 75
     0
 76
     1
 98
        1
 10
-1173.42588673524
 20
-1822.313392815824
  0
HATCH
  5
4C6
330
4C1
100
AcDbEntity
  8
尺寸线层
  6
Continuous
 62
     0
100
AcDbHatch
 10
0.0
 20
0.0
 30
0.0
210
0.0
220
0.0
230
1.0
  2
SOLID
 70
     1
 71
     0
 91
        1
 92
        0
 93
        3
 72
     1
 10
411.016088484309
 20
639.7296645583833
 11
378.2961144093579
 21
655.4029952999499
 72
     1
 10
378.2961144093579
 20
655.4029952999499
 11
383.1609334865113
 21
662.9748864340436
 72
     1
 10
383.1609334865113
 20
662.9748864340436
 11
411.016088484309
 21
639.7296645583833
 97
        0
 75
     0
 76
     1
 98
        1
 10
-1173.42588673524
 20
-1822.313392815824
  0
LINE
  5
4C7
330
4C1
100
AcDbEntity
  8
尺寸线层
  6
Continuous
 62
     0
100
AcDbLine
 10
344.20658860809
 20
489.4929860313732
 30
0.0
 11
441.7787575666889
 21
641.360060501122
 31
0.0
  0
LINE
  5
4C8
330
4C1
100
AcDbEntity
  8
尺寸线层
  6
Continuous
 62
     0
100
AcDbLine
 10
331.2984546618236
 20
515.6524408839923
 30
0.0
 11
420.7457266386157
 21
654.8734468265707
 31
0.0
  0
MTEXT
  5
4C9
330
4C1
100
AcDbEntity
  8
尺寸线层
 62
     0
100
AcDbMText
 10
432.9914266751975
 20
650.8081593721404
 30
0.0
 40
31.5
 41
63.0
 71
     5
 72
     1
  1
\T1.1;25
  7
标准
 11
0.8413212371215102
 21
-0.5405354530170353
 31
0.0
 73
     1
 44
1.150569886022795
1001
CAXA_DRAFT_TXTSCALE
1041
1.0
1001
ACAD
1000
ACAD_MTEXT_DEFINED_HEIGHT_BEGIN
1070
    46
1040
63.0
1000
ACAD_MTEXT_DEFINED_HEIGHT_END
  0
ENDBLK
  5
4C3
330
4C1
100
AcDbEntity
  8
0
100
AcDbBlockEnd
  0
BLOCK
  5
4CC
330
4CB
100
AcDbEntity
  8
0
100
AcDbBlockBegin
  2
*X68
 70
     1
 10
0.0
 20
0.0
 30
0.0
  3
*X68
  1

  0
LINE
  5
4CE
330
4CB
100
AcDbEntity
  8
尺寸线层
  6
Continuous
 62
     0
100
AcDbLine
 10
554.4542525324609
 20
546.6322995442429
 30
0.0
 11
666.3499770695846
 21
474.7410842930026
 31
0.0
  0
HATCH
  5
4CF
330
4CB
100
AcDbEntity
  8
尺寸线层
  6
Continuous
 62
     0
100
AcDbHatch
 10
0.0
 20
0.0
 30
0.0
210
0.0
220
0.0
230
1.0
  2
SOLID
 70
     1
 71
     0
 91
        1
 92
        0
 93
        3
 72
     1
 10
599.8855993370228
 20
517.4433850813234
 11
572.0304443392249
 21
540.6886069569832
 72
     1
 10
572.0304443392249
 20
540.6886069569832
 11
567.1656252620717
 21
533.1167158228895
 72
     1
 10
567.1656252620717
 20
533.1167158228895
 11
599.8855993370228
 21
517.4433850813234
 97
        0
 75
     0
 76
     1
 98
        1
 10
-1173.42588673524
 20
-1822.313392815824
  0
HATCH
  5
4D0
330
4CB
100
AcDbEntity
  8
尺寸线层
  6
Continuous
 62
     0
100
AcDbHatch
 10
0.0
 20
0.0
 30
0.0
210
0.0
220
0.0
230
1.0
  2
SOLID
 70
     1
 71
     0
 91
        1
 92
        0
 93
        3
 72
     1
 10
620.9186302650228
 20
503.929998755922
 11
653.6386043399739
 21
488.2566680143559
 72
     1
 10
653.6386043399739
 20
488.2566680143559
 11
648.7737852628206
 21
480.6847768802622
 72
     1
 10
648.7737852628206
 20
480.6847768802622
 11
620.9186302650228
 21
503.929998755922
 97
        0
 75
     0
 76
     1
 98
        1
 10
-1173.42588673524
 20
-1822.313392815824
  0
LINE
  5
4D1
330
4CB
100
AcDbEntity
  8
尺寸线层
  6
Continuous
 62
     0
100
AcDbLine
 10
520.5957330141937
 20
394.031963955129
 30
0.0
 11
609.6152374913293
 21
532.5871673495108
 31
0.0
  0
LINE
  5
4D2
330
4CB
100
AcDbEntity
  8
尺寸线层
  6
Continuous
 62
     0
100
AcDbLine
 10
541.6287639421926
 20
380.5185776297258
 30
0.0
 11
630.6482684193293
 21
519.0737810241094
 31
0.0
  0
MTEXT
  5
4D3
330
4CB
100
AcDbEntity
  8
尺寸线层
 62
     0
100
AcDbMText
 10
621.860938369196
 20
528.5218793545687
 30
0.0
 40
31.5
 41
63.0
 71
     5
 72
     1
  1
\T1.1;25
  7
标准
 11
0.841321237121515
 21
-0.5405354530170279
 31
0.0
 73
     1
 44
1.150569886022795
1001
CAXA_DRAFT_TXTSCALE
1041
1.0
1001
ACAD
1000
ACAD_MTEXT_DEFINED_HEIGHT_BEGIN
1070
    46
1040
63.0
1000
ACAD_MTEXT_DEFINED_HEIGHT_END
  0
ENDBLK
  5
4CD
330
4CB
100
AcDbEntity
  8
0
100
AcDbBlockEnd
  0
BLOCK
  5
4D6
330
4D5
100
AcDbEntity
  8
0
100
AcDbBlockBegin
  2
*X69
 70
     1
 10
0.0
 20
0.0
 30
0.0
  3
*X69
  1

  0
LINE
  5
4D8
330
4D5
100
AcDbEntity
  8
尺寸线层
  6
Continuous
 62
     0
100
AcDbLine
 10
74.28791434510549
 20
515.6524408839518
 30
0.0
 11
74.28791434510549
 21
0.0
 31
0.0
  0
HATCH
  5
4D9
330
4D5
100
AcDbEntity
  8
尺寸线层
  6
Continuous
 62
     0
100
AcDbHatch
 10
0.0
 20
0.0
 30
0.0
210
0.0
220
0.0
230
1.0
  2
SOLID
 70
     1
 71
     0
 91
        1
 92
        0
 93
        3
 72
     1
 10
74.28791434510549
 20
515.6524408839518
 11
78.78791434510549
 21
479.6524408839518
 72
     1
 10
78.78791434510549
 20
479.6524408839518
 11
69.78791434510549
 21
479.6524408839518
 72
     1
 10
69.78791434510549
 20
479.6524408839518
 11
74.28791434510549
 21
515.6524408839518
 97
        0
 75
     0
 76
     1
 98
        1
 10
-1173.42588673524
 20
-1822.313392815824
  0
HATCH
  5
4DA
330
4D5
100
AcDbEntity
  8
尺寸线层
  6
Continuous
 62
     0
100
AcDbHatch
 10
0.0
 20
0.0
 30
0.0
210
0.0
220
0.0
230
1.0
  2
SOLID
 70
     1
 71
     0
 91
        1
 92
        0
 93
        3
 72
     1
 10
74.28791434510549
 20
0.0
 11
78.78791434510549
 21
36.0
 72
     1
 10
78.78791434510549
 20
36.0
 11
69.78791434510549
 21
36.0
 72
     1
 10
69.78791434510549
 20
36.0
 11
74.28791434510549
 21
0.0
 97
        0
 75
     0
 76
     1
 98
        1
 10
-1173.42588673524
 20
-1822.313392815824
  0
LINE
  5
4DB
330
4D5
100
AcDbEntity
  8
尺寸线层
  6
Continuous
 62
     0
100
AcDbLine
 10
95.44536054018704
 20
515.6524408839518
 30
0.0
 11
56.28791434510549
 21
515.6524408839518
 31
0.0
  0
LINE
  5
4DC
330
4D5
100
AcDbEntity
  8
尺寸线层
  6
Continuous
 62
     0
100
AcDbLine
 10
19.61525368806861
 20
0.0
 30
0.0
 11
92.28791434510549
 21
0.0
 31
0.0
  0
MTEXT
  5
4DD
330
4D5
100
AcDbEntity
  8
尺寸线层
 62
     0
100
AcDbMText
 10
53.00090317192121
 20
257.826219941976
 30
0.0
 40
31.5
 41
188.0381061452517
 71
     5
 72
     1
  1
\T1.1;515.65
  7
标准
 11
6.123233995736766E-17
 21
1.0
 31
0.0
 73
     1
 44
1.150569886022795
1001
CAXA_DRAFT_TXTSCALE
1041
1.0
1001
ACAD
1000
ACAD_MTEXT_DEFINED_HEIGHT_BEGIN
1070
    46
1040
63.0
1000
ACAD_MTEXT_DEFINED_HEIGHT_END
  0
ENDBLK
  5
4D7
330
4D5
100
AcDbEntity
  8
0
100
AcDbBlockEnd
  0
BLOCK
  5
4E0
330
4DF
100
AcDbEntity
  8
0
100
AcDbBlockBegin
  2
*X70
 70
     1
 10
0.0
 20
0.0
 30
0.0
  3
*X70
  1

  0
ARC
  5
4E2
330
4DF
100
AcDbEntity
  8
尺寸线层
  6
Continuous
 62
     0
100
AcDbCircle
 10
148.575828690198
 20
0.0
 30
0.0
 40
146.4588283820483
100
AcDbArc
 50
0.0
 51
20.31339247043085
  0
ARC
  5
4E3
330
4DF
100
AcDbEntity
  8
尺寸线层
  6
Continuous
 62
     0
100
AcDbCircle
 10
148.575828690198
 20
0.0
 30
0.0
 40
146.4588283820482
100
AcDbArc
 50
37.69464058916923
 51
57.27990310555043
  0
HATCH
  5
4E4
330
4DF
100
AcDbEntity
  8
尺寸线层
  6
Continuous
 62
     0
100
AcDbHatch
 10
0.0
 20
0.0
 30
0.0
210
0.0
220
0.0
230
1.0
  2
SOLID
 70
     1
 71
     0
 91
        1
 92
        0
 93
        3
 72
     1
 10
295.0346570722463
 20
0.0
 11
286.1663803609913
 21
35.08691406059961
 72
     1
 10
286.1663803609913
 20
35.08691406059961
 11
294.9971776255281
 21
36.73358738864204
 72
     1
 10
294.9971776255281
 20
36.73358738864204
 11
295.0346570722463
 21
0.0
 97
        0
 75
     0
 76
     1
 98
        1
 10
-1173.42588673524
 20
-1822.313392815824
  0
HATCH
  5
4E5
330
4DF
100
AcDbEntity
  8
尺寸线层
  6
Continuous
 62
     0
100
AcDbHatch
 10
0.0
 20
0.0
 30
0.0
210
0.0
220
0.0
230
1.0
  2
SOLID
 70
     1
 71
     0
 91
        1
 92
        0
 93
        3
 72
     1
 10
227.7420178380369
 20
123.2189226817491
 11
252.467765812677
 21
96.79213216118364
 72
     1
 10
252.467765812677
 20
96.79213216118364
 11
258.6265060540491
 21
103.3315841272081
 72
     1
 10
258.6265060540491
 20
103.3315841272081
 11
227.7420178380369
 21
123.2189226817491
 97
        0
 75
     0
 76
     1
 98
        1
 10
-1173.42588673524
 20
-1822.313392815824
  0
MTEXT
  5
4E6
330
4DF
100
AcDbEntity
  8
尺寸线层
 62
     0
100
AcDbMText
 10
277.1152695655696
 20
70.19829449843564
 30
0.0
 40
31.5
 41
183.5777765363127
 71
     5
 72
     1
  1
\T1.1;57.28%%D
  7
标准
 73
     1
 44
1.150569886022795
1001
CAXA_DRAFT_TXTSCALE
1041
1.0
1001
ACAD
1000
ACAD_MTEXT_DEFINED_HEIGHT_BEGIN
1070
    46
1040
63.0
1000
ACAD_MTEXT_DEFINED_HEIGHT_END
  0
ENDBLK
  5
4E1
330
4DF
100
AcDbEntity
  8
0
100
AcDbBlockEnd
  0
BLOCK
  5
4E9
330
4E8
100
AcDbEntity
  8
0
100
AcDbBlockBegin
  2
*X71
 70
     1
 10
0.0
 20
0.0
 30
0.0
  3
*X71
  1

  0
LINE
  5
4EB
330
4E8
100
AcDbEntity
  8
尺寸线层
  6
Continuous
 62
     0
100
AcDbLine
 10
-576.5656493139667
 20
358.0721869668091
 30
0.0
 11
-323.4064079421303
 21
-35.95977698831439
 31
0.0
  0
HATCH
  5
4EC
330
4E8
100
AcDbEntity
  8
尺寸线层
  6
Continuous
 62
     0
100
AcDbHatch
 10
0.0
 20
0.0
 30
0.0
210
0.0
220
0.0
230
1.0
  2
SOLID
 70
     1
 71
     0
 91
        1
 92
        0
 93
        3
 72
     1
 10
-576.5656493139667
 20
358.0721869668091
 11
-553.3204274383053
 21
330.2170319690126
 72
     1
 10
-553.3204274383053
 20
330.2170319690126
 11
-560.8923185723987
 21
325.3522128918589
 72
     1
 10
-560.8923185723987
 20
325.3522128918589
 11
-576.5656493139667
 21
358.0721869668091
 97
        0
 75
     0
 76
     1
 98
        1
 10
-1173.42588673524
 20
-1822.313392815824
  0
HATCH
  5
4ED
330
4E8
100
AcDbEntity
  8
尺寸线层
  6
Continuous
 62
     0
100
AcDbHatch
 10
0.0
 20
0.0
 30
0.0
210
0.0
220
0.0
230
1.0
  2
SOLID
 70
     1
 71
     0
 91
        1
 92
        0
 93
        3
 72
     1
 10
-323.4064079421303
 20
-35.95977698831439
 11
-339.0797386836982
 21
-3.239802913364201
 72
     1
 10
-339.0797386836982
 20
-3.239802913364201
 11
-346.6516298177917
 21
-8.104621990517899
 72
     1
 10
-346.6516298177917
 20
-8.104621990517899
 11
-323.4064079421303
 21
-35.95977698831439
 97
        0
 75
     0
 76
     1
 98
        1
 10
-1173.42588673524
 20
-1822.313392815824
  0
LINE
  5
4EE
330
4E8
100
AcDbEntity
  8
尺寸线层
  6
Continuous
 62
     0
100
AcDbLine
 10
-541.6287639421935
 20
380.5185776297258
 30
0.0
 11
-591.7094315821533
 21
348.3425488125017
 31
0.0
  0
LINE
  5
4EF
330
4E8
100
AcDbEntity
  8
尺寸线层
  6
Continuous
 62
     0
100
AcDbLine
 10
-267.4364916423651
 20
0.0
 30
0.0
 11
-338.5501902103169
 21
-45.68941514262178
 31
0.0
  0
MTEXT
  5
4F0
330
4E8
100
AcDbEntity
  8
尺寸线层
 62
     0
100
AcDbMText
 10
-432.1508406515678
 20
172.5150277161001
 30
0.0
 40
31.5
 41
189.4466312849162
 71
     5
 72
     1
  1
\T1.1;468.35
  7
标准
 11
0.5405354530170738
 21
-0.8413212371214854
 31
0.0
 73
     1
 44
1.150569886022795
1001
CAXA_DRAFT_TXTSCALE
1041
1.0
1001
ACAD
1000
ACAD_MTEXT_DEFINED_HEIGHT_BEGIN
1070
    46
1040
63.0
1000
ACAD_MTEXT_DEFINED_HEIGHT_END
  0
ENDBLK
  5
4EA
330
4E8
100
AcDbEntity
  8
0
100
AcDbBlockEnd
  0
BLOCK
  5
4F3
330
4F2
100
AcDbEntity
  8
0
100
AcDbBlockBegin
  2
*X72
 70
     1
 10
0.0
 20
0.0
 30
0.0
  3
*X72
  1

  0
LINE
  5
4F5
330
4F2
100
AcDbEntity
  8
尺寸线层
  6
Continuous
 62
     0
100
AcDbLine
 10
-323.7118060814666
 20
520.5267413845904
 30
0.0
 11
-9.777621039593441
 21
31.90107315148089
 31
0.0
  0
HATCH
  5
4F6
330
4F2
100
AcDbEntity
  8
尺寸线层
  6
Continuous
 62
     0
100
AcDbHatch
 10
0.0
 20
0.0
 30
0.0
210
0.0
220
0.0
230
1.0
  2
SOLID
 70
     1
 71
     0
 91
        1
 92
        0
 93
        3
 72
     1
 10
-323.7118060814666
 20
520.5267413845904
 11
-300.4665842058054
 21
492.6715863867939
 72
     1
 10
-300.4665842058054
 20
492.6715863867939
 11
-308.0384753398987
 21
487.8067673096402
 72
     1
 10
-308.0384753398987
 20
487.8067673096402
 11
-323.7118060814666
 21
520.5267413845904
 97
        0
 75
     0
 76
     1
 98
        1
 10
-1173.42588673524
 20
-1822.313392815824
  0
HATCH
  5
4F7
330
4F2
100
AcDbEntity
  8
尺寸线层
  6
Continuous
 62
     0
100
AcDbHatch
 10
0.0
 20
0.0
 30
0.0
210
0.0
220
0.0
230
1.0
  2
SOLID
 70
     1
 71
     0
 91
        1
 92
        0
 93
        3
 72
     1
 10
-9.777621039593441
 20
31.90107315148089
 11
-25.45095178116139
 21
64.62104722643107
 72
     1
 10
-25.45095178116139
 20
64.62104722643107
 11
-33.02284291525484
 21
59.75622814927738
 72
     1
 10
-33.02284291525484
 20
59.75622814927738
 11
-9.777621039593441
 21
31.90107315148089
 97
        0
 75
     0
 76
     1
 98
        1
 10
-1173.42588673524
 20
-1822.313392815824
  0
LINE
  5
4F8
330
4F2
100
AcDbEntity
  8
尺寸线层
  6
Continuous
 62
     0
100
AcDbLine
 10
-331.2984546618245
 20
515.6524408839923
 30
0.0
 11
-308.5680238132799
 21
530.2563795388978
 31
0.0
  0
LINE
  5
4F9
330
4F2
100
AcDbEntity
  8
尺寸线层
  6
Continuous
 62
     0
100
AcDbLine
 10
-38.39730054803294
 20
13.51338632542684
 30
0.0
 11
5.366161228593228
 21
41.63071130578851
 31
0.0
  0
MTEXT
  5
4FA
330
4F2
100
AcDbEntity
  8
尺寸线层
 62
     0
100
AcDbMText
 10
-148.9095255840493
 20
287.6727299948884
 30
0.0
 40
31.5
 41
188.2728603351958
 71
     5
 72
     1
  1
\T1.1;580.78
  7
标准
 11
0.5405354530170738
 21
-0.8413212371214854
 31
0.0
 73
     1
 44
1.150569886022795
1001
CAXA_DRAFT_TXTSCALE
1041
1.0
1001
ACAD
1000
ACAD_MTEXT_DEFINED_HEIGHT_BEGIN
1070
    46
1040
63.0
1000
ACAD_MTEXT_DEFINED_HEIGHT_END
  0
ENDBLK
  5
4F4
330
4F2
100
AcDbEntity
  8
0
100
AcDbBlockEnd
  0
BLOCK
  5
4FD
330
4FC
100
AcDbEntity
  8
0
100
AcDbBlockBegin
  2
*X73
 70
     1
 10
0.0
 20
0.0
 30
0.0
  3
*X73
  1

  0
LINE
  5
4FF
330
4FC
100
AcDbEntity
  8
尺寸线层
  6
Continuous
 62
     0
100
AcDbLine
 10
-412.9125633923383
 20
463.2166799775282
 30
0.0
 11
-129.3658501854827
 21
21.88786388341305
 31
0.0
  0
HATCH
  5
500
330
4FC
100
AcDbEntity
  8
尺寸线层
  6
Continuous
 62
     0
100
AcDbHatch
 10
0.0
 20
0.0
 30
0.0
210
0.0
220
0.0
230
1.0
  2
SOLID
 70
     1
 71
     0
 91
        1
 92
        0
 93
        3
 72
     1
 10
-412.9125633923383
 20
463.2166799775282
 11
-389.6673415166769
 21
435.3615249797317
 72
     1
 10
-389.6673415166769
 20
435.3615249797317
 11
-397.2392326507702
 21
430.496705902578
 72
     1
 10
-397.2392326507702
 20
430.496705902578
 11
-412.9125633923383
 21
463.2166799775282
 97
        0
 75
     0
 76
     1
 98
        1
 10
-1173.42588673524
 20
-1822.313392815824
  0
HATCH
  5
501
330
4FC
100
AcDbEntity
  8
尺寸线层
  6
Continuous
 62
     0
100
AcDbHatch
 10
0.0
 20
0.0
 30
0.0
210
0.0
220
0.0
230
1.0
  2
SOLID
 70
     1
 71
     0
 91
        1
 92
        0
 93
        3
 72
     1
 10
-129.3658501854827
 20
21.88786388341305
 11
-145.0391809270507
 21
54.60783795836322
 72
     1
 10
-145.0391809270507
 20
54.60783795836322
 11
-152.611072061144
 21
49.74301888120954
 72
     1
 10
-152.611072061144
 20
49.74301888120954
 11
-129.3658501854827
 21
21.88786388341305
 97
        0
 75
     0
 76
     1
 98
        1
 10
-1173.42588673524
 20
-1822.313392815824
  0
LINE
  5
502
330
4FC
100
AcDbEntity
  8
尺寸线层
  6
Continuous
 62
     0
100
AcDbLine
 10
-414.9437074746127
 20
461.9117023563622
 30
0.0
 11
-397.7687811241519
 21
472.9463181318361
 31
0.0
  0
LINE
  5
503
330
4FC
100
AcDbEntity
  8
尺寸线层
  6
Continuous
 62
     0
100
AcDbLine
 10
-142.4003806311816
 20
13.51338632542684
 30
0.0
 11
-114.2220679172963
 21
31.61750203772067
 31
0.0
  0
MTEXT
  5
504
330
4FC
100
AcDbEntity
  8
尺寸线层
 62
     0
100
AcDbMText
 10
-253.3040188124298
 20
254.0110946573236
 30
0.0
 40
31.5
 41
188.272860335196
 71
     5
 72
     1
  1
\T1.1;524.57
  7
标准
 11
0.5405354530170761
 21
-0.841321237121484
 31
0.0
 73
     1
 44
1.150569886022795
1001
CAXA_DRAFT_TXTSCALE
1041
1.0
1001
ACAD
1000
ACAD_MTEXT_DEFINED_HEIGHT_BEGIN
1070
    46
1040
63.0
1000
ACAD_MTEXT_DEFINED_HEIGHT_END
  0
ENDBLK
  5
4FE
330
4FC
100
AcDbEntity
  8
0
100
AcDbBlockEnd
  0
ENDSEC
  0
SECTION
  2
ENTITIES
  0
INSERT
  5
11D
330
1F
100
AcDbEntity
  8
粗实线层
 62
     7
100
AcDbBlockReference
  2
*X2
 10
1890.0
 20
1336.5
 30
0.0
 41
8.999999999999996
 42
8.999999999999998
 43
9.0
1001
CAXA_DRAFT_BLKHIDE
1070
     0
  0
INSERT
  5
129
330
1F
100
AcDbEntity
  8
粗实线层
 62
     7
100
AcDbBlockReference
 66
     1
  2
*X3
 10
3689.999999999999
 20
90.00000000000182
 30
0.0
 41
8.999999999999996
 42
8.999999999999998
 43
9.0
1001
CAXA_DRAFT_BLKHIDE
1070
     0
  0
ATTRIB
  5
18B
330
129
100
AcDbEntity
  8
尺寸线层
 62
     0
100
AcDbText
 10
2110.5
 20
472.5000000000036
 30
0.0
 40
90.0
  1

 41
0.667
  7
机械
 72
     1
 11
2110.5
 21
517.5000000000036
 31
0.0
100
AcDbAttribute
  2
标记4
 70
     0
 74
     2
1001
CAXA_DRAFT_ATTRIBUTE_2PT
1070
     1
1041
62.99999999999998
1041
27.00000000000026
  0
ATTRIB
  5
18C
330
129
100
AcDbEntity
  8
尺寸线层
 62
     0
100
AcDbText
 10
2110.5
 20
427.5000000000036
 30
0.0
 40
90.0
  1

 41
0.667
  7
机械
 72
     1
 11
2110.5
 21
472.5000000000036
 31
0.0
100
AcDbAttribute
  2
标记3
 70
     0
 74
     2
1001
CAXA_DRAFT_ATTRIBUTE_2PT
1070
     1
1041
63.00000000000023
1041
27.00000000000013
  0
ATTRIB
  5
18D
330
129
100
AcDbEntity
  8
尺寸线层
 62
     0
100
AcDbText
 10
2110.5
 20
337.5000000000036
 30
0.0
 40
90.0
  1

 41
0.667
  7
机械
 72
     1
 11
2110.5
 21
382.5000000000036
 31
0.0
100
AcDbAttribute
  2
标记1
 70
     0
 74
     2
1001
CAXA_DRAFT_ATTRIBUTE_2PT
1070
     1
1041
63.00000000000023
1041
27.00000000000013
  0
ATTRIB
  5
18E
330
129
100
AcDbEntity
  8
尺寸线层
 62
     0
100
AcDbText
 10
2191.500000000002
 20
337.5000000000036
 30
0.0
 40
90.0
  1

 41
0.667
  7
机械
 72
     1
 11
2191.500000000002
 21
382.5000000000036
 31
0.0
100
AcDbAttribute
  2
处数A
 70
     0
 74
     2
1001
CAXA_DRAFT_ATTRIBUTE_2PT
1070
     1
1041
62.99999999999998
1041
27.00000000000026
  0
ATTRIB
  5
18F
330
129
100
AcDbEntity
  8
尺寸线层
 62
     0
100
AcDbText
 10
2191.500000000002
 20
382.5000000000036
 30
0.0
 40
90.0
  1

 41
0.667
  7
机械
 72
     1
 11
2191.500000000002
 21
427.5000000000036
 31
0.0
100
AcDbAttribute
  2
处数B
 70
     0
 74
     2
1001
CAXA_DRAFT_ATTRIBUTE_2PT
1070
     1
1041
62.99999999999998
1041
27.00000000000026
  0
ATTRIB
  5
190
330
129
100
AcDbEntity
  8
尺寸线层
 62
     0
100
AcDbText
 10
2191.500000000002
 20
427.5000000000036
 30
0.0
 40
90.0
  1

 41
0.667
  7
机械
 72
     1
 11
2191.500000000002
 21
472.5000000000036
 31
0.0
100
AcDbAttribute
  2
处数C
 70
     0
 74
     2
1001
CAXA_DRAFT_ATTRIBUTE_2PT
1070
     1
1041
62.99999999999998
1041
27.00000000000026
  0
ATTRIB
  5
191
330
129
100
AcDbEntity
  8
尺寸线层
 62
     0
100
AcDbText
 10
2191.500000000002
 20
472.5000000000036
 30
0.0
 40
90.0
  1

 41
0.667
  7
机械
 72
     1
 11
2191.500000000002
 21
517.5000000000036
 31
0.0
100
AcDbAttribute
  2
处数D
 70
     0
 74
     2
1001
CAXA_DRAFT_ATTRIBUTE_2PT
1070
     1
1041
62.99999999999998
1041
27.00000000000013
  0
ATTRIB
  5
192
330
129
100
AcDbEntity
  8
尺寸线层
 62
     0
100
AcDbText
 10
2313.0
 20
337.5000000000036
 30
0.0
 40
90.0
  1

 41
0.667
  7
机械
 72
     1
 11
2313.0
 21
382.5000000000036
 31
0.0
100
AcDbAttribute
  2
更改文件1
 70
     0
 74
     2
1001
CAXA_DRAFT_ATTRIBUTE_2PT
1070
     1
1041
143.9999999999999
1041
27.00000000000013
  0
ATTRIB
  5
193
330
129
100
AcDbEntity
  8
尺寸线层
 62
     0
100
AcDbText
 10
2313.0
 20
382.5000000000036
 30
0.0
 40
90.0
  1

 41
0.667
  7
机械
 72
     1
 11
2313.0
 21
427.5000000000036
 31
0.0
100
AcDbAttribute
  2
更改文件2
 70
     0
 74
     2
1001
CAXA_DRAFT_ATTRIBUTE_2PT
1070
     1
1041
144.0000000000003
1041
27.00000000000013
  0
ATTRIB
  5
194
330
129
100
AcDbEntity
  8
尺寸线层
 62
     0
100
AcDbText
 10
2313.0
 20
427.5000000000036
 30
0.0
 40
90.0
  1

 41
0.667
  7
机械
 72
     1
 11
2313.0
 21
472.5000000000036
 31
0.0
100
AcDbAttribute
  2
更改文件3
 70
     0
 74
     2
1001
CAXA_DRAFT_ATTRIBUTE_2PT
1070
     1
1041
143.9999999999999
1041
27.00000000000026
  0
ATTRIB
  5
195
330
129
100
AcDbEntity
  8
尺寸线层
 62
     0
100
AcDbText
 10
2313.0
 20
472.5000000000036
 30
0.0
 40
90.0
  1

 41
0.667
  7
机械
 72
     1
 11
2313.0
 21
517.5000000000036
 31
0.0
100
AcDbAttribute
  2
更改文件4
 70
     0
 74
     2
1001
CAXA_DRAFT_ATTRIBUTE_2PT
1070
     1
1041
144.0000000000003
1041
27.00000000000026
  0
ATTRIB
  5
196
330
129
100
AcDbEntity
  8
尺寸线层
 62
     0
100
AcDbText
 10
2457.000000000001
 20
337.5000000000036
 30
0.0
 40
90.0
  1

 41
0.667
  7
机械
 72
     1
 11
2457.000000000001
 21
382.5000000000036
 31
0.0
100
AcDbAttribute
  2
签名1
 70
     0
 74
     2
1001
CAXA_DRAFT_ATTRIBUTE_2PT
1070
     1
1041
108.0
1041
27.00000000000013
  0
ATTRIB
  5
197
330
129
100
AcDbEntity
  8
尺寸线层
 62
     0
100
AcDbText
 10
2457.000000000001
 20
382.5000000000036
 30
0.0
 40
90.0
  1

 41
0.667
  7
机械
 72
     1
 11
2457.000000000001
 21
427.5000000000036
 31
0.0
100
AcDbAttribute
  2
签名2
 70
     0
 74
     2
1001
CAXA_DRAFT_ATTRIBUTE_2PT
1070
     1
1041
108.0
1041
27.00000000000013
  0
ATTRIB
  5
198
330
129
100
AcDbEntity
  8
尺寸线层
 62
     0
100
AcDbText
 10
2457.000000000001
 20
427.5000000000018
 30
0.0
 40
90.0
  1

 41
0.667
  7
机械
 72
     1
 11
2457.000000000001
 21
472.5000000000018
 31
0.0
100
AcDbAttribute
  2
签名3
 70
     0
 74
     2
1001
CAXA_DRAFT_ATTRIBUTE_2PT
1070
     1
1041
108.0
1041
27.00000000000026
  0
ATTRIB
  5
199
330
129
100
AcDbEntity
  8
尺寸线层
 62
     0
100
AcDbText
 10
2457.000000000001
 20
472.5000000000018
 30
0.0
 40
90.0
  1

 41
0.667
  7
机械
 72
     1
 11
2457.000000000001
 21
517.5000000000018
 31
0.0
100
AcDbAttribute
  2
签名4
 70
     0
 74
     2
1001
CAXA_DRAFT_ATTRIBUTE_2PT
1070
     1
1041
108.0
1041
27.00000000000013
  0
ATTRIB
  5
19A
330
129
100
AcDbEntity
  8
尺寸线层
 62
     0
100
AcDbText
 10
2565.0
 20
472.5000000000036
 30
0.0
 40
90.0
  1

 41
0.667
  7
机械
 72
     1
 11
2565.0
 21
517.5000000000036
 31
0.0
100
AcDbAttribute
  2
日期
 70
     0
 74
     2
1001
CAXA_DRAFT_ATTRIBUTE_2PT
1070
     1
1041
71.99999999999997
1041
27.00000000000013
  0
ATTRIB
  5
19B
330
129
100
AcDbEntity
  8
尺寸线层
 62
     0
100
AcDbText
 10
2565.0
 20
427.5000000000036
 30
0.0
 40
90.0
  1

 41
0.667
  7
机械
 72
     1
 11
2565.0
 21
472.5000000000036
 31
0.0
100
AcDbAttribute
  2
日期
 70
     0
 74
     2
1001
CAXA_DRAFT_ATTRIBUTE_2PT
1070
     1
1041
71.99999999999997
1041
27.0
  0
ATTRIB
  5
19C
330
129
100
AcDbEntity
  8
尺寸线层
 62
     0
100
AcDbText
 10
2565.0
 20
382.5000000000036
 30
0.0
 40
90.0
  1

 41
0.667
  7
机械
 72
     1
 11
2565.0
 21
427.5000000000036
 31
0.0
100
AcDbAttribute
  2
日期
 70
     0
 74
     2
1001
CAXA_DRAFT_ATTRIBUTE_2PT
1070
     1
1041
71.99999999999997
1041
27.0
  0
ATTRIB
  5
19D
330
129
100
AcDbEntity
  8
尺寸线层
 62
     0
100
AcDbText
 10
2565.0
 20
337.5000000000036
 30
0.0
 40
90.0
  1

 41
0.667
  7
机械
 72
     1
 11
2565.0
 21
382.5000000000036
 31
0.0
100
AcDbAttribute
  2
日期
 70
     0
 74
     2
1001
CAXA_DRAFT_ATTRIBUTE_2PT
1070
     1
1041
71.99999999999997
1041
27.0
  0
ATTRIB
  5
19E
330
129
100
AcDbEntity
  8
尺寸线层
 62
     0
100
AcDbText
 10
2272.5
 20
247.5000000000036
 30
0.0
 40
90.0
  1

 41
0.667
  7
机械
 72
     1
 11
2272.5
 21
292.5000000000036
 31
0.0
100
AcDbAttribute
  2
设计
 70
     0
 74
     2
1001
CAXA_DRAFT_ATTRIBUTE_2PT
1070
     1
1041
117.0
1041
27.00000000000013
  0
ATTRIB
  5
19F
330
129
100
AcDbEntity
  8
尺寸线层
 62
     0
100
AcDbText
 10
2272.5
 20
202.5000000000036
 30
0.0
 40
90.0
  1

 41
0.667
  7
机械
 72
     1
 11
2272.5
 21
247.5000000000036
 31
0.0
100
AcDbAttribute
  2
制图
 70
     0
 74
     2
1001
CAXA_DRAFT_ATTRIBUTE_2PT
1070
     1
1041
117.0
1041
27.0
  0
ATTRIB
  5
1A0
330
129
100
AcDbEntity
  8
尺寸线层
 62
     0
100
AcDbText
 10
2272.5
 20
157.5000000000036
 30
0.0
 40
90.0
  1

 41
0.667
  7
机械
 72
     1
 11
2272.5
 21
202.5000000000036
 31
0.0
100
AcDbAttribute
  2
审核
 70
     0
 74
     2
1001
CAXA_DRAFT_ATTRIBUTE_2PT
1070
     1
1041
117.0000000000002
1041
27.0
  0
ATTRIB
  5
1A1
330
129
100
AcDbEntity
  8
尺寸线层
 62
     0
100
AcDbText
 10
2542.5
 20
247.5000000000036
 30
0.0
 40
90.0
  1

 41
0.667
  7
机械
 72
     1
 11
2542.5
 21
292.5000000000036
 31
0.0
100
AcDbAttribute
  2
日期
 70
     0
 74
     2
1001
CAXA_DRAFT_ATTRIBUTE_2PT
1070
     1
1041
117.0
1041
27.0
  0
ATTRIB
  5
1A2
330
129
100
AcDbEntity
  8
尺寸线层
 62
     0
100
AcDbText
 10
2542.5
 20
202.5000000000036
 30
0.0
 40
90.0
  1

 41
0.667
  7
机械
 72
     1
 11
2542.5
 21
247.5000000000036
 31
0.0
100
AcDbAttribute
  2
日期
 70
     0
 74
     2
1001
CAXA_DRAFT_ATTRIBUTE_2PT
1070
     1
1041
117.0
1041
27.00000000000013
  0
ATTRIB
  5
1A3
330
129
100
AcDbEntity
  8
尺寸线层
 62
     0
100
AcDbText
 10
2542.5
 20
157.5000000000036
 30
0.0
 40
90.0
  1

 41
0.667
  7
机械
 72
     1
 11
2542.5
 21
202.5000000000036
 31
0.0
100
AcDbAttribute
  2
日期
 70
     0
 74
     2
1001
CAXA_DRAFT_ATTRIBUTE_2PT
1070
     1
1041
117.0
1041
27.0
  0
ATTRIB
  5
1A4
330
129
100
AcDbEntity
  8
尺寸线层
 62
     0
100
AcDbText
 10
2542.5
 20
70.7111982614297
 30
0.0
 40
90.0
  1

 41
0.667
  7
机械
 72
     1
 11
2542.5
 21
115.7111982614297
 31
0.0
100
AcDbAttribute
  2
日期
 70
     0
 74
     2
1001
CAXA_DRAFT_ATTRIBUTE_2PT
1070
     1
1041
117.0
1041
27.0
  0
ATTRIB
  5
1A5
330
129
100
AcDbEntity
  8
尺寸线层
 62
     0
100
AcDbText
 10
2636.449102125
 20
159.6590909090945
 30
0.0
 40
40.68181818181818
  1
Q355B
 41
0.564516
  7
机械
 72
     1
 11
2677.5
 21
180.0000000000036
 31
0.0
100
AcDbAttribute
  2
材料
 70
     0
 74
     2
1001
CAXA_DRAFT_ATTRIBUTE_2PT
1070
     1
1041
90.0
1041
45.0
  0
ATTRIB
  5
1A6
330
129
100
AcDbEntity
  8
尺寸线层
 62
     0
100
AcDbText
 10
2812.500000000001
 20
135.0000000000036
 30
0.0
 40
90.0
  1

 41
0.667
  7
机械
 72
     1
 11
2812.500000000001
 21
180.0000000000036
 31
0.0
100
AcDbAttribute
  2
数量
 70
     0
 74
     2
1001
CAXA_DRAFT_ATTRIBUTE_2PT
1070
     1
1041
90.0
1041
45.0
  0
ATTRIB
  5
1A7
330
129
100
AcDbEntity
  8
尺寸线层
 62
     0
100
AcDbText
 10
2947.5
 20
135.0000000000036
 30
0.0
 40
90.0
  1

 41
0.667
  7
机械
 72
     1
 11
2947.5
 21
180.0000000000036
 31
0.0
100
AcDbAttribute
  2
重量
 70
     0
 74
     2
1001
CAXA_DRAFT_ATTRIBUTE_2PT
1070
     1
1041
90.0
1041
45.0
  0
ATTRIB
  5
1A8
330
129
100
AcDbEntity
  8
尺寸线层
 62
     0
100
AcDbText
 10
3510.000000000001
 20
101.2500000000036
 30
0.0
 40
90.0
  1

 41
0.667
  7
机械
 72
     1
 11
3510.000000000001
 21
146.2500000000036
 31
0.0
100
AcDbAttribute
  2
图纸编号
 70
     0
 74
     2
1001
CAXA_DRAFT_ATTRIBUTE_2PT
1070
     1
1041
297.0
1041
49.5
  0
ATTRIB
  5
1A9
330
129
100
AcDbEntity
  8
尺寸线层
 62
     0
100
AcDbText
 10
3464.854521875001
 20
239.8173076923095
 30
0.0
 40
37.86538461538462
  1
节点1
 41
0.667
  7
机械
 72
     1
 11
3510.000000000001
 21
258.7500000000018
 31
0.0
100
AcDbAttribute
  2
产品型号
 70
     0
 74
     2
1001
CAXA_DRAFT_ATTRIBUTE_2PT
1070
     1
1041
297.0
1041
49.5
  0
ATTRIB
  5
1AA
330
129
100
AcDbEntity
  8
尺寸线层
 62
     0
100
AcDbText
 10
3429.766770522153
 20
352.5569620253183
 30
0.0
 40
37.38607594936708
  1
BRB连接件
 41
0.667
  7
机械
 72
     1
 11
3510.000000000001
 21
371.2500000000018
 31
0.0
100
AcDbAttribute
  2
零件名称
 70
     0
 74
     2
1001
CAXA_DRAFT_ATTRIBUTE_2PT
1070
     1
1041
297.0
1041
49.5
  0
ATTRIB
  5
1AB
330
129
100
AcDbEntity
  8
尺寸线层
 62
     0
100
AcDbText
 10
3366.149216936171
 20
464.8978723404273
 30
0.0
 40
37.70425531914903
  1
和田涉密医院项目
 41
0.667
  7
机械
 72
     1
 11
3510.000000000001
 21
483.7500000000018
 31
0.0
100
AcDbAttribute
  2
项目名称
 70
     0
 74
     2
1001
CAXA_DRAFT_ATTRIBUTE_2PT
1070
     1
1041
297.0
1041
49.50000000000013
  0
ATTRIB
  5
1AC
330
129
100
AcDbEntity
  8
尺寸线层
 62
     0
100
AcDbText
 10
3050.3089125
 20
157.5000000000036
 30
0.0
 40
45.00000000000002
  1
1:9
 41
0.667
  7
机械
 72
     1
 11
3082.5
 21
180.0000000000036
 31
0.0
100
AcDbAttribute
  2
比例
 70
     0
 74
     2
1001
CAXA_DRAFT_ATTRIBUTE_2PT
1070
     1
1041
90.0
1041
45.00000000000002
  0
ATTRIB
  5
1AD
330
129
100
AcDbEntity
  8
尺寸线层
 62
     0
100
AcDbText
 10
2110.5
 20
382.5000000000036
 30
0.0
 40
90.0
  1

 41
0.667
  7
机械
 72
     1
 11
2110.5
 21
427.5000000000036
 31
0.0
100
AcDbAttribute
  2
标记2
 70
     0
 74
     2
1001
CAXA_DRAFT_ATTRIBUTE_2PT
1070
     1
1041
63.00000000000023
1041
27.00000000000013
  0
SEQEND
  5
1AE
330
129
100
AcDbEntity
  8
粗实线层
 62
     7
  0
LINE
  5
1AF
330
1F
100
AcDbEntity
  8
0
100
AcDbLine
 10
933.2799540683582
 20
722.3170930061297
 30
0.0
 11
933.2799540683582
 21
953.6178292498207
 31
0.0
  0
LINE
  5
1B0
330
1F
100
AcDbEntity
  8
0
100
AcDbLine
 10
811.8987749160688
 20
634.1887244304799
 30
0.0
 11
604.6939507513262
 21
634.1887244304799
 31
0.0
  0
LINE
  5
1B1
330
1F
100
AcDbEntity
  8
0
100
AcDbLine
 10
276.1079474342941
 20
722.3170930061297
 30
0.0
 11
276.1079474342941
 21
953.6178292498207
 31
0.0
  0
LINE
  5
1B2
330
1F
100
AcDbEntity
  8
0
100
AcDbLine
 10
397.4891265865836
 20
634.1887244304799
 30
0.0
 11
604.6939507513262
 21
634.1887244304799
 31
0.0
  0
LINE
  5
1B3
330
1F
100
AcDbEntity
  8
中心线层
100
AcDbLine
 10
604.6939507513262
 20
955.1178292498353
 30
0.0
 11
604.6939507515608
 21
632.6887244304944
 31
0.0
  0
LINE
  5
1B4
330
1F
100
AcDbEntity
  8
0
100
AcDbLine
 10
276.1079474349926
 20
722.317093005664
 30
0.0
 11
397.4891265865836
 21
634.1887244304799
 31
0.0
  0
LINE
  5
1B5
330
1F
100
AcDbEntity
  8
0
100
AcDbLine
 10
933.2799540676597
 20
722.317093005664
 30
0.0
 11
811.8987749160688
 21
634.1887244304799
 31
0.0
  0
LINE
  5
1B6
330
1F
100
AcDbEntity
  8
0
100
AcDbLine
 10
276.1079474342941
 20
953.6178292498207
 30
0.0
 11
933.2799540683582
 21
953.6178292498207
 31
0.0
  0
MTEXT
  5
1B7
330
1F
100
AcDbEntity
  8
尺寸线层
100
AcDbMText
 10
1196.64034595665
 20
1151.093701627085
 30
0.0
 40
45.0
 41
102.0174636871509
 71
     2
 72
     1
  1
\T1.1;B-B 
  7
标准
 73
     1
 44
1.150569886022795
1001
CAXA_DRAFT_TXTSCALE
1041
15.0
1001
ACAD
1000
ACAD_MTEXT_DEFINED_HEIGHT_BEGIN
1070
    46
1040
45.0
1000
ACAD_MTEXT_DEFINED_HEIGHT_END
  0
LINE
  5
1B8
330
1F
100
AcDbEntity
  8
0
100
AcDbLine
 10
1218.649971632199
 20
953.6178292498662
 30
0.0
 11
1218.649971632199
 21
654.7391043103326
 31
0.0
  0
LINE
  5
1B9
330
1F
100
AcDbEntity
  8
0
100
AcDbLine
 10
1216.649971632199
 20
953.6178292498207
 30
0.0
 11
1218.649971632199
 21
953.6178292498207
 31
0.0
  0
LINE
  5
1BA
330
1F
100
AcDbEntity
  8
0
100
AcDbLine
 10
1217.649971632198
 20
654.7391043103326
 30
0.0
 11
1218.649971632199
 21
654.7391043103326
 31
0.0
  0
LINE
  5
1BB
330
1F
100
AcDbEntity
  8
0
100
AcDbLine
 10
1193.6943182477
 20
930.6621758653691
 30
0.0
 11
1193.6943182477
 21
678.6947576948314
 31
0.0
  0
LINE
  5
1BC
330
1F
100
AcDbEntity
  8
0
100
AcDbLine
 10
1217.649971632199
 20
654.7391043103326
 30
0.0
 11
1218.649971632199
 21
654.7391043103326
 31
0.0
  0
DIMENSION
  5
1C7
330
1F
100
AcDbEntity
  8
尺寸线层
100
AcDbDimension
  2
*X4
 10
1218.630306706877
 20
611.8074012848247
 30
0.0
 11
1261.830425921964
 21
629.473253240132
 31
0.0
 70
   160
  1
2
 71
     5
 42
-1.0
  3
标准
100
AcDbAlignedDimension
 13
1217.630306706876
 23
654.7391043103326
 33
0.0
 14
1218.630306706877
 24
654.7391043103326
 34
0.0
100
AcDbRotatedDimension
1001
CX_DbAnnotate_TxtLocPara
1041
0.0
1001
CX_DbAnnotate_SimDimOriTxt
1070
     0
1001
CAXA_DRAFT_DIMARROWREVERSE
1070
     0
1001
ACAD
1000
DSTYLE
1002
{
1070
    69
1070
     1
1070
   173
1070
     1
1070
    40
1040
0.5
1070
   146
1040
1.0
1070
   284
1070
     0
1002
}
1001
CAXA_DRAFT_DIMARCLENSTYLE
1070
     1
1001
CAXA_DRAFT_DDTSTY_2011R3
1070
     0
1001
ACAD_DSTYLE_DIMINSPECT
1070
   396
1000

1070
   395
1000

1070
   394
1070
     0
1070
   393
1070
     0
1001
CX_DBDIM_TXTFRAME
1070
     0
1070
     0
1001
CDRAFT_DIM_STD_REV_NAME
1000
GB
1000
*DIMSTD
1000

1001
ACAD_DSTYLE_DIMTEXT_FILL
1070
   376
1070
     1
  0
INSERT
  5
1D3
330
1F
100
AcDbEntity
  8
尺寸线层
100
AcDbBlockReference
  2
*X5
 10
855.3211969595864
 20
591.703900523813
 30
0.0
1001
CAXA_DRAFT_CUTS
1070
     0
1070
     0
1041
0.0
1000
标准
1041
855.3211969595864
1041
1041.457325181154
1041
0.0
1041
855.3211969595864
1041
591.703900523813
1041
0.0
1070
     2
1041
855.3211969595864
1041
1041.457325181154
1041
0.0
1041
855.3211969595864
1041
591.703900523813
1041
0.0
1070
     2
1000
B
1041
900.5760309555253
1041
1086.712159177094
1041
0.0
1000
B
1041
900.5760309555253
1041
546.4490665278736
1041
0.0
1041
8.0
1071
        0
1071
        0
1071
        0
1001
CDRAFT_DIM_STD_REV_NAME
1000
GB
1000
*CUTSSTD
1000
GB/T 17452-1998
1001
CAXA_DRAFT_CUTS_LABLEDATA
1070
     1
1070
     0
1070
     0
1071
        1
  0
INSERT
  5
1DF
330
1F
100
AcDbEntity
  8
尺寸线层
100
AcDbBlockReference
  2
*X6
 10
330.6088681926894
 20
591.703900523813
 30
0.0
1001
CAXA_DRAFT_CUTS
1070
     0
1070
     0
1041
0.0
1000
标准
1041
330.6088681926894
1041
1041.457325181154
1041
0.0
1041
330.6088681926894
1041
591.703900523813
1041
0.0
1070
     2
1041
330.6088681926894
1041
1041.457325181154
1041
0.0
1041
330.6088681926894
1041
591.703900523813
1041
0.0
1070
     2
1000
B
1041
375.863702188627
1041
1086.712159177094
1041
0.0
1000
B
1041
375.863702188627
1041
546.4490665278736
1041
0.0
1041
8.0
1071
        0
1071
        0
1071
        0
1001
CDRAFT_DIM_STD_REV_NAME
1000
GB
1000
*CUTSSTD
1000
GB/T 17452-1998
1001
CAXA_DRAFT_CUTS_LABLEDATA
1070
     1
1070
     0
1070
     0
1071
        1
  0
MTEXT
  5
1E0
330
1F
100
AcDbEntity
  8
尺寸线层
100
AcDbMText
 10
1618.15800083872
 20
563.3272968696019
 30
0.0
 40
52.5
 41
1080.058649003158
 71
     1
 72
     1
  1
\T1.1;翼板坡口示意图
  7
标准
 73
     1
 44
1.150569886022795
1001
CAXA_DRAFT_TXTSCALE
1041
15.0
1001
ACAD
1000
ACAD_MTEXT_DEFINED_HEIGHT_BEGIN
1070
    46
1040
105.4725703146687
1000
ACAD_MTEXT_DEFINED_HEIGHT_END
  0
MTEXT
  5
1E1
330
1F
100
AcDbEntity
  8
尺寸线层
100
AcDbMText
 10
504.879693304817
 20
464.9084347753142
 30
0.0
 40
45.0
 41
1197.207349737309
 71
     1
 72
     1
  1
\T1.1;连接板坡口示意图
  7
标准
 73
     1
 44
1.150569886022795
1001
CAXA_DRAFT_TXTSCALE
1041
15.0
1001
ACAD
1000
ACAD_MTEXT_DEFINED_HEIGHT_BEGIN
1070
    46
1040
105.4725703146669
1000
ACAD_MTEXT_DEFINED_HEIGHT_END
  0
LINE
  5
1E2
330
1F
100
AcDbEntity
  8
粗实线层
100
AcDbLine
 10
1217.649971632198
 20
654.7391043103326
 30
0.0
 11
1193.6943182477
 21
678.6947576948314
 31
0.0
  0
DIMENSION
  5
1EB
330
1F
100
AcDbEntity
  8
尺寸线层
100
AcDbDimension
  2
*X7
 10
1193.6943182477
 20
678.6947576948314
 30
0.0
 11
1244.433104222243
 21
713.189571084129
 31
0.0
 70
    34
 71
     5
 42
-1.0
  3
标准
100
AcDb2LineAngularDimension
 13
1217.649971632199
 23
654.7391043103326
 33
0.0
 14
1218.649971632199
 24
654.7391043103326
 34
0.0
 15
1217.649971632198
 25
654.7391043103326
 35
0.0
 16
1162.768236711597
 26
677.4718632410113
 36
0.0
1001
CAXA_DRAFT_DIMARROWREVERSE
1070
     0
1001
ACAD
1000
DSTYLE
1002
{
1070
    69
1070
     1
1070
   284
1070
     8
1070
   173
1070
     1
1070
    77
1070
     0
1070
   272
1070
     2
1070
    73
1070
     1
1070
    74
1070
     1
1002
}
1001
CAXA_DRAFT_DIMARCLENSTYLE
1070
     1
1001
CAXA_DRAFT_DDTSTY_2011R3
1070
     0
1001
ACAD_DSTYLE_DIMINSPECT
1070
   396
1000

1070
   395
1000

1070
   394
1070
     0
1070
   393
1070
     0
1001
CX_DBDIM_TXTFRAME
1070
     0
1070
     0
1001
CDRAFT_DIM_STD_REV_NAME
1000
GB
1000
*DIMSTD
1000

1001
UserSetTxtLoc
1070
     0
1001
UserSetTxtLocType
1070
     0
1001
ACAD_DSTYLE_DIMTEXT_FILL
1070
   376
1070
     1
  0
LINE
  5
1EC
330
1F
100
AcDbEntity
  8
粗实线层
100
AcDbLine
 10
2597.003113542343
 20
2120.645094111907
 30
0.0
 11
2597.003113542343
 21
1920.645094112853
 31
0.0
  0
LINE
  5
1ED
330
1F
100
AcDbEntity
  8
粗实线层
100
AcDbLine
 10
2597.003113542171
 20
1920.645094112853
 30
0.0
 11
2611.003113542343
 21
1920.645094112853
 31
0.0
  0
LINE
  5
1EE
330
1F
100
AcDbEntity
  8
粗实线层
100
AcDbLine
 10
2611.003113542343
 20
1920.645094113801
 30
0.0
 11
2611.003113542343
 21
2120.645094112855
 31
0.0
  0
LINE
  5
1EF
330
1F
100
AcDbEntity
  8
粗实线层
100
AcDbLine
 10
2611.003113542343
 20
2120.645094112855
 30
0.0
 11
2597.003113542343
 21
2120.645094112855
 31
0.0
  0
LINE
  5
1F0
330
1F
100
AcDbEntity
  8
粗实线层
100
AcDbLine
 10
3482.003113542343
 20
2120.645094111907
 30
0.0
 11
3482.003113542343
 21
1920.645094112851
 31
0.0
  0
LINE
  5
1F1
330
1F
100
AcDbEntity
  8
中心线层
100
AcDbLine
 10
3039.503113542343
 20
2120.645094111909
 30
0.0
 11
3039.503113542343
 21
1920.645094112851
 31
0.0
  0
LINE
  5
1F2
330
1F
100
AcDbEntity
  8
粗实线层
100
AcDbLine
 10
3468.003113542343
 20
1920.645094113799
 30
0.0
 11
3468.003113542343
 21
2120.645094112857
 31
0.0
  0
LINE
  5
1F3
330
1F
100
AcDbEntity
  8
粗实线层
100
AcDbLine
 10
3468.003113542343
 20
2120.645094112853
 30
0.0
 11
3482.003113542343
 21
2120.645094112853
 31
0.0
  0
LINE
  5
1F4
330
1F
100
AcDbEntity
  8
粗实线层
100
AcDbLine
 10
3482.003113541406
 20
1920.645094112851
 30
0.0
 11
3468.003113542343
 21
1920.645094112851
 31
0.0
  0
LINE
  5
1F5
330
1F
100
AcDbEntity
  8
中心线层
100
AcDbLine
 10
3486.396145844031
 20
2020.645094112853
 30
0.0
 11
2598.003113542343
 21
2020.645094112855
 31
0.0
  0
LINE
  5
1F6
330
1F
100
AcDbEntity
  8
粗实线层
100
AcDbLine
 10
3468.003113542343
 20
2033.145094112853
 30
0.0
 11
2611.003113542343
 21
2033.145094112855
 31
0.0
  0
LINE
  5
1F7
330
1F
100
AcDbEntity
  8
粗实线层
100
AcDbLine
 10
3468.003113542343
 20
2008.145094112853
 30
0.0
 11
2611.003113542343
 21
2008.145094112855
 31
0.0
  0
LINE
  5
1F8
330
1F
100
AcDbEntity
  8
粗实线层
100
AcDbLine
 10
2750.826125361962
 20
1920.645094113805
 30
0.0
 11
2750.826125361962
 21
2008.145094112855
 31
0.0
  0
LINE
  5
1F9
330
1F
100
AcDbEntity
  8
粗实线层
100
AcDbLine
 10
2750.826125361962
 20
2033.145094112855
 30
0.0
 11
2750.826125361962
 21
2120.645094112857
 31
0.0
  0
LINE
  5
1FA
330
1F
100
AcDbEntity
  8
粗实线层
100
AcDbLine
 10
2775.826125361962
 20
1920.645094113801
 30
0.0
 11
2775.826125361962
 21
2008.145094112855
 31
0.0
  0
LINE
  5
1FB
330
1F
100
AcDbEntity
  8
粗实线层
100
AcDbLine
 10
2775.826125361962
 20
2033.145094112855
 30
0.0
 11
2775.826125361962
 21
2120.645094112855
 31
0.0
  0
LINE
  5
1FC
330
1F
100
AcDbEntity
  8
粗实线层
100
AcDbLine
 10
2750.826125361962
 20
2033.145094112855
 30
0.0
 11
2750.826125361962
 21
2120.645094112857
 31
0.0
  0
LINE
  5
1FD
330
1F
100
AcDbEntity
  8
粗实线层
100
AcDbLine
 10
2750.826125362258
 20
2120.645094112855
 30
0.0
 11
2775.826125361962
 21
2120.645094112855
 31
0.0
  0
LINE
  5
1FE
330
1F
100
AcDbEntity
  8
粗实线层
100
AcDbLine
 10
2750.826125363369
 20
1920.645094112855
 30
0.0
 11
2775.826125361962
 21
1920.645094112855
 31
0.0
  0
LINE
  5
1FF
330
1F
100
AcDbEntity
  8
粗实线层
100
AcDbLine
 10
3032.503113541702
 20
2120.645094112855
 30
0.0
 11
3046.503113542343
 21
2120.645094112855
 31
0.0
  0
LINE
  5
200
330
1F
100
AcDbEntity
  8
粗实线层
100
AcDbLine
 10
3032.503113543923
 20
1920.645094112853
 30
0.0
 11
3046.503113542343
 21
1920.645094112853
 31
0.0
  0
LINE
  5
201
330
1F
100
AcDbEntity
  8
粗实线层
100
AcDbLine
 10
3032.503113542343
 20
2120.645094111906
 30
0.0
 11
3032.503113542343
 21
2033.145094112855
 31
0.0
  0
LINE
  5
202
330
1F
100
AcDbEntity
  8
粗实线层
100
AcDbLine
 10
3032.503113542344
 20
2008.145094112855
 30
0.0
 11
3032.503113542344
 21
1920.645094112853
 31
0.0
  0
LINE
  5
203
330
1F
100
AcDbEntity
  8
粗实线层
100
AcDbLine
 10
3046.503113542343
 20
2120.645094111907
 30
0.0
 11
3046.503113542343
 21
2033.145094112855
 31
0.0
  0
LINE
  5
204
330
1F
100
AcDbEntity
  8
粗实线层
100
AcDbLine
 10
3046.503113542343
 20
2008.145094112855
 30
0.0
 11
3046.503113542343
 21
1920.645094112853
 31
0.0
  0
TEXT
  5
205
330
1F
100
AcDbEntity
  8
文字
100
AcDbText
 10
2920.381497061723
 20
1640.09090915845
 30
0.0
 40
40.0
  1
2-2示意图
 41
0.7
  7
TSSD_Num
 11
2920.381497061723
 21
1632.04715915845
 31
0.0
100
AcDbText
 73
     1
1001
CAXA_DRAFT_TXTSCALE
1041
1.0
  0
TEXT
  5
206
330
1F
100
AcDbEntity
  8
文字
100
AcDbText
 10
2109.701537713321
 20
1640.57530918262
 30
0.0
 40
40.0
  1
1-1示意图
 41
0.7
  7
TSSD_Num
 11
2109.701537713321
 21
1632.53155918262
 31
0.0
100
AcDbText
 73
     1
1001
CAXA_DRAFT_TXTSCALE
1041
1.0
  0
LINE
  5
207
330
1F
100
AcDbEntity
  8
粗实线层
100
AcDbLine
 10
2825.237084266096
 20
1920.645094113805
 30
0.0
 11
2825.237084266096
 21
2008.145094112855
 31
0.0
  0
LINE
  5
208
330
1F
100
AcDbEntity
  8
粗实线层
100
AcDbLine
 10
2850.237084266096
 20
1920.645094113803
 30
0.0
 11
2850.237084266096
 21
2008.145094112853
 31
0.0
  0
LINE
  5
209
330
1F
100
AcDbEntity
  8
粗实线层
100
AcDbLine
 10
2850.237084266095
 20
2033.145094112855
 30
0.0
 11
2850.237084266095
 21
2120.645094112855
 31
0.0
  0
LINE
  5
20A
330
1F
100
AcDbEntity
  8
粗实线层
100
AcDbLine
 10
2825.237084266095
 20
2033.145094112855
 30
0.0
 11
2825.237084266095
 21
2120.645094112855
 31
0.0
  0
LINE
  5
20B
330
1F
100
AcDbEntity
  8
粗实线层
100
AcDbLine
 10
2825.237084265281
 20
2120.645094112855
 30
0.0
 11
2850.237084266096
 21
2120.645094112855
 31
0.0
  0
LINE
  5
20C
330
1F
100
AcDbEntity
  8
粗实线层
100
AcDbLine
 10
2825.237084267503
 20
1920.645094112855
 30
0.0
 11
2850.237084266096
 21
1920.645094112855
 31
0.0
  0
LINE
  5
20D
330
1F
100
AcDbEntity
  8
粗实线层
100
AcDbLine
 10
2924.648043170228
 20
1920.645094113801
 30
0.0
 11
2924.648043170228
 21
2008.145094112855
 31
0.0
  0
LINE
  5
20E
330
1F
100
AcDbEntity
  8
粗实线层
100
AcDbLine
 10
2899.648043170228
 20
1920.645094113801
 30
0.0
 11
2899.648043170228
 21
2008.145094112855
 31
0.0
  0
LINE
  5
20F
330
1F
100
AcDbEntity
  8
粗实线层
100
AcDbLine
 10
2899.648043170228
 20
2033.145094112855
 30
0.0
 11
2899.648043170228
 21
2120.645094112857
 31
0.0
  0
LINE
  5
210
330
1F
100
AcDbEntity
  8
粗实线层
100
AcDbLine
 10
2924.648043170228
 20
2033.145094112855
 30
0.0
 11
2924.648043170228
 21
2120.645094112857
 31
0.0
  0
LINE
  5
211
330
1F
100
AcDbEntity
  8
粗实线层
100
AcDbLine
 10
2924.648043169932
 20
2120.645094112853
 30
0.0
 11
2899.648043170228
 21
2120.645094112853
 31
0.0
  0
LINE
  5
212
330
1F
100
AcDbEntity
  8
粗实线层
100
AcDbLine
 10
2924.648043169933
 20
1920.645094112853
 30
0.0
 11
2899.648043170228
 21
1920.645094112853
 31
0.0
  0
LINE
  5
213
330
1F
100
AcDbEntity
  8
粗实线层
100
AcDbLine
 10
3319.180101722725
 20
1920.645094113801
 30
0.0
 11
3319.180101722725
 21
2008.145094112855
 31
0.0
  0
LINE
  5
214
330
1F
100
AcDbEntity
  8
粗实线层
100
AcDbLine
 10
3319.180101722725
 20
2033.145094112853
 30
0.0
 11
3319.180101722725
 21
2120.645094112857
 31
0.0
  0
LINE
  5
215
330
1F
100
AcDbEntity
  8
粗实线层
100
AcDbLine
 10
3294.180101722725
 20
1920.645094113801
 30
0.0
 11
3294.180101722725
 21
2008.145094112853
 31
0.0
  0
LINE
  5
216
330
1F
100
AcDbEntity
  8
粗实线层
100
AcDbLine
 10
3294.180101722725
 20
2033.145094112855
 30
0.0
 11
3294.180101722725
 21
2120.645094112857
 31
0.0
  0
LINE
  5
217
330
1F
100
AcDbEntity
  8
粗实线层
100
AcDbLine
 10
3319.180101722725
 20
2033.145094112853
 30
0.0
 11
3319.180101722725
 21
2120.645094112857
 31
0.0
  0
LINE
  5
218
330
1F
100
AcDbEntity
  8
粗实线层
100
AcDbLine
 10
3319.180101722725
 20
2120.645094112853
 30
0.0
 11
3294.180101722725
 21
2120.645094112853
 31
0.0
  0
LINE
  5
219
330
1F
100
AcDbEntity
  8
粗实线层
100
AcDbLine
 10
3319.180101722726
 20
1920.645094112853
 30
0.0
 11
3294.180101722725
 21
1920.645094112853
 31
0.0
  0
LINE
  5
21A
330
1F
100
AcDbEntity
  8
粗实线层
100
AcDbLine
 10
3244.769142818592
 20
1920.645094113801
 30
0.0
 11
3244.769142818592
 21
2008.145094112853
 31
0.0
  0
LINE
  5
21B
330
1F
100
AcDbEntity
  8
粗实线层
100
AcDbLine
 10
3244.769142818592
 20
2033.145094112853
 30
0.0
 11
3244.769142818592
 21
2120.645094112857
 31
0.0
  0
LINE
  5
21C
330
1F
100
AcDbEntity
  8
粗实线层
100
AcDbLine
 10
3219.769142818592
 20
1920.645094113801
 30
0.0
 11
3219.769142818592
 21
2008.145094112855
 31
0.0
  0
LINE
  5
21D
330
1F
100
AcDbEntity
  8
粗实线层
100
AcDbLine
 10
3219.769142818592
 20
2033.145094112853
 30
0.0
 11
3219.769142818592
 21
2120.645094112857
 31
0.0
  0
LINE
  5
21E
330
1F
100
AcDbEntity
  8
粗实线层
100
AcDbLine
 10
3244.769142818592
 20
2033.145094112853
 30
0.0
 11
3244.769142818592
 21
2120.645094112857
 31
0.0
  0
LINE
  5
21F
330
1F
100
AcDbEntity
  8
粗实线层
100
AcDbLine
 10
3244.769142818592
 20
2120.645094112853
 30
0.0
 11
3219.769142818591
 21
2120.645094112853
 31
0.0
  0
LINE
  5
220
330
1F
100
AcDbEntity
  8
粗实线层
100
AcDbLine
 10
3244.769142818592
 20
1920.645094112853
 30
0.0
 11
3219.769142818591
 21
1920.645094112853
 31
0.0
  0
LINE
  5
221
330
1F
100
AcDbEntity
  8
粗实线层
100
AcDbLine
 10
3145.358183914458
 20
1920.645094113801
 30
0.0
 11
3145.358183914458
 21
2008.145094112855
 31
0.0
  0
LINE
  5
222
330
1F
100
AcDbEntity
  8
粗实线层
100
AcDbLine
 10
3170.358183914458
 20
1920.645094113799
 30
0.0
 11
3170.358183914458
 21
2008.145094112853
 31
0.0
  0
LINE
  5
223
330
1F
100
AcDbEntity
  8
粗实线层
100
AcDbLine
 10
3170.358183914458
 20
2033.145094112853
 30
0.0
 11
3170.358183914458
 21
2120.645094112857
 31
0.0
  0
LINE
  5
224
330
1F
100
AcDbEntity
  8
粗实线层
100
AcDbLine
 10
3145.358183914458
 20
2033.145094112853
 30
0.0
 11
3145.358183914458
 21
2120.645094112855
 31
0.0
  0
LINE
  5
225
330
1F
100
AcDbEntity
  8
粗实线层
100
AcDbLine
 10
3145.358183913645
 20
2120.645094112851
 30
0.0
 11
3170.358183914458
 21
2120.645094112851
 31
0.0
  0
LINE
  5
226
330
1F
100
AcDbEntity
  8
粗实线层
100
AcDbLine
 10
3145.358183914755
 20
1920.645094112851
 30
0.0
 11
3170.358183914459
 21
1920.645094112851
 31
0.0
  0
DIMENSION
  5
230
330
1F
100
AcDbEntity
  8
尺寸线层
100
AcDbDimension
  2
*X8
 10
3605.183167259911
 20
1920.645094112851
 30
0.0
 11
3583.984144913542
 21
2020.645093612379
 31
0.0
 70
   160
 71
     5
 42
-1.0
  3
标准
100
AcDbAlignedDimension
 13
3482.003113542343
 23
2120.645094111907
 33
0.0
 14
3482.003113542343
 24
1920.645094112851
 34
0.0
 50
270.0
100
AcDbRotatedDimension
1001
CX_DbAnnotate_TxtLocPara
1041
0.0
1001
CX_DbAnnotate_SimDimOriTxt
1070
     0
1001
CAXA_DRAFT_DIMARROWREVERSE
1070
     0
1001
ACAD
1000
DSTYLE
1002
{
1070
    69
1070
     1
1070
   173
1070
     1
1070
   284
1070
     0
1002
}
1001
CAXA_DRAFT_DIMARCLENSTYLE
1070
     1
1001
CAXA_DRAFT_DDTSTY_2011R3
1070
     0
1001
ACAD_DSTYLE_DIMINSPECT
1070
   396
1000

1070
   395
1000

1070
   394
1070
     0
1070
   393
1070
     0
1001
CX_DBDIM_TXTFRAME
1070
     0
1070
     0
1001
CDRAFT_DIM_STD_REV_NAME
1000
GB
1000
*DIMSTD
1000

1001
ACAD_DSTYLE_DIMTEXT_FILL
1070
   376
1070
     1
  0
DIMENSION
  5
23A
330
1F
100
AcDbEntity
  8
尺寸线层
100
AcDbDimension
  2
*X9
 10
2556.551741392247
 20
1920.645094112853
 30
0.0
 11
2535.352719045879
 21
2020.64509361238
 31
0.0
 70
   160
 71
     5
 42
-1.0
  3
标准
100
AcDbAlignedDimension
 13
2597.003113542343
 23
2120.645094111907
 33
0.0
 14
2597.003113542343
 24
1920.645094112853
 34
0.0
 50
270.0
100
AcDbRotatedDimension
1001
CX_DbAnnotate_TxtLocPara
1041
0.0
1001
CX_DbAnnotate_SimDimOriTxt
1070
     0
1001
CAXA_DRAFT_DIMARROWREVERSE
1070
     0
1001
ACAD
1000
DSTYLE
1002
{
1070
    69
1070
     1
1070
   173
1070
     1
1070
   284
1070
     0
1002
}
1001
CAXA_DRAFT_DIMARCLENSTYLE
1070
     1
1001
CAXA_DRAFT_DDTSTY_2011R3
1070
     0
1001
ACAD_DSTYLE_DIMINSPECT
1070
   396
1000

1070
   395
1000

1070
   394
1070
     0
1070
   393
1070
     0
1001
CX_DBDIM_TXTFRAME
1070
     0
1070
     0
1001
CDRAFT_DIM_STD_REV_NAME
1000
GB
1000
*DIMSTD
1000

1001
ACAD_DSTYLE_DIMTEXT_FILL
1070
   376
1070
     1
  0
DIMENSION
  5
244
330
1F
100
AcDbEntity
  8
尺寸线层
100
AcDbDimension
  2
*X10
 10
2597.003113542343
 20
2162.752515897582
 30
0.0
 11
2604.003113042343
 21
2184.039527070767
 31
0.0
 70
   160
 71
     5
 42
-1.0
  3
标准
100
AcDbAlignedDimension
 13
2611.003113542343
 23
2120.645094112855
 33
0.0
 14
2597.003113542343
 24
2120.645094112855
 34
0.0
100
AcDbRotatedDimension
1001
CX_DbAnnotate_TxtLocPara
1041
0.0
1001
CX_DbAnnotate_SimDimOriTxt
1070
     0
1001
CAXA_DRAFT_DIMARROWREVERSE
1070
     0
1001
ACAD
1000
DSTYLE
1002
{
1070
    69
1070
     1
1070
   173
1070
     1
1070
   284
1070
     0
1002
}
1001
CAXA_DRAFT_DIMARCLENSTYLE
1070
     1
1001
CAXA_DRAFT_DDTSTY_2011R3
1070
     0
1001
ACAD_DSTYLE_DIMINSPECT
1070
   396
1000

1070
   395
1000

1070
   394
1070
     0
1070
   393
1070
     0
1001
CX_DBDIM_TXTFRAME
1070
     0
1070
     0
1001
CDRAFT_DIM_STD_REV_NAME
1000
GB
1000
*DIMSTD
1000

1001
ACAD_DSTYLE_DIMTEXT_FILL
1070
   376
1070
     1
  0
DIMENSION
  5
24E
330
1F
100
AcDbEntity
  8
尺寸线层
100
AcDbDimension
  2
*X11
 10
3244.769142818592
 20
2162.752515897582
 30
0.0
 11
3232.269143318591
 21
2183.951538243951
 31
0.0
 70
   160
 71
     5
 42
-1.0
  3
标准
100
AcDbAlignedDimension
 13
3219.769142818591
 23
2120.645094112853
 33
0.0
 14
3244.769142818592
 24
2120.645094112853
 34
0.0
100
AcDbRotatedDimension
1001
CX_DbAnnotate_TxtLocPara
1041
0.0
1001
CX_DbAnnotate_SimDimOriTxt
1070
     0
1001
CAXA_DRAFT_DIMARROWREVERSE
1070
     0
1001
ACAD
1000
DSTYLE
1002
{
1070
    69
1070
     1
1070
   173
1070
     1
1070
   284
1070
     0
1002
}
1001
CAXA_DRAFT_DIMARCLENSTYLE
1070
     1
1001
CAXA_DRAFT_DDTSTY_2011R3
1070
     0
1001
ACAD_DSTYLE_DIMINSPECT
1070
   396
1000

1070
   395
1000

1070
   394
1070
     0
1070
   393
1070
     0
1001
CX_DBDIM_TXTFRAME
1070
     0
1070
     0
1001
CDRAFT_DIM_STD_REV_NAME
1000
GB
1000
*DIMSTD
1000

1001
ACAD_DSTYLE_DIMTEXT_FILL
1070
   376
1070
     1
  0
DIMENSION
  5
258
330
1F
100
AcDbEntity
  8
尺寸线层
100
AcDbDimension
  2
*X12
 10
3319.180101722725
 20
2162.752515897582
 30
0.0
 11
3306.680102222726
 21
2183.951538243951
 31
0.0
 70
   160
 71
     5
 42
-1.0
  3
标准
100
AcDbAlignedDimension
 13
3294.180101722725
 23
2120.645094112853
 33
0.0
 14
3319.180101722725
 24
2120.645094112853
 34
0.0
100
AcDbRotatedDimension
1001
CX_DbAnnotate_TxtLocPara
1041
0.0
1001
CX_DbAnnotate_SimDimOriTxt
1070
     0
1001
CAXA_DRAFT_DIMARROWREVERSE
1070
     0
1001
ACAD
1000
DSTYLE
1002
{
1070
    69
1070
     1
1070
   173
1070
     1
1070
   284
1070
     0
1002
}
1001
CAXA_DRAFT_DIMARCLENSTYLE
1070
     1
1001
CAXA_DRAFT_DDTSTY_2011R3
1070
     0
1001
ACAD_DSTYLE_DIMINSPECT
1070
   396
1000

1070
   395
1000

1070
   394
1070
     0
1070
   393
1070
     0
1001
CX_DBDIM_TXTFRAME
1070
     0
1070
     0
1001
CDRAFT_DIM_STD_REV_NAME
1000
GB
1000
*DIMSTD
1000

1001
ACAD_DSTYLE_DIMTEXT_FILL
1070
   376
1070
     1
  0
DIMENSION
  5
262
330
1F
100
AcDbEntity
  8
尺寸线层
100
AcDbDimension
  2
*X13
 10
3482.003113542343
 20
2162.752515897582
 30
0.0
 11
3475.003114042343
 21
2184.039527070767
 31
0.0
 70
   160
 71
     5
 42
-1.0
  3
标准
100
AcDbAlignedDimension
 13
3468.003113542343
 23
2120.645094112853
 33
0.0
 14
3482.003113542343
 24
2120.645094112853
 34
0.0
100
AcDbRotatedDimension
1001
CX_DbAnnotate_TxtLocPara
1041
0.0
1001
CX_DbAnnotate_SimDimOriTxt
1070
     0
1001
CAXA_DRAFT_DIMARROWREVERSE
1070
     0
1001
ACAD
1000
DSTYLE
1002
{
1070
    69
1070
     1
1070
   173
1070
     1
1070
   284
1070
     0
1002
}
1001
CAXA_DRAFT_DIMARCLENSTYLE
1070
     1
1001
CAXA_DRAFT_DDTSTY_2011R3
1070
     0
1001
ACAD_DSTYLE_DIMINSPECT
1070
   396
1000

1070
   395
1000

1070
   394
1070
     0
1070
   393
1070
     0
1001
CX_DBDIM_TXTFRAME
1070
     0
1070
     0
1001
CDRAFT_DIM_STD_REV_NAME
1000
GB
1000
*DIMSTD
1000

1001
ACAD_DSTYLE_DIMTEXT_FILL
1070
   376
1070
     1
  0
DIMENSION
  5
26C
330
1F
100
AcDbEntity
  8
尺寸线层
100
AcDbDimension
  2
*X14
 10
3537.322796992481
 20
2008.145094112853
 30
0.0
 11
3516.123774646112
 21
2020.645093612853
 31
0.0
 70
   160
 71
     5
 42
-1.0
  3
标准
100
AcDbAlignedDimension
 13
3468.003113542343
 23
2033.145094112853
 33
0.0
 14
3468.003113542343
 24
2008.145094112853
 34
0.0
 50
270.0
100
AcDbRotatedDimension
1001
CX_DbAnnotate_TxtLocPara
1041
0.0
1001
CX_DbAnnotate_SimDimOriTxt
1070
     0
1001
CAXA_DRAFT_DIMARROWREVERSE
1070
     0
1001
ACAD
1000
DSTYLE
1002
{
1070
    69
1070
     1
1070
   173
1070
     1
1070
   284
1070
     0
1002
}
1001
CAXA_DRAFT_DIMARCLENSTYLE
1070
     1
1001
CAXA_DRAFT_DDTSTY_2011R3
1070
     0
1001
ACAD_DSTYLE_DIMINSPECT
1070
   396
1000

1070
   395
1000

1070
   394
1070
     0
1070
   393
1070
     0
1001
CX_DBDIM_TXTFRAME
1070
     0
1070
     0
1001
CDRAFT_DIM_STD_REV_NAME
1000
GB
1000
*DIMSTD
1000

1001
ACAD_DSTYLE_DIMTEXT_FILL
1070
   376
1070
     1
  0
DIMENSION
  5
276
330
1F
100
AcDbEntity
  8
尺寸线层
100
AcDbDimension
  2
*X15
 10
2690.418926206186
 20
2120.645094112857
 30
0.0
 11
2669.219903859818
 21
2076.895094612856
 31
0.0
 70
   160
 71
     5
 42
-1.0
  3
标准
100
AcDbAlignedDimension
 13
2750.826125361962
 23
2033.145094112855
 33
0.0
 14
2750.826125361962
 24
2120.645094112857
 34
0.0
 50
90.0
100
AcDbRotatedDimension
1001
CX_DbAnnotate_TxtLocPara
1041
0.0
1001
CX_DbAnnotate_SimDimOriTxt
1070
     0
1001
CAXA_DRAFT_DIMARROWREVERSE
1070
     0
1001
ACAD
1000
DSTYLE
1002
{
1070
    69
1070
     1
1070
   173
1070
     1
1070
   271
1070
     1
1070
   284
1070
     0
1002
}
1001
CAXA_DRAFT_DIMARCLENSTYLE
1070
     1
1001
CAXA_DRAFT_DDTSTY_2011R3
1070
     0
1001
ACAD_DSTYLE_DIMINSPECT
1070
   396
1000

1070
   395
1000

1070
   394
1070
     0
1070
   393
1070
     0
1001
CX_DBDIM_TXTFRAME
1070
     0
1070
     0
1001
CDRAFT_DIM_STD_REV_NAME
1000
GB
1000
*DIMSTD
1000

1001
ACAD_DSTYLE_DIMTEXT_FILL
1070
   376
1070
     1
  0
DIMENSION
  5
280
330
1F
100
AcDbEntity
  8
尺寸线层
100
AcDbDimension
  2
*X16
 10
3046.503113542343
 20
2162.752515897582
 30
0.0
 11
3039.503114042023
 21
2184.039527070767
 31
0.0
 70
   160
 71
     5
 42
-1.0
  3
标准
100
AcDbAlignedDimension
 13
3032.503113541702
 23
2120.645094112855
 33
0.0
 14
3046.503113542343
 24
2120.645094112855
 34
0.0
100
AcDbRotatedDimension
1001
CX_DbAnnotate_TxtLocPara
1041
0.0
1001
CX_DbAnnotate_SimDimOriTxt
1070
     0
1001
CAXA_DRAFT_DIMARROWREVERSE
1070
     0
1001
ACAD
1000
DSTYLE
1002
{
1070
    69
1070
     1
1070
   173
1070
     1
1070
   284
1070
     0
1002
}
1001
CAXA_DRAFT_DIMARCLENSTYLE
1070
     1
1001
CAXA_DRAFT_DDTSTY_2011R3
1070
     0
1001
ACAD_DSTYLE_DIMINSPECT
1070
   396
1000

1070
   395
1000

1070
   394
1070
     0
1070
   393
1070
     0
1001
CX_DBDIM_TXTFRAME
1070
     0
1070
     0
1001
CDRAFT_DIM_STD_REV_NAME
1000
GB
1000
*DIMSTD
1000

1001
ACAD_DSTYLE_DIMTEXT_FILL
1070
   376
1070
     1
  0
MTEXT
  5
281
330
1F
100
AcDbEntity
  8
尺寸线层
100
AcDbMText
 10
852.2713848501667
 20
1473.034082368722
 30
0.0
 40
45.0
 41
2397.237015178835
 71
     1
 72
     1
  1
\T1.1;(所有翼板坡口方向朝上，如图所示）
  7
标准
 73
     1
 44
1.150569886022795
1001
CAXA_DRAFT_TXTSCALE
1041
9.0
1001
ACAD
1000
ACAD_MTEXT_DEFINED_HEIGHT_BEGIN
1070
    46
1040
108.9497393041001
1000
ACAD_MTEXT_DEFINED_HEIGHT_END
  0
MTEXT
  5
282
330
1F
100
AcDbEntity
  8
尺寸线层
100
AcDbMText
 10
2211.37277441264
 20
821.2287903856668
 30
0.0
 40
40.0
 41
1577.095890410318
 71
     1
 72
     1
  1
\T1.1;{\H0.7x;         }     技术要求\P1.焊接时注意翼板坡口方向，按图中所示坡口方向焊接\P2.钢板均采用Q355B，焊条使用E50型，焊后清渣，不得有焊接缺陷。\P
  7
标准
 73
     1
 44
1.150569886022795
1001
CAXA_DRAFT_TXTSCALE
1041
8.0
1001
ACAD
1000
ACAD_MTEXT_DEFINED_HEIGHT_BEGIN
1070
    46
1040
431.9999999998245
1000
ACAD_MTEXT_DEFINED_HEIGHT_END
  0
DIMENSION
  5
28C
330
1F
100
AcDbEntity
  8
尺寸线层
100
AcDbDimension
  2
*X17
 10
3170.358183914458
 20
2162.752515898375
 30
0.0
 11
3157.858184414458
 21
2183.951538244744
 31
0.0
 70
   160
 71
     5
 42
-1.0
  3
标准
100
AcDbAlignedDimension
 13
3145.358183914458
 23
2120.64509411285
 33
0.0
 14
3170.358183914458
 24
2120.645094112851
 34
0.0
100
AcDbRotatedDimension
1001
CX_DbAnnotate_TxtLocPara
1041
0.0
1001
CX_DbAnnotate_SimDimOriTxt
1070
     0
1001
CAXA_DRAFT_DIMARROWREVERSE
1070
     0
1001
ACAD
1000
DSTYLE
1002
{
1070
    69
1070
     1
1070
   173
1070
     1
1070
   284
1070
     0
1002
}
1001
CAXA_DRAFT_DIMARCLENSTYLE
1070
     1
1001
CAXA_DRAFT_DDTSTY_2011R3
1070
     0
1001
ACAD_DSTYLE_DIMINSPECT
1070
   396
1000

1070
   395
1000

1070
   394
1070
     0
1070
   393
1070
     0
1001
CX_DBDIM_TXTFRAME
1070
     0
1070
     0
1001
CDRAFT_DIM_STD_REV_NAME
1000
GB
1000
*DIMSTD
1000

1001
ACAD_DSTYLE_DIMTEXT_FILL
1070
   376
1070
     1
  0
DIMENSION
  5
296
330
1F
100
AcDbEntity
  8
尺寸线层
100
AcDbDimension
  2
*X18
 10
2924.648043169932
 20
2162.752515897582
 30
0.0
 11
2912.14804367008
 21
2183.951538243951
 31
0.0
 70
   160
 71
     5
 42
-1.0
  3
标准
100
AcDbAlignedDimension
 13
2899.648043170228
 23
2120.645094112853
 33
0.0
 14
2924.648043169932
 24
2120.645094112853
 34
0.0
100
AcDbRotatedDimension
1001
CX_DbAnnotate_TxtLocPara
1041
0.0
1001
CX_DbAnnotate_SimDimOriTxt
1070
     0
1001
CAXA_DRAFT_DIMARROWREVERSE
1070
     0
1001
ACAD
1000
DSTYLE
1002
{
1070
    69
1070
     1
1070
   173
1070
     1
1070
   284
1070
     0
1002
}
1001
CAXA_DRAFT_DIMARCLENSTYLE
1070
     1
1001
CAXA_DRAFT_DDTSTY_2011R3
1070
     0
1001
ACAD_DSTYLE_DIMINSPECT
1070
   396
1000

1070
   395
1000

1070
   394
1070
     0
1070
   393
1070
     0
1001
CX_DBDIM_TXTFRAME
1070
     0
1070
     0
1001
CDRAFT_DIM_STD_REV_NAME
1000
GB
1000
*DIMSTD
1000

1001
ACAD_DSTYLE_DIMTEXT_FILL
1070
   376
1070
     1
  0
DIMENSION
  5
2A0
330
1F
100
AcDbEntity
  8
尺寸线层
100
AcDbDimension
  2
*X19
 10
2825.237084265281
 20
2162.752515897582
 30
0.0
 11
2837.737083765689
 21
2183.951538243951
 31
0.0
 70
   160
 71
     5
 42
-1.0
  3
标准
100
AcDbAlignedDimension
 13
2850.237084266096
 23
2120.645094112855
 33
0.0
 14
2825.237084265281
 24
2120.645094112855
 34
0.0
100
AcDbRotatedDimension
1001
CX_DbAnnotate_TxtLocPara
1041
0.0
1001
CX_DbAnnotate_SimDimOriTxt
1070
     0
1001
CAXA_DRAFT_DIMARROWREVERSE
1070
     0
1001
ACAD
1000
DSTYLE
1002
{
1070
    69
1070
     1
1070
   173
1070
     1
1070
   284
1070
     0
1002
}
1001
CAXA_DRAFT_DIMARCLENSTYLE
1070
     1
1001
CAXA_DRAFT_DDTSTY_2011R3
1070
     0
1001
ACAD_DSTYLE_DIMINSPECT
1070
   396
1000

1070
   395
1000

1070
   394
1070
     0
1070
   393
1070
     0
1001
CX_DBDIM_TXTFRAME
1070
     0
1070
     0
1001
CDRAFT_DIM_STD_REV_NAME
1000
GB
1000
*DIMSTD
1000

1001
ACAD_DSTYLE_DIMTEXT_FILL
1070
   376
1070
     1
  0
DIMENSION
  5
2AA
330
1F
100
AcDbEntity
  8
尺寸线层
100
AcDbDimension
  2
*X20
 10
2750.826125361962
 20
2162.752515898208
 30
0.0
 11
2763.326124861961
 21
2183.951538244577
 31
0.0
 70
   160
 71
     5
 42
-1.0
  3
标准
100
AcDbAlignedDimension
 13
2775.826125361962
 23
2120.645094112855
 33
0.0
 14
2750.826125361962
 24
2120.645094112853
 34
0.0
100
AcDbRotatedDimension
1001
CX_DbAnnotate_TxtLocPara
1041
0.0
1001
CX_DbAnnotate_SimDimOriTxt
1070
     0
1001
CAXA_DRAFT_DIMARROWREVERSE
1070
     0
1001
ACAD
1000
DSTYLE
1002
{
1070
    69
1070
     1
1070
   173
1070
     1
1070
   284
1070
     0
1002
}
1001
CAXA_DRAFT_DIMARCLENSTYLE
1070
     1
1001
CAXA_DRAFT_DDTSTY_2011R3
1070
     0
1001
ACAD_DSTYLE_DIMINSPECT
1070
   396
1000

1070
   395
1000

1070
   394
1070
     0
1070
   393
1070
     0
1001
CX_DBDIM_TXTFRAME
1070
     0
1070
     0
1001
CDRAFT_DIM_STD_REV_NAME
1000
GB
1000
*DIMSTD
1000

1001
ACAD_DSTYLE_DIMTEXT_FILL
1070
   376
1070
     1
  0
DIMENSION
  5
2B4
330
1F
100
AcDbEntity
  8
尺寸线层
100
AcDbDimension
  2
*X21
 10
2991.980712733401
 20
2033.145094112855
 30
0.0
 11
2970.781690387032
 21
2076.89509361238
 31
0.0
 70
   160
 71
     5
 42
-1.0
  3
标准
100
AcDbAlignedDimension
 13
3032.503113542343
 23
2120.645094111906
 33
0.0
 14
3032.503113542343
 24
2033.145094112855
 34
0.0
 50
270.0
100
AcDbRotatedDimension
1001
CX_DbAnnotate_TxtLocPara
1041
0.0
1001
CX_DbAnnotate_SimDimOriTxt
1070
     0
1001
CAXA_DRAFT_DIMARROWREVERSE
1070
     0
1001
ACAD
1000
DSTYLE
1002
{
1070
    69
1070
     1
1070
   173
1070
     1
1070
   271
1070
     1
1070
   284
1070
     0
1002
}
1001
CAXA_DRAFT_DIMARCLENSTYLE
1070
     1
1001
CAXA_DRAFT_DDTSTY_2011R3
1070
     0
1001
ACAD_DSTYLE_DIMINSPECT
1070
   396
1000

1070
   395
1000

1070
   394
1070
     0
1070
   393
1070
     0
1001
CX_DBDIM_TXTFRAME
1070
     0
1070
     0
1001
CDRAFT_DIM_STD_REV_NAME
1000
GB
1000
*DIMSTD
1000

1001
ACAD_DSTYLE_DIMTEXT_FILL
1070
   376
1070
     1
  0
LINE
  5
2B5
330
1F
100
AcDbEntity
  8
粗实线层
100
AcDbLine
 10
1216.649971632199
 20
953.6178292498662
 30
0.0
 11
1193.694318247701
 21
930.6621758653691
 31
0.0
  0
DIMENSION
  5
2BF
330
1F
100
AcDbEntity
  8
尺寸线层
100
AcDbDimension
  2
*X22
 10
1218.649971632199
 20
980.5191067670239
 30
0.0
 11
1217.649972132199
 21
1001.718129113393
 31
0.0
 70
   160
 71
     5
 42
-1.0
  3
标准
100
AcDbAlignedDimension
 13
1216.649971632199
 23
953.6178292498207
 33
0.0
 14
1218.649971632199
 24
953.6178292498207
 34
0.0
100
AcDbRotatedDimension
1001
CX_DbAnnotate_TxtLocPara
1041
0.0
1001
CX_DbAnnotate_SimDimOriTxt
1070
     0
1001
CAXA_DRAFT_DIMARROWREVERSE
1070
     0
1001
ACAD
1000
DSTYLE
1002
{
1070
    69
1070
     1
1070
   173
1070
     1
1070
   284
1070
     0
1002
}
1001
CAXA_DRAFT_DIMARCLENSTYLE
1070
     1
1001
CAXA_DRAFT_DDTSTY_2011R3
1070
     0
1001
ACAD_DSTYLE_DIMINSPECT
1070
   396
1000

1070
   395
1000

1070
   394
1070
     0
1070
   393
1070
     0
1001
CX_DBDIM_TXTFRAME
1070
     0
1070
     0
1001
CDRAFT_DIM_STD_REV_NAME
1000
GB
1000
*DIMSTD
1000

1001
ACAD_DSTYLE_DIMTEXT_FILL
1070
   376
1070
     1
  0
DIMENSION
  5
2C8
330
1F
100
AcDbEntity
  8
尺寸线层
100
AcDbDimension
  2
*X23
 10
1193.694318247701
 20
930.6621758653691
 30
0.0
 11
1123.974999064308
 21
987.8058798033649
 31
0.0
 70
    34
 71
     5
 42
-1.0
  3
标准
100
AcDb2LineAngularDimension
 13
1216.649971632199
 23
953.6178292498207
 33
0.0
 14
1218.649971632199
 24
953.6178292498207
 34
0.0
 15
1216.649971632199
 25
953.6178292498662
 35
0.0
 16
1155.65863544431
 26
976.1176997881332
 36
0.0
1001
CAXA_DRAFT_DIMARROWREVERSE
1070
     0
1001
ACAD
1000
DSTYLE
1002
{
1070
    69
1070
     1
1070
   284
1070
     8
1070
   173
1070
     1
1070
    77
1070
     0
1070
   272
1070
     2
1070
    73
1070
     1
1070
    74
1070
     1
1002
}
1001
CAXA_DRAFT_DIMARCLENSTYLE
1070
     1
1001
CAXA_DRAFT_DDTSTY_2011R3
1070
     0
1001
ACAD_DSTYLE_DIMINSPECT
1070
   396
1000

1070
   395
1000

1070
   394
1070
     0
1070
   393
1070
     0
1001
CX_DBDIM_TXTFRAME
1070
     0
1070
     0
1001
CDRAFT_DIM_STD_REV_NAME
1000
GB
1000
*DIMSTD
1000

1001
UserSetTxtLoc
1070
     0
1001
UserSetTxtLocType
1070
     0
1001
ACAD_DSTYLE_DIMTEXT_FILL
1070
   376
1070
     1
  0
MTEXT
  5
2C9
330
1F
100
AcDbEntity
  8
尺寸线层
100
AcDbMText
 10
822.7674290237792
 20
1594.165813353422
 30
0.0
 40
45.0
 41
2397.237015178835
 71
     1
 72
     1
  1
\T1.1;节点1  E/(4-5)轴第一层  共1件
  7
标准
 73
     1
 44
1.150569886022795
1001
CAXA_DRAFT_TXTSCALE
1041
9.0
1001
ACAD
1000
ACAD_MTEXT_DEFINED_HEIGHT_BEGIN
1070
    46
1040
108.9497393041001
1000
ACAD_MTEXT_DEFINED_HEIGHT_END
  0
LINE
  5
2CA
330
1F
100
AcDbEntity
  8
粗实线层
100
AcDbLine
 10
2142.802142279766
 20
2341.518338216001
 30
0.0
 11
2142.802142279766
 21
2327.51833821694
 31
0.0
  0
LINE
  5
2CB
330
1F
100
AcDbEntity
  8
粗实线层
100
AcDbLine
 10
2142.802142280712
 20
2327.518338216938
 30
0.0
 11
2342.802142279766
 21
2327.518338216938
 31
0.0
  0
LINE
  5
2CC
330
1F
100
AcDbEntity
  8
粗实线层
100
AcDbLine
 10
2342.802142279766
 20
2327.518338216938
 30
0.0
 11
2342.802142279766
 21
2341.518338216938
 31
0.0
  0
LINE
  5
2CD
330
1F
100
AcDbEntity
  8
粗实线层
100
AcDbLine
 10
2342.80214227882
 20
2341.518338216938
 30
0.0
 11
2142.802142279766
 21
2341.518338216938
 31
0.0
  0
LINE
  5
2CE
330
1F
100
AcDbEntity
  8
粗实线层
100
AcDbLine
 10
2230.302142279766
 20
2327.518338216538
 30
0.0
 11
2230.302142279766
 21
1865.518338207225
 31
0.0
  0
LINE
  5
2CF
330
1F
100
AcDbEntity
  8
粗实线层
100
AcDbLine
 10
2230.30214228047
 20
1865.518338207223
 30
0.0
 11
2255.302142279766
 21
1865.518338207223
 31
0.0
  0
LINE
  5
2D0
330
1F
100
AcDbEntity
  8
粗实线层
100
AcDbLine
 10
2255.302142279766
 20
2327.518338216538
 30
0.0
 11
2255.302142279766
 21
1865.518338207225
 31
0.0
  0
LINE
  5
2D1
330
1F
100
AcDbEntity
  8
粗实线层
100
AcDbLine
 10
2230.302142279766
 20
2173.858611342688
 30
0.0
 11
2142.802142279766
 21
2173.858611342688
 31
0.0
  0
LINE
  5
2D2
330
1F
100
AcDbEntity
  8
粗实线层
100
AcDbLine
 10
2142.802142279766
 20
2173.85861134269
 30
0.0
 11
2142.802142279766
 21
2148.85861134269
 31
0.0
  0
LINE
  5
2D3
330
1F
100
AcDbEntity
  8
粗实线层
100
AcDbLine
 10
2142.802142280712
 20
2148.85861134269
 30
0.0
 11
2230.302142279766
 21
2148.85861134269
 31
0.0
  0
LINE
  5
2D4
330
1F
100
AcDbEntity
  8
粗实线层
100
AcDbLine
 10
2230.302142279766
 20
2103.858611342688
 30
0.0
 11
2142.802142279766
 21
2103.858611342688
 31
0.0
  0
LINE
  5
2D5
330
1F
100
AcDbEntity
  8
粗实线层
100
AcDbLine
 10
2142.802142279766
 20
2103.85861134269
 30
0.0
 11
2142.802142279766
 21
2078.85861134269
 31
0.0
  0
LINE
  5
2D6
330
1F
100
AcDbEntity
  8
粗实线层
100
AcDbLine
 10
2142.802142280712
 20
2078.85861134269
 30
0.0
 11
2230.302142279766
 21
2078.85861134269
 31
0.0
  0
LINE
  5
2D7
330
1F
100
AcDbEntity
  8
粗实线层
100
AcDbLine
 10
2230.302142279766
 20
2033.858611342688
 30
0.0
 11
2142.802142279766
 21
2033.858611342688
 31
0.0
  0
LINE
  5
2D8
330
1F
100
AcDbEntity
  8
粗实线层
100
AcDbLine
 10
2142.802142279766
 20
2033.85861134269
 30
0.0
 11
2142.802142279766
 21
2008.85861134269
 31
0.0
  0
LINE
  5
2D9
330
1F
100
AcDbEntity
  8
粗实线层
100
AcDbLine
 10
2142.802142279602
 20
2008.85861134269
 30
0.0
 11
2230.302142279766
 21
2008.85861134269
 31
0.0
  0
LINE
  5
2DA
330
1F
100
AcDbEntity
  8
粗实线层
100
AcDbLine
 10
2255.302142279766
 20
2173.858611342688
 30
0.0
 11
2342.802142279766
 21
2173.858611342688
 31
0.0
  0
LINE
  5
2DB
330
1F
100
AcDbEntity
  8
粗实线层
100
AcDbLine
 10
2342.802142279766
 20
2173.858611342688
 30
0.0
 11
2342.802142279766
 21
2148.858611342692
 31
0.0
  0
LINE
  5
2DC
330
1F
100
AcDbEntity
  8
粗实线层
100
AcDbLine
 10
2342.80214227882
 20
2148.85861134269
 30
0.0
 11
2255.302142279766
 21
2148.85861134269
 31
0.0
  0
LINE
  5
2DD
330
1F
100
AcDbEntity
  8
粗实线层
100
AcDbLine
 10
2255.302142279766
 20
2103.858611342688
 30
0.0
 11
2342.802142279766
 21
2103.858611342688
 31
0.0
  0
LINE
  5
2DE
330
1F
100
AcDbEntity
  8
粗实线层
100
AcDbLine
 10
2342.802142279766
 20
2103.858611342688
 30
0.0
 11
2342.802142279766
 21
2078.858611342692
 31
0.0
  0
LINE
  5
2DF
330
1F
100
AcDbEntity
  8
粗实线层
100
AcDbLine
 10
2342.80214227882
 20
2078.85861134269
 30
0.0
 11
2255.302142279766
 21
2078.85861134269
 31
0.0
  0
LINE
  5
2E0
330
1F
100
AcDbEntity
  8
粗实线层
100
AcDbLine
 10
2255.302142279766
 20
2033.858611342688
 30
0.0
 11
2342.802142279766
 21
2033.858611342688
 31
0.0
  0
LINE
  5
2E1
330
1F
100
AcDbEntity
  8
粗实线层
100
AcDbLine
 10
2342.802142279766
 20
2033.858611342688
 30
0.0
 11
2342.802142279766
 21
2008.858611342692
 31
0.0
  0
LINE
  5
2E2
330
1F
100
AcDbEntity
  8
粗实线层
100
AcDbLine
 10
2342.80214227993
 20
2008.85861134269
 30
0.0
 11
2255.302142279766
 21
2008.85861134269
 31
0.0
  0
DIMENSION
  5
2EC
330
1F
100
AcDbEntity
  8
尺寸线层
100
AcDbDimension
  2
*X24
 10
2142.802142279766
 20
2401.780607114979
 30
0.0
 11
2242.802141779293
 21
2422.979629461347
 31
0.0
 70
   160
 71
     5
 42
-1.0
  3
标准
100
AcDbAlignedDimension
 13
2342.80214227882
 23
2341.518338216938
 33
0.0
 14
2142.802142279766
 24
2341.518338216938
 34
0.0
100
AcDbRotatedDimension
1001
CX_DbAnnotate_TxtLocPara
1041
0.0
1001
CX_DbAnnotate_SimDimOriTxt
1070
     0
1001
CAXA_DRAFT_DIMARROWREVERSE
1070
     0
1001
ACAD
1000
DSTYLE
1002
{
1070
    69
1070
     1
1070
   173
1070
     1
1070
   284
1070
     0
1002
}
1001
CAXA_DRAFT_DIMARCLENSTYLE
1070
     1
1001
CAXA_DRAFT_DDTSTY_2011R3
1070
     0
1001
ACAD_DSTYLE_DIMINSPECT
1070
   396
1000

1070
   395
1000

1070
   394
1070
     0
1070
   393
1070
     0
1001
CX_DBDIM_TXTFRAME
1070
     0
1070
     0
1001
CDRAFT_DIM_STD_REV_NAME
1000
GB
1000
*DIMSTD
1000

1001
ACAD_DSTYLE_DIMTEXT_FILL
1070
   376
1070
     1
  0
DIMENSION
  5
2F6
330
1F
100
AcDbEntity
  8
尺寸线层
100
AcDbDimension
  2
*X25
 10
2082.757243016244
 20
2148.85861134269
 30
0.0
 11
2061.558220669875
 21
2161.35861084269
 31
0.0
 70
   160
 71
     5
 42
-1.0
  3
标准
100
AcDbAlignedDimension
 13
2142.802142279766
 23
2173.85861134269
 33
0.0
 14
2142.802142279766
 24
2148.85861134269
 34
0.0
 50
270.0
100
AcDbRotatedDimension
1001
CX_DbAnnotate_TxtLocPara
1041
0.0
1001
CX_DbAnnotate_SimDimOriTxt
1070
     0
1001
CAXA_DRAFT_DIMARROWREVERSE
1070
     0
1001
ACAD
1000
DSTYLE
1002
{
1070
    69
1070
     1
1070
   173
1070
     1
1070
   284
1070
     0
1002
}
1001
CAXA_DRAFT_DIMARCLENSTYLE
1070
     1
1001
CAXA_DRAFT_DDTSTY_2011R3
1070
     0
1001
ACAD_DSTYLE_DIMINSPECT
1070
   396
1000

1070
   395
1000

1070
   394
1070
     0
1070
   393
1070
     0
1001
CX_DBDIM_TXTFRAME
1070
     0
1070
     0
1001
CDRAFT_DIM_STD_REV_NAME
1000
GB
1000
*DIMSTD
1000

1001
ACAD_DSTYLE_DIMTEXT_FILL
1070
   376
1070
     1
  0
DIMENSION
  5
300
330
1F
100
AcDbEntity
  8
尺寸线层
100
AcDbDimension
  2
*X26
 10
2082.757243016244
 20
2078.85861134269
 30
0.0
 11
2061.558220669875
 21
2091.35861084269
 31
0.0
 70
   160
 71
     5
 42
-1.0
  3
标准
100
AcDbAlignedDimension
 13
2142.802142279766
 23
2103.85861134269
 33
0.0
 14
2142.802142279766
 24
2078.85861134269
 34
0.0
 50
270.0
100
AcDbRotatedDimension
1001
CX_DbAnnotate_TxtLocPara
1041
0.0
1001
CX_DbAnnotate_SimDimOriTxt
1070
     0
1001
CAXA_DRAFT_DIMARROWREVERSE
1070
     0
1001
ACAD
1000
DSTYLE
1002
{
1070
    69
1070
     1
1070
   173
1070
     1
1070
   284
1070
     0
1002
}
1001
CAXA_DRAFT_DIMARCLENSTYLE
1070
     1
1001
CAXA_DRAFT_DDTSTY_2011R3
1070
     0
1001
ACAD_DSTYLE_DIMINSPECT
1070
   396
1000

1070
   395
1000

1070
   394
1070
     0
1070
   393
1070
     0
1001
CX_DBDIM_TXTFRAME
1070
     0
1070
     0
1001
CDRAFT_DIM_STD_REV_NAME
1000
GB
1000
*DIMSTD
1000

1001
ACAD_DSTYLE_DIMTEXT_FILL
1070
   376
1070
     1
  0
DIMENSION
  5
30A
330
1F
100
AcDbEntity
  8
尺寸线层
100
AcDbDimension
  2
*X27
 10
2082.757243016244
 20
2008.85861134269
 30
0.0
 11
2061.558220669875
 21
2021.35861084269
 31
0.0
 70
   160
 71
     5
 42
-1.0
  3
标准
100
AcDbAlignedDimension
 13
2142.802142279766
 23
2033.85861134269
 33
0.0
 14
2142.802142279766
 24
2008.85861134269
 34
0.0
 50
270.0
100
AcDbRotatedDimension
1001
CX_DbAnnotate_TxtLocPara
1041
0.0
1001
CX_DbAnnotate_SimDimOriTxt
1070
     0
1001
CAXA_DRAFT_DIMARROWREVERSE
1070
     0
1001
ACAD
1000
DSTYLE
1002
{
1070
    69
1070
     1
1070
   173
1070
     1
1070
   284
1070
     0
1002
}
1001
CAXA_DRAFT_DIMARCLENSTYLE
1070
     1
1001
CAXA_DRAFT_DDTSTY_2011R3
1070
     0
1001
ACAD_DSTYLE_DIMINSPECT
1070
   396
1000

1070
   395
1000

1070
   394
1070
     0
1070
   393
1070
     0
1001
CX_DBDIM_TXTFRAME
1070
     0
1070
     0
1001
CDRAFT_DIM_STD_REV_NAME
1000
GB
1000
*DIMSTD
1000

1001
ACAD_DSTYLE_DIMTEXT_FILL
1070
   376
1070
     1
  0
DIMENSION
  5
314
330
1F
100
AcDbEntity
  8
尺寸线层
100
AcDbDimension
  2
*X28
 10
2255.302142279766
 20
1750.253615084015
 30
0.0
 11
2242.802142779766
 21
1771.452637430384
 31
0.0
 70
   160
 71
     5
 42
-1.0
  3
标准
100
AcDbAlignedDimension
 13
2230.302142279766
 23
1865.518338207223
 33
0.0
 14
2255.302142279766
 24
1865.518338207223
 34
0.0
100
AcDbRotatedDimension
1001
CX_DbAnnotate_TxtLocPara
1041
0.0
1001
CX_DbAnnotate_SimDimOriTxt
1070
     0
1001
CAXA_DRAFT_DIMARROWREVERSE
1070
     0
1001
ACAD
1000
DSTYLE
1002
{
1070
    69
1070
     1
1070
   173
1070
     1
1070
   284
1070
     0
1002
}
1001
CAXA_DRAFT_DIMARCLENSTYLE
1070
     1
1001
CAXA_DRAFT_DDTSTY_2011R3
1070
     0
1001
ACAD_DSTYLE_DIMINSPECT
1070
   396
1000

1070
   395
1000

1070
   394
1070
     0
1070
   393
1070
     0
1001
CX_DBDIM_TXTFRAME
1070
     0
1070
     0
1001
CDRAFT_DIM_STD_REV_NAME
1000
GB
1000
*DIMSTD
1000

1001
ACAD_DSTYLE_DIMTEXT_FILL
1070
   376
1070
     1
  0
DIMENSION
  5
31E
330
1F
100
AcDbEntity
  8
尺寸线层
100
AcDbDimension
  2
*X29
 10
2082.757243016244
 20
2327.51833821694
 30
0.0
 11
2061.47023184306
 21
2334.51833771647
 31
0.0
 70
   160
 71
     5
 42
-1.0
  3
标准
100
AcDbAlignedDimension
 13
2142.802142279766
 23
2341.518338216001
 33
0.0
 14
2142.802142279766
 24
2327.51833821694
 34
0.0
 50
270.0
100
AcDbRotatedDimension
1001
CX_DbAnnotate_TxtLocPara
1041
0.0
1001
CX_DbAnnotate_SimDimOriTxt
1070
     0
1001
CAXA_DRAFT_DIMARROWREVERSE
1070
     0
1001
ACAD
1000
DSTYLE
1002
{
1070
    69
1070
     1
1070
   173
1070
     1
1070
   284
1070
     0
1002
}
1001
CAXA_DRAFT_DIMARCLENSTYLE
1070
     1
1001
CAXA_DRAFT_DDTSTY_2011R3
1070
     0
1001
ACAD_DSTYLE_DIMINSPECT
1070
   396
1000

1070
   395
1000

1070
   394
1070
     0
1070
   393
1070
     0
1001
CX_DBDIM_TXTFRAME
1070
     0
1070
     0
1001
CDRAFT_DIM_STD_REV_NAME
1000
GB
1000
*DIMSTD
1000

1001
ACAD_DSTYLE_DIMTEXT_FILL
1070
   376
1070
     1
  0
DIMENSION
  5
328
330
1F
100
AcDbEntity
  8
尺寸线层
100
AcDbDimension
  2
*X30
 10
2230.302142279766
 20
1820.457102600863
 30
0.0
 11
2171.802142279606
 21
1841.656124947232
 31
0.0
 70
   160
 71
     5
 42
-1.0
  3
标准
100
AcDbAlignedDimension
 13
2142.802142279602
 23
2008.85861134269
 33
0.0
 14
2230.302142279766
 24
1865.518338207223
 34
0.0
100
AcDbRotatedDimension
1001
CX_DbAnnotate_TxtLocPara
1041
0.0
1001
CX_DbAnnotate_SimDimOriTxt
1070
     0
1001
CAXA_DRAFT_DIMARROWREVERSE
1070
     0
1001
ACAD
1000
DSTYLE
1002
{
1070
    69
1070
     1
1070
   173
1070
     1
1070
   271
1070
     1
1070
   284
1070
     0
1002
}
1001
CAXA_DRAFT_DIMARCLENSTYLE
1070
     1
1001
CAXA_DRAFT_DDTSTY_2011R3
1070
     0
1001
ACAD_DSTYLE_DIMINSPECT
1070
   396
1000

1070
   395
1000

1070
   394
1070
     0
1070
   393
1070
     0
1001
CX_DBDIM_TXTFRAME
1070
     0
1070
     0
1001
CDRAFT_DIM_STD_REV_NAME
1000
GB
1000
*DIMSTD
1000

1001
ACAD_DSTYLE_DIMTEXT_FILL
1070
   376
1070
     1
  0
DIMENSION
  5
332
330
1F
100
AcDbEntity
  8
尺寸线层
100
AcDbDimension
  2
*X31
 10
2255.302142279766
 20
1820.457102600865
 30
0.0
 11
2299.052141779848
 21
1841.656124947234
 31
0.0
 70
   160
 71
     5
 42
-1.0
  3
标准
100
AcDbAlignedDimension
 13
2342.80214227993
 23
2008.85861134269
 33
0.0
 14
2255.302142279766
 24
1865.518338207223
 34
0.0
100
AcDbRotatedDimension
1001
CX_DbAnnotate_TxtLocPara
1041
0.0
1001
CX_DbAnnotate_SimDimOriTxt
1070
     0
1001
CAXA_DRAFT_DIMARROWREVERSE
1070
     0
1001
ACAD
1000
DSTYLE
1002
{
1070
    69
1070
     1
1070
   173
1070
     1
1070
   271
1070
     1
1070
   284
1070
     0
1002
}
1001
CAXA_DRAFT_DIMARCLENSTYLE
1070
     1
1001
CAXA_DRAFT_DDTSTY_2011R3
1070
     0
1001
ACAD_DSTYLE_DIMINSPECT
1070
   396
1000

1070
   395
1000

1070
   394
1070
     0
1070
   393
1070
     0
1001
CX_DBDIM_TXTFRAME
1070
     0
1070
     0
1001
CDRAFT_DIM_STD_REV_NAME
1000
GB
1000
*DIMSTD
1000

1001
ACAD_DSTYLE_DIMTEXT_FILL
1070
   376
1070
     1
  0
HATCH
  5
333
330
1F
100
AcDbEntity
  8
剖面线层
100
AcDbHatch
 10
0.0
 20
0.0
 30
0.0
210
0.0
220
0.0
230
1.0
  2
无图案
 70
     0
 71
     0
 91
        7
 92
        0
 93
        4
 72
     1
 10
2342.802142279766
 20
2033.858611342688
 11
2342.802142279766
 21
2008.858611342692
 72
     1
 10
2342.802142279766
 20
2008.858611342692
 11
2255.302142279766
 21
2008.85861134269
 72
     1
 10
2255.302142279766
 20
2008.85861134269
 11
2255.302142279766
 21
2033.85861134269
 72
     1
 10
2255.302142279766
 20
2033.85861134269
 11
2342.802142279766
 21
2033.858611342688
 97
        0
 92
        0
 93
        4
 72
     1
 10
2230.302142279766
 20
2033.858611342688
 11
2230.302142279766
 21
2008.85861134269
 72
     1
 10
2230.302142279766
 20
2008.85861134269
 11
2142.802142279602
 21
2008.85861134269
 72
     1
 10
2142.802142279602
 20
2008.85861134269
 11
2142.802142279766
 21
2033.85861134269
 72
     1
 10
2142.802142279766
 20
2033.85861134269
 11
2230.302142279766
 21
2033.858611342688
 97
        0
 92
        0
 93
        4
 72
     1
 10
2342.802142279766
 20
2103.858611342688
 11
2342.802142279766
 21
2078.858611342692
 72
     1
 10
2342.802142279766
 20
2078.858611342692
 11
2255.302142279766
 21
2078.85861134269
 72
     1
 10
2255.302142279766
 20
2078.85861134269
 11
2255.302142279766
 21
2103.858611342688
 72
     1
 10
2255.302142279766
 20
2103.858611342688
 11
2342.802142279766
 21
2103.858611342688
 97
        0
 92
        0
 93
        4
 72
     1
 10
2230.302142279766
 20
2103.858611342688
 11
2230.302142279766
 21
2078.85861134269
 72
     1
 10
2230.302142279766
 20
2078.85861134269
 11
2142.802142280712
 21
2078.85861134269
 72
     1
 10
2142.802142280712
 20
2078.85861134269
 11
2142.802142279766
 21
2103.85861134269
 72
     1
 10
2142.802142279766
 20
2103.85861134269
 11
2230.302142279766
 21
2103.858611342688
 97
        0
 92
        0
 93
        4
 72
     1
 10
2342.802142279766
 20
2173.858611342688
 11
2342.802142279766
 21
2148.858611342692
 72
     1
 10
2342.802142279766
 20
2148.858611342692
 11
2255.302142279766
 21
2148.85861134269
 72
     1
 10
2255.302142279766
 20
2148.85861134269
 11
2255.302142279766
 21
2173.858611342692
 72
     1
 10
2255.302142279766
 20
2173.858611342692
 11
2342.802142279766
 21
2173.858611342688
 97
        0
 92
        0
 93
        4
 72
     1
 10
2230.302142279766
 20
2173.85861134269
 11
2230.302142279766
 21
2148.85861134269
 72
     1
 10
2230.302142279766
 20
2148.85861134269
 11
2142.802142280712
 21
2148.85861134269
 72
     1
 10
2142.802142280712
 20
2148.85861134269
 11
2142.802142279766
 21
2173.85861134269
 72
     1
 10
2142.802142279766
 20
2173.85861134269
 11
2230.302142279766
 21
2173.858611342688
 97
        0
 92
        0
 93
        6
 72
     1
 10
2342.802142279766
 20
2341.518338216938
 11
2342.802142279766
 21
2327.518338216938
 72
     1
 10
2342.802142279766
 20
2327.518338216938
 11
2255.302142279766
 21
2327.518338216938
 72
     1
 10
2255.302142279766
 20
2327.518338216938
 11
2230.302142279766
 21
2327.518338216938
 72
     1
 10
2230.302142279766
 20
2327.518338216938
 11
2142.802142280712
 21
2327.518338216938
 72
     1
 10
2142.802142280712
 20
2327.518338216938
 11
2142.802142279766
 21
2341.518338216001
 72
     1
 10
2142.802142279766
 20
2341.518338216001
 11
2342.80214227882
 21
2341.518338216938
 97
        0
 75
     0
 76
     0
 52
0.0
 41
1.0
 77
     0
 78
     1
 53
315.0
 43
0.0
 44
0.0
 45
8.485281374238571
 46
8.485281374238568
 79
     0
 98
        7
 10
2285.285101064175
 20
2027.792658211065
 10
2175.485855577696
 20
2028.478903495356
 10
2280.481384074141
 20
2087.495997944337
 10
2191.955742400668
 20
2096.417186640114
 10
2274.305176515527
 20
2156.806771657677
 10
2185.779534842054
 20
2161.610488647711
 10
2241.479777083632
 20
2335.230545573208
1001
CAXA_DRAFT_HATCH_SCALE_ANGLE
1041
12.0
1041
5.497787143782138
  0
HATCH
  5
334
330
1F
100
AcDbEntity
  8
剖面线层
100
AcDbHatch
 10
0.0
 20
0.0
 30
0.0
210
0.0
220
0.0
230
1.0
  2
无图案
 70
     0
 71
     0
 91
        1
 92
        0
 93
       16
 72
     1
 10
2255.302142279766
 20
2078.85861134269
 11
2255.302142279766
 21
2033.858611342688
 72
     1
 10
2255.302142279766
 20
2033.858611342688
 11
2255.302142279766
 21
2008.85861134269
 72
     1
 10
2255.302142279766
 20
2008.85861134269
 11
2255.302142279766
 21
1865.518338207225
 72
     1
 10
2255.302142279766
 20
1865.518338207225
 11
2230.30214228047
 21
1865.518338207223
 72
     1
 10
2230.30214228047
 20
1865.518338207223
 11
2230.302142279766
 21
2008.858611342692
 72
     1
 10
2230.302142279766
 20
2008.858611342692
 11
2230.302142279766
 21
2033.858611342688
 72
     1
 10
2230.302142279766
 20
2033.858611342688
 11
2230.302142279766
 21
2078.858611342692
 72
     1
 10
2230.302142279766
 20
2078.858611342692
 11
2230.302142279766
 21
2103.85861134269
 72
     1
 10
2230.302142279766
 20
2103.85861134269
 11
2230.302142279766
 21
2148.85861134269
 72
     1
 10
2230.302142279766
 20
2148.85861134269
 11
2230.302142279766
 21
2173.858611342688
 72
     1
 10
2230.302142279766
 20
2173.858611342688
 11
2230.302142279766
 21
2327.518338216538
 72
     1
 10
2230.302142279766
 20
2327.518338216538
 11
2255.302142279766
 21
2327.518338216938
 72
     1
 10
2255.302142279766
 20
2327.518338216938
 11
2255.302142279766
 21
2173.858611342688
 72
     1
 10
2255.302142279766
 20
2173.858611342688
 11
2255.302142279766
 21
2148.858611342692
 72
     1
 10
2255.302142279766
 20
2148.858611342692
 11
2255.302142279766
 21
2103.858611342688
 72
     1
 10
2255.302142279766
 20
2103.858611342688
 11
2255.302142279766
 21
2078.85861134269
 97
        0
 75
     0
 76
     0
 52
0.0
 41
1.0
 77
     0
 78
     1
 53
225.0
 43
0.0
 44
0.0
 45
8.48528137423857
 46
-8.485281374238571
 79
     0
 98
        1
 10
2240.965093120414
 20
2063.992096957389
1001
CAXA_DRAFT_HATCH_SCALE_ANGLE
1041
12.0
1041
3.926990816987241
  0
HATCH
  5
335
330
1F
100
AcDbEntity
  8
剖面线层
100
AcDbHatch
 10
0.0
 20
0.0
 30
0.0
210
0.0
220
0.0
230
1.0
  2
无图案
 70
     0
 71
     0
 91
       19
 92
        0
 93
        7
 72
     1
 10
2597.003113542343
 20
1920.645094112853
 11
2597.003113542343
 21
2120.645094111907
 72
     1
 10
2597.003113542343
 20
2120.645094111907
 11
2611.003113542343
 21
2120.645094112855
 72
     1
 10
2611.003113542343
 20
2120.645094112855
 11
2611.003113542343
 21
2033.145094112855
 72
     1
 10
2611.003113542343
 20
2033.145094112855
 11
2611.003113542343
 21
2020.645094112855
 72
     1
 10
2611.003113542343
 20
2020.645094112855
 11
2611.003113542343
 21
2008.145094112855
 72
     1
 10
2611.003113542343
 20
2008.145094112855
 11
2611.003113542343
 21
1920.645094113801
 72
     1
 10
2611.003113542343
 20
1920.645094113801
 11
2597.003113542171
 21
1920.645094112853
 97
        0
 92
        0
 93
        5
 72
     1
 10
3468.003113542343
 20
2033.145094112853
 11
3468.003113542343
 21
2120.645094112857
 72
     1
 10
3468.003113542343
 20
2120.645094112857
 11
3482.003113542343
 21
2120.645094112853
 72
     1
 10
3482.003113542343
 20
2120.645094112853
 11
3482.003113542343
 21
2020.645094112855
 72
     1
 10
3482.003113542343
 20
2020.645094112855
 11
3468.003113542343
 21
2020.645094112853
 72
     1
 10
3468.003113542343
 20
2020.645094112853
 11
3468.003113542343
 21
2033.145094112853
 97
        0
 92
        0
 93
        5
 72
     1
 10
3468.003113542343
 20
1920.645094113799
 11
3468.003113542343
 21
2008.145094112853
 72
     1
 10
3468.003113542343
 20
2008.145094112853
 11
3468.003113542343
 21
2020.645094112853
 72
     1
 10
3468.003113542343
 20
2020.645094112853
 11
3482.003113542343
 21
2020.645094112853
 72
     1
 10
3482.003113542343
 20
2020.645094112853
 11
3482.003113542343
 21
1920.645094112851
 72
     1
 10
3482.003113542343
 20
1920.645094112851
 11
3468.003113542343
 21
1920.645094112851
 97
        0
 92
        0
 93
        4
 72
     1
 10
2750.826125361962
 20
2033.145094112855
 11
2750.826125361962
 21
2120.645094112857
 72
     1
 10
2750.826125361962
 20
2120.645094112857
 11
2775.826125361962
 21
2120.645094112855
 72
     1
 10
2775.826125361962
 20
2120.645094112855
 11
2775.826125361962
 21
2033.145094112855
 72
     1
 10
2775.826125361962
 20
2033.145094112855
 11
2750.826125361962
 21
2033.145094112855
 97
        0
 92
        0
 93
        4
 72
     1
 10
2750.826125361962
 20
1920.645094113805
 11
2750.826125361962
 21
2008.145094112855
 72
     1
 10
2750.826125361962
 20
2008.145094112855
 11
2775.826125361962
 21
2008.145094112855
 72
     1
 10
2775.826125361962
 20
2008.145094112855
 11
2775.826125361962
 21
1920.645094113801
 72
     1
 10
2775.826125361962
 20
1920.645094113801
 11
2750.826125363369
 21
1920.645094112855
 97
        0
 92
        0
 93
        4
 72
     1
 10
2825.237084266095
 20
2033.145094112855
 11
2825.237084266095
 21
2120.645094112855
 72
     1
 10
2825.237084266095
 20
2120.645094112855
 11
2850.237084266096
 21
2120.645094112855
 72
     1
 10
2850.237084266096
 20
2120.645094112855
 11
2850.237084266095
 21
2033.145094112855
 72
     1
 10
2850.237084266095
 20
2033.145094112855
 11
2825.237084266095
 21
2033.145094112855
 97
        0
 92
        0
 93
        4
 72
     1
 10
2825.237084266096
 20
1920.645094113805
 11
2825.237084266096
 21
2008.145094112855
 72
     1
 10
2825.237084266096
 20
2008.145094112855
 11
2850.237084266096
 21
2008.145094112855
 72
     1
 10
2850.237084266096
 20
2008.145094112855
 11
2850.237084266096
 21
1920.645094113803
 72
     1
 10
2850.237084266096
 20
1920.645094113803
 11
2825.237084267503
 21
1920.645094112855
 97
        0
 92
        0
 93
        4
 72
     1
 10
2899.648043170228
 20
2033.145094112855
 11
2899.648043170228
 21
2120.645094112857
 72
     1
 10
2899.648043170228
 20
2120.645094112857
 11
2924.648043169932
 21
2120.645094112853
 72
     1
 10
2924.648043169932
 20
2120.645094112853
 11
2924.648043170228
 21
2033.145094112855
 72
     1
 10
2924.648043170228
 20
2033.145094112855
 11
2899.648043170228
 21
2033.145094112855
 97
        0
 92
        0
 93
        4
 72
     1
 10
2899.648043170228
 20
1920.645094113801
 11
2899.648043170228
 21
2008.145094112855
 72
     1
 10
2899.648043170228
 20
2008.145094112855
 11
2924.648043170228
 21
2008.145094112855
 72
     1
 10
2924.648043170228
 20
2008.145094112855
 11
2924.648043170228
 21
1920.645094113801
 72
     1
 10
2924.648043170228
 20
1920.645094113801
 11
2899.648043170228
 21
1920.645094112853
 97
        0
 92
        0
 93
        4
 72
     1
 10
3032.503113542343
 20
2033.145094112855
 11
3032.503113542343
 21
2120.645094111906
 72
     1
 10
3032.503113542343
 20
2120.645094111906
 11
3039.503113542343
 21
2120.645094112855
 72
     1
 10
3039.503113542343
 20
2120.645094112855
 11
3039.503113542343
 21
2033.145094112853
 72
     1
 10
3039.503113542343
 20
2033.145094112853
 11
3032.503113542343
 21
2033.145094112855
 97
        0
 92
        0
 93
        4
 72
     1
 10
3039.503113542343
 20
2033.145094112855
 11
3039.503113542343
 21
2120.645094111909
 72
     1
 10
3039.503113542343
 20
2120.645094111909
 11
3046.503113542343
 21
2120.645094112855
 72
     1
 10
3046.503113542343
 20
2120.645094112855
 11
3046.503113542343
 21
2033.145094112855
 72
     1
 10
3046.503113542343
 20
2033.145094112855
 11
3039.503113542343
 21
2033.145094112853
 97
        0
 92
        0
 93
        4
 72
     1
 10
3032.503113542344
 20
1920.645094112853
 11
3032.503113542344
 21
2008.145094112855
 72
     1
 10
3032.503113542344
 20
2008.145094112855
 11
3039.503113542343
 21
2008.145094112855
 72
     1
 10
3039.503113542343
 20
2008.145094112855
 11
3039.503113542343
 21
1920.645094112851
 72
     1
 10
3039.503113542343
 20
1920.645094112851
 11
3032.503113543923
 21
1920.645094112853
 97
        0
 92
        0
 93
        4
 72
     1
 10
3039.503113542343
 20
1920.645094112851
 11
3039.503113542343
 21
2008.145094112855
 72
     1
 10
3039.503113542343
 20
2008.145094112855
 11
3046.503113542343
 21
2008.145094112855
 72
     1
 10
3046.503113542343
 20
2008.145094112855
 11
3046.503113542343
 21
1920.645094112853
 72
     1
 10
3046.503113542343
 20
1920.645094112853
 11
3039.503113542343
 21
1920.645094112853
 97
        0
 92
        0
 93
        4
 72
     1
 10
3145.358183914458
 20
2033.145094112853
 11
3145.358183914458
 21
2120.645094112855
 72
     1
 10
3145.358183914458
 20
2120.645094112855
 11
3170.358183914458
 21
2120.645094112851
 72
     1
 10
3170.358183914458
 20
2120.645094112851
 11
3170.358183914458
 21
2033.145094112853
 72
     1
 10
3170.358183914458
 20
2033.145094112853
 11
3145.358183914458
 21
2033.145094112853
 97
        0
 92
        0
 93
        4
 72
     1
 10
3145.358183914458
 20
1920.645094113801
 11
3145.358183914458
 21
2008.145094112855
 72
     1
 10
3145.358183914458
 20
2008.145094112855
 11
3170.358183914458
 21
2008.145094112853
 72
     1
 10
3170.358183914458
 20
2008.145094112853
 11
3170.358183914458
 21
1920.645094113799
 72
     1
 10
3170.358183914458
 20
1920.645094113799
 11
3145.358183914755
 21
1920.645094112851
 97
        0
 92
        0
 93
        4
 72
     1
 10
3219.769142818592
 20
2033.145094112853
 11
3219.769142818592
 21
2120.645094112857
 72
     1
 10
3219.769142818592
 20
2120.645094112857
 11
3244.769142818592
 21
2120.645094112853
 72
     1
 10
3244.769142818592
 20
2120.645094112853
 11
3244.769142818592
 21
2033.145094112853
 72
     1
 10
3244.769142818592
 20
2033.145094112853
 11
3219.769142818592
 21
2033.145094112853
 97
        0
 92
        0
 93
        4
 72
     1
 10
3219.769142818592
 20
1920.645094113801
 11
3219.769142818592
 21
2008.145094112855
 72
     1
 10
3219.769142818592
 20
2008.145094112855
 11
3244.769142818592
 21
2008.145094112853
 72
     1
 10
3244.769142818592
 20
2008.145094112853
 11
3244.769142818592
 21
1920.645094113801
 72
     1
 10
3244.769142818592
 20
1920.645094113801
 11
3219.769142818591
 21
1920.645094112853
 97
        0
 92
        0
 93
        4
 72
     1
 10
3294.180101722725
 20
2033.145094112855
 11
3294.180101722725
 21
2120.645094112857
 72
     1
 10
3294.180101722725
 20
2120.645094112857
 11
3319.180101722725
 21
2120.645094112853
 72
     1
 10
3319.180101722725
 20
2120.645094112853
 11
3319.180101722725
 21
2033.145094112853
 72
     1
 10
3319.180101722725
 20
2033.145094112853
 11
3294.180101722725
 21
2033.145094112853
 97
        0
 92
        0
 93
        4
 72
     1
 10
3294.180101722725
 20
1920.645094113801
 11
3294.180101722725
 21
2008.145094112853
 72
     1
 10
3294.180101722725
 20
2008.145094112853
 11
3319.180101722725
 21
2008.145094112853
 72
     1
 10
3319.180101722725
 20
2008.145094112853
 11
3319.180101722725
 21
1920.645094113801
 72
     1
 10
3319.180101722725
 20
1920.645094113801
 11
3294.180101722725
 21
1920.645094112853
 97
        0
 75
     0
 76
     0
 52
0.0
 41
1.0
 77
     0
 78
     1
 53
135.0
 43
0.0
 44
0.0
 45
-8.485281374238571
 46
-8.48528137423857
 79
     0
 98
       19
 10
2601.48785512943
 20
2061.614241482515
 10
3474.773137962336
 20
2063.225011726112
 10
3477.213121289905
 20
2000.090443125251
 10
2760.315519858405
 20
2076.301797372304
 10
2752.538073001777
 20
1981.599944471014
 10
2834.430013433327
 20
2071.269331759191
 10
2836.260000929004
 20
1989.834888201562
 10
2908.08701013433
 20
2071.726828633111
 10
2904.884532016895
 20
1982.514938218852
 10
3036.414883268686
 20
2078.665531220886
 10
3041.498181867789
 20
2078.055535388994
 10
3034.534062787018
 20
1997.942749467129
 10
3043.277336377475
 20
1991.436127260276
 10
3154.144078823913
 20
2050.300725037892
 10
3157.397389927339
 20
1984.421175193518
 10
3231.842297911203
 20
2086.010897696589
 10
3233.90103384384
 20
1983.760346375631
 10
3305.956791486125
 20
2070.913500857252
 10
3309.388018040519
 20
1996.79900728233
1001
CAXA_DRAFT_HATCH_SCALE_ANGLE
1041
12.0
1041
2.356194490192345
  0
HATCH
  5
336
330
1F
100
AcDbEntity
  8
剖面线层
100
AcDbHatch
 10
0.0
 20
0.0
 30
0.0
210
0.0
220
0.0
230
1.0
  2
无图案
 70
     0
 71
     0
 91
        4
 92
        0
 93
       11
 72
     1
 10
2611.003113542343
 20
2020.645094112855
 11
2611.003113542343
 21
2033.145094112855
 72
     1
 10
2611.003113542343
 20
2033.145094112855
 11
2750.826125361962
 21
2033.145094112855
 72
     1
 10
2750.826125361962
 20
2033.145094112855
 11
2775.826125361962
 21
2033.145094112855
 72
     1
 10
2775.826125361962
 20
2033.145094112855
 11
2825.237084266095
 21
2033.145094112855
 72
     1
 10
2825.237084266095
 20
2033.145094112855
 11
2850.237084266095
 21
2033.145094112855
 72
     1
 10
2850.237084266095
 20
2033.145094112855
 11
2899.648043170228
 21
2033.145094112855
 72
     1
 10
2899.648043170228
 20
2033.145094112855
 11
2924.648043170229
 21
2033.145094112855
 72
     1
 10
2924.648043170229
 20
2033.145094112855
 11
3032.503113542343
 21
2033.145094112855
 72
     1
 10
3032.503113542343
 20
2033.145094112855
 11
3039.503113542343
 21
2033.145094112855
 72
     1
 10
3039.503113542343
 20
2033.145094112855
 11
3039.503113542343
 21
2020.645094112855
 72
     1
 10
3039.503113542343
 20
2020.645094112855
 11
2611.003113542343
 21
2020.645094112855
 97
        0
 92
        0
 93
       11
 72
     1
 10
2611.003113542343
 20
2008.145094112855
 11
2611.003113542343
 21
2020.645094112855
 72
     1
 10
2611.003113542343
 20
2020.645094112855
 11
3039.503113542343
 21
2020.645094112855
 72
     1
 10
3039.503113542343
 20
2020.645094112855
 11
3039.503113542343
 21
2008.145094112855
 72
     1
 10
3039.503113542343
 20
2008.145094112855
 11
3032.503113542344
 21
2008.145094112855
 72
     1
 10
3032.503113542344
 20
2008.145094112855
 11
2924.648043170228
 21
2008.145094112855
 72
     1
 10
2924.648043170228
 20
2008.145094112855
 11
2899.648043170228
 21
2008.145094112855
 72
     1
 10
2899.648043170228
 20
2008.145094112855
 11
2850.237084266096
 21
2008.145094112855
 72
     1
 10
2850.237084266096
 20
2008.145094112855
 11
2825.237084266096
 21
2008.145094112855
 72
     1
 10
2825.237084266096
 20
2008.145094112855
 11
2775.826125361962
 21
2008.145094112855
 72
     1
 10
2775.826125361962
 20
2008.145094112855
 11
2750.826125361962
 21
2008.145094112855
 72
     1
 10
2750.826125361962
 20
2008.145094112855
 11
2611.003113542343
 21
2008.145094112855
 97
        0
 92
        0
 93
       11
 72
     1
 10
3039.503113542343
 20
2020.645094112853
 11
3039.503113542343
 21
2033.145094112853
 72
     1
 10
3039.503113542343
 20
2033.145094112853
 11
3046.503113542343
 21
2033.145094112855
 72
     1
 10
3046.503113542343
 20
2033.145094112855
 11
3145.358183914458
 21
2033.145094112855
 72
     1
 10
3145.358183914458
 20
2033.145094112855
 11
3170.358183914458
 21
2033.145094112855
 72
     1
 10
3170.358183914458
 20
2033.145094112855
 11
3219.769142818592
 21
2033.145094112855
 72
     1
 10
3219.769142818592
 20
2033.145094112855
 11
3244.769142818592
 21
2033.145094112855
 72
     1
 10
3244.769142818592
 20
2033.145094112855
 11
3294.180101722725
 21
2033.145094112855
 72
     1
 10
3294.180101722725
 20
2033.145094112855
 11
3319.180101722725
 21
2033.145094112855
 72
     1
 10
3319.180101722725
 20
2033.145094112855
 11
3468.003113542343
 21
2033.145094112853
 72
     1
 10
3468.003113542343
 20
2033.145094112853
 11
3468.003113542343
 21
2020.645094112853
 72
     1
 10
3468.003113542343
 20
2020.645094112853
 11
3039.503113542343
 21
2020.645094112853
 97
        0
 92
        0
 93
       11
 72
     1
 10
3039.503113542343
 20
2008.145094112855
 11
3039.503113542343
 21
2020.645094112853
 72
     1
 10
3039.503113542343
 20
2020.645094112853
 11
3468.003113542343
 21
2020.645094112853
 72
     1
 10
3468.003113542343
 20
2020.645094112853
 11
3468.003113542343
 21
2008.145094112853
 72
     1
 10
3468.003113542343
 20
2008.145094112853
 11
3319.180101722725
 21
2008.145094112853
 72
     1
 10
3319.180101722725
 20
2008.145094112853
 11
3294.180101722725
 21
2008.145094112853
 72
     1
 10
3294.180101722725
 20
2008.145094112853
 11
3244.769142818593
 21
2008.145094112853
 72
     1
 10
3244.769142818593
 20
2008.145094112853
 11
3219.769142818592
 21
2008.145094112853
 72
     1
 10
3219.769142818592
 20
2008.145094112853
 11
3170.358183914458
 21
2008.145094112853
 72
     1
 10
3170.358183914458
 20
2008.145094112853
 11
3145.358183914458
 21
2008.145094112853
 72
     1
 10
3145.358183914458
 20
2008.145094112853
 11
3046.503113542343
 21
2008.145094112853
 72
     1
 10
3046.503113542343
 20
2008.145094112853
 11
3039.503113542343
 21
2008.145094112853
 97
        0
 75
     0
 76
     0
 52
0.0
 41
1.0
 77
     0
 78
     1
 53
45.0
 43
0.0
 44
0.0
 45
-8.485281374238571
 46
8.485281374238571
 79
     0
 98
        4
 10
2761.459262043205
 20
2023.410075448635
 10
2759.629274547528
 20
2011.057659852815
 10
3054.104762393566
 20
2025.392561902283
 10
3059.289726964651
 20
2012.582649432543
1001
CAXA_DRAFT_HATCH_SCALE_ANGLE
1041
12.0
1041
0.7853981633974483
  0
INSERT
  5
337
330
1F
100
AcDbEntity
  8
细实线层
100
AcDbBlockReference
  2
*X32
 10
672.2471645007499
 20
2209.982360596907
 30
0.0
1001
CAXA_DRAFT_ENLARGE_EDGE
1071
        5
1070
     1
1071
        0
1001
CAXA_DRAFT_BLKHIDE
1070
     0
  0
INSERT
  5
33F
330
1F
100
AcDbEntity
  8
尺寸线层
100
AcDbBlockReference
  2
*X33
 10
262.7239211105125
 20
2300.293514333222
 30
0.0
1001
CAXA_DRAFT_BLKHIDE
1070
     0
1001
CAXA_DRAFT_ENL_COMMENTS
1000
CommentsOfPartEnlarge
1070
     1
1071
        0
  0
INSERT
  5
346
330
1F
100
AcDbEntity
  8
粗实线层
100
AcDbBlockReference
  2
*X34
 10
268.9001289084226
 20
2129.418431924374
 30
0.0
 41
2.5
 42
2.5
 43
2.5
1001
CAXA_DRAFT_BLKHIDE
1070
     0
  0
LINE
  5
356
330
1F
100
AcDbEntity
  8
0
100
AcDbLine
 10
1832.017974103549
 20
648.1379503810094
 30
0.0
 11
1857.417974104421
 21
648.1379503810094
 31
0.0
  0
LINE
  5
357
330
1F
100
AcDbEntity
  8
0
100
AcDbLine
 10
1857.417974104421
 20
648.1379503810076
 30
0.0
 11
1857.417974104421
 21
936.1379503810094
 31
0.0
  0
LINE
  5
358
330
1F
100
AcDbEntity
  8
0
100
AcDbLine
 10
1566.399829410029
 20
648.1379503820062
 30
0.0
 11
1566.399829410029
 21
936.1379503810094
 31
0.0
  0
LINE
  5
359
330
1F
100
AcDbEntity
  8
0
100
AcDbLine
 10
1566.39982941068
 20
936.1379503810094
 30
0.0
 11
1629.399829410028
 21
936.1379503810094
 31
0.0
  0
LINE
  5
35A
330
1F
100
AcDbEntity
  8
0
100
AcDbLine
 10
1654.399829410029
 20
911.1379503800563
 30
0.0
 11
1654.399829410029
 21
648.1379503810094
 31
0.0
  0
LINE
  5
35B
330
1F
100
AcDbEntity
  8
0
100
AcDbLine
 10
1654.399829410029
 20
648.1379503810094
 30
0.0
 11
1566.399829410029
 21
648.1379503810094
 31
0.0
  0
INSERT
  5
363
330
1F
100
AcDbEntity
  8
尺寸线层
100
AcDbBlockReference
  2
*X36
 10
1734.18952086007
 20
1032.77186788882
 30
0.0
1001
CAXA_DRAFT_DMOVMAP_2011R3
1071
        0
1001
CAXA_DRAFT_DMOVMAP_2013
1071
        0
1001
CDRAFT_TXTROT_2011R3
1041
0.0
1001
CDRAFT_DIM_STD_REV_NAME
1000
GB
1000
*DIMLEADERSTD
1000
GB/T 4458.4-1984
1001
CAXA_DRAFT_DIMLEADER
1000
标准
1041
0.0
1000
单边坡口（一半）
1000

1070
     0
1000

1000

1000

1041
15.0
1070
     0
1041
1734.18952086007
1041
1032.77186788882
1041
0.0
1041
-6649.584183524101
1041
5151.961505373492
1041
0.0
1041
-6649.584183524101
1041
5151.961505373492
1041
0.0
1071
        1
1071
       17
1041
0.7200000000000001
1041
1851.966413111772
1041
916.5593574782215
1041
0.0
1071
        1
1041
1827.703414491355
1041
1032.77186788882
1041
0.0
1070
     1
1070
     0
1001
CAXA_DRAFT_LEADER_DISPREFLINE
1070
     1
  0
INSERT
  5
36B
330
1F
100
AcDbEntity
  8
尺寸线层
100
AcDbBlockReference
  2
*X37
 10
2200.896977078388
 20
1036.945316500287
 30
0.0
1001
CAXA_DRAFT_DMOVMAP_2011R3
1071
        0
1001
CAXA_DRAFT_DMOVMAP_2013
1071
        0
1001
CDRAFT_TXTROT_2011R3
1041
0.0
1001
CDRAFT_DIM_STD_REV_NAME
1000
GB
1000
*DIMLEADERSTD
1000
GB/T 4458.4-1984
1001
CAXA_DRAFT_DIMLEADER
1000
标准
1041
0.0
1000
单边坡口（一半）
1000

1070
     0
1000

1000

1000

1041
15.0
1070
     0
1041
2200.896977078388
1041
1036.945316500287
1041
0.0
1041
10570.67522587381
1041
5151.961505373492
1041
0.0
1041
10570.67522587381
1041
5151.961505373492
1041
0.0
1071
        1
1071
       17
1041
0.7200000000000001
1041
2069.124629237935
1041
916.5593574782215
1041
0.0
1071
        1
1041
2107.383083447103
1041
1036.945316500287
1041
0.0
1070
     1
1070
     0
1001
CAXA_DRAFT_LEADER_DISPREFLINE
1070
     1
  0
LINE
  5
36C
330
1F
100
AcDbEntity
  8
粗实线层
100
AcDbLine
 10
1855.017974104421
 20
936.1379503810094
 30
0.0
 11
1832.017974104421
 21
913.1379503810094
 31
0.0
  0
LINE
  5
36D
330
1F
100
AcDbEntity
  8
粗实线层
100
AcDbLine
 10
1857.417974104421
 20
936.1379503810094
 30
0.0
 11
1855.017974104421
 21
936.1379503810094
 31
0.0
  0
LINE
  5
36E
330
1F
100
AcDbEntity
  8
0
100
AcDbLine
 10
1832.017974104421
 20
648.1379503810094
 30
0.0
 11
1832.017974104421
 21
913.1379503810094
 31
0.0
  0
DIMENSION
  5
378
330
1F
100
AcDbEntity
  8
尺寸线层
100
AcDbDimension
  2
*X38
 10
1857.417974104421
 20
960.3656095408624
 30
0.0
 11
1911.928141305538
 21
981.564631887231
 31
0.0
 70
   160
 71
     5
 42
-1.0
  3
标准
100
AcDbAlignedDimension
 13
1855.017974104421
 23
936.1379503810094
 33
0.0
 14
1857.417974104421
 24
936.1379503810094
 34
0.0
100
AcDbRotatedDimension
1001
CX_DbAnnotate_TxtLocPara
1041
0.0
1001
CX_DbAnnotate_SimDimOriTxt
1070
     0
1001
CAXA_DRAFT_DIMARROWREVERSE
1070
     0
1001
ACAD
1000
DSTYLE
1002
{
1070
    69
1070
     1
1070
   173
1070
     1
1070
   284
1070
     0
1002
}
1001
CAXA_DRAFT_DIMARCLENSTYLE
1070
     1
1001
CAXA_DRAFT_DDTSTY_2011R3
1070
     0
1001
ACAD_DSTYLE_DIMINSPECT
1070
   396
1000

1070
   395
1000

1070
   394
1070
     0
1070
   393
1070
     0
1001
CX_DBDIM_TXTFRAME
1070
     0
1070
     0
1001
CDRAFT_DIM_STD_REV_NAME
1000
GB
1000
*DIMSTD
1000

1001
ACAD_DSTYLE_DIMTEXT_FILL
1070
   376
1070
     1
  0
LINE
  5
379
330
1F
100
AcDbEntity
  8
0
100
AcDbLine
 10
2087.265962628539
 20
648.1379503810076
 30
0.0
 11
2061.865962627667
 21
648.1379503810076
 31
0.0
  0
LINE
  5
37A
330
1F
100
AcDbEntity
  8
0
100
AcDbLine
 10
2061.865962627667
 20
648.1379503810058
 30
0.0
 11
2061.865962627667
 21
936.1379503810076
 31
0.0
  0
LINE
  5
37B
330
1F
100
AcDbEntity
  8
粗实线层
100
AcDbLine
 10
2064.265962627667
 20
936.1379503810076
 30
0.0
 11
2087.265962627667
 21
913.1379503810076
 31
0.0
  0
LINE
  5
37C
330
1F
100
AcDbEntity
  8
粗实线层
100
AcDbLine
 10
2061.865962627667
 20
936.1379503810076
 30
0.0
 11
2064.265962627667
 21
936.1379503810076
 31
0.0
  0
LINE
  5
37D
330
1F
100
AcDbEntity
  8
0
100
AcDbLine
 10
2087.265962627667
 20
648.1379503810076
 30
0.0
 11
2087.265962627667
 21
913.1379503810076
 31
0.0
  0
DIMENSION
  5
387
330
1F
100
AcDbEntity
  8
尺寸线层
100
AcDbDimension
  2
*X39
 10
2061.865962627667
 20
960.3656095408605
 30
0.0
 11
2007.35579542655
 21
981.5646318872292
 31
0.0
 70
   160
 71
     5
 42
-1.0
  3
标准
100
AcDbAlignedDimension
 13
2064.265962627667
 23
936.1379503810076
 33
0.0
 14
2061.865962627667
 24
936.1379503810076
 34
0.0
100
AcDbRotatedDimension
1001
CX_DbAnnotate_TxtLocPara
1041
0.0
1001
CX_DbAnnotate_SimDimOriTxt
1070
     0
1001
CAXA_DRAFT_DIMARROWREVERSE
1070
     0
1001
ACAD
1000
DSTYLE
1002
{
1070
    69
1070
     1
1070
   173
1070
     1
1070
   284
1070
     0
1002
}
1001
CAXA_DRAFT_DIMARCLENSTYLE
1070
     1
1001
CAXA_DRAFT_DDTSTY_2011R3
1070
     0
1001
ACAD_DSTYLE_DIMINSPECT
1070
   396
1000

1070
   395
1000

1070
   394
1070
     0
1070
   393
1070
     0
1001
CX_DBDIM_TXTFRAME
1070
     0
1070
     0
1001
CDRAFT_DIM_STD_REV_NAME
1000
GB
1000
*DIMSTD
1000

1001
ACAD_DSTYLE_DIMTEXT_FILL
1070
   376
1070
     1
  0
ARC
  5
388
330
1F
100
AcDbEntity
  8
粗实线层
100
AcDbCircle
 10
1654.399829412157
 20
936.1379503821845
 30
0.0
 40
25.00000000212867
100
AcDbArc
 50
180.0
 51
270.0
  0
DIMENSION
  5
390
330
1F
100
AcDbEntity
  8
尺寸线层
100
AcDbDimension
  2
*X40
 10
1654.399829412157
 20
936.1379503821845
 30
0.0
 11
1715.426639076234
 21
984.3279471579995
 31
0.0
 70
    36
 71
     5
 42
-1.0
  3
标准
100
AcDbRadialDimension
 15
1641.663474266235
 25
914.6255061299996
 35
0.0
 40
0.0
1001
CAXA_DRAFT_ISNEB09R3
1070
     1
1001
CxDragRadDimLnStyle
1070
     0
1001
CAXA_DRAFT_DIMARROWREVERSE
1070
     0
1001
ACAD
1000
DSTYLE
1002
{
1070
    69
1070
     1
1070
     3
1000
R<>
1070
   173
1070
     1
1070
    73
1070
     1
1070
    74
1070
     1
1070
   284
1070
     0
1002
}
1001
CAXA_DRAFT_DIMARCLENSTYLE
1070
     1
1001
CAXA_DRAFT_DDTSTY_2011R3
1070
     0
1001
ACAD_DSTYLE_DIMINSPECT
1070
   396
1000

1070
   395
1000

1070
   394
1070
     0
1070
   393
1070
     0
1001
CX_DBDIM_TXTFRAME
1070
     0
1070
     0
1001
CDRAFT_DIM_STD_REV_NAME
1000
GB
1000
*DIMSTD
1000

1001
ACAD_DSTYLE_DIMTEXT_FILL
1070
   376
1070
     1
  0
INSERT
  5
391
330
1F
100
AcDbEntity
  8
粗实线层
100
AcDbBlockReference
  2
主视图
 10
1173.42588673524
 20
1822.313392815824
 30
0.0
1001
CAXA_DRAFT_BLKHIDE
1070
     0
  0
VIEWPORT
  5
50A
102
{ACAD_XDICTIONARY
360
525
102
}
330
1B
100
AcDbEntity
 67
     1
  8
0
100
AcDbViewport
 10
0.0
 20
0.0
 30
0.0
 40
300.0
 41
220.0
 68
     1
 69
     1
 12
0.0
 22
0.0
 13
0.0
 23
0.0
 14
10.0
 24
10.0
 15
10.0
 25
10.0
 16
0.0
 26
0.0
 36
1.0
 17
0.0
 27
0.0
 37
0.0
 42
50.0
 43
0.0
 44
0.0
 45
1.0
 50
0.0
 51
0.0
 72
   100
 90
   557152
  1

281
     0
 71
     1
 74
     0
110
0.0
120
0.0
130
0.0
111
1.0
121
0.0
131
0.0
112
0.0
122
1.0
132
0.0
 79
     0
146
0.0
  0
ENDSEC
  0
SECTION
  2
OBJECTS
  0
DICTIONARY
  5
C
330
0
100
AcDbDictionary
281
     1
  3
ACAD_GROUP
350
D
  3
ACAD_LAYOUT
350
1A
  3
ACAD_MATERIAL
350
43
  3
ACAD_MLEADERSTYLE
350
5B
  3
ACAD_MLINESTYLE
350
17
  3
ACAD_PLOTSETTINGS
350
19
  3
ACAD_PLOTSTYLENAME
350
E
  3
ACAD_SCALELIST
350
47
  3
ACAD_TABLESTYLE
350
59
  3
ACAD_VISUALSTYLE
350
2A
  3
ACAD_WIPEOUT_VARS
350
50B
  3
AcDbVariableDictionary
350
518
  3
CAXA_DRAFT_BOMSTYLE
350
115
  3
CAXA_DRAFT_CUTSSTYLE
350
109
  3
CAXA_DRAFT_CUTSSTYLEOVERRIDE
350
10D
  3
CAXA_DRAFT_DATATABLE*Model_Space
350
11B
  3
CAXA_DRAFT_DATATABLE*Paper_Space
350
508
  3
CAXA_DRAFT_DATUMSTYLE
350
103
  3
CAXA_DRAFT_DATUMSTYLEOVERRIDE
350
107
  3
CAXA_DRAFT_DIMSTYLE_ANGTXTVPOS
350
50C
  3
CAXA_DRAFT_DIMSTYLE_ISDISPZEROTOL
350
510
  3
CAXA_DRAFT_DIMSTYLE_ISFILLDFM
350
50E
  3
CAXA_DRAFT_DIMSTYLE_SYMBOLCOLOR
350
512
  3
CAXA_DRAFT_DRAFTDATA
350
514
  3
CAXA_DRAFT_FILEVERSION
350
D0
  3
CAXA_DRAFT_GEOTOLSTYLE
350
FD
  3
CAXA_DRAFT_GEOTOLSTYLEOVERRIDE
350
101
  3
CAXA_DRAFT_LEADERSTYLE
350
EE
  3
CAXA_DRAFT_PARTNOSTYLE
350
10F
  3
CAXA_DRAFT_PARTNOSTYLEOVERRIDE
350
113
  3
CAXA_DRAFT_ROUGHSTYLE
350
F7
  3
CAXA_DRAFT_ROUGHSTYLEOVERRIDE
350
FB
  3
CAXA_DRAFT_STDDATA
350
516
  3
CAXA_DRAFT_WELDSTYLE
350
F1
  3
CAXA_DRAFT_WELDSTYLEOVERRIDE
350
F5
  3
DWGPROPS
350
523
  0
DICTIONARY
  5
527
330
8
100
AcDbDictionary
280
     1
281
     1
  3
ACAD_XREC_ROUNDTRIP
360
528
  0
DICTIONARY
  5
350
330
348
100
AcDbDictionary
280
     1
281
     1
  3
ACAD_FILTER
360
351
  0
DICTIONARY
  5
525
330
50A
100
AcDbDictionary
280
     1
281
     1
  3
ACAD_XREC_ROUNDTRIP
360
526
  0
DICTIONARY
  5
D
102
{ACAD_REACTORS
330
C
102
}
330
C
100
AcDbDictionary
281
     1
  0
DICTIONARY
  5
1A
102
{ACAD_REACTORS
330
C
102
}
330
C
100
AcDbDictionary
281
     1
  3
Layout1
350
1E
  3
Model
350
22
  0
DICTIONARY
  5
43
102
{ACAD_REACTORS
330
C
102
}
330
C
100
AcDbDictionary
281
     1
  3
ByBlock
350
45
  3
ByLayer
350
44
  3
Global
350
46
  0
DICTIONARY
  5
5B
102
{ACAD_REACTORS
330
C
102
}
330
C
100
AcDbDictionary
281
     1
  3
Standard
350
5C
  0
DICTIONARY
  5
17
102
{ACAD_REACTORS
330
C
102
}
330
C
100
AcDbDictionary
281
     1
  3
Standard
350
18
  3
标准
350
119
  0
DICTIONARY
  5
19
102
{ACAD_REACTORS
330
C
102
}
330
C
100
AcDbDictionary
281
     1
  0
ACDBDICTIONARYWDFLT
  5
E
102
{ACAD_REACTORS
330
C
102
}
330
C
100
AcDbDictionary
281
     1
  3
Normal
350
F
100
AcDbDictionaryWithDefault
340
F
  0
DICTIONARY
  5
47
102
{ACAD_REACTORS
330
C
102
}
330
C
100
AcDbDictionary
281
     1
  3
A0
350
48
  3
A1
350
49
  3
A2
350
4A
  3
A3
350
4B
  3
A4
350
4C
  3
A5
350
4D
  3
A6
350
4E
  3
A7
350
4F
  3
A8
350
50
  3
A9
350
51
  3
B0
350
52
  3
B1
350
53
  3
B2
350
54
  3
B3
350
55
  3
B4
350
56
  3
B5
350
57
  3
B6
350
58
  0
DICTIONARY
  5
59
102
{ACAD_REACTORS
330
C
102
}
330
C
100
AcDbDictionary
281
     1
  3
Standard
350
5A
  3
标准
350
11A
  0
DICTIONARY
  5
2A
102
{ACAD_REACTORS
330
C
102
}
330
C
100
AcDbDictionary
281
     1
  3
2dWireframe
350
2F
  3
Basic
350
32
  3
Brighten
350
36
  3
ColorChange
350
3A
  3
Conceptual
350
34
  3
Dim
350
35
  3
EdgeColorOff
350
3D
  3
Facepattern
350
39
  3
Flat
350
2B
  3
FlatWithEdges
350
2C
  3
Gouraud
350
2D
  3
GouraudWithEdges
350
2E
  3
Hidden
350
31
  3
JitterOff
350
3B
  3
Linepattern
350
38
  3
OverhangOff
350
3C
  3
Realistic
350
33
  3
Shaded
350
42
  3
Shaded with edges
350
41
  3
Shades of Gray
350
3E
  3
Sketchy
350
3F
  3
Thicken
350
37
  3
Wireframe
350
30
  3
X-Ray
350
40
  0
WIPEOUTVARIABLES
  5
50B
102
{ACAD_REACTORS
330
C
102
}
330
C
100
AcDbWipeoutVariables
 70
     1
  0
DICTIONARY
  5
518
102
{ACAD_REACTORS
330
C
102
}
330
C
100
AcDbDictionary
281
     1
  3
CANNOSCALE
350
52D
  3
CENTEREXE
350
51F
  3
CENTERLTYPEFILE
350
520
  3
CMLEADERSTYLE
350
51A
  3
CTABLESTYLE
350
519
  3
DIMASSOC
350
521
  3
HIDETEXT
350
522
  3
MSLTSCALE
350
52E
  3
PSOLHEIGHT
350
51C
  3
PSOLWIDTH
350
51B
  0
DICTIONARY
  5
115
102
{ACAD_REACTORS
330
C
102
}
330
C
100
AcDbDictionary
281
     1
  3
CAXA_DRAFT_CURRENTBOMSTYLE
350
116
  3
GB(4458.2-2003)
350
118
  3
标准
350
117
  0
DICTIONARY
  5
109
102
{ACAD_REACTORS
330
C
102
}
330
C
100
AcDbDictionary
281
     1
  3
CAXA_DRAFT_CURRENTCUTSSTYLE
350
10A
  3
GB(17452-1998)
350
10C
  3
标准
350
10B
  0
DICTIONARY
  5
10D
102
{ACAD_REACTORS
330
C
102
}
330
C
100
AcDbDictionary
281
     1
  3
CAXA_DRAFT_CUTSSTYLEOVERRIDE
350
10E
  0
DICTIONARY
  5
11B
102
{ACAD_REACTORS
330
C
102
}
330
C
100
AcDbDictionary
281
     1
  3
CAXA_DRAFT_DATATABLE*Model_Space
350
11C
  0
DICTIONARY
  5
508
102
{ACAD_REACTORS
330
C
102
}
330
C
100
AcDbDictionary
281
     1
  3
CAXA_DRAFT_DATATABLE*Paper_Space
350
509
  0
DICTIONARY
  5
103
102
{ACAD_REACTORS
330
C
102
}
330
C
100
AcDbDictionary
281
     1
  3
CAXA_DRAFT_CURRENTDATUMSTYLE
350
104
  3
GB(1182-2008)
350
106
  3
标准
350
105
  0
DICTIONARY
  5
107
102
{ACAD_REACTORS
330
C
102
}
330
C
100
AcDbDictionary
281
     1
  3
CAXA_DRAFT_DATUMSTYLEOVERRIDE
350
108
  0
DICTIONARY
  5
50C
102
{ACAD_REACTORS
330
C
102
}
330
C
100
AcDbDictionary
281
     1
  3
CAXA_DRAFT_DIMSTYLE_ANGTXTVPOS
350
50D
  0
DICTIONARY
  5
510
102
{ACAD_REACTORS
330
C
102
}
330
C
100
AcDbDictionary
281
     1
  3
CAXA_DRAFT_DIMSTYLE_ISDISPZEROTOL
350
511
  0
DICTIONARY
  5
50E
102
{ACAD_REACTORS
330
C
102
}
330
C
100
AcDbDictionary
281
     1
  3
CAXA_DRAFT_DIMSTYLE_ISFILLDFM
350
50F
  0
DICTIONARY
  5
512
102
{ACAD_REACTORS
330
C
102
}
330
C
100
AcDbDictionary
281
     1
  3
CAXA_DRAFT_DIMSTYLE_SYMBOLCOLOR
350
513
  0
DICTIONARY
  5
514
102
{ACAD_REACTORS
330
C
102
}
330
C
100
AcDbDictionary
281
     1
  3
CAXA_DRAFT_DRAFTDATA
350
515
  0
DICTIONARY
  5
D0
102
{ACAD_REACTORS
330
C
102
}
330
C
100
AcDbDictionary
281
     1
  3
CAXA_DRAFT_FILEVERSION
350
D1
  0
DICTIONARY
  5
FD
102
{ACAD_REACTORS
330
C
102
}
330
C
100
AcDbDictionary
281
     1
  3
CAXA_DRAFT_CURRENTGEOTOLSTYLE
350
FE
  3
GB(1182-2008)
350
100
  3
标准
350
FF
  0
DICTIONARY
  5
101
102
{ACAD_REACTORS
330
C
102
}
330
C
100
AcDbDictionary
281
     1
  3
CAXA_DRAFT_GEOTOLSTYLEOVERRIDE
350
102
  0
DICTIONARY
  5
EE
102
{ACAD_REACTORS
330
C
102
}
330
C
100
AcDbDictionary
281
     1
  3
CAXA_DRAFT_CURRENTLEADERSTYLE
350
EF
  3
标准
350
F0
  0
DICTIONARY
  5
10F
102
{ACAD_REACTORS
330
C
102
}
330
C
100
AcDbDictionary
281
     1
  3
CAXA_DRAFT_CURRENTPARTNOSTYLE
350
110
  3
GB(4458.2-2003)
350
112
  3
标准
350
111
  0
DICTIONARY
  5
113
102
{ACAD_REACTORS
330
C
102
}
330
C
100
AcDbDictionary
281
     1
  3
CAXA_DRAFT_PARTNOSTYLEOVERRIDE
350
114
  0
DICTIONARY
  5
F7
102
{ACAD_REACTORS
330
C
102
}
330
C
100
AcDbDictionary
281
     1
  3
CAXA_DRAFT_CURRENTROUGHSTYLE
350
F8
  3
GB(131-93)
350
FA
  3
标准
350
F9
  0
DICTIONARY
  5
FB
102
{ACAD_REACTORS
330
C
102
}
330
C
100
AcDbDictionary
281
     1
  3
CAXA_DRAFT_ROUGHSTYLEOVERRIDE
350
FC
  0
DICTIONARY
  5
516
102
{ACAD_REACTORS
330
C
102
}
330
C
100
AcDbDictionary
281
     1
  3
CAXA_DRAFT_STDDATA
350
517
  0
DICTIONARY
  5
F1
102
{ACAD_REACTORS
330
C
102
}
330
C
100
AcDbDictionary
281
     1
  3
CAXA_DRAFT_CURRENTWELDSTYLE
350
F2
  3
GB(324-88)
350
F4
  3
标准
350
F3
  0
DICTIONARY
  5
F5
102
{ACAD_REACTORS
330
C
102
}
330
C
100
AcDbDictionary
281
     1
  3
CAXA_DRAFT_WELDSTYLEOVERRIDE
350
F6
  0
XRECORD
  5
523
102
{ACAD_REACTORS
330
C
102
}
330
C
100
AcDbXrecord
280
     1
  1
DWGPROPS COOKIE
  2

  3

  4

  6

  7

  8
wfei0
  9

300
=
301
=
302
=
303
=
304
=
305
=
306
=
307
=
308
=
309
=
 40
0.0
 41
2461109.019072882
 42
2461109.019073692
  1

 90
        0
  0
XRECORD
  5
528
102
{ACAD_REACTORS
330
527
102
}
330
527
100
AcDbXrecord
280
     1
102
VTR_0.000_0.000_1.000_1.000_VISUALSTYLE
340
2F
102
VTR_0.000_0.000_1.000_1.000_GRIDDISPLAY
 70
     3
102
VTR_0.000_0.000_1.000_1.000_GRIDMAJOR
 70
     5
102
VTR_0.000_0.000_1.000_1.000_DEFAULTLIGHTING
280
     1
102
VTR_0.000_0.000_1.000_1.000_DEFAULTLIGHTINGTYPE
 70
     1
102
VTR_0.000_0.000_1.000_1.000_BRIGHTNESS
141
0.0
102
VTR_0.000_0.000_1.000_1.000_CONTRAST
142
0.0
  0
DICTIONARY
  5
351
102
{ACAD_REACTORS
330
350
102
}
330
350
100
AcDbDictionary
281
     1
  3
SPATIAL
360
352
  0
XRECORD
  5
526
102
{ACAD_REACTORS
330
525
102
}
330
525
100
AcDbXrecord
280
     1
102
VISUALSTYLE
340
2F
102
GRIDDISPLAY
 70
     2
102
GRIDMAJOR
 70
     5
102
DEFAULTLIGHTING
280
     1
102
DEFAULTLIGHTINGTYPE
 70
     1
102
BRIGHTNESS
141
0.0
102
CONTRAST
142
0.0
  0
LAYOUT
  5
1E
102
{ACAD_REACTORS
330
1A
102
}
330
1A
100
AcDbPlotSettings
  1

  2
none_device
  4
Letter_(8.50_x_11.00_Inches)
  6

 40
6.35
 41
6.35
 42
6.35000508
 43
6.35000508
 44
215.9
 45
279.4
 46
0.0
 47
0.0
 48
0.0
 49
0.0
140
0.0
141
0.0
142
1.0
143
1.0
 70
   672
 72
     1
 73
     0
 74
     5
  7

 75
    16
147
1.0
148
0.0
149
0.0
100
AcDbLayout
  1
Layout1
 70
     1
 71
     1
 10
0.0
 20
0.0
 11
420.0
 21
297.0
 12
0.0
 22
0.0
 32
0.0
 14
1.000000000000000E+20
 24
1.000000000000000E+20
 34
1.000000000000000E+20
 15
-1.000000000000000E+20
 25
-1.000000000000000E+20
 35
-1.000000000000000E+20
146
0.0
 13
0.0
 23
0.0
 33
0.0
 16
1.0
 26
0.0
 36
0.0
 17
0.0
 27
1.0
 37
0.0
 76
     0
330
1B
331
50A
  0
LAYOUT
  5
22
102
{ACAD_REACTORS
330
1A
102
}
330
1A
100
AcDbPlotSettings
  1

  2
none_device
  4
Letter_(8.50_x_11.00_Inches)
  6

 40
6.35
 41
6.35
 42
6.35000508
 43
6.35000508
 44
215.9
 45
279.4
 46
0.0
 47
0.0
 48
0.0
 49
0.0
140
0.0
141
0.0
142
1.0
143
1.0
 70
  1712
 72
     1
 73
     0
 74
     0
  7

 75
     0
147
1.0
148
0.0
149
0.0
100
AcDbLayout
  1
Model
 70
     1
 71
     0
 10
-105.0
 20
-148.5
 11
105.0
 21
148.5
 12
0.0
 22
0.0
 32
0.0
 14
-2700.376358337744
 24
-1192.913793009951
 34
0.0
 15
8505.581177099804
 25
3495.894754712603
 35
0.0
146
0.0
 13
0.0
 23
0.0
 33
0.0
 16
1.0
 26
0.0
 36
0.0
 17
0.0
 27
1.0
 37
0.0
 76
     0
330
1F
331
29
  0
MATERIAL
  5
45
102
{ACAD_REACTORS
330
43
102
}
102
{ACAD_XDICTIONARY
360
561
102
}
330
43
100
AcDbMaterial
  1
ByBlock
  0
MATERIAL
  5
44
102
{ACAD_REACTORS
330
43
102
}
102
{ACAD_XDICTIONARY
360
55F
102
}
330
43
100
AcDbMaterial
  1
ByLayer
  0
MATERIAL
  5
46
102
{ACAD_REACTORS
330
43
102
}
102
{ACAD_XDICTIONARY
360
563
102
}
330
43
100
AcDbMaterial
  1
Global
  0
MLEADERSTYLE
  5
5C
102
{ACAD_REACTORS
330
5B
102
}
102
{ACAD_XDICTIONARY
360
566
102
}
330
5B
100
AcDbMLeaderStyle
170
     2
171
     1
172
     0
 90
        2
 40
0.0
 41
0.0
173
     1
 91
-1056964608
340
14
 92
       -2
290
     1
 42
2.0
291
     1
 43
8.0
  3
Standard
341
0
 44
4.0
300

342
11
174
     1
178
     6
175
     1
176
     0
 93
-1056964608
 45
4.0
292
     0
297
     0
 46
4.0
343
0
 94
-1056964608
 47
1.0
 49
1.0
140
1.0
293
     1
141
0.0
294
     1
177
     0
142
1.0
295
     0
296
     0
143
3.75
1001
ACAD_MLEADERVER
1070
     2
  0
MLINESTYLE
  5
18
102
{ACAD_REACTORS
330
17
102
}
330
17
100
AcDbMlineStyle
  2
Standard
 70
     0
  3

 62
   256
 51
90.0
 52
90.0
 71
     2
 49
0.5
 62
   256
  6
BYLAYER
 49
-0.5
 62
   256
  6
BYLAYER
  0
MLINESTYLE
  5
119
102
{ACAD_REACTORS
330
17
102
}
330
17
100
AcDbMlineStyle
  2
标准
 70
     0
  3
标准
 62
   256
 51
90.0
 52
90.0
 71
     2
 49
0.5
 62
   256
  6
BYLAYER
 49
-0.5
 62
   256
  6
BYLAYER
  0
ACDBPLACEHOLDER
  5
F
102
{ACAD_REACTORS
330
E
102
}
330
E
  0
SCALE
  5
48
102
{ACAD_REACTORS
330
47
102
}
330
47
100
AcDbScale
 70
     0
300
1:1
140
1.0
141
1.0
290
     1
  0
SCALE
  5
49
102
{ACAD_REACTORS
330
47
102
}
330
47
100
AcDbScale
 70
     0
300
1:2
140
1.0
141
2.0
290
     0
  0
SCALE
  5
4A
102
{ACAD_REACTORS
330
47
102
}
330
47
100
AcDbScale
 70
     0
300
1:4
140
1.0
141
4.0
290
     0
  0
SCALE
  5
4B
102
{ACAD_REACTORS
330
47
102
}
330
47
100
AcDbScale
 70
     0
300
1:5
140
1.0
141
5.0
290
     0
  0
SCALE
  5
4C
102
{ACAD_REACTORS
330
47
102
}
330
47
100
AcDbScale
 70
     0
300
1:8
140
1.0
141
8.0
290
     0
  0
SCALE
  5
4D
102
{ACAD_REACTORS
330
47
102
}
330
47
100
AcDbScale
 70
     0
300
1:10
140
1.0
141
10.0
290
     0
  0
SCALE
  5
4E
102
{ACAD_REACTORS
330
47
102
}
330
47
100
AcDbScale
 70
     0
300
1:16
140
1.0
141
16.0
290
     0
  0
SCALE
  5
4F
102
{ACAD_REACTORS
330
47
102
}
330
47
100
AcDbScale
 70
     0
300
1:20
140
1.0
141
20.0
290
     0
  0
SCALE
  5
50
102
{ACAD_REACTORS
330
47
102
}
330
47
100
AcDbScale
 70
     0
300
1:30
140
1.0
141
30.0
290
     0
  0
SCALE
  5
51
102
{ACAD_REACTORS
330
47
102
}
330
47
100
AcDbScale
 70
     0
300
1:40
140
1.0
141
40.0
290
     0
  0
SCALE
  5
52
102
{ACAD_REACTORS
330
47
102
}
330
47
100
AcDbScale
 70
     0
300
1:50
140
1.0
141
50.0
290
     0
  0
SCALE
  5
53
102
{ACAD_REACTORS
330
47
102
}
330
47
100
AcDbScale
 70
     0
300
1:100
140
1.0
141
100.0
290
     0
  0
SCALE
  5
54
102
{ACAD_REACTORS
330
47
102
}
330
47
100
AcDbScale
 70
     0
300
2:1
140
2.0
141
1.0
290
     0
  0
SCALE
  5
55
102
{ACAD_REACTORS
330
47
102
}
330
47
100
AcDbScale
 70
     0
300
4:1
140
4.0
141
1.0
290
     0
  0
SCALE
  5
56
102
{ACAD_REACTORS
330
47
102
}
330
47
100
AcDbScale
 70
     0
300
8:1
140
8.0
141
1.0
290
     0
  0
SCALE
  5
57
102
{ACAD_REACTORS
330
47
102
}
330
47
100
AcDbScale
 70
     0
300
10:1
140
10.0
141
1.0
290
     0
  0
SCALE
  5
58
102
{ACAD_REACTORS
330
47
102
}
330
47
100
AcDbScale
 70
     0
300
100:1
140
100.0
141
1.0
290
     0
  0
TABLESTYLE
  5
5A
102
{ACAD_REACTORS
330
59
102
}
330
59
100
AcDbTableStyle
  3
Standard
 70
     0
 71
     0
 40
1.5
 41
1.5
280
     0
281
     0
  7
Standard
140
4.5
170
     2
 62
     0
 63
   257
283
     0
274
    -2
284
     1
 64
     0
275
    -2
285
     1
 65
     0
276
    -2
286
     1
 66
     0
277
    -2
287
     1
 67
     0
278
    -2
288
     1
 68
     0
279
    -2
289
     1
 69
     0
  7
Standard
140
6.0
170
     5
 62
     0
 63
   257
283
     0
274
    -2
284
     1
 64
     0
275
    -2
285
     1
 65
     0
276
    -2
286
     1
 66
     0
277
    -2
287
     1
 67
     0
278
    -2
288
     1
 68
     0
279
    -2
289
     1
 69
     0
  7
Standard
140
4.5
170
     5
 62
     0
 63
   257
283
     0
274
    -2
284
     1
 64
     0
275
    -2
285
     1
 65
     0
276
    -2
286
     1
 66
     0
277
    -2
287
     1
 67
     0
278
    -2
288
     1
 68
     0
279
    -2
289
     1
 69
     0
  0
TABLESTYLE
  5
11A
102
{ACAD_REACTORS
330
59
102
}
330
59
100
AcDbTableStyle
  3

 70
     0
 71
     1
 40
1.5
 41
1.5
280
     0
281
     0
  7
标准
140
4.5
170
     2
 62
     0
 63
   257
283
     0
274
    -2
284
     1
 64
     0
275
    -2
285
     1
 65
     0
276
    -2
286
     1
 66
     0
277
    -2
287
     1
 67
     0
278
    -2
288
     1
 68
     0
279
    -2
289
     1
 69
     0
  7
标准
140
6.0
170
     5
 62
     0
 63
   257
283
     0
274
    -2
284
     1
 64
     0
275
    -2
285
     1
 65
     0
276
    -2
286
     1
 66
     0
277
    -2
287
     1
 67
     0
278
    -2
288
     1
 68
     0
279
    -2
289
     1
 69
     0
  7
标准
140
4.5
170
     5
 62
     0
 63
   257
283
     0
274
    -2
284
     1
 64
     0
275
    -2
285
     1
 65
     0
276
    -2
286
     1
 66
     0
277
    -2
287
     1
 67
     0
278
    -2
288
     1
 68
     0
279
    -2
289
     1
 69
     0
  0
VISUALSTYLE
  5
2F
102
{ACAD_REACTORS
330
2A
102
}
102
{ACAD_XDICTIONARY
360
537
102
}
330
2A
100
AcDbVisualStyle
  2
2dWireframe
 70
     4
 71
     0
 72
     2
 73
     0
 90
        0
 40
0.6
 41
30.0
 62
     5
 63
     7
 74
     1
 91
        4
 64
     7
 65
   257
 75
     1
175
     1
 42
1.0
 92
        0
 66
   257
 43
1.0
 76
     1
 77
     6
 78
     2
 67
     7
 79
     5
170
     0
171
     0
290
     0
174
     0
 93
        1
 44
0.0
173
     0
291
     0
 45
0.0
1001
ACAD
1000
AcDbSavedByObjectVersion
1070
     0
  0
VISUALSTYLE
  5
32
102
{ACAD_REACTORS
330
2A
102
}
102
{ACAD_XDICTIONARY
360
53D
102
}
330
2A
100
AcDbVisualStyle
  2
Basic
 70
     7
 71
     1
 72
     0
 73
     1
 90
        0
 40
0.6
 41
30.0
 62
     5
 63
     7
 74
     0
 91
        4
 64
     7
 65
   257
 75
     1
175
     1
 42
1.0
 92
        8
 66
     7
 43
1.0
 76
     1
 77
     6
 78
     2
 67
     7
 79
     5
170
     0
171
     0
290
     0
174
     0
 93
        1
 44
0.0
173
     0
291
     1
 45
0.0
1001
ACAD
1000
AcDbSavedByObjectVersion
1070
     0
  0
VISUALSTYLE
  5
36
102
{ACAD_REACTORS
330
2A
102
}
102
{ACAD_XDICTIONARY
360
545
102
}
330
2A
100
AcDbVisualStyle
  2
Brighten
 70
    12
 71
     2
 72
     2
 73
     0
 90
        0
 40
0.6
 41
30.0
 62
     5
 63
     7
 74
     1
 91
        4
 64
     7
 65
   257
 75
     1
175
     1
 42
1.0
 92
        8
 66
     7
 43
1.0
 76
     1
 77
     6
 78
     2
 67
     7
 79
     5
170
     0
171
     0
290
     0
174
     0
 93
        1
 44
50.0
173
     0
291
     1
 45
0.0
1001
ACAD
1000
AcDbSavedByObjectVersion
1070
     0
  0
VISUALSTYLE
  5
3A
102
{ACAD_REACTORS
330
2A
102
}
102
{ACAD_XDICTIONARY
360
54D
102
}
330
2A
100
AcDbVisualStyle
  2
ColorChange
 70
    16
 71
     2
 72
     2
 73
     3
 90
        0
 40
0.6
 41
30.0
 62
     5
 63
     8
 74
     1
 91
        4
 64
     7
 65
   257
 75
     1
175
     1
 42
1.0
 92
        8
 66
     8
 43
1.0
 76
     1
 77
     6
 78
     2
 67
     7
 79
     5
170
     0
171
     0
290
     0
174
     0
 93
        1
 44
0.0
173
     0
291
     1
 45
0.0
1001
ACAD
1000
AcDbSavedByObjectVersion
1070
     0
  0
VISUALSTYLE
  5
34
102
{ACAD_REACTORS
330
2A
102
}
102
{ACAD_XDICTIONARY
360
541
102
}
330
2A
100
AcDbVisualStyle
  2
Conceptual
 70
     9
 71
     3
 72
     2
 73
     0
 90
        0
 40
0.6
 41
30.0
 62
     5
 63
     7
 74
     2
 91
        2
 64
     7
 65
   257
 75
     1
175
     1
 42
179.0
 92
        8
 66
     7
 43
1.0
 76
     1
 77
     6
 78
     2
 67
     7
 79
     3
170
     0
171
     0
290
     0
174
     0
 93
        1
 44
0.0
173
     0
291
     0
 45
0.0
1001
ACAD
1000
AcDbSavedByObjectVersion
1070
     0
  0
VISUALSTYLE
  5
35
102
{ACAD_REACTORS
330
2A
102
}
102
{ACAD_XDICTIONARY
360
543
102
}
330
2A
100
AcDbVisualStyle
  2
Dim
 70
    11
 71
     2
 72
     2
 73
     0
 90
        0
 40
0.6
 41
30.0
 62
     5
 63
     7
 74
     1
 91
        4
 64
     7
 65
   257
 75
     1
175
     1
 42
1.0
 92
        8
 66
     7
 43
1.0
 76
     1
 77
     6
 78
     2
 67
     7
 79
     5
170
     0
171
     0
290
     0
174
     0
 93
        1
 44
-50.0
173
     0
291
     1
 45
0.0
1001
ACAD
1000
AcDbSavedByObjectVersion
1070
     0
  0
VISUALSTYLE
  5
3D
102
{ACAD_REACTORS
330
2A
102
}
102
{ACAD_XDICTIONARY
360
553
102
}
330
2A
100
AcDbVisualStyle
  2
EdgeColorOff
 70
    22
 71
     2
 72
     2
 73
     0
 90
        0
 40
0.6
 41
30.0
 62
     5
 63
     7
 74
     1
 91
        4
 64
     7
 65
   257
 75
     1
175
     1
 42
1.0
 92
        8
 66
     7
 43
1.0
 76
     1
 77
     6
 78
     2
 67
     7
 79
     5
170
     0
171
     0
290
     0
174
     0
 93
        1
 44
0.0
173
     0
291
     1
 45
0.0
1001
ACAD
1000
AcDbSavedByObjectVersion
1070
     0
  0
VISUALSTYLE
  5
39
102
{ACAD_REACTORS
330
2A
102
}
102
{ACAD_XDICTIONARY
360
54B
102
}
330
2A
100
AcDbVisualStyle
  2
Facepattern
 70
    15
 71
     2
 72
     2
 73
     0
 90
        0
 40
0.6
 41
30.0
 62
     5
 63
     7
 74
     1
 91
        4
 64
     7
 65
   257
 75
     1
175
     1
 42
1.0
 92
        8
 66
     7
 43
1.0
 76
     1
 77
     6
 78
     2
 67
     7
 79
     5
170
     0
171
     0
290
     0
174
     0
 93
        1
 44
0.0
173
     0
291
     1
 45
0.0
1001
ACAD
1000
AcDbSavedByObjectVersion
1070
     0
  0
VISUALSTYLE
  5
2B
102
{ACAD_REACTORS
330
2A
102
}
102
{ACAD_XDICTIONARY
360
52F
102
}
330
2A
100
AcDbVisualStyle
  2
Flat
 70
     0
 71
     2
 72
     1
 73
     1
 90
        2
 40
0.6
 41
30.0
 62
     5
 63
     7
 74
     0
 91
        0
 64
     7
 65
   257
 75
     1
175
     1
 42
1.0
 92
        8
 66
     7
 43
1.0
 76
     1
 77
     6
 78
     2
 67
     7
 79
     5
170
     0
171
     0
290
     0
174
     0
 93
       13
 44
0.0
173
     0
291
     1
 45
0.0
1001
ACAD
1000
AcDbSavedByObjectVersion
1070
     0
  0
VISUALSTYLE
  5
2C
102
{ACAD_REACTORS
330
2A
102
}
102
{ACAD_XDICTIONARY
360
531
102
}
330
2A
100
AcDbVisualStyle
  2
FlatWithEdges
 70
     1
 71
     2
 72
     1
 73
     1
 90
        2
 40
0.6
 41
30.0
 62
     5
 63
     7
 74
     1
 91
        0
 64
     7
 65
   257
 75
     1
175
     1
 42
1.0
 92
        0
 66
   257
 43
1.0
 76
     1
 77
     6
 78
     2
 67
     7
 79
     5
170
     0
171
     0
290
     0
174
     0
 93
       13
 44
0.0
173
     0
291
     1
 45
0.0
1001
ACAD
1000
AcDbSavedByObjectVersion
1070
     0
  0
VISUALSTYLE
  5
2D
102
{ACAD_REACTORS
330
2A
102
}
102
{ACAD_XDICTIONARY
360
533
102
}
330
2A
100
AcDbVisualStyle
  2
Gouraud
 70
     2
 71
     2
 72
     2
 73
     1
 90
        2
 40
0.6
 41
30.0
 62
     5
 63
     7
 74
     0
 91
        0
 64
     7
 65
   257
 75
     1
175
     1
 42
1.0
 92
        0
 66
     7
 43
1.0
 76
     1
 77
     6
 78
     2
 67
     7
 79
     5
170
     0
171
     0
290
     0
174
     0
 93
       13
 44
0.0
173
     0
291
     1
 45
0.0
1001
ACAD
1000
AcDbSavedByObjectVersion
1070
     0
  0
VISUALSTYLE
  5
2E
102
{ACAD_REACTORS
330
2A
102
}
102
{ACAD_XDICTIONARY
360
535
102
}
330
2A
100
AcDbVisualStyle
  2
GouraudWithEdges
 70
     3
 71
     2
 72
     2
 73
     1
 90
        2
 40
0.6
 41
30.0
 62
     5
 63
     7
 74
     1
 91
        0
 64
     7
 65
   257
 75
     1
175
     1
 42
1.0
 92
        0
 66
   257
 43
1.0
 76
     1
 77
     6
 78
     2
 67
     7
 79
     5
170
     0
171
     0
290
     0
174
     0
 93
       13
 44
0.0
173
     0
291
     1
 45
0.0
1001
ACAD
1000
AcDbSavedByObjectVersion
1070
     0
  0
VISUALSTYLE
  5
31
102
{ACAD_REACTORS
330
2A
102
}
102
{ACAD_XDICTIONARY
360
53B
102
}
330
2A
100
AcDbVisualStyle
  2
Hidden
 70
     6
 71
     1
 72
     2
 73
     2
 90
        0
 40
0.6
 41
30.0
 62
     5
 63
     7
 74
     2
 91
        2
 64
     7
 65
   257
 75
     2
175
     1
 42
40.0
 92
        0
 66
   257
 43
1.0
 76
     1
 77
     6
 78
     2
 67
     7
 79
     3
170
     0
171
     0
290
     0
174
     0
 93
        1
 44
0.0
173
     0
291
     0
 45
0.0
1001
ACAD
1000
AcDbSavedByObjectVersion
1070
     0
  0
VISUALSTYLE
  5
3B
102
{ACAD_REACTORS
330
2A
102
}
102
{ACAD_XDICTIONARY
360
54F
102
}
330
2A
100
AcDbVisualStyle
  2
JitterOff
 70
    20
 71
     2
 72
     2
 73
     0
 90
        0
 40
0.6
 41
30.0
 62
     5
 63
     7
 74
     1
 91
        4
 64
     7
 65
   257
 75
     1
175
     1
 42
1.0
 92
       10
 66
     7
 43
1.0
 76
     1
 77
     6
 78
     2
 67
     7
 79
     5
170
     0
171
     0
290
     0
174
     0
 93
        1
 44
0.0
173
     0
291
     1
 45
0.0
1001
ACAD
1000
AcDbSavedByObjectVersion
1070
     0
  0
VISUALSTYLE
  5
38
102
{ACAD_REACTORS
330
2A
102
}
102
{ACAD_XDICTIONARY
360
549
102
}
330
2A
100
AcDbVisualStyle
  2
Linepattern
 70
    14
 71
     2
 72
     2
 73
     0
 90
        0
 40
0.6
 41
30.0
 62
     5
 63
     7
 74
     1
 91
        4
 64
     7
 65
   257
 75
     7
175
     7
 42
1.0
 92
        8
 66
     7
 43
1.0
 76
     1
 77
     6
 78
     2
 67
     7
 79
     5
170
     0
171
     0
290
     0
174
     0
 93
        1
 44
0.0
173
     0
291
     1
 45
0.0
1001
ACAD
1000
AcDbSavedByObjectVersion
1070
     0
  0
VISUALSTYLE
  5
3C
102
{ACAD_REACTORS
330
2A
102
}
102
{ACAD_XDICTIONARY
360
551
102
}
330
2A
100
AcDbVisualStyle
  2
OverhangOff
 70
    21
 71
     2
 72
     2
 73
     0
 90
        0
 40
0.6
 41
30.0
 62
     5
 63
     7
 74
     1
 91
        4
 64
     7
 65
   257
 75
     1
175
     1
 42
1.0
 92
        9
 66
     7
 43
1.0
 76
     1
 77
     6
 78
     2
 67
     7
 79
     5
170
     0
171
     0
290
     0
174
     0
 93
        1
 44
0.0
173
     0
291
     1
 45
0.0
1001
ACAD
1000
AcDbSavedByObjectVersion
1070
     0
  0
VISUALSTYLE
  5
33
102
{ACAD_REACTORS
330
2A
102
}
102
{ACAD_XDICTIONARY
360
53F
102
}
330
2A
100
AcDbVisualStyle
  2
Realistic
 70
     8
 71
     2
 72
     3
 73
     0
 90
        2
 40
0.6
 41
30.0
 62
     5
 63
     7
 74
     0
 91
        0
 64
     7
 65
   257
 75
     1
175
     1
 42
1.0
 92
        8
 66
   257
 43
1.0
 76
     1
 77
     6
 78
     2
 67
     7
 79
     3
170
     0
171
     0
290
     0
174
     0
 93
       13
 44
0.0
173
     0
291
     0
 45
0.0
1001
ACAD
1000
AcDbSavedByObjectVersion
1070
     0
  0
VISUALSTYLE
  5
42
102
{ACAD_REACTORS
330
2A
102
}
102
{ACAD_XDICTIONARY
360
55D
102
}
330
2A
100
AcDbVisualStyle
  2
Shaded
 70
    27
 71
     2
 72
     2
 73
     1
 90
        2
 40
0.6
 41
30.0
 62
     5
 63
     7
 74
     0
 91
        4
 64
     7
 65
   257
 75
     1
175
     1
 42
1.0
 92
        8
 66
   257
 43
1.0
 76
     1
 77
     6
 78
     2
 67
     8
 79
     3
170
     0
171
     0
290
     0
174
     0
 93
        5
 44
0.0
173
     0
291
     0
 45
0.0
1001
ACAD
1000
AcDbSavedByObjectVersion
1070
     0
  0
VISUALSTYLE
  5
41
102
{ACAD_REACTORS
330
2A
102
}
102
{ACAD_XDICTIONARY
360
55B
102
}
330
2A
100
AcDbVisualStyle
  2
Shaded with edges
 70
    26
 71
     2
 72
     2
 73
     1
 90
        2
 40
0.6
 41
30.0
 62
     5
 63
     7
 74
     1
 91
       10
 64
     7
 65
   257
 75
     2
175
     1
 42
1.0
 92
        8
 66
   257
 43
1.0
 76
     1
 77
     6
 78
     2
 67
     7
 79
     3
170
     0
171
     0
290
     0
174
     0
 93
        5
 44
0.0
173
     0
291
     0
 45
0.0
1001
ACAD
1000
AcDbSavedByObjectVersion
1070
     0
  0
VISUALSTYLE
  5
3E
102
{ACAD_REACTORS
330
2A
102
}
102
{ACAD_XDICTIONARY
360
555
102
}
330
2A
100
AcDbVisualStyle
  2
Shades of Gray
 70
    23
 71
     2
 72
     2
 73
     3
 90
        0
 40
0.6
 41
30.0
 62
     5
 63
     7
 74
     2
 91
        2
 64
     7
 65
     7
 75
     1
175
     1
 42
40.0
 92
        8
 66
     7
 43
1.0
 76
     1
 77
     6
 78
     2
 67
     7
 79
     3
170
     0
171
     0
290
     0
174
     0
 93
        1
 44
0.0
173
     0
291
     0
 45
0.0
1001
ACAD
1000
AcDbSavedByObjectVersion
1070
     0
  0
VISUALSTYLE
  5
3F
102
{ACAD_REACTORS
330
2A
102
}
102
{ACAD_XDICTIONARY
360
557
102
}
330
2A
100
AcDbVisualStyle
  2
Sketchy
 70
    24
 71
     1
 72
     2
 73
     2
 90
        0
 40
0.6
 41
30.0
 62
     5
 63
     7
 74
     2
 91
        2
 64
     7
 65
     7
 75
     1
175
     1
 42
40.0
 92
       11
 66
     7
 43
1.0
 76
     1
 77
     6
 78
     2
 67
     7
 79
     6
170
     0
171
     0
290
     0
174
     0
 93
        1
 44
0.0
173
     0
291
     0
 45
0.0
1001
ACAD
1000
AcDbSavedByObjectVersion
1070
     0
  0
VISUALSTYLE
  5
37
102
{ACAD_REACTORS
330
2A
102
}
102
{ACAD_XDICTIONARY
360
547
102
}
330
2A
100
AcDbVisualStyle
  2
Thicken
 70
    13
 71
     2
 72
     2
 73
     0
 90
        0
 40
0.6
 41
30.0
 62
     5
 63
     7
 74
     1
 91
        4
 64
     7
 65
   257
 75
     1
175
     1
 42
1.0
 92
       12
 66
     7
 43
1.0
 76
     1
 77
     6
 78
     2
 67
     7
 79
     5
170
     0
171
     0
290
     0
174
     0
 93
        1
 44
0.0
173
     0
291
     1
 45
0.0
1001
ACAD
1000
AcDbSavedByObjectVersion
1070
     0
  0
VISUALSTYLE
  5
30
102
{ACAD_REACTORS
330
2A
102
}
102
{ACAD_XDICTIONARY
360
539
102
}
330
2A
100
AcDbVisualStyle
  2
Wireframe
 70
     5
 71
     0
 72
     2
 73
     0
 90
        0
 40
0.6
 41
30.0
 62
     5
 63
     7
 74
     1
 91
        4
 64
     7
 65
   257
 75
     1
175
     1
 42
1.0
 92
        0
 66
   257
 43
1.0
 76
     1
 77
     6
 78
     2
 67
     7
 79
     3
170
     0
171
     0
290
     0
174
     0
 93
        1
 44
0.0
173
     0
291
     0
 45
0.0
1001
ACAD
1000
AcDbSavedByObjectVersion
1070
     0
  0
VISUALSTYLE
  5
40
102
{ACAD_REACTORS
330
2A
102
}
102
{ACAD_XDICTIONARY
360
559
102
}
330
2A
100
AcDbVisualStyle
  2
X-Ray
 70
    25
 71
     2
 72
     2
 73
     1
 90
        1
 40
0.5
 41
30.0
 62
     5
 63
     7
 74
     1
 91
        0
 64
     7
 65
   257
 75
     1
175
     1
 42
1.0
 92
        8
 66
     7
 43
1.0
 76
     1
 77
     6
 78
     2
 67
     7
 79
     3
170
     0
171
     0
290
     0
174
     0
 93
       13
 44
0.0
173
     0
291
     0
 45
0.0
1001
ACAD
1000
AcDbSavedByObjectVersion
1070
     0
  0
DICTIONARYVAR
  5
52D
102
{ACAD_REACTORS
330
518
102
}
330
518
100
DictionaryVariables
280
     0
  1
1:1
  0
DICTIONARYVAR
  5
51F
102
{ACAD_REACTORS
330
518
102
}
330
518
100
DictionaryVariables
280
     0
  1
3.500000
  0
DICTIONARYVAR
  5
520
102
{ACAD_REACTORS
330
518
102
}
330
518
100
DictionaryVariables
280
     0
  1
acadiso.lin
  0
DICTIONARYVAR
  5
51A
102
{ACAD_REACTORS
330
518
102
}
330
518
100
DictionaryVariables
280
     0
  1
Standard
  0
DICTIONARYVAR
  5
519
102
{ACAD_REACTORS
330
518
102
}
330
518
100
DictionaryVariables
280
     0
  1
Standard
  0
DICTIONARYVAR
  5
521
102
{ACAD_REACTORS
330
518
102
}
330
518
100
DictionaryVariables
280
     0
  1
2
  0
DICTIONARYVAR
  5
522
102
{ACAD_REACTORS
330
518
102
}
330
518
100
DictionaryVariables
280
     0
  1
1
  0
DICTIONARYVAR
  5
52E
102
{ACAD_REACTORS
330
518
102
}
330
518
100
DictionaryVariables
280
     0
  1
1
  0
DICTIONARYVAR
  5
51C
102
{ACAD_REACTORS
330
518
102
}
330
518
100
DictionaryVariables
280
     0
  1
80.000000
  0
DICTIONARYVAR
  5
51B
102
{ACAD_REACTORS
330
518
102
}
330
518
100
DictionaryVariables
280
     0
  1
5.000000
  0
XRECORD
  5
116
102
{ACAD_REACTORS
330
115
102
}
330
115
100
AcDbXrecord
280
     1
1000

1000
CAXA_DRAFT_CURRENTBOMSTYLE
1000
GB(4458.2-2003)
  0
XRECORD
  5
118
102
{ACAD_REACTORS
330
115
102
}
330
115
100
AcDbXrecord
280
     1
1000

1000
CAXA_DRAFT_BOMSTYLE
1000
GB(4458.2-2003)
1000

1041
7.0
1071
        0
1071
     1011
1041
1.66
1041
0.5
1071
1090519039
1071
1090519039
1071
1090519039
1071
1090519039
1041
3.5
1000
标准
1000
Continuous
1041
0.5
1071
        4
1041
0.5
1071
        4
1041
0.5
1071
        4
1041
0.5
1071
        4
1041
0.5
1071
        4
1041
0.25
1071
        3
1041
0.5
1071
        4
1041
0.5
1071
        4
1041
0.5
1071
        4
1041
0.5
1071
        4
1041
0.5
1071
        4
1041
0.25
1071
        3
1070
     0
1071
       10
1000
序号
1000
IndexID
1000

1071
       10
1071
       16
1070
     2
1070
     0
1041
0.0
1041
0.0
1041
0.0
1041
8.0
1041
14.0
1041
1.66
1041
0.5
1041
5.0
1000
标准
1071
        4
1070
     3
1071
     1001
1000
代号
1000
PCPNo
1000

1071
       10
1071
       32
1070
     2
1070
     0
1041
8.0
1041
0.0
1041
0.0
1041
40.0
1041
14.0
1041
1.66
1041
0.5
1041
5.0
1000
标准
1071
        4
1070
     3
1071
     1002
1000
名称
1000
PCPName
1000

1071
       10
1071
       32
1070
     2
1070
     0
1041
48.0
1041
0.0
1041
0.0
1041
44.0
1041
14.0
1041
1.66
1041
0.5
1041
5.0
1000
标准
1071
        4
1070
     3
1071
     1003
1000
数量
1000
Amount
1000

1071
        3
1071
       32
1070
     2
1070
     0
1041
92.0
1041
0.0
1041
0.0
1041
8.0
1041
14.0
1041
1.66
1041
0.5
1041
5.0
1000
标准
1071
        4
1070
     3
1071
     1004
1000
材料
1000
MaterialName
1000

1071
       10
1071
       32
1070
     2
1070
     0
1041
100.0
1041
0.0
1041
0.0
1041
38.0
1041
14.0
1041
1.66
1041
0.5
1041
5.0
1000
标准
1071
        4
1070
     3
1071
     1005
1000
重量
1000

1000

1071
        7
1071
       32
1070
     2
1070
     0
1041
138.0
1041
0.0
1041
0.0
1041
22.0
1041
7.0
1041
1.66
1041
0.5
1041
3.5
1000
标准
1071
        4
1070
     3
1071
     1006
1000
单件
1000
Weight
1000

1071
        7
1071
       32
1070
     2
1070
     1
1041
138.0
1041
7.0
1041
0.0
1041
10.0
1041
7.0
1041
1.66
1041
0.5
1041
3.5
1000
标准
1071
        4
1070
     3
1071
     1007
1000
总计
1000
TWeight
1000

1071
        7
1071
       32
1070
     2
1070
     1
1041
148.0
1041
7.0
1041
0.0
1041
12.0
1041
7.0
1041
1.66
1041
0.5
1041
3.5
1000
标准
1071
        4
1070
     3
1071
     1008
1000
备注
1000
Remark
1000

1071
       10
1071
       50
1070
     2
1070
     0
1041
160.0
1041
0.0
1041
0.0
1041
20.0
1041
14.0
1041
1.66
1041
0.5
1041
5.0
1000
标准
1071
        4
1070
     3
1071
     1009
1000
来源
1000
Source
1000

1071
       10
1071
       32
1070
     2
1070
     0
1041
180.0
1041
0.0
1041
0.0
1041
0.0
1041
14.0
1041
1.66
1041
0.5
1041
5.0
1000
标准
1071
        4
1070
     3
1071
     1010
1071
1090519039
1071
1090519039
1071
1090519039
1071
        1
1071
        7
1000
代号
1000
名称
1000
材料
1000
单件
1000
总计
1000
备注
1000
来源
1071
        1
1000
数量
1071
1090519039
1041
1.75
1041
0.875
1041
1.2
1041
1.2
1041
1.75
1041
0.875
1041
1.2
1041
1.2
  0
XRECORD
  5
117
102
{ACAD_REACTORS
330
115
102
}
330
115
100
AcDbXrecord
280
     1
1000

1000
CAXA_DRAFT_BOMSTYLE
1000
标准
1000

1041
7.0
1071
        0
1071
     1011
1041
1.66
1041
0.5
1071
1090519039
1071
1090519039
1071
1090519039
1071
1090519039
1041
3.5
1000
标准
1000
Continuous
1041
0.5
1071
        4
1041
0.5
1071
        4
1041
0.5
1071
        4
1041
0.5
1071
        4
1041
0.5
1071
        4
1041
0.25
1071
        3
1041
0.5
1071
        4
1041
0.5
1071
        4
1041
0.5
1071
        4
1041
0.5
1071
        4
1041
0.5
1071
        4
1041
0.25
1071
        3
1070
     0
1071
       10
1000
序号
1000
IndexID
1000

1071
       10
1071
       16
1070
     2
1070
     0
1041
0.0
1041
0.0
1041
0.0
1041
8.0
1041
14.0
1041
1.66
1041
0.5
1041
5.0
1000
标准
1071
        4
1070
     3
1071
     1001
1000
代号
1000
PCPNo
1000

1071
       10
1071
       32
1070
     2
1070
     0
1041
8.0
1041
0.0
1041
0.0
1041
40.0
1041
14.0
1041
1.66
1041
0.5
1041
5.0
1000
标准
1071
        4
1070
     3
1071
     1002
1000
名称
1000
PCPName
1000

1071
       10
1071
       32
1070
     2
1070
     0
1041
48.0
1041
0.0
1041
0.0
1041
44.0
1041
14.0
1041
1.66
1041
0.5
1041
5.0
1000
标准
1071
        4
1070
     3
1071
     1003
1000
数量
1000
Amount
1000

1071
        3
1071
       32
1070
     2
1070
     0
1041
92.0
1041
0.0
1041
0.0
1041
8.0
1041
14.0
1041
1.66
1041
0.5
1041
5.0
1000
标准
1071
        4
1070
     3
1071
     1004
1000
材料
1000
MaterialName
1000

1071
       10
1071
       32
1070
     2
1070
     0
1041
100.0
1041
0.0
1041
0.0
1041
38.0
1041
14.0
1041
1.66
1041
0.5
1041
5.0
1000
标准
1071
        4
1070
     3
1071
     1005
1000
重量
1000

1000

1071
        7
1071
       32
1070
     2
1070
     0
1041
138.0
1041
0.0
1041
0.0
1041
22.0
1041
7.0
1041
1.66
1041
0.5
1041
3.5
1000
标准
1071
        4
1070
     3
1071
     1006
1000
单件
1000
Weight
1000

1071
        7
1071
       32
1070
     2
1070
     1
1041
138.0
1041
7.0
1041
0.0
1041
10.0
1041
7.0
1041
1.66
1041
0.5
1041
3.5
1000
标准
1071
        4
1070
     3
1071
     1007
1000
总计
1000
TWeight
1000

1071
        7
1071
       32
1070
     2
1070
     1
1041
148.0
1041
7.0
1041
0.0
1041
12.0
1041
7.0
1041
1.66
1041
0.5
1041
3.5
1000
标准
1071
        4
1070
     3
1071
     1008
1000
备注
1000
Remark
1000

1071
       10
1071
       50
1070
     2
1070
     0
1041
160.0
1041
0.0
1041
0.0
1041
20.0
1041
14.0
1041
1.66
1041
0.5
1041
5.0
1000
标准
1071
        4
1070
     3
1071
     1009
1000
来源
1000
Source
1000

1071
       10
1071
       32
1070
     2
1070
     0
1041
180.0
1041
0.0
1041
0.0
1041
0.0
1041
14.0
1041
1.66
1041
0.5
1041
5.0
1000
标准
1071
        4
1070
     3
1071
     1010
1071
1090519039
1071
1090519039
1071
1090519039
1071
        1
1071
        7
1000
代号
1000
名称
1000
材料
1000
单件
1000
总计
1000
备注
1000
来源
1071
        1
1000
数量
1071
1090519039
1041
1.75
1041
0.875
1041
1.2
1041
1.2
1041
1.75
1041
0.875
1041
1.2
1041
1.2
  0
XRECORD
  5
10A
102
{ACAD_REACTORS
330
109
102
}
330
109
100
AcDbXrecord
280
     1
1000

1000
CAXA_DRAFT_CURRENTCUTSSTYLE
1000
GB(17452-1998)
  0
XRECORD
  5
10C
102
{ACAD_REACTORS
330
109
102
}
330
109
100
AcDbXrecord
280
     1
1000

1000
CAXA_DRAFT_CUTSSTYLE
1000
GB(17452-1998)
1000

1071
1090519039
1041
0.3499999940395355
1041
5.0
1000
标准
1070
     1
1041
4.0
1071
1090519039
1070
     0
1070
     0
1071
1090519039
1041
3.5
1070
     1
1041
1.0
1070
     0
1000
Dash Dot
1071
        1
  0
XRECORD
  5
10B
102
{ACAD_REACTORS
330
109
102
}
330
109
100
AcDbXrecord
280
     1
1000

1000
CAXA_DRAFT_CUTSSTYLE
1000
标准
1000

1071
1090519039
1041
0.3499999940395355
1041
5.0
1000
标准
1070
     1
1041
4.0
1071
1090519039
1070
     0
1070
     0
1071
1090519039
1041
3.5
1070
     1
1041
1.0
1070
     0
1000
Dash Dot
1071
        1
  0
XRECORD
  5
10E
102
{ACAD_REACTORS
330
10D
102
}
330
10D
100
AcDbXrecord
280
     1
1000

1000
CAXA_DRAFT_CUTSSTYLEOVERRIDE
1070
     0
1070
     0
1070
     0
1070
     0
1070
     0
1070
     0
1070
     0
1070
     0
1070
     0
1070
     0
1070
     0
1070
     0
1070
     0
1070
     0
1070
     0
1070
     0
1070
     0
  0
XRECORD
  5
11C
102
{ACAD_REACTORS
330
11B
102
}
330
11B
100
AcDbXrecord
280
     1
1000

1000
CAXA_DRAFT_DATATABLE*Model_Space
1071
      103
1071
        2
1071
        0
1071
        0
1071
        0
1071
        9
1000
序号
1071
     1001
1000
代号
1071
     1002
1000
名称
1071
     1003
1000
数量
1071
     1004
1000
材料
1071
     1005
1000
单件
1071
     1007
1000
总计
1071
     1008
1000
备注
1071
     1009
1000
来源
1071
     1010
1000
序号
1070
     1
1000

1070
     1
1000

1070
     1
1000

1070
     1
1000

1070
     1
1071
        0
1071
        7
1000
代号
1000
名称
1000
材料
1000
单件
1000
总计
1000
备注
1000
来源
1071
        1
1000
数量
1071
        0
1000

1000

1070
     1
1000
标准
1071
        0
1071
        0
  0
XRECORD
  5
509
102
{ACAD_REACTORS
330
508
102
}
330
508
100
AcDbXrecord
280
     1
1000

1000
CAXA_DRAFT_DATATABLE*Paper_Space
1071
      101
1071
        2
1071
        0
1071
        0
1071
        0
1071
        9
1000
序号
1071
     1001
1000
代号
1071
     1002
1000
名称
1071
     1003
1000
数量
1071
     1004
1000
材料
1071
     1005
1000
单件
1071
     1007
1000
总计
1071
     1008
1000
备注
1071
     1009
1000
来源
1071
     1010
1000
序号
1070
     1
1000

1070
     1
1000

1070
     1
1000

1070
     1
1000

1070
     1
1071
        0
1071
        7
1000
代号
1000
名称
1000
材料
1000
单件
1000
总计
1000
备注
1000
来源
1071
        1
1000
数量
1071
        0
1000

1000

1070
     1
1000
GB(4458.2-2003)
1071
        0
1071
        0
  0
XRECORD
  5
104
102
{ACAD_REACTORS
330
103
102
}
330
103
100
AcDbXrecord
280
     1
1000

1000
CAXA_DRAFT_CURRENTDATUMSTYLE
1000
GB(1182-2008)
  0
XRECORD
  5
106
102
{ACAD_REACTORS
330
103
102
}
330
103
100
AcDbXrecord
280
     1
1000

1000
CAXA_DRAFT_DATUMSTYLE
1000
GB(1182-2008)
1000

1070
     2
1071
1090519039
1071
1090519039
1041
3.5
1041
1.0
1000
标准
1000
标准
1071
1090519039
1070
     1
1041
0.0
1071
        1
1071
1090519039
1070
     1
1071
        1
  0
XRECORD
  5
105
102
{ACAD_REACTORS
330
103
102
}
330
103
100
AcDbXrecord
280
     1
1000

1000
CAXA_DRAFT_DATUMSTYLE
1000
标准
1000

1070
     2
1071
1090519039
1071
1090519039
1041
3.5
1041
1.0
1000
标准
1000
标准
1071
1090519039
1070
     1
1041
0.0
1071
        1
1071
1090519039
1070
     1
1071
        1
  0
XRECORD
  5
108
102
{ACAD_REACTORS
330
107
102
}
330
107
100
AcDbXrecord
280
     1
1000

1000
CAXA_DRAFT_DATUMSTYLEOVERRIDE
1070
     0
1070
     0
1070
     0
1070
     0
1070
     0
1070
     0
1070
     0
1070
     0
1070
     0
1070
     0
1070
     0
1070
     0
1070
     0
1070
     0
1070
     0
1070
     0
  0
XRECORD
  5
50D
102
{ACAD_REACTORS
330
50C
102
}
330
50C
100
AcDbXrecord
280
     1
1000

1000
CAXA_DRAFT_DIMSTYLE_ANGTXTVPOS
1070
     1
  0
XRECORD
  5
511
102
{ACAD_REACTORS
330
510
102
}
330
510
100
AcDbXrecord
280
     1
1000

1000
CAXA_DRAFT_DIMSTYLE_ISDISPZEROTOL
1070
     0
  0
XRECORD
  5
50F
102
{ACAD_REACTORS
330
50E
102
}
330
50E
100
AcDbXrecord
280
     1
1000

1000
CAXA_DRAFT_DIMSTYLE_ISFILLDFM
1070
     1
  0
XRECORD
  5
513
102
{ACAD_REACTORS
330
512
102
}
330
512
100
AcDbXrecord
280
     1
1000

1000
CAXA_DRAFT_DIMSTYLE_SYMBOLCOLOR
1071
1090519039
  0
XRECORD
  5
515
102
{ACAD_REACTORS
330
514
102
}
330
514
100
AcDbXrecord
280
     1
1000
CAXA_DRAFT_DRAFTDATA
1071
     1085
1004
0800000030002E003000000026000000430061007800610044007200610066007400200044006F00630075006D0065006E00740000001A000000310037002E0030002E0030002E003100340030003000390000005C00000043006F007000790072006900670068007400200028006300290020003200300032003100200043
1004
004100580041002E00200041006C006C0020007200690067006800740073002000720065007300650072007600650064002E000000535D147CD0A8444ABD942EEF72D3E6D10000000000000000000000000000000000000000EA0703000100090008001B001B00C50301000000000000000000000000000000000000000000
1004
00
1004
00000000000000000000000000000000000000000000000000000000000000000000000000000000000000000000000000000000000000000000000000000000000000000000000000000000000000000000000000000000000000000000000000000000000000000000000000000000000000000000000000000000000000
1004
00000000000000000000004E0000008F00E40053008200C000E60054008600C700FE0051008B00B000E3003D008700B500E70024009E00B600970029008700D900E1005500F600B200E4002200F700C70096002600F700C500AE000000020000000E00000041007500740068006F00720000000C0000007700660065006900
1004
30
1004
0000001E000000500072006F006400750063007400560065007200730069006F006E0000000A000000320032002E0030000000000000000800000030002E0030000000000000000000000000000000000000000000000000000000000000000000000000000000000000000000000000000000000000000000000000000000
1004
00000000000000000000000000000000000000000000000000000000000000000000000000000000000000000000000000000000000000000000000000000000000000000000000000000000000000000000000000000000000000000000000000000000000000000800000030002E00300000000000000000000000000000
1004
00
1004
00000000000000000000000000000000000000000000000000000000000000000000000000000000000000000000000000000000000000000000000000000000000000000000000000000000000000000000000000000000000000000000000000000000000000000000000000000000000000000000000000000000000000
1004
0000000000000000000000000000000000000000000800000030002E003000000000000000000000000000000000000000000000000000000000000000000000000000000000000000000000000000000000000000000000000000000000000000000000000000000000000000000000000000000000000000000000000000
1004
00
1004
0000000000000000000000000000000000000000000000000000000000000000000000000000000000000000000000000000000000000000000000000000000000
  0
XRECORD
  5
D1
102
{ACAD_REACTORS
330
D0
102
}
330
D0
100
AcDbXrecord
280
     1
1000
CAXA_DRAFT_FILEVERSION
1000
17.0.0.14009
1000
10.1.0.000
1000
18.0.0.000.20170220
  0
XRECORD
  5
FE
102
{ACAD_REACTORS
330
FD
102
}
330
FD
100
AcDbXrecord
280
     1
1000

1000
CAXA_DRAFT_CURRENTGEOTOLSTYLE
1000
GB(1182-2008)
  0
XRECORD
  5
100
102
{ACAD_REACTORS
330
FD
102
}
330
FD
100
AcDbXrecord
280
     1
1000

1000
CAXA_DRAFT_GEOTOLSTYLE
1000
GB(1182-2008)
1000

1000
标准
1000
标准
1070
     1
1070
     0
1070
     0
1070
     0
1070
     1
1070
     0
1070
     3
1000
.
1070
     0
1070
     1
1070
     0
1070
     0
1070
     0
1070
     3
1041
1.0
1000
.
1070
     0
1070
     1
1070
     0
1000
Continuous
1071
1090519039
1071
1090519039
1041
3.5
1071
1090519039
1041
1.0
1071
1090519039
1071
        1
1070
     0
1070
     0
  0
XRECORD
  5
FF
102
{ACAD_REACTORS
330
FD
102
}
330
FD
100
AcDbXrecord
280
     1
1000

1000
CAXA_DRAFT_GEOTOLSTYLE
1000
标准
1000

1000
标准
1000
标准
1070
     1
1070
     0
1070
     0
1070
     0
1070
     1
1070
     0
1070
     3
1000
.
1070
     0
1070
     1
1070
     0
1070
     0
1070
     0
1070
     3
1041
1.0
1000
.
1070
     0
1070
     1
1070
     0
1000
Continuous
1071
1090519039
1071
1090519039
1041
3.5
1071
1090519039
1041
1.0
1071
1090519039
1071
        1
1070
     0
1070
     0
  0
XRECORD
  5
102
102
{ACAD_REACTORS
330
101
102
}
330
101
100
AcDbXrecord
280
     1
1000

1000
CAXA_DRAFT_GEOTOLSTYLEOVERRIDE
1070
     0
1070
     0
1070
     0
1070
     0
1070
     0
1070
     0
1070
     0
1070
     0
1070
     0
1070
     0
1070
     0
1070
     0
1070
     0
1070
     0
1070
     0
1070
     0
1070
     0
1070
     0
1070
     0
1070
     0
1070
     0
1070
     0
1070
     0
1070
     0
1070
     0
1070
     0
1070
     0
1070
     0
1070
     0
1070
     0
  0
XRECORD
  5
EF
102
{ACAD_REACTORS
330
EE
102
}
330
EE
100
AcDbXrecord
280
     1
1000

1000
CAXA_DRAFT_CURRENTLEADERSTYLE
1000
标准
  0
XRECORD
  5
F0
102
{ACAD_REACTORS
330
EE
102
}
330
EE
100
AcDbXrecord
280
     1
1000

1000
CAXA_DRAFT_LEADERSTYLE
1000
标准
1000

1070
     1
1041
4.0
1041
0.0
1041
0.0
1041
3.5
1000
Continuous
1071
1090519039
1041
3.5
1070
     1
  0
XRECORD
  5
110
102
{ACAD_REACTORS
330
10F
102
}
330
10F
100
AcDbXrecord
280
     1
1000

1000
CAXA_DRAFT_CURRENTPARTNOSTYLE
1000
GB(4458.2-2003)
  0
XRECORD
  5
112
102
{ACAD_REACTORS
330
10F
102
}
330
10F
100
AcDbXrecord
280
     1
1000

1000
CAXA_DRAFT_PARTNOSTYLE
1000
GB(4458.2-2003)
1000

1071
        0
1000
标准
1000
ByLayer
1041
5.0
1041
0.5
1071
        3
1041
2.0
1041
5.0
1041
10.0
1041
1.5
1041
1.1
1041
1.1
1071
        0
1000

1071
       -1
1071
       -1
1041
4.0
1041
1.0
1041
0.7
1041
0.9
1071
        1
1071
        1
1000
序号
1071
        1
1071
        2
1000

1000

1041
1.0
1071
        1
  0
XRECORD
  5
111
102
{ACAD_REACTORS
330
10F
102
}
330
10F
100
AcDbXrecord
280
     1
1000

1000
CAXA_DRAFT_PARTNOSTYLE
1000
标准
1000

1071
        0
1000
标准
1000
ByLayer
1041
5.0
1041
0.5
1071
        3
1041
2.0
1041
5.0
1041
10.0
1041
1.5
1041
1.1
1041
1.1
1071
        0
1000

1071
       -1
1071
       -1
1041
4.0
1041
1.0
1041
0.7
1041
0.9
1071
        1
1071
        1
1000
序号
1071
        1
1071
        2
1000

1000

1041
1.0
1071
        1
  0
XRECORD
  5
114
102
{ACAD_REACTORS
330
113
102
}
330
113
100
AcDbXrecord
280
     1
1000

1000
CAXA_DRAFT_PARTNOSTYLEOVERRIDE
1070
     0
1070
     0
1070
     0
1070
     0
1070
     0
1070
     0
1070
     0
1070
     0
1070
     0
1070
     0
1070
     0
1070
     0
1070
     0
1070
     0
1070
     0
1070
     0
  0
XRECORD
  5
F8
102
{ACAD_REACTORS
330
F7
102
}
330
F7
100
AcDbXrecord
280
     1
1000

1000
CAXA_DRAFT_CURRENTROUGHSTYLE
1000
GB(131-93)
  0
XRECORD
  5
FA
102
{ACAD_REACTORS
330
F7
102
}
330
F7
100
AcDbXrecord
280
     1
1000

1000
CAXA_DRAFT_ROUGHSTYLE
1000
GB(131-93)
1000

1000
标准
1000
标准
1000
Continuous
1071
1090519039
1071
1090519039
1041
3.5
1041
1.0
1041
0.0
1071
        0
1041
0.0
1071
        0
1071
        1
1070
     1
1070
     0
1070
     0
  0
XRECORD
  5
F9
102
{ACAD_REACTORS
330
F7
102
}
330
F7
100
AcDbXrecord
280
     1
1000

1000
CAXA_DRAFT_ROUGHSTYLE
1000
标准
1000

1000
标准
1000
标准
1000
Continuous
1071
1090519039
1071
1090519039
1041
3.5
1041
1.0
1041
0.0
1071
        0
1041
0.0
1071
        0
1071
        1
1070
     1
1070
     0
1070
     0
  0
XRECORD
  5
FC
102
{ACAD_REACTORS
330
FB
102
}
330
FB
100
AcDbXrecord
280
     1
1000

1000
CAXA_DRAFT_ROUGHSTYLEOVERRIDE
1070
     0
1070
     0
1070
     0
1070
     0
1070
     0
1070
     0
1070
     0
1070
     0
1070
     0
1070
     0
1070
     0
1070
     0
  0
XRECORD
  5
517
102
{ACAD_REACTORS
330
516
102
}
330
516
100
AcDbXrecord
280
     1
1000
CAXA_DRAFT_STDDATA
1071
     5732
1004
1A000000310037002E0030002E0030002E003100340030003000390000001A0000002A005300740061006E0064006100720064004D006700720000003C00000001000000000000000000F03F000000000100000006000000470042000000080000002A004700420000003D00000006000000470042000000FFFF0000000080
1004
003000000000008000E3FFFFFF0000000000000C40FFFFFF40010000000000000000001040FFFFFF4004000000FFFFFF40FFFF000000000C000000470042005F003A5CF85B0000060000000768C65100000D00000062180AC173A1D341AC13A517A280BD85100000002A00440049004D0053005400440000003E0000000100
1004
00
1004
00259DF64A6F542643BFC74B8B1F6D71FA02000000000002000000000000008000300000000000010000000000010000000000010000000000010000000000020000000000010000000000010000000000010000000000010000000000020000000000FFFF000000000000244000000000000028400C000000470042005F00
1004
3A5CF85B0000020000000000C6214C6C6E2B124B990DDA77D01DDBDA140000002A0052004F0055004700480053005400440000004000000001000000708C6003FCA6F84FA01B1854F3AD4C2918000000470042002F00540020003100330031002D0039003300000018000000470042002F00540020003100330031002D0039
1004
00
1004
33000000000080003400000002000000020000000200000001000000020000000000FFFF09000000000000000400000030000000010000000100000004000000300000000100000002000000040000003000000001000000030000000400000030000000010000000400000004000000300000000100000006000000040000
1004
00300000000100000007000000040000003000000001000000080000000400000030000000010000000A000000040000003000000001000000160000004700420028003100330031002D00390033002900000018000000470042002F00540020003100330031002D003900330000005F702C7848A26047AA45EF6977F15D81
1004
12
1004
0000002A00570045004C0044005300540044000000420000000100000009176A59B4AD5D40A81D3C0A9D8CD0312C0000004700420020003300320034002D00380038002C00200047004200200035003100380035002D003800350000002C0000004700420020003300320034002D00380038002C0020004700420020003500
1004
3100380035002D0038003500000000008000330000000400000001000000190000000000000001000000FFFF0A0000007753B98F0A711D7F0000000000000100000001000000FFFF0A0000004900625F0A711D7F0000000000000200000001000000FFFF0A0000005600625F0A711D7F0000000000000300000001000000FF
1004
FF
1004
0E0000005553B98F5600625F0A711D7F0000000000000400000001000000FFFF10000000265E9D94B98F5600625F0A711D7F0000000000000500000001000000FFFF14000000265E9D94B98F5553B98F5600625F0A711D7F0000000000000600000001000000FFFF10000000265E9D94B98F5500625F0A711D7F0000000000
1004
000700000001000000FFFF10000000265E9D94B98F4A00625F0A711D7F0000000000000800000001000000FFFF0A000000015C955E0A711D7F0000000000000900000001000000FFFF08000000D2890A711D7F0000000000000A00000001000000FFFF100000005E580A711D7F1662FD690A711D7F0000000000000B000000
1004
01
1004
000000FFFF08000000B9700A711D7F0000000000000C00000001000000FFFF14000000B9700A711D7F28004F50BB792D4EC35F29000000000000000D00000001000000FFFF080000001D7F0A711D7F0000000000000E00000001000000FFFF140000001D7F0A711D7F28004F50BB792D4EC35F2900000000000000E8030000
1004
01000000FFFF120000006196A74F56008B576157E35306580A71000000000000E903000001000000FFFF160000005553B98F6196A74F56008B576157E35306580A71000000000000EA03000001000000FFFF0A000000EF7AA5630A711D7F000000000000EB03000001000000FFFF0A0000009862E053A563E3530000000000
1004
00
1004
EC03000001000000FFFF0A0000003E509C650A711D7F000000000000ED03000001000000FFFF0A00000006580A71A5633459000000000000EE03000001000000FFFF0A0000003E509C65A5633459000000000000F203000001000000FFFF0C000000EF53FB7964966C88AB57000000000000F303000001000000FFFF0A0000
1004
000163454E6C88AB57000000000000F403000001000000FFFF0C000000EF53FB7964966C88AB5700000000000002000000090000000000000001000000FFFF100000002C7B004ECD79735E6297267BF7530000000000000100000001000000FFFF100000002C7B8C4ECD79735E6297267BF753000000000000020000000100
1004
00
1004
00FFFF100000002C7B094ECD79735E6297267BF7530000000000000300000001000000FFFF100000002C7B004ECD79F9516297267BF7530000000000000400000001000000FFFF100000002C7B8C4ECD79F9516297267BF7530000000000000500000001000000FFFF100000002C7B004ECD79F8516297267BF75300000000
1004
00000600000001000000FFFF100000002C7B8C4ECD79F8516297267BF753000000000000F003000001000000FFFF0E000000BE8DE890735ED16EC78F216E000000000000F103000001000000FFFF0A0000004A52735E0A711D7F00000000000020000000090000000100000001000000FFFF0C000000265EAB577F67267BF7
1004
53
1004
0000000000000200000001000000FFFF0E000000094E62970A711D7F267BF7530000000000000400000001000000FFFF0E0000006854F4560A711D7F267BF7530000000000000800000001000000FFFF0A000000B0733A57267BF7530000000000001000000001000000FFFF0A0000003E5CE890267BF75300000000000020
1004
00000001000000FFFF12000000A44E1995AD65ED7E0A71A563267BF7530000000000004000000001000000FFFF0E000000094E62970A711D7F267BF7530000000000008000000001000000FFFF0E000000094E62970A711D7F267BF7530000000000000001000001000000FFFF0E000000094E62970A711D7F267BF7530000
1004
00
1004
00000040000000050000001000000001000000FFFF0C0000008755ED53625F0A711D7F0000000000001100000001000000FFFF100000005553B98F8755ED53625F0A711D7F0000000000001200000001000000FFFF0800000006580A711D7F0000000000001300000001000000FFFF0A0000000195B98F0A711D7F00000000
1004
00001400000001000000FFFF0A0000000195B98F6157E353000000000000160000004700420028003300320034002D0038003800290000002C0000004700420020003300320034002D00380038002C00200047004200200035003100380035002D0038003500000082D93BE9997F4041881A19EB1C8F9D46160000002A0047
1004
00
1004
45004F0054004F004C0053005400440000004400000001000000DA579D9AD23AC242B38B91F0E32D71C81E000000470042002F005400200031003100380032002D00320030003000380000001E000000470042002F005400200031003100380032002D0032003000300038000000000080003500000002000000010000000E
1004
0000000000000001000000FFFF08000000F476BF7EA65E00000200000000000100000001000000FFFF08000000735E6297A65E00000200000000000200000001000000FFFF060000000657A65E00000200000000000300000001000000FFFF080000000657F167A65E00000200000000000400000001000000FFFF0A000000
1004
BF
1004
7E6E8FD35EA65E00000200000000000500000001000000FFFF0A00000062976E8FD35EA65E00000200000000000600000001000000FFFF08000000735E4C88A65E00000200000000000700000001000000FFFF080000008257F476A65E00000200000000000800000001000000FFFF080000003E509C65A65E000002000000
1004
00000900000001000000FFFF060000004D4F6E7F00000200000000000A00000001000000FFFF080000000C54748FA65E00000200000000000B00000001000000FFFF08000000F95BF079A65E00000200000000000C00000001000000FFFF080000000657F38DA85200000200000000000D00000001000000FFFF0800000068
1004
51
1004
F38DA85200000200000000000200000006000000FFFFFFFF01000000FFFF0E000000006727599E5B534F8189426C0000040000006D000000FFFFFFFF01000000FFFF0C000000F65E384F6C51EE5D265E00000400000070000000FFFFFFFF01000000FFFF0E00000000670F5C9E5B534F8189426C0000040000006C000000FF
1004
FFFFFF01000000FFFF0E000000EA813175B67201606167F64E00000400000066000000FFFFFFFF01000000FFFF0A0000000553B95B8189426C00000400000065000000FFFFFFFF01000000FFFF100000000D4E038051867972815F3A5CF85B000004000000720000001C00000047004200280031003100380032002D003200
1004
30
1004
0030003800290000001E000000470042002F005400200031003100380032002D00320030003000380000009C9ED3E9A127ED45BC38BDB2527851D1140000002A0044004100540055004D0053005400440000004600000001000000ABFD65BDD14B5A469C00E35FDA50A4141E000000470042002F0054002000310031003800
1004
32002D00320030003000380000001E000000470042002F005400200031003100380032002D003200300030003800000000008000360000001C00000047004200280031003100380032002D003200300030003800290000001E000000470042002F005400200031003100380032002D0032003000300038000000F527A1CFE2
1004
A4
1004
C24B8D50B0822447D51C120000002A004300550054005300530054004400000048000000010000000230145DFF6B0A4FAD5D7DE6F4E1A14220000000470042002F0054002000310037003400350032002D003100390039003800000020000000470042002F0054002000310037003400350032002D00310039003900380000
1004
00FFFF000000000000000000008000370000001E000000470042002800310037003400350032002D0031003900390038002900000020000000470042002F0054002000310037003400350032002D0031003900390038000000B4471AD2BD196342BD5B37F15E7019F5160000002A0050004100520054004E004F0053005400
1004
44
1004
0000004A00000001000000C538618EBE14A64387B54D2A0BE42DC522000000470042002F005400200034003400350038002E0032002D003200300030003300000022000000470042002F005400200034003400350038002E0032002D0032003000300033000000FFFF02000000000080003800000020000000470042002800
1004
34003400350038002E0032002D0032003000300033002900000022000000470042002F005400200034003400350038002E0032002D0032003000300033000000B283886E965F1540BDADBD78F4779C6C100000002A0042004F004D0053005400440000004C000000010000009E16704288DD1145BE6AD6C7BD512A9D220000
1004
00
1004
470042002F005400200034003400350038002E0032002D003200300030003300000022000000470042002F005400200034003400350038002E0032002D0032003000300033000000040000000100000001000000010000000100000001000000FFFF0100000000000100000001000000010000000100000001000000010000
1004
0001000000010000000100000000008000390000002000000047004200280034003400350038002E0032002D0032003000300033002900000022000000470042002F005400200034003400350038002E0032002D00320030003000330000004D03C971A7683844874BB3EDB2ECE4A11E0000002A00430045004E0054004500
1004
52
1004
004C0049004E00450053005400440000004E00000001000000239CCD5064AB684FAAFCCD0171048ABB22000000470042002F005400200034003400350037002E0034002D003200300030003200000022000000470042002F005400200034003400350037002E0034002D003200300030003200000000000000000000000000
1004
0840333333333333F33FFFFF22000000470042002F005400200034003400350037002E0034002D003200300030003200000060E27056119B2C499C7549322AC316521E0000002A00440045005400410049004C00560049004500570053005400440000005000000001000000FD693F42D5F0B04C9524885E6901AEBF1C0000
1004
00
1004
470042002F0054002000310034003600390030002D003900330000001C000000470042002F0054002000310034003600390030002D003900330000000000000000008000E3FFFFFF020000000000000000000C40FFFFFF4000008000F3FFFFFFFFFFFFFF0100000000000000000000000000104000000000060000000768C6
1004
51000010000000420079004C00610079006500720000001C000000470042002F0054002000310034003600390030002D00390033000000378324DF0EC65241979A18E3709AB2491A0000002A0048004F004C0045004C00490053005400530054004400000052000000010000009FAC568DC972D34C8EDE1697EA2C4F3B0200
1004
00
1004
00000002000000000000000000000000000000000000000000000000000000000000000000000000000000040000000000000005000000020000000000010000000000000000002440000000000000010000000000000000000000020000000500000004000000580000000200000000000000000034400000000000000100
1004
0000010000000000000002000000050000000400000059000000030000000000000000003440000000000000010000000100000000000000020000000500000006000000545B845F0000040000000000000000003940000000000000010000000100000000000000020000000000589549FE22248744AF67DF08A8858E931C
1004
00
1004
00002A00440049004D004C0045004100440045005200530054004400000054000000010000009CB4A305A33EE242B7971B4FE93D0C5122000000470042002F005400200034003400350038002E0034002D003100390038003400000022000000470042002F005400200034003400350038002E0034002D0031003900380034
1004
000000FFFF010000000000000000001040FFFFFF400000000000000840FFFFFF400000000000008000310000001C000000470042005F00155FFA51F48B0E66280031003900380034002900000022000000470042002F005400200034003400350038002E0034002D003100390038003400000081C6337BDA0E9143B488CF0D
1004
53
1004
7FA318140000002A0054004100500045005200530054004400000056000000010000004AE75D8F20808C438F29EBD0D2D3A2CB44000000470042002F005400200034003400350038002E0034002D0032003000300033002C002000470042002F0054002000310035003700350034002D003100390039003500000044000000
1004
470042002F005400200034003400350038002E0034002D0032003000300033002C002000470042002F0054002000310035003700350034002D00310039003900350000000000000000000000040000003A000000010000000000000000001040FFFFFF400000000000000840FFFFFF40000080003200000018000000470042
1004
00
1004
5F002595A65E280032003000300033002900000044000000470042002F005400200034003400350038002E0034002D0032003000300033002C002000470042002F0054002000310035003700350034002D0031003900390035000000100000002A00440049004D00530054004400000006000000470042000000
  0
XRECORD
  5
F2
102
{ACAD_REACTORS
330
F1
102
}
330
F1
100
AcDbXrecord
280
     1
1000

1000
CAXA_DRAFT_CURRENTWELDSTYLE
1000
GB(324-88)
  0
XRECORD
  5
F4
102
{ACAD_REACTORS
330
F1
102
}
330
F1
100
AcDbXrecord
280
     1
1000

1000
CAXA_DRAFT_WELDSTYLE
1000
GB(324-88)
1000

1000
标准
1000
标准
1041
0.3
1070
     0
1041
1.0
1041
0.5
1041
3.5
1041
1.0
1071
1090519039
1071
1090519039
1000
Dash
1041
0.0
1071
        0
1071
        1
1071
1090519039
  0
XRECORD
  5
F3
102
{ACAD_REACTORS
330
F1
102
}
330
F1
100
AcDbXrecord
280
     1
1000

1000
CAXA_DRAFT_WELDSTYLE
1000
标准
1000

1000
标准
1000
标准
1041
0.3
1070
     0
1041
1.0
1041
0.5
1041
3.5
1041
1.0
1071
1090519039
1071
1090519039
1000
Dash
1041
0.0
1071
        0
1071
        1
1071
1090519039
  0
XRECORD
  5
F6
102
{ACAD_REACTORS
330
F5
102
}
330
F5
100
AcDbXrecord
280
     1
1000

1000
CAXA_DRAFT_WELDSTYLEOVERRIDE
1070
     0
1070
     0
1070
     0
1070
     0
1070
     0
1070
     0
1070
     0
1070
     0
1070
     0
1070
     0
1070
     0
1070
     0
1070
     0
1070
     0
  0
SPATIAL_FILTER
  5
352
102
{ACAD_REACTORS
330
351
102
}
330
351
100
AcDbFilter
100
AcDbSpatialFilter
 70
    52
 10
33.88086203960873
 20
0.0
 10
33.61370132270345
 20
4.246397995370251
 10
32.81643245608727
 20
8.42582775767831
 10
31.50162884605207
 20
12.47237718290225
 10
29.6900257309537
 20
16.32222976931484
 10
27.41019317411651
 20
19.9146710418379
 10
24.69808549686779
 20
23.19304605558333
 10
21.59647425741234
 20
26.10565287817807
 10
18.15427371780911
 20
28.60655796012282
 10
14.42576943683858
 20
30.65632053430704
 10
10.46976215431215
 20
32.22261462046701
 10
6.348640468279465
 20
33.28073882520528
 10
2.127396929568027
 20
33.81400589772034
 10
-2.127396929568024
 20
33.81400589772035
 10
-6.348640468279464
 20
33.28073882520529
 10
-10.46976215431215
 20
32.22261462046703
 10
-14.42576943683858
 20
30.65632053430706
 10
-18.15427371780912
 20
28.60655796012286
 10
-21.59647425741235
 20
26.10565287817811
 10
-24.69808549686782
 20
23.19304605558337
 10
-27.41019317411655
 20
19.91467104183793
 10
-29.69002573095374
 20
16.32222976931487
 10
-31.50162884605211
 20
12.47237718290228
 10
-32.81643245608733
 20
8.425827757678327
 10
-33.61370132270351
 20
4.246397995370263
 10
-33.8808620396088
 20
0.0000000000000027
 10
-33.61370132270352
 20
-4.246397995370257
 10
-32.81643245608733
 20
-8.425827757678324
 10
-31.50162884605213
 20
-12.47237718290227
 10
-29.69002573095376
 20
-16.32222976931487
 10
-27.41019317411657
 20
-19.91467104183794
 10
-24.69808549686784
 20
-23.19304605558338
 10
-21.59647425741238
 20
-26.10565287817812
 10
-18.15427371780914
 20
-28.60655796012288
 10
-14.42576943683861
 20
-30.65632053430709
 10
-10.46976215431217
 20
-32.22261462046707
 10
-6.348640468279478
 20
-33.28073882520533
 10
-2.127396929568032
 20
-33.81400589772041
 10
2.127396929568027
 20
-33.81400589772041
 10
6.348640468279474
 20
-33.28073882520535
 10
10.46976215431217
 20
-32.22261462046708
 10
14.42576943683861
 20
-30.65632053430711
 10
18.15427371780915
 20
-28.6065579601229
 10
21.59647425741239
 20
-26.10565287817814
 10
24.69808549686786
 20
-23.1930460555834
 10
27.41019317411659
 20
-19.91467104183796
 10
29.69002573095378
 20
-16.32222976931489
 10
31.50162884605216
 20
-12.47237718290229
 10
32.81643245608737
 20
-8.425827757678334
 10
33.61370132270356
 20
-4.246397995370264
 10
33.88086203960884
 20
0.0000000000000009
 10
33.88086203960873
 20
0.0
210
0.0
220
0.0
230
0.0
 11
0.0
 21
0.0
 31
0.0
 71
     1
 72
     0
 73
     0
 40
1.0
 40
0.0
 40
0.0
 40
0.0
 40
0.0
 40
1.0
 40
0.0
 40
0.0
 40
0.0
 40
0.0
 40
1.0
 40
0.0
 40
1.0
 40
0.0
 40
0.0
 40
0.0
 40
0.0
 40
1.0
 40
0.0
 40
0.0
 40
0.0
 40
0.0
 40
1.0
 40
0.0
  0
DICTIONARY
  5
561
330
45
100
AcDbDictionary
280
     1
281
     1
  3
ACAD_XREC_ROUNDTRIP
360
562
  0
DICTIONARY
  5
55F
330
44
100
AcDbDictionary
280
     1
281
     1
  3
ACAD_XREC_ROUNDTRIP
360
560
  0
DICTIONARY
  5
563
330
46
100
AcDbDictionary
280
     1
281
     1
  3
ACAD_XREC_ROUNDTRIP
360
564
  0
DICTIONARY
  5
566
330
5C
100
AcDbDictionary
280
     1
281
     1
  3
ACAD_XREC_ROUNDTRIP
360
567
  0
DICTIONARY
  5
537
330
2F
100
AcDbDictionary
280
     1
281
     1
  3
ACAD_XREC_ROUNDTRIP
360
538
  0
DICTIONARY
  5
53D
330
32
100
AcDbDictionary
280
     1
281
     1
  3
ACAD_XREC_ROUNDTRIP
360
53E
  0
DICTIONARY
  5
545
330
36
100
AcDbDictionary
280
     1
281
     1
  3
ACAD_XREC_ROUNDTRIP
360
546
  0
DICTIONARY
  5
54D
330
3A
100
AcDbDictionary
280
     1
281
     1
  3
ACAD_XREC_ROUNDTRIP
360
54E
  0
DICTIONARY
  5
541
330
34
100
AcDbDictionary
280
     1
281
     1
  3
ACAD_XREC_ROUNDTRIP
360
542
  0
DICTIONARY
  5
543
330
35
100
AcDbDictionary
280
     1
281
     1
  3
ACAD_XREC_ROUNDTRIP
360
544
  0
DICTIONARY
  5
553
330
3D
100
AcDbDictionary
280
     1
281
     1
  3
ACAD_XREC_ROUNDTRIP
360
554
  0
DICTIONARY
  5
54B
330
39
100
AcDbDictionary
280
     1
281
     1
  3
ACAD_XREC_ROUNDTRIP
360
54C
  0
DICTIONARY
  5
52F
330
2B
100
AcDbDictionary
280
     1
281
     1
  3
ACAD_XREC_ROUNDTRIP
360
530
  0
DICTIONARY
  5
531
330
2C
100
AcDbDictionary
280
     1
281
     1
  3
ACAD_XREC_ROUNDTRIP
360
532
  0
DICTIONARY
  5
533
330
2D
100
AcDbDictionary
280
     1
281
     1
  3
ACAD_XREC_ROUNDTRIP
360
534
  0
DICTIONARY
  5
535
330
2E
100
AcDbDictionary
280
     1
281
     1
  3
ACAD_XREC_ROUNDTRIP
360
536
  0
DICTIONARY
  5
53B
330
31
100
AcDbDictionary
280
     1
281
     1
  3
ACAD_XREC_ROUNDTRIP
360
53C
  0
DICTIONARY
  5
54F
330
3B
100
AcDbDictionary
280
     1
281
     1
  3
ACAD_XREC_ROUNDTRIP
360
550
  0
DICTIONARY
  5
549
330
38
100
AcDbDictionary
280
     1
281
     1
  3
ACAD_XREC_ROUNDTRIP
360
54A
  0
DICTIONARY
  5
551
330
3C
100
AcDbDictionary
280
     1
281
     1
  3
ACAD_XREC_ROUNDTRIP
360
552
  0
DICTIONARY
  5
53F
330
33
100
AcDbDictionary
280
     1
281
     1
  3
ACAD_XREC_ROUNDTRIP
360
540
  0
DICTIONARY
  5
55D
330
42
100
AcDbDictionary
280
     1
281
     1
  3
ACAD_XREC_ROUNDTRIP
360
55E
  0
DICTIONARY
  5
55B
330
41
100
AcDbDictionary
280
     1
281
     1
  3
ACAD_XREC_ROUNDTRIP
360
55C
  0
DICTIONARY
  5
555
330
3E
100
AcDbDictionary
280
     1
281
     1
  3
ACAD_XREC_ROUNDTRIP
360
556
  0
DICTIONARY
  5
557
330
3F
100
AcDbDictionary
280
     1
281
     1
  3
ACAD_XREC_ROUNDTRIP
360
558
  0
DICTIONARY
  5
547
330
37
100
AcDbDictionary
280
     1
281
     1
  3
ACAD_XREC_ROUNDTRIP
360
548
  0
DICTIONARY
  5
539
330
30
100
AcDbDictionary
280
     1
281
     1
  3
ACAD_XREC_ROUNDTRIP
360
53A
  0
DICTIONARY
  5
559
330
40
100
AcDbDictionary
280
     1
281
     1
  3
ACAD_XREC_ROUNDTRIP
360
55A
  0
XRECORD
  5
562
102
{ACAD_REACTORS
330
561
102
}
330
561
100
AcDbXrecord
280
     1
102
MATERIAL
148
0.0
149
0.0
149
0.0
 93
        0
 94
      127
282
     0
 72
     1
 77
     1
171
     1
175
     1
179
     1
273
     0
  0
XRECORD
  5
560
102
{ACAD_REACTORS
330
55F
102
}
330
55F
100
AcDbXrecord
280
     1
102
MATERIAL
148
0.0
149
0.0
149
0.0
 93
        0
 94
      127
282
     0
 72
     1
 77
     1
171
     1
175
     1
179
     1
273
     0
  0
XRECORD
  5
564
102
{ACAD_REACTORS
330
563
102
}
330
563
100
AcDbXrecord
280
     1
102
MATERIAL
148
0.0
149
0.0
149
0.0
 93
        0
 94
      127
282
     0
 72
     1
 77
     1
171
     1
175
     1
179
     1
273
     0
  0
XRECORD
  5
567
102
{ACAD_REACTORS
330
566
102
}
330
566
100
AcDbXrecord
280
     1
102
ACAD_ROUNDTRIP_2010_MLEADER_STYLE
  0
XRECORD
  5
538
102
{ACAD_REACTORS
330
537
102
}
330
537
100
AcDbXrecord
280
     1
102
RTVSPropertyOp0
 70
     1
102
RTVSPropertyOp1
 70
     1
102
RTVSPropertyOp2
 70
     1
102
RTVSPropertyOp3
 70
     1
102
RTVSPropertyOp4
 70
     1
102
RTVSPropertyOp5
 70
     1
102
RTVSPropertyOp6
 70
     1
102
RTVSPropertyOp7
 70
     1
102
RTVSPropertyOp8
 70
     1
102
RTVSPropertyOp9
 70
     1
102
RTVSPropertyOp10
 70
     1
102
RTVSPropertyOp11
 70
     1
102
RTVSPropertyOp12
 70
     1
102
RTVSPropertyOp13
 70
     1
102
RTVSPropertyOp14
 70
     1
102
RTVSPropertyOp15
 70
     1
102
RTVSPropertyOp16
 70
     1
102
RTVSPropertyOp17
 70
     1
102
RTVSPropertyOp18
 70
     1
102
RTVSPropertyOp19
 70
     1
102
RTVSPropertyOp20
 70
     1
102
RTVSPropertyOp21
 70
     1
102
RTVSPropertyOp22
 70
     1
102
RTVSPropertyOp23
 70
     1
102
RTVSPropertyOp24
 70
     1
102
RTVSPropertyOp25
 70
     1
102
RTVSPropertyOp26
 70
     1
102
RTVSPropertyOp27
 70
     1
102
RTVSPropertyOp28
 70
     1
102
RTVSPropertyOp29
 70
     1
102
RTVSPropertyOp30
 70
     1
102
RTVSPropertyOp31
 70
     1
102
RTVSPropertyOp32
 70
     1
102
RTVSPropertyOp33
 70
     1
102
RTVSPropertyOp34
 70
     1
102
RTVSPropertyOp35
 70
     1
102
RTVSPropertyOp36
 70
     1
102
RTVSPropertyOp37
 70
     1
102
RTVSPropertyOp38
 70
     1
102
RTVSPropertyOp39
 70
     1
102
RTVSPropertyOp40
 70
     1
102
RTVSPropertyOp41
 70
     1
102
RTVSPropertyOp42
 70
     1
102
RTVSPropertyOp43
 70
     1
102
RTVSPropertyOp44
 70
     1
102
RTVSPropertyOp45
 70
     1
102
RTVSPropertyOp46
 70
     1
102
RTVSPropertyOp47
 70
     1
102
RTVSPropertyOp48
 70
     1
102
RTVSPropertyOp49
 70
     1
102
RTVSPropertyOp50
 70
     1
102
RTVSPropertyOp51
 70
     0
102
RTVSPropertyOp52
 70
     0
102
RTVSPropertyOp53
 70
     1
102
RTVSPropertyOp54
 70
     1
102
RTVSPropertyOp55
 70
     1
102
RTVSPropertyOp56
 70
     1
102
RTVSPropertyOp57
 70
     1
102
RTVSPost2010Prop28
280
     1
102
RTVSPost2010PropOp28
 70
     1
102
RTVSPost2010Prop29
280
     1
102
RTVSPost2010PropOp29
 70
     1
102
RTVSPost2010Prop30
280
     0
102
RTVSPost2010PropOp30
 70
     1
102
RTVSPost2010Prop31
280
     0
102
RTVSPost2010PropOp31
 70
     1
102
RTVSPost2010Prop32
280
     0
102
RTVSPost2010PropOp32
 70
     1
102
RTVSPost2010Prop33
280
     0
102
RTVSPost2010PropOp33
 70
     1
102
RTVSPost2010Prop34
280
     0
102
RTVSPost2010PropOp34
 70
     1
102
RTVSPost2010Prop35
280
     0
102
RTVSPost2010PropOp35
 70
     1
102
RTVSPost2010Prop36
280
     0
102
RTVSPost2010PropOp36
 70
     1
102
RTVSPost2010Prop37
 90
       50
102
RTVSPost2010PropOp37
 70
     1
102
RTVSPost2010Prop38
140
0.0
102
RTVSPost2010PropOp38
 70
     1
102
RTVSPost2010Prop39
140
1.0
102
RTVSPost2010PropOp39
 70
     1
102
RTVSPost2010Prop40
 90
        0
102
RTVSPost2010PropOp40
 70
     1
102
RTVSPost2010Prop41ColorIndex
 90
       18
102
RTVSPost2010Prop41ColorRGB
 90
        0
102
RTVSPost2010PropOp41
 70
     1
102
RTVSPost2010Prop42
 90
       50
102
RTVSPost2010PropOp42
 70
     1
102
RTVSPost2010Prop43
 90
        3
102
RTVSPost2010PropOp43
 70
     1
102
RTVSPost2010Prop44ColorIndex
 90
        5
102
RTVSPost2010Prop44ColorRGB
 90
      255
102
RTVSPost2010PropOp44
 70
     1
102
RTVSPost2010Prop45
280
     0
102
RTVSPost2010PropOp45
 70
     1
102
RTVSPost2010Prop46
 90
       50
102
RTVSPost2010PropOp46
 70
     1
102
RTVSPost2010Prop47
 90
       50
102
RTVSPost2010PropOp47
 70
     1
102
RTVSPost2010Prop48
 90
       50
102
RTVSPost2010PropOp48
 70
     1
102
RTVSPost2010Prop49
280
     0
102
RTVSPost2010PropOp49
 70
     1
102
RTVSPost2010Prop50
 90
       50
102
RTVSPost2010PropOp50
 70
     1
102
RTVSPost2010Prop51ColorIndex
 90
      256
102
RTVSPost2010Prop51ColorRGB
 90
-16777216
102
RTVSPost2010PropOp51
 70
     0
102
RTVSPost2010Prop52
140
1.0
102
RTVSPost2010PropOp52
 70
     0
102
RTVSPost2010Prop53
 90
        2
102
RTVSPost2010PropOp53
 70
     1
102
RTVSPost2010Prop54
  1
strokes_ogs.tif
102
RTVSPost2010PropOp54
 70
     1
102
RTVSPost2010Prop55
280
     0
102
RTVSPost2010PropOp55
 70
     1
102
RTVSPost2010Prop56
140
1.0
102
RTVSPost2010PropOp56
 70
     1
102
RTVSPost2010Prop57
140
1.0
102
RTVSPost2010PropOp57
 70
     1
  0
XRECORD
  5
53E
102
{ACAD_REACTORS
330
53D
102
}
330
53D
100
AcDbXrecord
280
     1
102
RTVSPropertyOp0
 70
     1
102
RTVSPropertyOp1
 70
     1
102
RTVSPropertyOp2
 70
     1
102
RTVSPropertyOp3
 70
     1
102
RTVSPropertyOp4
 70
     1
102
RTVSPropertyOp5
 70
     1
102
RTVSPropertyOp6
 70
     1
102
RTVSPropertyOp7
 70
     1
102
RTVSPropertyOp8
 70
     1
102
RTVSPropertyOp9
 70
     1
102
RTVSPropertyOp10
 70
     1
102
RTVSPropertyOp11
 70
     1
102
RTVSPropertyOp12
 70
     1
102
RTVSPropertyOp13
 70
     1
102
RTVSPropertyOp14
 70
     1
102
RTVSPropertyOp15
 70
     1
102
RTVSPropertyOp16
 70
     1
102
RTVSPropertyOp17
 70
     1
102
RTVSPropertyOp18
 70
     1
102
RTVSPropertyOp19
 70
     1
102
RTVSPropertyOp20
 70
     1
102
RTVSPropertyOp21
 70
     1
102
RTVSPropertyOp22
 70
     1
102
RTVSPropertyOp23
 70
     1
102
RTVSPropertyOp24
 70
     1
102
RTVSPropertyOp25
 70
     1
102
RTVSPropertyOp26
 70
     1
102
RTVSPropertyOp27
 70
     1
102
RTVSPropertyOp28
 70
     1
102
RTVSPropertyOp29
 70
     1
102
RTVSPropertyOp30
 70
     1
102
RTVSPropertyOp31
 70
     1
102
RTVSPropertyOp32
 70
     1
102
RTVSPropertyOp33
 70
     1
102
RTVSPropertyOp34
 70
     1
102
RTVSPropertyOp35
 70
     1
102
RTVSPropertyOp36
 70
     1
102
RTVSPropertyOp37
 70
     1
102
RTVSPropertyOp38
 70
     1
102
RTVSPropertyOp39
 70
     1
102
RTVSPropertyOp40
 70
     1
102
RTVSPropertyOp41
 70
     1
102
RTVSPropertyOp42
 70
     1
102
RTVSPropertyOp43
 70
     1
102
RTVSPropertyOp44
 70
     1
102
RTVSPropertyOp45
 70
     1
102
RTVSPropertyOp46
 70
     1
102
RTVSPropertyOp47
 70
     1
102
RTVSPropertyOp48
 70
     1
102
RTVSPropertyOp49
 70
     1
102
RTVSPropertyOp50
 70
     1
102
RTVSPropertyOp51
 70
     0
102
RTVSPropertyOp52
 70
     0
102
RTVSPropertyOp53
 70
     1
102
RTVSPropertyOp54
 70
     1
102
RTVSPropertyOp55
 70
     1
102
RTVSPropertyOp56
 70
     1
102
RTVSPropertyOp57
 70
     1
102
RTVSPost2010Prop28
280
     0
102
RTVSPost2010PropOp28
 70
     1
102
RTVSPost2010Prop29
280
     1
102
RTVSPost2010PropOp29
 70
     1
102
RTVSPost2010Prop30
280
     1
102
RTVSPost2010PropOp30
 70
     1
102
RTVSPost2010Prop31
280
     0
102
RTVSPost2010PropOp31
 70
     1
102
RTVSPost2010Prop32
280
     0
102
RTVSPost2010PropOp32
 70
     1
102
RTVSPost2010Prop33
280
     0
102
RTVSPost2010PropOp33
 70
     1
102
RTVSPost2010Prop34
280
     0
102
RTVSPost2010PropOp34
 70
     1
102
RTVSPost2010Prop35
280
     0
102
RTVSPost2010PropOp35
 70
     1
102
RTVSPost2010Prop36
280
     0
102
RTVSPost2010PropOp36
 70
     1
102
RTVSPost2010Prop37
 90
       50
102
RTVSPost2010PropOp37
 70
     1
102
RTVSPost2010Prop38
140
0.0
102
RTVSPost2010PropOp38
 70
     1
102
RTVSPost2010Prop39
140
1.0
102
RTVSPost2010PropOp39
 70
     1
102
RTVSPost2010Prop40
 90
        0
102
RTVSPost2010PropOp40
 70
     1
102
RTVSPost2010Prop41ColorIndex
 90
       18
102
RTVSPost2010Prop41ColorRGB
 90
        0
102
RTVSPost2010PropOp41
 70
     1
102
RTVSPost2010Prop42
 90
       50
102
RTVSPost2010PropOp42
 70
     1
102
RTVSPost2010Prop43
 90
        3
102
RTVSPost2010PropOp43
 70
     1
102
RTVSPost2010Prop44ColorIndex
 90
        5
102
RTVSPost2010Prop44ColorRGB
 90
      255
102
RTVSPost2010PropOp44
 70
     1
102
RTVSPost2010Prop45
280
     0
102
RTVSPost2010PropOp45
 70
     1
102
RTVSPost2010Prop46
 90
       50
102
RTVSPost2010PropOp46
 70
     1
102
RTVSPost2010Prop47
 90
       50
102
RTVSPost2010PropOp47
 70
     1
102
RTVSPost2010Prop48
 90
       50
102
RTVSPost2010PropOp48
 70
     1
102
RTVSPost2010Prop49
280
     0
102
RTVSPost2010PropOp49
 70
     1
102
RTVSPost2010Prop50
 90
       50
102
RTVSPost2010PropOp50
 70
     1
102
RTVSPost2010Prop51ColorIndex
 90
      256
102
RTVSPost2010Prop51ColorRGB
 90
-16777216
102
RTVSPost2010PropOp51
 70
     0
102
RTVSPost2010Prop52
140
1.0
102
RTVSPost2010PropOp52
 70
     0
102
RTVSPost2010Prop53
 90
        2
102
RTVSPost2010PropOp53
 70
     1
102
RTVSPost2010Prop54
  1
strokes_ogs.tif
102
RTVSPost2010PropOp54
 70
     1
102
RTVSPost2010Prop55
280
     0
102
RTVSPost2010PropOp55
 70
     1
102
RTVSPost2010Prop56
140
1.0
102
RTVSPost2010PropOp56
 70
     1
102
RTVSPost2010Prop57
140
1.0
102
RTVSPost2010PropOp57
 70
     1
  0
XRECORD
  5
546
102
{ACAD_REACTORS
330
545
102
}
330
545
100
AcDbXrecord
280
     1
102
RTVSPropertyOp0
 70
     1
102
RTVSPropertyOp1
 70
     1
102
RTVSPropertyOp2
 70
     1
102
RTVSPropertyOp3
 70
     1
102
RTVSPropertyOp4
 70
     1
102
RTVSPropertyOp5
 70
     1
102
RTVSPropertyOp6
 70
     1
102
RTVSPropertyOp7
 70
     1
102
RTVSPropertyOp8
 70
     1
102
RTVSPropertyOp9
 70
     1
102
RTVSPropertyOp10
 70
     1
102
RTVSPropertyOp11
 70
     1
102
RTVSPropertyOp12
 70
     1
102
RTVSPropertyOp13
 70
     1
102
RTVSPropertyOp14
 70
     1
102
RTVSPropertyOp15
 70
     1
102
RTVSPropertyOp16
 70
     1
102
RTVSPropertyOp17
 70
     1
102
RTVSPropertyOp18
 70
     1
102
RTVSPropertyOp19
 70
     1
102
RTVSPropertyOp20
 70
     1
102
RTVSPropertyOp21
 70
     1
102
RTVSPropertyOp22
 70
     1
102
RTVSPropertyOp23
 70
     1
102
RTVSPropertyOp24
 70
     1
102
RTVSPropertyOp25
 70
     1
102
RTVSPropertyOp26
 70
     1
102
RTVSPropertyOp27
 70
     1
102
RTVSPropertyOp28
 70
     1
102
RTVSPropertyOp29
 70
     1
102
RTVSPropertyOp30
 70
     1
102
RTVSPropertyOp31
 70
     1
102
RTVSPropertyOp32
 70
     1
102
RTVSPropertyOp33
 70
     1
102
RTVSPropertyOp34
 70
     1
102
RTVSPropertyOp35
 70
     1
102
RTVSPropertyOp36
 70
     1
102
RTVSPropertyOp37
 70
     1
102
RTVSPropertyOp38
 70
     1
102
RTVSPropertyOp39
 70
     1
102
RTVSPropertyOp40
 70
     1
102
RTVSPropertyOp41
 70
     1
102
RTVSPropertyOp42
 70
     1
102
RTVSPropertyOp43
 70
     1
102
RTVSPropertyOp44
 70
     1
102
RTVSPropertyOp45
 70
     1
102
RTVSPropertyOp46
 70
     1
102
RTVSPropertyOp47
 70
     1
102
RTVSPropertyOp48
 70
     1
102
RTVSPropertyOp49
 70
     1
102
RTVSPropertyOp50
 70
     1
102
RTVSPropertyOp51
 70
     0
102
RTVSPropertyOp52
 70
     0
102
RTVSPropertyOp53
 70
     1
102
RTVSPropertyOp54
 70
     1
102
RTVSPropertyOp55
 70
     1
102
RTVSPropertyOp56
 70
     1
102
RTVSPropertyOp57
 70
     1
102
RTVSPost2010Prop28
280
     0
102
RTVSPost2010PropOp28
 70
     1
102
RTVSPost2010Prop29
280
     1
102
RTVSPost2010PropOp29
 70
     1
102
RTVSPost2010Prop30
280
     1
102
RTVSPost2010PropOp30
 70
     1
102
RTVSPost2010Prop31
280
     0
102
RTVSPost2010PropOp31
 70
     1
102
RTVSPost2010Prop32
280
     0
102
RTVSPost2010PropOp32
 70
     1
102
RTVSPost2010Prop33
280
     0
102
RTVSPost2010PropOp33
 70
     1
102
RTVSPost2010Prop34
280
     0
102
RTVSPost2010PropOp34
 70
     1
102
RTVSPost2010Prop35
280
     0
102
RTVSPost2010PropOp35
 70
     1
102
RTVSPost2010Prop36
280
     0
102
RTVSPost2010PropOp36
 70
     1
102
RTVSPost2010Prop37
 90
       50
102
RTVSPost2010PropOp37
 70
     1
102
RTVSPost2010Prop38
140
0.0
102
RTVSPost2010PropOp38
 70
     1
102
RTVSPost2010Prop39
140
1.0
102
RTVSPost2010PropOp39
 70
     1
102
RTVSPost2010Prop40
 90
        0
102
RTVSPost2010PropOp40
 70
     1
102
RTVSPost2010Prop41ColorIndex
 90
       18
102
RTVSPost2010Prop41ColorRGB
 90
        0
102
RTVSPost2010PropOp41
 70
     1
102
RTVSPost2010Prop42
 90
       50
102
RTVSPost2010PropOp42
 70
     1
102
RTVSPost2010Prop43
 90
        3
102
RTVSPost2010PropOp43
 70
     1
102
RTVSPost2010Prop44ColorIndex
 90
        5
102
RTVSPost2010Prop44ColorRGB
 90
      255
102
RTVSPost2010PropOp44
 70
     1
102
RTVSPost2010Prop45
280
     0
102
RTVSPost2010PropOp45
 70
     1
102
RTVSPost2010Prop46
 90
       50
102
RTVSPost2010PropOp46
 70
     1
102
RTVSPost2010Prop47
 90
       50
102
RTVSPost2010PropOp47
 70
     1
102
RTVSPost2010Prop48
 90
       50
102
RTVSPost2010PropOp48
 70
     1
102
RTVSPost2010Prop49
280
     0
102
RTVSPost2010PropOp49
 70
     1
102
RTVSPost2010Prop50
 90
       50
102
RTVSPost2010PropOp50
 70
     1
102
RTVSPost2010Prop51ColorIndex
 90
      256
102
RTVSPost2010Prop51ColorRGB
 90
-16777216
102
RTVSPost2010PropOp51
 70
     0
102
RTVSPost2010Prop52
140
1.0
102
RTVSPost2010PropOp52
 70
     0
102
RTVSPost2010Prop53
 90
        2
102
RTVSPost2010PropOp53
 70
     1
102
RTVSPost2010Prop54
  1
strokes_ogs.tif
102
RTVSPost2010PropOp54
 70
     1
102
RTVSPost2010Prop55
280
     0
102
RTVSPost2010PropOp55
 70
     1
102
RTVSPost2010Prop56
140
1.0
102
RTVSPost2010PropOp56
 70
     1
102
RTVSPost2010Prop57
140
1.0
102
RTVSPost2010PropOp57
 70
     1
  0
XRECORD
  5
54E
102
{ACAD_REACTORS
330
54D
102
}
330
54D
100
AcDbXrecord
280
     1
102
RTVSPropertyOp0
 70
     1
102
RTVSPropertyOp1
 70
     1
102
RTVSPropertyOp2
 70
     1
102
RTVSPropertyOp3
 70
     1
102
RTVSPropertyOp4
 70
     1
102
RTVSPropertyOp5
 70
     1
102
RTVSPropertyOp6
 70
     1
102
RTVSPropertyOp7
 70
     1
102
RTVSPropertyOp8
 70
     1
102
RTVSPropertyOp9
 70
     1
102
RTVSPropertyOp10
 70
     1
102
RTVSPropertyOp11
 70
     1
102
RTVSPropertyOp12
 70
     1
102
RTVSPropertyOp13
 70
     1
102
RTVSPropertyOp14
 70
     1
102
RTVSPropertyOp15
 70
     1
102
RTVSPropertyOp16
 70
     1
102
RTVSPropertyOp17
 70
     1
102
RTVSPropertyOp18
 70
     1
102
RTVSPropertyOp19
 70
     1
102
RTVSPropertyOp20
 70
     1
102
RTVSPropertyOp21
 70
     1
102
RTVSPropertyOp22
 70
     1
102
RTVSPropertyOp23
 70
     1
102
RTVSPropertyOp24
 70
     1
102
RTVSPropertyOp25
 70
     1
102
RTVSPropertyOp26
 70
     1
102
RTVSPropertyOp27
 70
     1
102
RTVSPropertyOp28
 70
     1
102
RTVSPropertyOp29
 70
     1
102
RTVSPropertyOp30
 70
     1
102
RTVSPropertyOp31
 70
     1
102
RTVSPropertyOp32
 70
     1
102
RTVSPropertyOp33
 70
     1
102
RTVSPropertyOp34
 70
     1
102
RTVSPropertyOp35
 70
     1
102
RTVSPropertyOp36
 70
     1
102
RTVSPropertyOp37
 70
     1
102
RTVSPropertyOp38
 70
     1
102
RTVSPropertyOp39
 70
     1
102
RTVSPropertyOp40
 70
     1
102
RTVSPropertyOp41
 70
     1
102
RTVSPropertyOp42
 70
     1
102
RTVSPropertyOp43
 70
     1
102
RTVSPropertyOp44
 70
     1
102
RTVSPropertyOp45
 70
     1
102
RTVSPropertyOp46
 70
     1
102
RTVSPropertyOp47
 70
     1
102
RTVSPropertyOp48
 70
     1
102
RTVSPropertyOp49
 70
     1
102
RTVSPropertyOp50
 70
     1
102
RTVSPropertyOp51
 70
     0
102
RTVSPropertyOp52
 70
     0
102
RTVSPropertyOp53
 70
     1
102
RTVSPropertyOp54
 70
     1
102
RTVSPropertyOp55
 70
     1
102
RTVSPropertyOp56
 70
     1
102
RTVSPropertyOp57
 70
     1
102
RTVSPost2010Prop28
280
     0
102
RTVSPost2010PropOp28
 70
     1
102
RTVSPost2010Prop29
280
     1
102
RTVSPost2010PropOp29
 70
     1
102
RTVSPost2010Prop30
280
     1
102
RTVSPost2010PropOp30
 70
     1
102
RTVSPost2010Prop31
280
     0
102
RTVSPost2010PropOp31
 70
     1
102
RTVSPost2010Prop32
280
     0
102
RTVSPost2010PropOp32
 70
     1
102
RTVSPost2010Prop33
280
     0
102
RTVSPost2010PropOp33
 70
     1
102
RTVSPost2010Prop34
280
     0
102
RTVSPost2010PropOp34
 70
     1
102
RTVSPost2010Prop35
280
     0
102
RTVSPost2010PropOp35
 70
     1
102
RTVSPost2010Prop36
280
     0
102
RTVSPost2010PropOp36
 70
     1
102
RTVSPost2010Prop37
 90
       50
102
RTVSPost2010PropOp37
 70
     1
102
RTVSPost2010Prop38
140
0.0
102
RTVSPost2010PropOp38
 70
     1
102
RTVSPost2010Prop39
140
1.0
102
RTVSPost2010PropOp39
 70
     1
102
RTVSPost2010Prop40
 90
        0
102
RTVSPost2010PropOp40
 70
     1
102
RTVSPost2010Prop41ColorIndex
 90
       18
102
RTVSPost2010Prop41ColorRGB
 90
        0
102
RTVSPost2010PropOp41
 70
     1
102
RTVSPost2010Prop42
 90
       50
102
RTVSPost2010PropOp42
 70
     1
102
RTVSPost2010Prop43
 90
        3
102
RTVSPost2010PropOp43
 70
     1
102
RTVSPost2010Prop44ColorIndex
 90
        5
102
RTVSPost2010Prop44ColorRGB
 90
      255
102
RTVSPost2010PropOp44
 70
     1
102
RTVSPost2010Prop45
280
     0
102
RTVSPost2010PropOp45
 70
     1
102
RTVSPost2010Prop46
 90
       50
102
RTVSPost2010PropOp46
 70
     1
102
RTVSPost2010Prop47
 90
       50
102
RTVSPost2010PropOp47
 70
     1
102
RTVSPost2010Prop48
 90
       50
102
RTVSPost2010PropOp48
 70
     1
102
RTVSPost2010Prop49
280
     0
102
RTVSPost2010PropOp49
 70
     1
102
RTVSPost2010Prop50
 90
       50
102
RTVSPost2010PropOp50
 70
     1
102
RTVSPost2010Prop51ColorIndex
 90
      256
102
RTVSPost2010Prop51ColorRGB
 90
-16777216
102
RTVSPost2010PropOp51
 70
     0
102
RTVSPost2010Prop52
140
1.0
102
RTVSPost2010PropOp52
 70
     0
102
RTVSPost2010Prop53
 90
        2
102
RTVSPost2010PropOp53
 70
     1
102
RTVSPost2010Prop54
  1
strokes_ogs.tif
102
RTVSPost2010PropOp54
 70
     1
102
RTVSPost2010Prop55
280
     0
102
RTVSPost2010PropOp55
 70
     1
102
RTVSPost2010Prop56
140
1.0
102
RTVSPost2010PropOp56
 70
     1
102
RTVSPost2010Prop57
140
1.0
102
RTVSPost2010PropOp57
 70
     1
  0
XRECORD
  5
542
102
{ACAD_REACTORS
330
541
102
}
330
541
100
AcDbXrecord
280
     1
102
RTVSPropertyOp0
 70
     1
102
RTVSPropertyOp1
 70
     1
102
RTVSPropertyOp2
 70
     1
102
RTVSPropertyOp3
 70
     1
102
RTVSPropertyOp4
 70
     1
102
RTVSPropertyOp5
 70
     1
102
RTVSPropertyOp6
 70
     1
102
RTVSPropertyOp7
 70
     1
102
RTVSPropertyOp8
 70
     1
102
RTVSPropertyOp9
 70
     1
102
RTVSPropertyOp10
 70
     1
102
RTVSPropertyOp11
 70
     1
102
RTVSPropertyOp12
 70
     1
102
RTVSPropertyOp13
 70
     1
102
RTVSPropertyOp14
 70
     1
102
RTVSPropertyOp15
 70
     1
102
RTVSPropertyOp16
 70
     1
102
RTVSPropertyOp17
 70
     1
102
RTVSPropertyOp18
 70
     1
102
RTVSPropertyOp19
 70
     1
102
RTVSPropertyOp20
 70
     1
102
RTVSPropertyOp21
 70
     1
102
RTVSPropertyOp22
 70
     1
102
RTVSPropertyOp23
 70
     1
102
RTVSPropertyOp24
 70
     1
102
RTVSPropertyOp25
 70
     1
102
RTVSPropertyOp26
 70
     1
102
RTVSPropertyOp27
 70
     1
102
RTVSPropertyOp28
 70
     1
102
RTVSPropertyOp29
 70
     1
102
RTVSPropertyOp30
 70
     1
102
RTVSPropertyOp31
 70
     1
102
RTVSPropertyOp32
 70
     1
102
RTVSPropertyOp33
 70
     1
102
RTVSPropertyOp34
 70
     1
102
RTVSPropertyOp35
 70
     1
102
RTVSPropertyOp36
 70
     1
102
RTVSPropertyOp37
 70
     1
102
RTVSPropertyOp38
 70
     1
102
RTVSPropertyOp39
 70
     1
102
RTVSPropertyOp40
 70
     1
102
RTVSPropertyOp41
 70
     1
102
RTVSPropertyOp42
 70
     1
102
RTVSPropertyOp43
 70
     1
102
RTVSPropertyOp44
 70
     1
102
RTVSPropertyOp45
 70
     1
102
RTVSPropertyOp46
 70
     1
102
RTVSPropertyOp47
 70
     1
102
RTVSPropertyOp48
 70
     1
102
RTVSPropertyOp49
 70
     1
102
RTVSPropertyOp50
 70
     1
102
RTVSPropertyOp51
 70
     0
102
RTVSPropertyOp52
 70
     0
102
RTVSPropertyOp53
 70
     1
102
RTVSPropertyOp54
 70
     1
102
RTVSPropertyOp55
 70
     1
102
RTVSPropertyOp56
 70
     1
102
RTVSPropertyOp57
 70
     1
102
RTVSPost2010Prop28
280
     0
102
RTVSPost2010PropOp28
 70
     1
102
RTVSPost2010Prop29
280
     1
102
RTVSPost2010PropOp29
 70
     1
102
RTVSPost2010Prop30
280
     1
102
RTVSPost2010PropOp30
 70
     1
102
RTVSPost2010Prop31
280
     0
102
RTVSPost2010PropOp31
 70
     1
102
RTVSPost2010Prop32
280
     0
102
RTVSPost2010PropOp32
 70
     1
102
RTVSPost2010Prop33
280
     0
102
RTVSPost2010PropOp33
 70
     1
102
RTVSPost2010Prop34
280
     0
102
RTVSPost2010PropOp34
 70
     1
102
RTVSPost2010Prop35
280
     0
102
RTVSPost2010PropOp35
 70
     1
102
RTVSPost2010Prop36
280
     0
102
RTVSPost2010PropOp36
 70
     1
102
RTVSPost2010Prop37
 90
       50
102
RTVSPost2010PropOp37
 70
     1
102
RTVSPost2010Prop38
140
0.0
102
RTVSPost2010PropOp38
 70
     1
102
RTVSPost2010Prop39
140
1.0
102
RTVSPost2010PropOp39
 70
     1
102
RTVSPost2010Prop40
 90
        0
102
RTVSPost2010PropOp40
 70
     1
102
RTVSPost2010Prop41ColorIndex
 90
       18
102
RTVSPost2010Prop41ColorRGB
 90
        0
102
RTVSPost2010PropOp41
 70
     1
102
RTVSPost2010Prop42
 90
       50
102
RTVSPost2010PropOp42
 70
     1
102
RTVSPost2010Prop43
 90
        3
102
RTVSPost2010PropOp43
 70
     1
102
RTVSPost2010Prop44ColorIndex
 90
        5
102
RTVSPost2010Prop44ColorRGB
 90
      255
102
RTVSPost2010PropOp44
 70
     1
102
RTVSPost2010Prop45
280
     0
102
RTVSPost2010PropOp45
 70
     1
102
RTVSPost2010Prop46
 90
       50
102
RTVSPost2010PropOp46
 70
     1
102
RTVSPost2010Prop47
 90
       50
102
RTVSPost2010PropOp47
 70
     1
102
RTVSPost2010Prop48
 90
       50
102
RTVSPost2010PropOp48
 70
     1
102
RTVSPost2010Prop49
280
     0
102
RTVSPost2010PropOp49
 70
     1
102
RTVSPost2010Prop50
 90
       50
102
RTVSPost2010PropOp50
 70
     1
102
RTVSPost2010Prop51ColorIndex
 90
      256
102
RTVSPost2010Prop51ColorRGB
 90
-16777216
102
RTVSPost2010PropOp51
 70
     0
102
RTVSPost2010Prop52
140
1.0
102
RTVSPost2010PropOp52
 70
     0
102
RTVSPost2010Prop53
 90
        2
102
RTVSPost2010PropOp53
 70
     1
102
RTVSPost2010Prop54
  1
strokes_ogs.tif
102
RTVSPost2010PropOp54
 70
     1
102
RTVSPost2010Prop55
280
     0
102
RTVSPost2010PropOp55
 70
     1
102
RTVSPost2010Prop56
140
1.0
102
RTVSPost2010PropOp56
 70
     1
102
RTVSPost2010Prop57
140
1.0
102
RTVSPost2010PropOp57
 70
     1
  0
XRECORD
  5
544
102
{ACAD_REACTORS
330
543
102
}
330
543
100
AcDbXrecord
280
     1
102
RTVSPropertyOp0
 70
     1
102
RTVSPropertyOp1
 70
     1
102
RTVSPropertyOp2
 70
     1
102
RTVSPropertyOp3
 70
     1
102
RTVSPropertyOp4
 70
     1
102
RTVSPropertyOp5
 70
     1
102
RTVSPropertyOp6
 70
     1
102
RTVSPropertyOp7
 70
     1
102
RTVSPropertyOp8
 70
     1
102
RTVSPropertyOp9
 70
     1
102
RTVSPropertyOp10
 70
     1
102
RTVSPropertyOp11
 70
     1
102
RTVSPropertyOp12
 70
     1
102
RTVSPropertyOp13
 70
     1
102
RTVSPropertyOp14
 70
     1
102
RTVSPropertyOp15
 70
     1
102
RTVSPropertyOp16
 70
     1
102
RTVSPropertyOp17
 70
     1
102
RTVSPropertyOp18
 70
     1
102
RTVSPropertyOp19
 70
     1
102
RTVSPropertyOp20
 70
     1
102
RTVSPropertyOp21
 70
     1
102
RTVSPropertyOp22
 70
     1
102
RTVSPropertyOp23
 70
     1
102
RTVSPropertyOp24
 70
     1
102
RTVSPropertyOp25
 70
     1
102
RTVSPropertyOp26
 70
     1
102
RTVSPropertyOp27
 70
     1
102
RTVSPropertyOp28
 70
     1
102
RTVSPropertyOp29
 70
     1
102
RTVSPropertyOp30
 70
     1
102
RTVSPropertyOp31
 70
     1
102
RTVSPropertyOp32
 70
     1
102
RTVSPropertyOp33
 70
     1
102
RTVSPropertyOp34
 70
     1
102
RTVSPropertyOp35
 70
     1
102
RTVSPropertyOp36
 70
     1
102
RTVSPropertyOp37
 70
     1
102
RTVSPropertyOp38
 70
     1
102
RTVSPropertyOp39
 70
     1
102
RTVSPropertyOp40
 70
     1
102
RTVSPropertyOp41
 70
     1
102
RTVSPropertyOp42
 70
     1
102
RTVSPropertyOp43
 70
     1
102
RTVSPropertyOp44
 70
     1
102
RTVSPropertyOp45
 70
     1
102
RTVSPropertyOp46
 70
     1
102
RTVSPropertyOp47
 70
     1
102
RTVSPropertyOp48
 70
     1
102
RTVSPropertyOp49
 70
     1
102
RTVSPropertyOp50
 70
     1
102
RTVSPropertyOp51
 70
     0
102
RTVSPropertyOp52
 70
     0
102
RTVSPropertyOp53
 70
     1
102
RTVSPropertyOp54
 70
     1
102
RTVSPropertyOp55
 70
     1
102
RTVSPropertyOp56
 70
     1
102
RTVSPropertyOp57
 70
     1
102
RTVSPost2010Prop28
280
     0
102
RTVSPost2010PropOp28
 70
     1
102
RTVSPost2010Prop29
280
     1
102
RTVSPost2010PropOp29
 70
     1
102
RTVSPost2010Prop30
280
     1
102
RTVSPost2010PropOp30
 70
     1
102
RTVSPost2010Prop31
280
     0
102
RTVSPost2010PropOp31
 70
     1
102
RTVSPost2010Prop32
280
     0
102
RTVSPost2010PropOp32
 70
     1
102
RTVSPost2010Prop33
280
     0
102
RTVSPost2010PropOp33
 70
     1
102
RTVSPost2010Prop34
280
     0
102
RTVSPost2010PropOp34
 70
     1
102
RTVSPost2010Prop35
280
     0
102
RTVSPost2010PropOp35
 70
     1
102
RTVSPost2010Prop36
280
     0
102
RTVSPost2010PropOp36
 70
     1
102
RTVSPost2010Prop37
 90
       50
102
RTVSPost2010PropOp37
 70
     1
102
RTVSPost2010Prop38
140
0.0
102
RTVSPost2010PropOp38
 70
     1
102
RTVSPost2010Prop39
140
1.0
102
RTVSPost2010PropOp39
 70
     1
102
RTVSPost2010Prop40
 90
        0
102
RTVSPost2010PropOp40
 70
     1
102
RTVSPost2010Prop41ColorIndex
 90
       18
102
RTVSPost2010Prop41ColorRGB
 90
        0
102
RTVSPost2010PropOp41
 70
     1
102
RTVSPost2010Prop42
 90
       50
102
RTVSPost2010PropOp42
 70
     1
102
RTVSPost2010Prop43
 90
        3
102
RTVSPost2010PropOp43
 70
     1
102
RTVSPost2010Prop44ColorIndex
 90
        5
102
RTVSPost2010Prop44ColorRGB
 90
      255
102
RTVSPost2010PropOp44
 70
     1
102
RTVSPost2010Prop45
280
     0
102
RTVSPost2010PropOp45
 70
     1
102
RTVSPost2010Prop46
 90
       50
102
RTVSPost2010PropOp46
 70
     1
102
RTVSPost2010Prop47
 90
       50
102
RTVSPost2010PropOp47
 70
     1
102
RTVSPost2010Prop48
 90
       50
102
RTVSPost2010PropOp48
 70
     1
102
RTVSPost2010Prop49
280
     0
102
RTVSPost2010PropOp49
 70
     1
102
RTVSPost2010Prop50
 90
       50
102
RTVSPost2010PropOp50
 70
     1
102
RTVSPost2010Prop51ColorIndex
 90
      256
102
RTVSPost2010Prop51ColorRGB
 90
-16777216
102
RTVSPost2010PropOp51
 70
     0
102
RTVSPost2010Prop52
140
1.0
102
RTVSPost2010PropOp52
 70
     0
102
RTVSPost2010Prop53
 90
        2
102
RTVSPost2010PropOp53
 70
     1
102
RTVSPost2010Prop54
  1
strokes_ogs.tif
102
RTVSPost2010PropOp54
 70
     1
102
RTVSPost2010Prop55
280
     0
102
RTVSPost2010PropOp55
 70
     1
102
RTVSPost2010Prop56
140
1.0
102
RTVSPost2010PropOp56
 70
     1
102
RTVSPost2010Prop57
140
1.0
102
RTVSPost2010PropOp57
 70
     1
  0
XRECORD
  5
554
102
{ACAD_REACTORS
330
553
102
}
330
553
100
AcDbXrecord
280
     1
102
RTVSPropertyOp0
 70
     0
102
RTVSPropertyOp1
 70
     0
102
RTVSPropertyOp2
 70
     0
102
RTVSPropertyOp3
 70
     0
102
RTVSPropertyOp4
 70
     0
102
RTVSPropertyOp5
 70
     0
102
RTVSPropertyOp6
 70
     0
102
RTVSPropertyOp7
 70
     0
102
RTVSPropertyOp8
 70
     0
102
RTVSPropertyOp9
 70
     0
102
RTVSPropertyOp10
 70
     0
102
RTVSPropertyOp11
 70
     0
102
RTVSPropertyOp12
 70
     0
102
RTVSPropertyOp13
 70
     0
102
RTVSPropertyOp14
 70
     2
102
RTVSPropertyOp15
 70
     0
102
RTVSPropertyOp16
 70
     0
102
RTVSPropertyOp17
 70
     0
102
RTVSPropertyOp18
 70
     0
102
RTVSPropertyOp19
 70
     0
102
RTVSPropertyOp20
 70
     0
102
RTVSPropertyOp21
 70
     0
102
RTVSPropertyOp22
 70
     0
102
RTVSPropertyOp23
 70
     0
102
RTVSPropertyOp24
 70
     0
102
RTVSPropertyOp25
 70
     0
102
RTVSPropertyOp26
 70
     0
102
RTVSPropertyOp27
 70
     0
102
RTVSPropertyOp28
 70
     0
102
RTVSPropertyOp29
 70
     0
102
RTVSPropertyOp30
 70
     0
102
RTVSPropertyOp31
 70
     0
102
RTVSPropertyOp32
 70
     0
102
RTVSPropertyOp33
 70
     0
102
RTVSPropertyOp34
 70
     0
102
RTVSPropertyOp35
 70
     0
102
RTVSPropertyOp36
 70
     0
102
RTVSPropertyOp37
 70
     0
102
RTVSPropertyOp38
 70
     0
102
RTVSPropertyOp39
 70
     0
102
RTVSPropertyOp40
 70
     0
102
RTVSPropertyOp41
 70
     0
102
RTVSPropertyOp42
 70
     0
102
RTVSPropertyOp43
 70
     0
102
RTVSPropertyOp44
 70
     0
102
RTVSPropertyOp45
 70
     0
102
RTVSPropertyOp46
 70
     0
102
RTVSPropertyOp47
 70
     0
102
RTVSPropertyOp48
 70
     0
102
RTVSPropertyOp49
 70
     0
102
RTVSPropertyOp50
 70
     0
102
RTVSPropertyOp51
 70
     0
102
RTVSPropertyOp52
 70
     0
102
RTVSPropertyOp53
 70
     0
102
RTVSPropertyOp54
 70
     0
102
RTVSPropertyOp55
 70
     0
102
RTVSPropertyOp56
 70
     0
102
RTVSPropertyOp57
 70
     0
102
RTVSPost2010Prop28
280
     0
102
RTVSPost2010PropOp28
 70
     0
102
RTVSPost2010Prop29
280
     1
102
RTVSPost2010PropOp29
 70
     0
102
RTVSPost2010Prop30
280
     1
102
RTVSPost2010PropOp30
 70
     0
102
RTVSPost2010Prop31
280
     0
102
RTVSPost2010PropOp31
 70
     0
102
RTVSPost2010Prop32
280
     0
102
RTVSPost2010PropOp32
 70
     0
102
RTVSPost2010Prop33
280
     0
102
RTVSPost2010PropOp33
 70
     0
102
RTVSPost2010Prop34
280
     0
102
RTVSPost2010PropOp34
 70
     0
102
RTVSPost2010Prop35
280
     0
102
RTVSPost2010PropOp35
 70
     0
102
RTVSPost2010Prop36
280
     0
102
RTVSPost2010PropOp36
 70
     0
102
RTVSPost2010Prop37
 90
       50
102
RTVSPost2010PropOp37
 70
     0
102
RTVSPost2010Prop38
140
0.0
102
RTVSPost2010PropOp38
 70
     0
102
RTVSPost2010Prop39
140
1.0
102
RTVSPost2010PropOp39
 70
     0
102
RTVSPost2010Prop40
 90
        0
102
RTVSPost2010PropOp40
 70
     0
102
RTVSPost2010Prop41ColorIndex
 90
       18
102
RTVSPost2010Prop41ColorRGB
 90
        0
102
RTVSPost2010PropOp41
 70
     0
102
RTVSPost2010Prop42
 90
       50
102
RTVSPost2010PropOp42
 70
     0
102
RTVSPost2010Prop43
 90
        3
102
RTVSPost2010PropOp43
 70
     0
102
RTVSPost2010Prop44ColorIndex
 90
        5
102
RTVSPost2010Prop44ColorRGB
 90
      255
102
RTVSPost2010PropOp44
 70
     0
102
RTVSPost2010Prop45
280
     0
102
RTVSPost2010PropOp45
 70
     0
102
RTVSPost2010Prop46
 90
       50
102
RTVSPost2010PropOp46
 70
     0
102
RTVSPost2010Prop47
 90
       50
102
RTVSPost2010PropOp47
 70
     0
102
RTVSPost2010Prop48
 90
       50
102
RTVSPost2010PropOp48
 70
     0
102
RTVSPost2010Prop49
280
     0
102
RTVSPost2010PropOp49
 70
     0
102
RTVSPost2010Prop50
 90
       50
102
RTVSPost2010PropOp50
 70
     0
102
RTVSPost2010Prop51ColorIndex
 90
      256
102
RTVSPost2010Prop51ColorRGB
 90
-16777216
102
RTVSPost2010PropOp51
 70
     0
102
RTVSPost2010Prop52
140
1.0
102
RTVSPost2010PropOp52
 70
     0
102
RTVSPost2010Prop53
 90
        2
102
RTVSPost2010PropOp53
 70
     0
102
RTVSPost2010Prop54
  1
strokes_ogs.tif
102
RTVSPost2010PropOp54
 70
     0
102
RTVSPost2010Prop55
280
     0
102
RTVSPost2010PropOp55
 70
     0
102
RTVSPost2010Prop56
140
1.0
102
RTVSPost2010PropOp56
 70
     0
102
RTVSPost2010Prop57
140
1.0
102
RTVSPost2010PropOp57
 70
     0
  0
XRECORD
  5
54C
102
{ACAD_REACTORS
330
54B
102
}
330
54B
100
AcDbXrecord
280
     1
102
RTVSPropertyOp0
 70
     1
102
RTVSPropertyOp1
 70
     1
102
RTVSPropertyOp2
 70
     1
102
RTVSPropertyOp3
 70
     1
102
RTVSPropertyOp4
 70
     1
102
RTVSPropertyOp5
 70
     1
102
RTVSPropertyOp6
 70
     1
102
RTVSPropertyOp7
 70
     1
102
RTVSPropertyOp8
 70
     1
102
RTVSPropertyOp9
 70
     1
102
RTVSPropertyOp10
 70
     1
102
RTVSPropertyOp11
 70
     1
102
RTVSPropertyOp12
 70
     1
102
RTVSPropertyOp13
 70
     1
102
RTVSPropertyOp14
 70
     1
102
RTVSPropertyOp15
 70
     1
102
RTVSPropertyOp16
 70
     1
102
RTVSPropertyOp17
 70
     1
102
RTVSPropertyOp18
 70
     1
102
RTVSPropertyOp19
 70
     1
102
RTVSPropertyOp20
 70
     1
102
RTVSPropertyOp21
 70
     1
102
RTVSPropertyOp22
 70
     1
102
RTVSPropertyOp23
 70
     1
102
RTVSPropertyOp24
 70
     1
102
RTVSPropertyOp25
 70
     1
102
RTVSPropertyOp26
 70
     1
102
RTVSPropertyOp27
 70
     1
102
RTVSPropertyOp28
 70
     1
102
RTVSPropertyOp29
 70
     1
102
RTVSPropertyOp30
 70
     1
102
RTVSPropertyOp31
 70
     1
102
RTVSPropertyOp32
 70
     1
102
RTVSPropertyOp33
 70
     1
102
RTVSPropertyOp34
 70
     1
102
RTVSPropertyOp35
 70
     1
102
RTVSPropertyOp36
 70
     1
102
RTVSPropertyOp37
 70
     1
102
RTVSPropertyOp38
 70
     1
102
RTVSPropertyOp39
 70
     1
102
RTVSPropertyOp40
 70
     1
102
RTVSPropertyOp41
 70
     1
102
RTVSPropertyOp42
 70
     1
102
RTVSPropertyOp43
 70
     1
102
RTVSPropertyOp44
 70
     1
102
RTVSPropertyOp45
 70
     1
102
RTVSPropertyOp46
 70
     1
102
RTVSPropertyOp47
 70
     1
102
RTVSPropertyOp48
 70
     1
102
RTVSPropertyOp49
 70
     1
102
RTVSPropertyOp50
 70
     1
102
RTVSPropertyOp51
 70
     0
102
RTVSPropertyOp52
 70
     0
102
RTVSPropertyOp53
 70
     1
102
RTVSPropertyOp54
 70
     1
102
RTVSPropertyOp55
 70
     1
102
RTVSPropertyOp56
 70
     1
102
RTVSPropertyOp57
 70
     1
102
RTVSPost2010Prop28
280
     0
102
RTVSPost2010PropOp28
 70
     1
102
RTVSPost2010Prop29
280
     1
102
RTVSPost2010PropOp29
 70
     1
102
RTVSPost2010Prop30
280
     1
102
RTVSPost2010PropOp30
 70
     1
102
RTVSPost2010Prop31
280
     0
102
RTVSPost2010PropOp31
 70
     1
102
RTVSPost2010Prop32
280
     0
102
RTVSPost2010PropOp32
 70
     1
102
RTVSPost2010Prop33
280
     0
102
RTVSPost2010PropOp33
 70
     1
102
RTVSPost2010Prop34
280
     0
102
RTVSPost2010PropOp34
 70
     1
102
RTVSPost2010Prop35
280
     0
102
RTVSPost2010PropOp35
 70
     1
102
RTVSPost2010Prop36
280
     0
102
RTVSPost2010PropOp36
 70
     1
102
RTVSPost2010Prop37
 90
       50
102
RTVSPost2010PropOp37
 70
     1
102
RTVSPost2010Prop38
140
0.0
102
RTVSPost2010PropOp38
 70
     1
102
RTVSPost2010Prop39
140
1.0
102
RTVSPost2010PropOp39
 70
     1
102
RTVSPost2010Prop40
 90
        0
102
RTVSPost2010PropOp40
 70
     1
102
RTVSPost2010Prop41ColorIndex
 90
       18
102
RTVSPost2010Prop41ColorRGB
 90
        0
102
RTVSPost2010PropOp41
 70
     1
102
RTVSPost2010Prop42
 90
       50
102
RTVSPost2010PropOp42
 70
     1
102
RTVSPost2010Prop43
 90
        3
102
RTVSPost2010PropOp43
 70
     1
102
RTVSPost2010Prop44ColorIndex
 90
        5
102
RTVSPost2010Prop44ColorRGB
 90
      255
102
RTVSPost2010PropOp44
 70
     1
102
RTVSPost2010Prop45
280
     0
102
RTVSPost2010PropOp45
 70
     1
102
RTVSPost2010Prop46
 90
       50
102
RTVSPost2010PropOp46
 70
     1
102
RTVSPost2010Prop47
 90
       50
102
RTVSPost2010PropOp47
 70
     1
102
RTVSPost2010Prop48
 90
       50
102
RTVSPost2010PropOp48
 70
     1
102
RTVSPost2010Prop49
280
     0
102
RTVSPost2010PropOp49
 70
     1
102
RTVSPost2010Prop50
 90
       50
102
RTVSPost2010PropOp50
 70
     1
102
RTVSPost2010Prop51ColorIndex
 90
      256
102
RTVSPost2010Prop51ColorRGB
 90
-16777216
102
RTVSPost2010PropOp51
 70
     0
102
RTVSPost2010Prop52
140
1.0
102
RTVSPost2010PropOp52
 70
     0
102
RTVSPost2010Prop53
 90
        2
102
RTVSPost2010PropOp53
 70
     1
102
RTVSPost2010Prop54
  1
strokes_ogs.tif
102
RTVSPost2010PropOp54
 70
     1
102
RTVSPost2010Prop55
280
     0
102
RTVSPost2010PropOp55
 70
     1
102
RTVSPost2010Prop56
140
1.0
102
RTVSPost2010PropOp56
 70
     1
102
RTVSPost2010Prop57
140
1.0
102
RTVSPost2010PropOp57
 70
     1
  0
XRECORD
  5
530
102
{ACAD_REACTORS
330
52F
102
}
330
52F
100
AcDbXrecord
280
     1
102
RTVSPropertyOp0
 70
     1
102
RTVSPropertyOp1
 70
     1
102
RTVSPropertyOp2
 70
     1
102
RTVSPropertyOp3
 70
     1
102
RTVSPropertyOp4
 70
     1
102
RTVSPropertyOp5
 70
     1
102
RTVSPropertyOp6
 70
     1
102
RTVSPropertyOp7
 70
     1
102
RTVSPropertyOp8
 70
     1
102
RTVSPropertyOp9
 70
     1
102
RTVSPropertyOp10
 70
     1
102
RTVSPropertyOp11
 70
     1
102
RTVSPropertyOp12
 70
     1
102
RTVSPropertyOp13
 70
     1
102
RTVSPropertyOp14
 70
     1
102
RTVSPropertyOp15
 70
     1
102
RTVSPropertyOp16
 70
     1
102
RTVSPropertyOp17
 70
     1
102
RTVSPropertyOp18
 70
     1
102
RTVSPropertyOp19
 70
     1
102
RTVSPropertyOp20
 70
     1
102
RTVSPropertyOp21
 70
     1
102
RTVSPropertyOp22
 70
     1
102
RTVSPropertyOp23
 70
     1
102
RTVSPropertyOp24
 70
     1
102
RTVSPropertyOp25
 70
     1
102
RTVSPropertyOp26
 70
     1
102
RTVSPropertyOp27
 70
     1
102
RTVSPropertyOp28
 70
     1
102
RTVSPropertyOp29
 70
     1
102
RTVSPropertyOp30
 70
     1
102
RTVSPropertyOp31
 70
     1
102
RTVSPropertyOp32
 70
     1
102
RTVSPropertyOp33
 70
     1
102
RTVSPropertyOp34
 70
     1
102
RTVSPropertyOp35
 70
     1
102
RTVSPropertyOp36
 70
     1
102
RTVSPropertyOp37
 70
     1
102
RTVSPropertyOp38
 70
     1
102
RTVSPropertyOp39
 70
     1
102
RTVSPropertyOp40
 70
     1
102
RTVSPropertyOp41
 70
     1
102
RTVSPropertyOp42
 70
     1
102
RTVSPropertyOp43
 70
     1
102
RTVSPropertyOp44
 70
     1
102
RTVSPropertyOp45
 70
     1
102
RTVSPropertyOp46
 70
     1
102
RTVSPropertyOp47
 70
     1
102
RTVSPropertyOp48
 70
     1
102
RTVSPropertyOp49
 70
     1
102
RTVSPropertyOp50
 70
     1
102
RTVSPropertyOp51
 70
     0
102
RTVSPropertyOp52
 70
     0
102
RTVSPropertyOp53
 70
     1
102
RTVSPropertyOp54
 70
     1
102
RTVSPropertyOp55
 70
     1
102
RTVSPropertyOp56
 70
     1
102
RTVSPropertyOp57
 70
     1
102
RTVSPost2010Prop28
280
     0
102
RTVSPost2010PropOp28
 70
     1
102
RTVSPost2010Prop29
280
     1
102
RTVSPost2010PropOp29
 70
     1
102
RTVSPost2010Prop30
280
     1
102
RTVSPost2010PropOp30
 70
     1
102
RTVSPost2010Prop31
280
     0
102
RTVSPost2010PropOp31
 70
     1
102
RTVSPost2010Prop32
280
     0
102
RTVSPost2010PropOp32
 70
     1
102
RTVSPost2010Prop33
280
     0
102
RTVSPost2010PropOp33
 70
     1
102
RTVSPost2010Prop34
280
     0
102
RTVSPost2010PropOp34
 70
     1
102
RTVSPost2010Prop35
280
     0
102
RTVSPost2010PropOp35
 70
     1
102
RTVSPost2010Prop36
280
     0
102
RTVSPost2010PropOp36
 70
     1
102
RTVSPost2010Prop37
 90
       50
102
RTVSPost2010PropOp37
 70
     1
102
RTVSPost2010Prop38
140
0.0
102
RTVSPost2010PropOp38
 70
     1
102
RTVSPost2010Prop39
140
1.0
102
RTVSPost2010PropOp39
 70
     1
102
RTVSPost2010Prop40
 90
        0
102
RTVSPost2010PropOp40
 70
     1
102
RTVSPost2010Prop41ColorIndex
 90
       18
102
RTVSPost2010Prop41ColorRGB
 90
        0
102
RTVSPost2010PropOp41
 70
     1
102
RTVSPost2010Prop42
 90
       50
102
RTVSPost2010PropOp42
 70
     1
102
RTVSPost2010Prop43
 90
        3
102
RTVSPost2010PropOp43
 70
     1
102
RTVSPost2010Prop44ColorIndex
 90
        5
102
RTVSPost2010Prop44ColorRGB
 90
      255
102
RTVSPost2010PropOp44
 70
     1
102
RTVSPost2010Prop45
280
     0
102
RTVSPost2010PropOp45
 70
     1
102
RTVSPost2010Prop46
 90
       50
102
RTVSPost2010PropOp46
 70
     1
102
RTVSPost2010Prop47
 90
       50
102
RTVSPost2010PropOp47
 70
     1
102
RTVSPost2010Prop48
 90
       50
102
RTVSPost2010PropOp48
 70
     1
102
RTVSPost2010Prop49
280
     0
102
RTVSPost2010PropOp49
 70
     1
102
RTVSPost2010Prop50
 90
       50
102
RTVSPost2010PropOp50
 70
     1
102
RTVSPost2010Prop51ColorIndex
 90
      256
102
RTVSPost2010Prop51ColorRGB
 90
-16777216
102
RTVSPost2010PropOp51
 70
     0
102
RTVSPost2010Prop52
140
1.0
102
RTVSPost2010PropOp52
 70
     0
102
RTVSPost2010Prop53
 90
        2
102
RTVSPost2010PropOp53
 70
     1
102
RTVSPost2010Prop54
  1
strokes_ogs.tif
102
RTVSPost2010PropOp54
 70
     1
102
RTVSPost2010Prop55
280
     0
102
RTVSPost2010PropOp55
 70
     1
102
RTVSPost2010Prop56
140
1.0
102
RTVSPost2010PropOp56
 70
     1
102
RTVSPost2010Prop57
140
1.0
102
RTVSPost2010PropOp57
 70
     1
  0
XRECORD
  5
532
102
{ACAD_REACTORS
330
531
102
}
330
531
100
AcDbXrecord
280
     1
102
RTVSPropertyOp0
 70
     1
102
RTVSPropertyOp1
 70
     1
102
RTVSPropertyOp2
 70
     1
102
RTVSPropertyOp3
 70
     1
102
RTVSPropertyOp4
 70
     1
102
RTVSPropertyOp5
 70
     1
102
RTVSPropertyOp6
 70
     1
102
RTVSPropertyOp7
 70
     1
102
RTVSPropertyOp8
 70
     1
102
RTVSPropertyOp9
 70
     1
102
RTVSPropertyOp10
 70
     1
102
RTVSPropertyOp11
 70
     1
102
RTVSPropertyOp12
 70
     1
102
RTVSPropertyOp13
 70
     1
102
RTVSPropertyOp14
 70
     1
102
RTVSPropertyOp15
 70
     1
102
RTVSPropertyOp16
 70
     1
102
RTVSPropertyOp17
 70
     1
102
RTVSPropertyOp18
 70
     1
102
RTVSPropertyOp19
 70
     1
102
RTVSPropertyOp20
 70
     1
102
RTVSPropertyOp21
 70
     1
102
RTVSPropertyOp22
 70
     1
102
RTVSPropertyOp23
 70
     1
102
RTVSPropertyOp24
 70
     1
102
RTVSPropertyOp25
 70
     1
102
RTVSPropertyOp26
 70
     1
102
RTVSPropertyOp27
 70
     1
102
RTVSPropertyOp28
 70
     1
102
RTVSPropertyOp29
 70
     1
102
RTVSPropertyOp30
 70
     1
102
RTVSPropertyOp31
 70
     1
102
RTVSPropertyOp32
 70
     1
102
RTVSPropertyOp33
 70
     1
102
RTVSPropertyOp34
 70
     1
102
RTVSPropertyOp35
 70
     1
102
RTVSPropertyOp36
 70
     1
102
RTVSPropertyOp37
 70
     1
102
RTVSPropertyOp38
 70
     1
102
RTVSPropertyOp39
 70
     1
102
RTVSPropertyOp40
 70
     1
102
RTVSPropertyOp41
 70
     1
102
RTVSPropertyOp42
 70
     1
102
RTVSPropertyOp43
 70
     1
102
RTVSPropertyOp44
 70
     1
102
RTVSPropertyOp45
 70
     1
102
RTVSPropertyOp46
 70
     1
102
RTVSPropertyOp47
 70
     1
102
RTVSPropertyOp48
 70
     1
102
RTVSPropertyOp49
 70
     1
102
RTVSPropertyOp50
 70
     1
102
RTVSPropertyOp51
 70
     0
102
RTVSPropertyOp52
 70
     0
102
RTVSPropertyOp53
 70
     1
102
RTVSPropertyOp54
 70
     1
102
RTVSPropertyOp55
 70
     1
102
RTVSPropertyOp56
 70
     1
102
RTVSPropertyOp57
 70
     1
102
RTVSPost2010Prop28
280
     0
102
RTVSPost2010PropOp28
 70
     1
102
RTVSPost2010Prop29
280
     1
102
RTVSPost2010PropOp29
 70
     1
102
RTVSPost2010Prop30
280
     1
102
RTVSPost2010PropOp30
 70
     1
102
RTVSPost2010Prop31
280
     0
102
RTVSPost2010PropOp31
 70
     1
102
RTVSPost2010Prop32
280
     0
102
RTVSPost2010PropOp32
 70
     1
102
RTVSPost2010Prop33
280
     0
102
RTVSPost2010PropOp33
 70
     1
102
RTVSPost2010Prop34
280
     0
102
RTVSPost2010PropOp34
 70
     1
102
RTVSPost2010Prop35
280
     0
102
RTVSPost2010PropOp35
 70
     1
102
RTVSPost2010Prop36
280
     0
102
RTVSPost2010PropOp36
 70
     1
102
RTVSPost2010Prop37
 90
       50
102
RTVSPost2010PropOp37
 70
     1
102
RTVSPost2010Prop38
140
0.0
102
RTVSPost2010PropOp38
 70
     1
102
RTVSPost2010Prop39
140
1.0
102
RTVSPost2010PropOp39
 70
     1
102
RTVSPost2010Prop40
 90
        0
102
RTVSPost2010PropOp40
 70
     1
102
RTVSPost2010Prop41ColorIndex
 90
       18
102
RTVSPost2010Prop41ColorRGB
 90
        0
102
RTVSPost2010PropOp41
 70
     1
102
RTVSPost2010Prop42
 90
       50
102
RTVSPost2010PropOp42
 70
     1
102
RTVSPost2010Prop43
 90
        3
102
RTVSPost2010PropOp43
 70
     1
102
RTVSPost2010Prop44ColorIndex
 90
        5
102
RTVSPost2010Prop44ColorRGB
 90
      255
102
RTVSPost2010PropOp44
 70
     1
102
RTVSPost2010Prop45
280
     0
102
RTVSPost2010PropOp45
 70
     1
102
RTVSPost2010Prop46
 90
       50
102
RTVSPost2010PropOp46
 70
     1
102
RTVSPost2010Prop47
 90
       50
102
RTVSPost2010PropOp47
 70
     1
102
RTVSPost2010Prop48
 90
       50
102
RTVSPost2010PropOp48
 70
     1
102
RTVSPost2010Prop49
280
     0
102
RTVSPost2010PropOp49
 70
     1
102
RTVSPost2010Prop50
 90
       50
102
RTVSPost2010PropOp50
 70
     1
102
RTVSPost2010Prop51ColorIndex
 90
      256
102
RTVSPost2010Prop51ColorRGB
 90
-16777216
102
RTVSPost2010PropOp51
 70
     0
102
RTVSPost2010Prop52
140
1.0
102
RTVSPost2010PropOp52
 70
     0
102
RTVSPost2010Prop53
 90
        2
102
RTVSPost2010PropOp53
 70
     1
102
RTVSPost2010Prop54
  1
strokes_ogs.tif
102
RTVSPost2010PropOp54
 70
     1
102
RTVSPost2010Prop55
280
     0
102
RTVSPost2010PropOp55
 70
     1
102
RTVSPost2010Prop56
140
1.0
102
RTVSPost2010PropOp56
 70
     1
102
RTVSPost2010Prop57
140
1.0
102
RTVSPost2010PropOp57
 70
     1
  0
XRECORD
  5
534
102
{ACAD_REACTORS
330
533
102
}
330
533
100
AcDbXrecord
280
     1
102
RTVSPropertyOp0
 70
     1
102
RTVSPropertyOp1
 70
     1
102
RTVSPropertyOp2
 70
     1
102
RTVSPropertyOp3
 70
     1
102
RTVSPropertyOp4
 70
     1
102
RTVSPropertyOp5
 70
     1
102
RTVSPropertyOp6
 70
     1
102
RTVSPropertyOp7
 70
     1
102
RTVSPropertyOp8
 70
     1
102
RTVSPropertyOp9
 70
     1
102
RTVSPropertyOp10
 70
     1
102
RTVSPropertyOp11
 70
     1
102
RTVSPropertyOp12
 70
     1
102
RTVSPropertyOp13
 70
     1
102
RTVSPropertyOp14
 70
     1
102
RTVSPropertyOp15
 70
     1
102
RTVSPropertyOp16
 70
     1
102
RTVSPropertyOp17
 70
     1
102
RTVSPropertyOp18
 70
     1
102
RTVSPropertyOp19
 70
     1
102
RTVSPropertyOp20
 70
     1
102
RTVSPropertyOp21
 70
     1
102
RTVSPropertyOp22
 70
     1
102
RTVSPropertyOp23
 70
     1
102
RTVSPropertyOp24
 70
     1
102
RTVSPropertyOp25
 70
     1
102
RTVSPropertyOp26
 70
     1
102
RTVSPropertyOp27
 70
     1
102
RTVSPropertyOp28
 70
     1
102
RTVSPropertyOp29
 70
     1
102
RTVSPropertyOp30
 70
     1
102
RTVSPropertyOp31
 70
     1
102
RTVSPropertyOp32
 70
     1
102
RTVSPropertyOp33
 70
     1
102
RTVSPropertyOp34
 70
     1
102
RTVSPropertyOp35
 70
     1
102
RTVSPropertyOp36
 70
     1
102
RTVSPropertyOp37
 70
     1
102
RTVSPropertyOp38
 70
     1
102
RTVSPropertyOp39
 70
     1
102
RTVSPropertyOp40
 70
     1
102
RTVSPropertyOp41
 70
     1
102
RTVSPropertyOp42
 70
     1
102
RTVSPropertyOp43
 70
     1
102
RTVSPropertyOp44
 70
     1
102
RTVSPropertyOp45
 70
     1
102
RTVSPropertyOp46
 70
     1
102
RTVSPropertyOp47
 70
     1
102
RTVSPropertyOp48
 70
     1
102
RTVSPropertyOp49
 70
     1
102
RTVSPropertyOp50
 70
     1
102
RTVSPropertyOp51
 70
     0
102
RTVSPropertyOp52
 70
     0
102
RTVSPropertyOp53
 70
     1
102
RTVSPropertyOp54
 70
     1
102
RTVSPropertyOp55
 70
     1
102
RTVSPropertyOp56
 70
     1
102
RTVSPropertyOp57
 70
     1
102
RTVSPost2010Prop28
280
     0
102
RTVSPost2010PropOp28
 70
     1
102
RTVSPost2010Prop29
280
     1
102
RTVSPost2010PropOp29
 70
     1
102
RTVSPost2010Prop30
280
     1
102
RTVSPost2010PropOp30
 70
     1
102
RTVSPost2010Prop31
280
     0
102
RTVSPost2010PropOp31
 70
     1
102
RTVSPost2010Prop32
280
     0
102
RTVSPost2010PropOp32
 70
     1
102
RTVSPost2010Prop33
280
     0
102
RTVSPost2010PropOp33
 70
     1
102
RTVSPost2010Prop34
280
     0
102
RTVSPost2010PropOp34
 70
     1
102
RTVSPost2010Prop35
280
     0
102
RTVSPost2010PropOp35
 70
     1
102
RTVSPost2010Prop36
280
     0
102
RTVSPost2010PropOp36
 70
     1
102
RTVSPost2010Prop37
 90
       50
102
RTVSPost2010PropOp37
 70
     1
102
RTVSPost2010Prop38
140
0.0
102
RTVSPost2010PropOp38
 70
     1
102
RTVSPost2010Prop39
140
1.0
102
RTVSPost2010PropOp39
 70
     1
102
RTVSPost2010Prop40
 90
        0
102
RTVSPost2010PropOp40
 70
     1
102
RTVSPost2010Prop41ColorIndex
 90
       18
102
RTVSPost2010Prop41ColorRGB
 90
        0
102
RTVSPost2010PropOp41
 70
     1
102
RTVSPost2010Prop42
 90
       50
102
RTVSPost2010PropOp42
 70
     1
102
RTVSPost2010Prop43
 90
        3
102
RTVSPost2010PropOp43
 70
     1
102
RTVSPost2010Prop44ColorIndex
 90
        5
102
RTVSPost2010Prop44ColorRGB
 90
      255
102
RTVSPost2010PropOp44
 70
     1
102
RTVSPost2010Prop45
280
     0
102
RTVSPost2010PropOp45
 70
     1
102
RTVSPost2010Prop46
 90
       50
102
RTVSPost2010PropOp46
 70
     1
102
RTVSPost2010Prop47
 90
       50
102
RTVSPost2010PropOp47
 70
     1
102
RTVSPost2010Prop48
 90
       50
102
RTVSPost2010PropOp48
 70
     1
102
RTVSPost2010Prop49
280
     0
102
RTVSPost2010PropOp49
 70
     1
102
RTVSPost2010Prop50
 90
       50
102
RTVSPost2010PropOp50
 70
     1
102
RTVSPost2010Prop51ColorIndex
 90
      256
102
RTVSPost2010Prop51ColorRGB
 90
-16777216
102
RTVSPost2010PropOp51
 70
     0
102
RTVSPost2010Prop52
140
1.0
102
RTVSPost2010PropOp52
 70
     0
102
RTVSPost2010Prop53
 90
        2
102
RTVSPost2010PropOp53
 70
     1
102
RTVSPost2010Prop54
  1
strokes_ogs.tif
102
RTVSPost2010PropOp54
 70
     1
102
RTVSPost2010Prop55
280
     0
102
RTVSPost2010PropOp55
 70
     1
102
RTVSPost2010Prop56
140
1.0
102
RTVSPost2010PropOp56
 70
     1
102
RTVSPost2010Prop57
140
1.0
102
RTVSPost2010PropOp57
 70
     1
  0
XRECORD
  5
536
102
{ACAD_REACTORS
330
535
102
}
330
535
100
AcDbXrecord
280
     1
102
RTVSPropertyOp0
 70
     1
102
RTVSPropertyOp1
 70
     1
102
RTVSPropertyOp2
 70
     1
102
RTVSPropertyOp3
 70
     1
102
RTVSPropertyOp4
 70
     1
102
RTVSPropertyOp5
 70
     1
102
RTVSPropertyOp6
 70
     1
102
RTVSPropertyOp7
 70
     1
102
RTVSPropertyOp8
 70
     1
102
RTVSPropertyOp9
 70
     1
102
RTVSPropertyOp10
 70
     1
102
RTVSPropertyOp11
 70
     1
102
RTVSPropertyOp12
 70
     1
102
RTVSPropertyOp13
 70
     1
102
RTVSPropertyOp14
 70
     1
102
RTVSPropertyOp15
 70
     1
102
RTVSPropertyOp16
 70
     1
102
RTVSPropertyOp17
 70
     1
102
RTVSPropertyOp18
 70
     1
102
RTVSPropertyOp19
 70
     1
102
RTVSPropertyOp20
 70
     1
102
RTVSPropertyOp21
 70
     1
102
RTVSPropertyOp22
 70
     1
102
RTVSPropertyOp23
 70
     1
102
RTVSPropertyOp24
 70
     1
102
RTVSPropertyOp25
 70
     1
102
RTVSPropertyOp26
 70
     1
102
RTVSPropertyOp27
 70
     1
102
RTVSPropertyOp28
 70
     1
102
RTVSPropertyOp29
 70
     1
102
RTVSPropertyOp30
 70
     1
102
RTVSPropertyOp31
 70
     1
102
RTVSPropertyOp32
 70
     1
102
RTVSPropertyOp33
 70
     1
102
RTVSPropertyOp34
 70
     1
102
RTVSPropertyOp35
 70
     1
102
RTVSPropertyOp36
 70
     1
102
RTVSPropertyOp37
 70
     1
102
RTVSPropertyOp38
 70
     1
102
RTVSPropertyOp39
 70
     1
102
RTVSPropertyOp40
 70
     1
102
RTVSPropertyOp41
 70
     1
102
RTVSPropertyOp42
 70
     1
102
RTVSPropertyOp43
 70
     1
102
RTVSPropertyOp44
 70
     1
102
RTVSPropertyOp45
 70
     1
102
RTVSPropertyOp46
 70
     1
102
RTVSPropertyOp47
 70
     1
102
RTVSPropertyOp48
 70
     1
102
RTVSPropertyOp49
 70
     1
102
RTVSPropertyOp50
 70
     1
102
RTVSPropertyOp51
 70
     0
102
RTVSPropertyOp52
 70
     0
102
RTVSPropertyOp53
 70
     1
102
RTVSPropertyOp54
 70
     1
102
RTVSPropertyOp55
 70
     1
102
RTVSPropertyOp56
 70
     1
102
RTVSPropertyOp57
 70
     1
102
RTVSPost2010Prop28
280
     0
102
RTVSPost2010PropOp28
 70
     1
102
RTVSPost2010Prop29
280
     1
102
RTVSPost2010PropOp29
 70
     1
102
RTVSPost2010Prop30
280
     1
102
RTVSPost2010PropOp30
 70
     1
102
RTVSPost2010Prop31
280
     0
102
RTVSPost2010PropOp31
 70
     1
102
RTVSPost2010Prop32
280
     0
102
RTVSPost2010PropOp32
 70
     1
102
RTVSPost2010Prop33
280
     0
102
RTVSPost2010PropOp33
 70
     1
102
RTVSPost2010Prop34
280
     0
102
RTVSPost2010PropOp34
 70
     1
102
RTVSPost2010Prop35
280
     0
102
RTVSPost2010PropOp35
 70
     1
102
RTVSPost2010Prop36
280
     0
102
RTVSPost2010PropOp36
 70
     1
102
RTVSPost2010Prop37
 90
       50
102
RTVSPost2010PropOp37
 70
     1
102
RTVSPost2010Prop38
140
0.0
102
RTVSPost2010PropOp38
 70
     1
102
RTVSPost2010Prop39
140
1.0
102
RTVSPost2010PropOp39
 70
     1
102
RTVSPost2010Prop40
 90
        0
102
RTVSPost2010PropOp40
 70
     1
102
RTVSPost2010Prop41ColorIndex
 90
       18
102
RTVSPost2010Prop41ColorRGB
 90
        0
102
RTVSPost2010PropOp41
 70
     1
102
RTVSPost2010Prop42
 90
       50
102
RTVSPost2010PropOp42
 70
     1
102
RTVSPost2010Prop43
 90
        3
102
RTVSPost2010PropOp43
 70
     1
102
RTVSPost2010Prop44ColorIndex
 90
        5
102
RTVSPost2010Prop44ColorRGB
 90
      255
102
RTVSPost2010PropOp44
 70
     1
102
RTVSPost2010Prop45
280
     0
102
RTVSPost2010PropOp45
 70
     1
102
RTVSPost2010Prop46
 90
       50
102
RTVSPost2010PropOp46
 70
     1
102
RTVSPost2010Prop47
 90
       50
102
RTVSPost2010PropOp47
 70
     1
102
RTVSPost2010Prop48
 90
       50
102
RTVSPost2010PropOp48
 70
     1
102
RTVSPost2010Prop49
280
     0
102
RTVSPost2010PropOp49
 70
     1
102
RTVSPost2010Prop50
 90
       50
102
RTVSPost2010PropOp50
 70
     1
102
RTVSPost2010Prop51ColorIndex
 90
      256
102
RTVSPost2010Prop51ColorRGB
 90
-16777216
102
RTVSPost2010PropOp51
 70
     0
102
RTVSPost2010Prop52
140
1.0
102
RTVSPost2010PropOp52
 70
     0
102
RTVSPost2010Prop53
 90
        2
102
RTVSPost2010PropOp53
 70
     1
102
RTVSPost2010Prop54
  1
strokes_ogs.tif
102
RTVSPost2010PropOp54
 70
     1
102
RTVSPost2010Prop55
280
     0
102
RTVSPost2010PropOp55
 70
     1
102
RTVSPost2010Prop56
140
1.0
102
RTVSPost2010PropOp56
 70
     1
102
RTVSPost2010Prop57
140
1.0
102
RTVSPost2010PropOp57
 70
     1
  0
XRECORD
  5
53C
102
{ACAD_REACTORS
330
53B
102
}
330
53B
100
AcDbXrecord
280
     1
102
RTVSPropertyOp0
 70
     1
102
RTVSPropertyOp1
 70
     1
102
RTVSPropertyOp2
 70
     1
102
RTVSPropertyOp3
 70
     1
102
RTVSPropertyOp4
 70
     1
102
RTVSPropertyOp5
 70
     1
102
RTVSPropertyOp6
 70
     1
102
RTVSPropertyOp7
 70
     1
102
RTVSPropertyOp8
 70
     1
102
RTVSPropertyOp9
 70
     1
102
RTVSPropertyOp10
 70
     1
102
RTVSPropertyOp11
 70
     1
102
RTVSPropertyOp12
 70
     1
102
RTVSPropertyOp13
 70
     1
102
RTVSPropertyOp14
 70
     1
102
RTVSPropertyOp15
 70
     1
102
RTVSPropertyOp16
 70
     1
102
RTVSPropertyOp17
 70
     1
102
RTVSPropertyOp18
 70
     1
102
RTVSPropertyOp19
 70
     1
102
RTVSPropertyOp20
 70
     1
102
RTVSPropertyOp21
 70
     1
102
RTVSPropertyOp22
 70
     1
102
RTVSPropertyOp23
 70
     1
102
RTVSPropertyOp24
 70
     1
102
RTVSPropertyOp25
 70
     1
102
RTVSPropertyOp26
 70
     1
102
RTVSPropertyOp27
 70
     1
102
RTVSPropertyOp28
 70
     1
102
RTVSPropertyOp29
 70
     1
102
RTVSPropertyOp30
 70
     1
102
RTVSPropertyOp31
 70
     1
102
RTVSPropertyOp32
 70
     1
102
RTVSPropertyOp33
 70
     1
102
RTVSPropertyOp34
 70
     1
102
RTVSPropertyOp35
 70
     1
102
RTVSPropertyOp36
 70
     1
102
RTVSPropertyOp37
 70
     1
102
RTVSPropertyOp38
 70
     1
102
RTVSPropertyOp39
 70
     1
102
RTVSPropertyOp40
 70
     1
102
RTVSPropertyOp41
 70
     1
102
RTVSPropertyOp42
 70
     1
102
RTVSPropertyOp43
 70
     1
102
RTVSPropertyOp44
 70
     1
102
RTVSPropertyOp45
 70
     1
102
RTVSPropertyOp46
 70
     1
102
RTVSPropertyOp47
 70
     1
102
RTVSPropertyOp48
 70
     1
102
RTVSPropertyOp49
 70
     1
102
RTVSPropertyOp50
 70
     1
102
RTVSPropertyOp51
 70
     0
102
RTVSPropertyOp52
 70
     0
102
RTVSPropertyOp53
 70
     1
102
RTVSPropertyOp54
 70
     1
102
RTVSPropertyOp55
 70
     1
102
RTVSPropertyOp56
 70
     1
102
RTVSPropertyOp57
 70
     1
102
RTVSPost2010Prop28
280
     0
102
RTVSPost2010PropOp28
 70
     1
102
RTVSPost2010Prop29
280
     1
102
RTVSPost2010PropOp29
 70
     1
102
RTVSPost2010Prop30
280
     1
102
RTVSPost2010PropOp30
 70
     1
102
RTVSPost2010Prop31
280
     0
102
RTVSPost2010PropOp31
 70
     1
102
RTVSPost2010Prop32
280
     0
102
RTVSPost2010PropOp32
 70
     1
102
RTVSPost2010Prop33
280
     0
102
RTVSPost2010PropOp33
 70
     1
102
RTVSPost2010Prop34
280
     0
102
RTVSPost2010PropOp34
 70
     1
102
RTVSPost2010Prop35
280
     0
102
RTVSPost2010PropOp35
 70
     1
102
RTVSPost2010Prop36
280
     0
102
RTVSPost2010PropOp36
 70
     1
102
RTVSPost2010Prop37
 90
       50
102
RTVSPost2010PropOp37
 70
     1
102
RTVSPost2010Prop38
140
0.0
102
RTVSPost2010PropOp38
 70
     1
102
RTVSPost2010Prop39
140
1.0
102
RTVSPost2010PropOp39
 70
     1
102
RTVSPost2010Prop40
 90
        0
102
RTVSPost2010PropOp40
 70
     1
102
RTVSPost2010Prop41ColorIndex
 90
       18
102
RTVSPost2010Prop41ColorRGB
 90
        0
102
RTVSPost2010PropOp41
 70
     1
102
RTVSPost2010Prop42
 90
       50
102
RTVSPost2010PropOp42
 70
     1
102
RTVSPost2010Prop43
 90
        3
102
RTVSPost2010PropOp43
 70
     1
102
RTVSPost2010Prop44ColorIndex
 90
        5
102
RTVSPost2010Prop44ColorRGB
 90
      255
102
RTVSPost2010PropOp44
 70
     1
102
RTVSPost2010Prop45
280
     0
102
RTVSPost2010PropOp45
 70
     1
102
RTVSPost2010Prop46
 90
       50
102
RTVSPost2010PropOp46
 70
     1
102
RTVSPost2010Prop47
 90
       50
102
RTVSPost2010PropOp47
 70
     1
102
RTVSPost2010Prop48
 90
       50
102
RTVSPost2010PropOp48
 70
     1
102
RTVSPost2010Prop49
280
     0
102
RTVSPost2010PropOp49
 70
     1
102
RTVSPost2010Prop50
 90
       50
102
RTVSPost2010PropOp50
 70
     1
102
RTVSPost2010Prop51ColorIndex
 90
      256
102
RTVSPost2010Prop51ColorRGB
 90
-16777216
102
RTVSPost2010PropOp51
 70
     0
102
RTVSPost2010Prop52
140
1.0
102
RTVSPost2010PropOp52
 70
     0
102
RTVSPost2010Prop53
 90
        2
102
RTVSPost2010PropOp53
 70
     1
102
RTVSPost2010Prop54
  1
strokes_ogs.tif
102
RTVSPost2010PropOp54
 70
     1
102
RTVSPost2010Prop55
280
     0
102
RTVSPost2010PropOp55
 70
     1
102
RTVSPost2010Prop56
140
1.0
102
RTVSPost2010PropOp56
 70
     1
102
RTVSPost2010Prop57
140
1.0
102
RTVSPost2010PropOp57
 70
     1
  0
XRECORD
  5
550
102
{ACAD_REACTORS
330
54F
102
}
330
54F
100
AcDbXrecord
280
     1
102
RTVSPropertyOp0
 70
     0
102
RTVSPropertyOp1
 70
     0
102
RTVSPropertyOp2
 70
     0
102
RTVSPropertyOp3
 70
     0
102
RTVSPropertyOp4
 70
     0
102
RTVSPropertyOp5
 70
     0
102
RTVSPropertyOp6
 70
     0
102
RTVSPropertyOp7
 70
     0
102
RTVSPropertyOp8
 70
     0
102
RTVSPropertyOp9
 70
     0
102
RTVSPropertyOp10
 70
     0
102
RTVSPropertyOp11
 70
     0
102
RTVSPropertyOp12
 70
     0
102
RTVSPropertyOp13
 70
     0
102
RTVSPropertyOp14
 70
     2
102
RTVSPropertyOp15
 70
     0
102
RTVSPropertyOp16
 70
     0
102
RTVSPropertyOp17
 70
     0
102
RTVSPropertyOp18
 70
     0
102
RTVSPropertyOp19
 70
     0
102
RTVSPropertyOp20
 70
     0
102
RTVSPropertyOp21
 70
     0
102
RTVSPropertyOp22
 70
     0
102
RTVSPropertyOp23
 70
     0
102
RTVSPropertyOp24
 70
     0
102
RTVSPropertyOp25
 70
     0
102
RTVSPropertyOp26
 70
     0
102
RTVSPropertyOp27
 70
     0
102
RTVSPropertyOp28
 70
     0
102
RTVSPropertyOp29
 70
     0
102
RTVSPropertyOp30
 70
     0
102
RTVSPropertyOp31
 70
     0
102
RTVSPropertyOp32
 70
     0
102
RTVSPropertyOp33
 70
     0
102
RTVSPropertyOp34
 70
     0
102
RTVSPropertyOp35
 70
     0
102
RTVSPropertyOp36
 70
     0
102
RTVSPropertyOp37
 70
     0
102
RTVSPropertyOp38
 70
     0
102
RTVSPropertyOp39
 70
     0
102
RTVSPropertyOp40
 70
     0
102
RTVSPropertyOp41
 70
     0
102
RTVSPropertyOp42
 70
     0
102
RTVSPropertyOp43
 70
     0
102
RTVSPropertyOp44
 70
     0
102
RTVSPropertyOp45
 70
     0
102
RTVSPropertyOp46
 70
     0
102
RTVSPropertyOp47
 70
     0
102
RTVSPropertyOp48
 70
     0
102
RTVSPropertyOp49
 70
     0
102
RTVSPropertyOp50
 70
     0
102
RTVSPropertyOp51
 70
     0
102
RTVSPropertyOp52
 70
     0
102
RTVSPropertyOp53
 70
     0
102
RTVSPropertyOp54
 70
     0
102
RTVSPropertyOp55
 70
     0
102
RTVSPropertyOp56
 70
     0
102
RTVSPropertyOp57
 70
     0
102
RTVSPost2010Prop28
280
     0
102
RTVSPost2010PropOp28
 70
     0
102
RTVSPost2010Prop29
280
     1
102
RTVSPost2010PropOp29
 70
     0
102
RTVSPost2010Prop30
280
     1
102
RTVSPost2010PropOp30
 70
     0
102
RTVSPost2010Prop31
280
     0
102
RTVSPost2010PropOp31
 70
     0
102
RTVSPost2010Prop32
280
     0
102
RTVSPost2010PropOp32
 70
     0
102
RTVSPost2010Prop33
280
     0
102
RTVSPost2010PropOp33
 70
     0
102
RTVSPost2010Prop34
280
     0
102
RTVSPost2010PropOp34
 70
     0
102
RTVSPost2010Prop35
280
     0
102
RTVSPost2010PropOp35
 70
     0
102
RTVSPost2010Prop36
280
     0
102
RTVSPost2010PropOp36
 70
     0
102
RTVSPost2010Prop37
 90
       50
102
RTVSPost2010PropOp37
 70
     0
102
RTVSPost2010Prop38
140
0.0
102
RTVSPost2010PropOp38
 70
     0
102
RTVSPost2010Prop39
140
1.0
102
RTVSPost2010PropOp39
 70
     0
102
RTVSPost2010Prop40
 90
        0
102
RTVSPost2010PropOp40
 70
     0
102
RTVSPost2010Prop41ColorIndex
 90
       18
102
RTVSPost2010Prop41ColorRGB
 90
        0
102
RTVSPost2010PropOp41
 70
     0
102
RTVSPost2010Prop42
 90
       50
102
RTVSPost2010PropOp42
 70
     0
102
RTVSPost2010Prop43
 90
        3
102
RTVSPost2010PropOp43
 70
     0
102
RTVSPost2010Prop44ColorIndex
 90
        5
102
RTVSPost2010Prop44ColorRGB
 90
      255
102
RTVSPost2010PropOp44
 70
     0
102
RTVSPost2010Prop45
280
     0
102
RTVSPost2010PropOp45
 70
     0
102
RTVSPost2010Prop46
 90
       50
102
RTVSPost2010PropOp46
 70
     0
102
RTVSPost2010Prop47
 90
       50
102
RTVSPost2010PropOp47
 70
     0
102
RTVSPost2010Prop48
 90
       50
102
RTVSPost2010PropOp48
 70
     0
102
RTVSPost2010Prop49
280
     0
102
RTVSPost2010PropOp49
 70
     0
102
RTVSPost2010Prop50
 90
       50
102
RTVSPost2010PropOp50
 70
     0
102
RTVSPost2010Prop51ColorIndex
 90
      256
102
RTVSPost2010Prop51ColorRGB
 90
-16777216
102
RTVSPost2010PropOp51
 70
     0
102
RTVSPost2010Prop52
140
1.0
102
RTVSPost2010PropOp52
 70
     0
102
RTVSPost2010Prop53
 90
        2
102
RTVSPost2010PropOp53
 70
     0
102
RTVSPost2010Prop54
  1
strokes_ogs.tif
102
RTVSPost2010PropOp54
 70
     0
102
RTVSPost2010Prop55
280
     0
102
RTVSPost2010PropOp55
 70
     0
102
RTVSPost2010Prop56
140
1.0
102
RTVSPost2010PropOp56
 70
     0
102
RTVSPost2010Prop57
140
1.0
102
RTVSPost2010PropOp57
 70
     0
  0
XRECORD
  5
54A
102
{ACAD_REACTORS
330
549
102
}
330
549
100
AcDbXrecord
280
     1
102
RTVSPropertyOp0
 70
     1
102
RTVSPropertyOp1
 70
     1
102
RTVSPropertyOp2
 70
     1
102
RTVSPropertyOp3
 70
     1
102
RTVSPropertyOp4
 70
     1
102
RTVSPropertyOp5
 70
     1
102
RTVSPropertyOp6
 70
     1
102
RTVSPropertyOp7
 70
     1
102
RTVSPropertyOp8
 70
     1
102
RTVSPropertyOp9
 70
     1
102
RTVSPropertyOp10
 70
     1
102
RTVSPropertyOp11
 70
     1
102
RTVSPropertyOp12
 70
     1
102
RTVSPropertyOp13
 70
     1
102
RTVSPropertyOp14
 70
     1
102
RTVSPropertyOp15
 70
     1
102
RTVSPropertyOp16
 70
     1
102
RTVSPropertyOp17
 70
     1
102
RTVSPropertyOp18
 70
     1
102
RTVSPropertyOp19
 70
     1
102
RTVSPropertyOp20
 70
     1
102
RTVSPropertyOp21
 70
     1
102
RTVSPropertyOp22
 70
     1
102
RTVSPropertyOp23
 70
     1
102
RTVSPropertyOp24
 70
     1
102
RTVSPropertyOp25
 70
     1
102
RTVSPropertyOp26
 70
     1
102
RTVSPropertyOp27
 70
     1
102
RTVSPropertyOp28
 70
     1
102
RTVSPropertyOp29
 70
     1
102
RTVSPropertyOp30
 70
     1
102
RTVSPropertyOp31
 70
     1
102
RTVSPropertyOp32
 70
     1
102
RTVSPropertyOp33
 70
     1
102
RTVSPropertyOp34
 70
     1
102
RTVSPropertyOp35
 70
     1
102
RTVSPropertyOp36
 70
     1
102
RTVSPropertyOp37
 70
     1
102
RTVSPropertyOp38
 70
     1
102
RTVSPropertyOp39
 70
     1
102
RTVSPropertyOp40
 70
     1
102
RTVSPropertyOp41
 70
     1
102
RTVSPropertyOp42
 70
     1
102
RTVSPropertyOp43
 70
     1
102
RTVSPropertyOp44
 70
     1
102
RTVSPropertyOp45
 70
     1
102
RTVSPropertyOp46
 70
     1
102
RTVSPropertyOp47
 70
     1
102
RTVSPropertyOp48
 70
     1
102
RTVSPropertyOp49
 70
     1
102
RTVSPropertyOp50
 70
     1
102
RTVSPropertyOp51
 70
     0
102
RTVSPropertyOp52
 70
     0
102
RTVSPropertyOp53
 70
     1
102
RTVSPropertyOp54
 70
     1
102
RTVSPropertyOp55
 70
     1
102
RTVSPropertyOp56
 70
     1
102
RTVSPropertyOp57
 70
     1
102
RTVSPost2010Prop28
280
     0
102
RTVSPost2010PropOp28
 70
     1
102
RTVSPost2010Prop29
280
     1
102
RTVSPost2010PropOp29
 70
     1
102
RTVSPost2010Prop30
280
     1
102
RTVSPost2010PropOp30
 70
     1
102
RTVSPost2010Prop31
280
     0
102
RTVSPost2010PropOp31
 70
     1
102
RTVSPost2010Prop32
280
     0
102
RTVSPost2010PropOp32
 70
     1
102
RTVSPost2010Prop33
280
     0
102
RTVSPost2010PropOp33
 70
     1
102
RTVSPost2010Prop34
280
     0
102
RTVSPost2010PropOp34
 70
     1
102
RTVSPost2010Prop35
280
     0
102
RTVSPost2010PropOp35
 70
     1
102
RTVSPost2010Prop36
280
     0
102
RTVSPost2010PropOp36
 70
     1
102
RTVSPost2010Prop37
 90
       50
102
RTVSPost2010PropOp37
 70
     1
102
RTVSPost2010Prop38
140
0.0
102
RTVSPost2010PropOp38
 70
     1
102
RTVSPost2010Prop39
140
1.0
102
RTVSPost2010PropOp39
 70
     1
102
RTVSPost2010Prop40
 90
        0
102
RTVSPost2010PropOp40
 70
     1
102
RTVSPost2010Prop41ColorIndex
 90
       18
102
RTVSPost2010Prop41ColorRGB
 90
        0
102
RTVSPost2010PropOp41
 70
     1
102
RTVSPost2010Prop42
 90
       50
102
RTVSPost2010PropOp42
 70
     1
102
RTVSPost2010Prop43
 90
        3
102
RTVSPost2010PropOp43
 70
     1
102
RTVSPost2010Prop44ColorIndex
 90
        5
102
RTVSPost2010Prop44ColorRGB
 90
      255
102
RTVSPost2010PropOp44
 70
     1
102
RTVSPost2010Prop45
280
     0
102
RTVSPost2010PropOp45
 70
     1
102
RTVSPost2010Prop46
 90
       50
102
RTVSPost2010PropOp46
 70
     1
102
RTVSPost2010Prop47
 90
       50
102
RTVSPost2010PropOp47
 70
     1
102
RTVSPost2010Prop48
 90
       50
102
RTVSPost2010PropOp48
 70
     1
102
RTVSPost2010Prop49
280
     0
102
RTVSPost2010PropOp49
 70
     1
102
RTVSPost2010Prop50
 90
       50
102
RTVSPost2010PropOp50
 70
     1
102
RTVSPost2010Prop51ColorIndex
 90
      256
102
RTVSPost2010Prop51ColorRGB
 90
-16777216
102
RTVSPost2010PropOp51
 70
     0
102
RTVSPost2010Prop52
140
1.0
102
RTVSPost2010PropOp52
 70
     0
102
RTVSPost2010Prop53
 90
        2
102
RTVSPost2010PropOp53
 70
     1
102
RTVSPost2010Prop54
  1
strokes_ogs.tif
102
RTVSPost2010PropOp54
 70
     1
102
RTVSPost2010Prop55
280
     0
102
RTVSPost2010PropOp55
 70
     1
102
RTVSPost2010Prop56
140
1.0
102
RTVSPost2010PropOp56
 70
     1
102
RTVSPost2010Prop57
140
1.0
102
RTVSPost2010PropOp57
 70
     1
  0
XRECORD
  5
552
102
{ACAD_REACTORS
330
551
102
}
330
551
100
AcDbXrecord
280
     1
102
RTVSPropertyOp0
 70
     0
102
RTVSPropertyOp1
 70
     0
102
RTVSPropertyOp2
 70
     0
102
RTVSPropertyOp3
 70
     0
102
RTVSPropertyOp4
 70
     0
102
RTVSPropertyOp5
 70
     0
102
RTVSPropertyOp6
 70
     0
102
RTVSPropertyOp7
 70
     0
102
RTVSPropertyOp8
 70
     0
102
RTVSPropertyOp9
 70
     0
102
RTVSPropertyOp10
 70
     0
102
RTVSPropertyOp11
 70
     0
102
RTVSPropertyOp12
 70
     0
102
RTVSPropertyOp13
 70
     0
102
RTVSPropertyOp14
 70
     2
102
RTVSPropertyOp15
 70
     0
102
RTVSPropertyOp16
 70
     0
102
RTVSPropertyOp17
 70
     0
102
RTVSPropertyOp18
 70
     0
102
RTVSPropertyOp19
 70
     0
102
RTVSPropertyOp20
 70
     0
102
RTVSPropertyOp21
 70
     0
102
RTVSPropertyOp22
 70
     0
102
RTVSPropertyOp23
 70
     0
102
RTVSPropertyOp24
 70
     0
102
RTVSPropertyOp25
 70
     0
102
RTVSPropertyOp26
 70
     0
102
RTVSPropertyOp27
 70
     0
102
RTVSPropertyOp28
 70
     0
102
RTVSPropertyOp29
 70
     0
102
RTVSPropertyOp30
 70
     0
102
RTVSPropertyOp31
 70
     0
102
RTVSPropertyOp32
 70
     0
102
RTVSPropertyOp33
 70
     0
102
RTVSPropertyOp34
 70
     0
102
RTVSPropertyOp35
 70
     0
102
RTVSPropertyOp36
 70
     0
102
RTVSPropertyOp37
 70
     0
102
RTVSPropertyOp38
 70
     0
102
RTVSPropertyOp39
 70
     0
102
RTVSPropertyOp40
 70
     0
102
RTVSPropertyOp41
 70
     0
102
RTVSPropertyOp42
 70
     0
102
RTVSPropertyOp43
 70
     0
102
RTVSPropertyOp44
 70
     0
102
RTVSPropertyOp45
 70
     0
102
RTVSPropertyOp46
 70
     0
102
RTVSPropertyOp47
 70
     0
102
RTVSPropertyOp48
 70
     0
102
RTVSPropertyOp49
 70
     0
102
RTVSPropertyOp50
 70
     0
102
RTVSPropertyOp51
 70
     0
102
RTVSPropertyOp52
 70
     0
102
RTVSPropertyOp53
 70
     0
102
RTVSPropertyOp54
 70
     0
102
RTVSPropertyOp55
 70
     0
102
RTVSPropertyOp56
 70
     0
102
RTVSPropertyOp57
 70
     0
102
RTVSPost2010Prop28
280
     0
102
RTVSPost2010PropOp28
 70
     0
102
RTVSPost2010Prop29
280
     1
102
RTVSPost2010PropOp29
 70
     0
102
RTVSPost2010Prop30
280
     1
102
RTVSPost2010PropOp30
 70
     0
102
RTVSPost2010Prop31
280
     0
102
RTVSPost2010PropOp31
 70
     0
102
RTVSPost2010Prop32
280
     0
102
RTVSPost2010PropOp32
 70
     0
102
RTVSPost2010Prop33
280
     0
102
RTVSPost2010PropOp33
 70
     0
102
RTVSPost2010Prop34
280
     0
102
RTVSPost2010PropOp34
 70
     0
102
RTVSPost2010Prop35
280
     0
102
RTVSPost2010PropOp35
 70
     0
102
RTVSPost2010Prop36
280
     0
102
RTVSPost2010PropOp36
 70
     0
102
RTVSPost2010Prop37
 90
       50
102
RTVSPost2010PropOp37
 70
     0
102
RTVSPost2010Prop38
140
0.0
102
RTVSPost2010PropOp38
 70
     0
102
RTVSPost2010Prop39
140
1.0
102
RTVSPost2010PropOp39
 70
     0
102
RTVSPost2010Prop40
 90
        0
102
RTVSPost2010PropOp40
 70
     0
102
RTVSPost2010Prop41ColorIndex
 90
       18
102
RTVSPost2010Prop41ColorRGB
 90
        0
102
RTVSPost2010PropOp41
 70
     0
102
RTVSPost2010Prop42
 90
       50
102
RTVSPost2010PropOp42
 70
     0
102
RTVSPost2010Prop43
 90
        3
102
RTVSPost2010PropOp43
 70
     0
102
RTVSPost2010Prop44ColorIndex
 90
        5
102
RTVSPost2010Prop44ColorRGB
 90
      255
102
RTVSPost2010PropOp44
 70
     0
102
RTVSPost2010Prop45
280
     0
102
RTVSPost2010PropOp45
 70
     0
102
RTVSPost2010Prop46
 90
       50
102
RTVSPost2010PropOp46
 70
     0
102
RTVSPost2010Prop47
 90
       50
102
RTVSPost2010PropOp47
 70
     0
102
RTVSPost2010Prop48
 90
       50
102
RTVSPost2010PropOp48
 70
     0
102
RTVSPost2010Prop49
280
     0
102
RTVSPost2010PropOp49
 70
     0
102
RTVSPost2010Prop50
 90
       50
102
RTVSPost2010PropOp50
 70
     0
102
RTVSPost2010Prop51ColorIndex
 90
      256
102
RTVSPost2010Prop51ColorRGB
 90
-16777216
102
RTVSPost2010PropOp51
 70
     0
102
RTVSPost2010Prop52
140
1.0
102
RTVSPost2010PropOp52
 70
     0
102
RTVSPost2010Prop53
 90
        2
102
RTVSPost2010PropOp53
 70
     0
102
RTVSPost2010Prop54
  1
strokes_ogs.tif
102
RTVSPost2010PropOp54
 70
     0
102
RTVSPost2010Prop55
280
     0
102
RTVSPost2010PropOp55
 70
     0
102
RTVSPost2010Prop56
140
1.0
102
RTVSPost2010PropOp56
 70
     0
102
RTVSPost2010Prop57
140
1.0
102
RTVSPost2010PropOp57
 70
     0
  0
XRECORD
  5
540
102
{ACAD_REACTORS
330
53F
102
}
330
53F
100
AcDbXrecord
280
     1
102
RTVSPropertyOp0
 70
     1
102
RTVSPropertyOp1
 70
     1
102
RTVSPropertyOp2
 70
     1
102
RTVSPropertyOp3
 70
     1
102
RTVSPropertyOp4
 70
     1
102
RTVSPropertyOp5
 70
     1
102
RTVSPropertyOp6
 70
     1
102
RTVSPropertyOp7
 70
     1
102
RTVSPropertyOp8
 70
     1
102
RTVSPropertyOp9
 70
     1
102
RTVSPropertyOp10
 70
     1
102
RTVSPropertyOp11
 70
     1
102
RTVSPropertyOp12
 70
     1
102
RTVSPropertyOp13
 70
     1
102
RTVSPropertyOp14
 70
     1
102
RTVSPropertyOp15
 70
     1
102
RTVSPropertyOp16
 70
     1
102
RTVSPropertyOp17
 70
     1
102
RTVSPropertyOp18
 70
     1
102
RTVSPropertyOp19
 70
     1
102
RTVSPropertyOp20
 70
     1
102
RTVSPropertyOp21
 70
     1
102
RTVSPropertyOp22
 70
     1
102
RTVSPropertyOp23
 70
     1
102
RTVSPropertyOp24
 70
     1
102
RTVSPropertyOp25
 70
     1
102
RTVSPropertyOp26
 70
     1
102
RTVSPropertyOp27
 70
     1
102
RTVSPropertyOp28
 70
     1
102
RTVSPropertyOp29
 70
     1
102
RTVSPropertyOp30
 70
     1
102
RTVSPropertyOp31
 70
     1
102
RTVSPropertyOp32
 70
     1
102
RTVSPropertyOp33
 70
     1
102
RTVSPropertyOp34
 70
     1
102
RTVSPropertyOp35
 70
     1
102
RTVSPropertyOp36
 70
     1
102
RTVSPropertyOp37
 70
     1
102
RTVSPropertyOp38
 70
     1
102
RTVSPropertyOp39
 70
     1
102
RTVSPropertyOp40
 70
     1
102
RTVSPropertyOp41
 70
     1
102
RTVSPropertyOp42
 70
     1
102
RTVSPropertyOp43
 70
     1
102
RTVSPropertyOp44
 70
     1
102
RTVSPropertyOp45
 70
     1
102
RTVSPropertyOp46
 70
     1
102
RTVSPropertyOp47
 70
     1
102
RTVSPropertyOp48
 70
     1
102
RTVSPropertyOp49
 70
     1
102
RTVSPropertyOp50
 70
     1
102
RTVSPropertyOp51
 70
     0
102
RTVSPropertyOp52
 70
     0
102
RTVSPropertyOp53
 70
     1
102
RTVSPropertyOp54
 70
     1
102
RTVSPropertyOp55
 70
     1
102
RTVSPropertyOp56
 70
     1
102
RTVSPropertyOp57
 70
     1
102
RTVSPost2010Prop28
280
     0
102
RTVSPost2010PropOp28
 70
     1
102
RTVSPost2010Prop29
280
     1
102
RTVSPost2010PropOp29
 70
     1
102
RTVSPost2010Prop30
280
     1
102
RTVSPost2010PropOp30
 70
     1
102
RTVSPost2010Prop31
280
     0
102
RTVSPost2010PropOp31
 70
     1
102
RTVSPost2010Prop32
280
     0
102
RTVSPost2010PropOp32
 70
     1
102
RTVSPost2010Prop33
280
     0
102
RTVSPost2010PropOp33
 70
     1
102
RTVSPost2010Prop34
280
     0
102
RTVSPost2010PropOp34
 70
     1
102
RTVSPost2010Prop35
280
     0
102
RTVSPost2010PropOp35
 70
     1
102
RTVSPost2010Prop36
280
     0
102
RTVSPost2010PropOp36
 70
     1
102
RTVSPost2010Prop37
 90
       50
102
RTVSPost2010PropOp37
 70
     1
102
RTVSPost2010Prop38
140
0.0
102
RTVSPost2010PropOp38
 70
     1
102
RTVSPost2010Prop39
140
1.0
102
RTVSPost2010PropOp39
 70
     1
102
RTVSPost2010Prop40
 90
        0
102
RTVSPost2010PropOp40
 70
     1
102
RTVSPost2010Prop41ColorIndex
 90
       18
102
RTVSPost2010Prop41ColorRGB
 90
        0
102
RTVSPost2010PropOp41
 70
     1
102
RTVSPost2010Prop42
 90
       50
102
RTVSPost2010PropOp42
 70
     1
102
RTVSPost2010Prop43
 90
        3
102
RTVSPost2010PropOp43
 70
     1
102
RTVSPost2010Prop44ColorIndex
 90
        5
102
RTVSPost2010Prop44ColorRGB
 90
      255
102
RTVSPost2010PropOp44
 70
     1
102
RTVSPost2010Prop45
280
     0
102
RTVSPost2010PropOp45
 70
     1
102
RTVSPost2010Prop46
 90
       50
102
RTVSPost2010PropOp46
 70
     1
102
RTVSPost2010Prop47
 90
       50
102
RTVSPost2010PropOp47
 70
     1
102
RTVSPost2010Prop48
 90
       50
102
RTVSPost2010PropOp48
 70
     1
102
RTVSPost2010Prop49
280
     0
102
RTVSPost2010PropOp49
 70
     1
102
RTVSPost2010Prop50
 90
       50
102
RTVSPost2010PropOp50
 70
     1
102
RTVSPost2010Prop51ColorIndex
 90
      256
102
RTVSPost2010Prop51ColorRGB
 90
-16777216
102
RTVSPost2010PropOp51
 70
     0
102
RTVSPost2010Prop52
140
1.0
102
RTVSPost2010PropOp52
 70
     0
102
RTVSPost2010Prop53
 90
        2
102
RTVSPost2010PropOp53
 70
     1
102
RTVSPost2010Prop54
  1
strokes_ogs.tif
102
RTVSPost2010PropOp54
 70
     1
102
RTVSPost2010Prop55
280
     0
102
RTVSPost2010PropOp55
 70
     1
102
RTVSPost2010Prop56
140
1.0
102
RTVSPost2010PropOp56
 70
     1
102
RTVSPost2010Prop57
140
1.0
102
RTVSPost2010PropOp57
 70
     1
  0
XRECORD
  5
55E
102
{ACAD_REACTORS
330
55D
102
}
330
55D
100
AcDbXrecord
280
     1
102
RTVSPropertyOp0
 70
     1
102
RTVSPropertyOp1
 70
     1
102
RTVSPropertyOp2
 70
     1
102
RTVSPropertyOp3
 70
     1
102
RTVSPropertyOp4
 70
     1
102
RTVSPropertyOp5
 70
     1
102
RTVSPropertyOp6
 70
     1
102
RTVSPropertyOp7
 70
     1
102
RTVSPropertyOp8
 70
     1
102
RTVSPropertyOp9
 70
     1
102
RTVSPropertyOp10
 70
     1
102
RTVSPropertyOp11
 70
     1
102
RTVSPropertyOp12
 70
     1
102
RTVSPropertyOp13
 70
     1
102
RTVSPropertyOp14
 70
     1
102
RTVSPropertyOp15
 70
     1
102
RTVSPropertyOp16
 70
     1
102
RTVSPropertyOp17
 70
     1
102
RTVSPropertyOp18
 70
     1
102
RTVSPropertyOp19
 70
     1
102
RTVSPropertyOp20
 70
     1
102
RTVSPropertyOp21
 70
     1
102
RTVSPropertyOp22
 70
     1
102
RTVSPropertyOp23
 70
     1
102
RTVSPropertyOp24
 70
     1
102
RTVSPropertyOp25
 70
     1
102
RTVSPropertyOp26
 70
     1
102
RTVSPropertyOp27
 70
     1
102
RTVSPropertyOp28
 70
     1
102
RTVSPropertyOp29
 70
     1
102
RTVSPropertyOp30
 70
     1
102
RTVSPropertyOp31
 70
     1
102
RTVSPropertyOp32
 70
     1
102
RTVSPropertyOp33
 70
     1
102
RTVSPropertyOp34
 70
     1
102
RTVSPropertyOp35
 70
     1
102
RTVSPropertyOp36
 70
     1
102
RTVSPropertyOp37
 70
     1
102
RTVSPropertyOp38
 70
     1
102
RTVSPropertyOp39
 70
     1
102
RTVSPropertyOp40
 70
     1
102
RTVSPropertyOp41
 70
     1
102
RTVSPropertyOp42
 70
     1
102
RTVSPropertyOp43
 70
     1
102
RTVSPropertyOp44
 70
     1
102
RTVSPropertyOp45
 70
     1
102
RTVSPropertyOp46
 70
     1
102
RTVSPropertyOp47
 70
     1
102
RTVSPropertyOp48
 70
     1
102
RTVSPropertyOp49
 70
     1
102
RTVSPropertyOp50
 70
     1
102
RTVSPropertyOp51
 70
     0
102
RTVSPropertyOp52
 70
     0
102
RTVSPropertyOp53
 70
     1
102
RTVSPropertyOp54
 70
     1
102
RTVSPropertyOp55
 70
     1
102
RTVSPropertyOp56
 70
     1
102
RTVSPropertyOp57
 70
     1
102
RTVSPost2010Prop28
280
     0
102
RTVSPost2010PropOp28
 70
     1
102
RTVSPost2010Prop29
280
     1
102
RTVSPost2010PropOp29
 70
     1
102
RTVSPost2010Prop30
280
     1
102
RTVSPost2010PropOp30
 70
     1
102
RTVSPost2010Prop31
280
     0
102
RTVSPost2010PropOp31
 70
     1
102
RTVSPost2010Prop32
280
     0
102
RTVSPost2010PropOp32
 70
     1
102
RTVSPost2010Prop33
280
     0
102
RTVSPost2010PropOp33
 70
     1
102
RTVSPost2010Prop34
280
     0
102
RTVSPost2010PropOp34
 70
     1
102
RTVSPost2010Prop35
280
     0
102
RTVSPost2010PropOp35
 70
     1
102
RTVSPost2010Prop36
280
     0
102
RTVSPost2010PropOp36
 70
     1
102
RTVSPost2010Prop37
 90
       50
102
RTVSPost2010PropOp37
 70
     1
102
RTVSPost2010Prop38
140
0.0
102
RTVSPost2010PropOp38
 70
     1
102
RTVSPost2010Prop39
140
1.0
102
RTVSPost2010PropOp39
 70
     1
102
RTVSPost2010Prop40
 90
        0
102
RTVSPost2010PropOp40
 70
     1
102
RTVSPost2010Prop41ColorIndex
 90
       18
102
RTVSPost2010Prop41ColorRGB
 90
        0
102
RTVSPost2010PropOp41
 70
     1
102
RTVSPost2010Prop42
 90
       50
102
RTVSPost2010PropOp42
 70
     1
102
RTVSPost2010Prop43
 90
        3
102
RTVSPost2010PropOp43
 70
     1
102
RTVSPost2010Prop44ColorIndex
 90
        5
102
RTVSPost2010Prop44ColorRGB
 90
      255
102
RTVSPost2010PropOp44
 70
     1
102
RTVSPost2010Prop45
280
     0
102
RTVSPost2010PropOp45
 70
     1
102
RTVSPost2010Prop46
 90
       50
102
RTVSPost2010PropOp46
 70
     1
102
RTVSPost2010Prop47
 90
       50
102
RTVSPost2010PropOp47
 70
     1
102
RTVSPost2010Prop48
 90
       50
102
RTVSPost2010PropOp48
 70
     1
102
RTVSPost2010Prop49
280
     0
102
RTVSPost2010PropOp49
 70
     1
102
RTVSPost2010Prop50
 90
       50
102
RTVSPost2010PropOp50
 70
     1
102
RTVSPost2010Prop51ColorIndex
 90
      256
102
RTVSPost2010Prop51ColorRGB
 90
-16777216
102
RTVSPost2010PropOp51
 70
     0
102
RTVSPost2010Prop52
140
1.0
102
RTVSPost2010PropOp52
 70
     0
102
RTVSPost2010Prop53
 90
        2
102
RTVSPost2010PropOp53
 70
     1
102
RTVSPost2010Prop54
  1
strokes_ogs.tif
102
RTVSPost2010PropOp54
 70
     1
102
RTVSPost2010Prop55
280
     0
102
RTVSPost2010PropOp55
 70
     1
102
RTVSPost2010Prop56
140
1.0
102
RTVSPost2010PropOp56
 70
     1
102
RTVSPost2010Prop57
140
1.0
102
RTVSPost2010PropOp57
 70
     1
  0
XRECORD
  5
55C
102
{ACAD_REACTORS
330
55B
102
}
330
55B
100
AcDbXrecord
280
     1
102
RTVSPropertyOp0
 70
     1
102
RTVSPropertyOp1
 70
     1
102
RTVSPropertyOp2
 70
     1
102
RTVSPropertyOp3
 70
     1
102
RTVSPropertyOp4
 70
     1
102
RTVSPropertyOp5
 70
     1
102
RTVSPropertyOp6
 70
     1
102
RTVSPropertyOp7
 70
     1
102
RTVSPropertyOp8
 70
     1
102
RTVSPropertyOp9
 70
     1
102
RTVSPropertyOp10
 70
     1
102
RTVSPropertyOp11
 70
     1
102
RTVSPropertyOp12
 70
     1
102
RTVSPropertyOp13
 70
     1
102
RTVSPropertyOp14
 70
     1
102
RTVSPropertyOp15
 70
     1
102
RTVSPropertyOp16
 70
     1
102
RTVSPropertyOp17
 70
     1
102
RTVSPropertyOp18
 70
     1
102
RTVSPropertyOp19
 70
     1
102
RTVSPropertyOp20
 70
     1
102
RTVSPropertyOp21
 70
     1
102
RTVSPropertyOp22
 70
     1
102
RTVSPropertyOp23
 70
     1
102
RTVSPropertyOp24
 70
     1
102
RTVSPropertyOp25
 70
     1
102
RTVSPropertyOp26
 70
     1
102
RTVSPropertyOp27
 70
     1
102
RTVSPropertyOp28
 70
     1
102
RTVSPropertyOp29
 70
     1
102
RTVSPropertyOp30
 70
     1
102
RTVSPropertyOp31
 70
     1
102
RTVSPropertyOp32
 70
     1
102
RTVSPropertyOp33
 70
     1
102
RTVSPropertyOp34
 70
     1
102
RTVSPropertyOp35
 70
     1
102
RTVSPropertyOp36
 70
     1
102
RTVSPropertyOp37
 70
     1
102
RTVSPropertyOp38
 70
     1
102
RTVSPropertyOp39
 70
     1
102
RTVSPropertyOp40
 70
     1
102
RTVSPropertyOp41
 70
     1
102
RTVSPropertyOp42
 70
     1
102
RTVSPropertyOp43
 70
     1
102
RTVSPropertyOp44
 70
     1
102
RTVSPropertyOp45
 70
     1
102
RTVSPropertyOp46
 70
     1
102
RTVSPropertyOp47
 70
     1
102
RTVSPropertyOp48
 70
     1
102
RTVSPropertyOp49
 70
     1
102
RTVSPropertyOp50
 70
     1
102
RTVSPropertyOp51
 70
     0
102
RTVSPropertyOp52
 70
     0
102
RTVSPropertyOp53
 70
     1
102
RTVSPropertyOp54
 70
     1
102
RTVSPropertyOp55
 70
     1
102
RTVSPropertyOp56
 70
     1
102
RTVSPropertyOp57
 70
     1
102
RTVSPost2010Prop28
280
     0
102
RTVSPost2010PropOp28
 70
     1
102
RTVSPost2010Prop29
280
     1
102
RTVSPost2010PropOp29
 70
     1
102
RTVSPost2010Prop30
280
     1
102
RTVSPost2010PropOp30
 70
     1
102
RTVSPost2010Prop31
280
     0
102
RTVSPost2010PropOp31
 70
     1
102
RTVSPost2010Prop32
280
     0
102
RTVSPost2010PropOp32
 70
     1
102
RTVSPost2010Prop33
280
     0
102
RTVSPost2010PropOp33
 70
     1
102
RTVSPost2010Prop34
280
     0
102
RTVSPost2010PropOp34
 70
     1
102
RTVSPost2010Prop35
280
     0
102
RTVSPost2010PropOp35
 70
     1
102
RTVSPost2010Prop36
280
     0
102
RTVSPost2010PropOp36
 70
     1
102
RTVSPost2010Prop37
 90
       50
102
RTVSPost2010PropOp37
 70
     1
102
RTVSPost2010Prop38
140
0.0
102
RTVSPost2010PropOp38
 70
     1
102
RTVSPost2010Prop39
140
1.0
102
RTVSPost2010PropOp39
 70
     1
102
RTVSPost2010Prop40
 90
        0
102
RTVSPost2010PropOp40
 70
     1
102
RTVSPost2010Prop41ColorIndex
 90
       18
102
RTVSPost2010Prop41ColorRGB
 90
        0
102
RTVSPost2010PropOp41
 70
     1
102
RTVSPost2010Prop42
 90
       50
102
RTVSPost2010PropOp42
 70
     1
102
RTVSPost2010Prop43
 90
        3
102
RTVSPost2010PropOp43
 70
     1
102
RTVSPost2010Prop44ColorIndex
 90
        5
102
RTVSPost2010Prop44ColorRGB
 90
      255
102
RTVSPost2010PropOp44
 70
     1
102
RTVSPost2010Prop45
280
     0
102
RTVSPost2010PropOp45
 70
     1
102
RTVSPost2010Prop46
 90
       50
102
RTVSPost2010PropOp46
 70
     1
102
RTVSPost2010Prop47
 90
       50
102
RTVSPost2010PropOp47
 70
     1
102
RTVSPost2010Prop48
 90
       50
102
RTVSPost2010PropOp48
 70
     1
102
RTVSPost2010Prop49
280
     0
102
RTVSPost2010PropOp49
 70
     1
102
RTVSPost2010Prop50
 90
       50
102
RTVSPost2010PropOp50
 70
     1
102
RTVSPost2010Prop51ColorIndex
 90
      256
102
RTVSPost2010Prop51ColorRGB
 90
-16777216
102
RTVSPost2010PropOp51
 70
     0
102
RTVSPost2010Prop52
140
1.0
102
RTVSPost2010PropOp52
 70
     0
102
RTVSPost2010Prop53
 90
        2
102
RTVSPost2010PropOp53
 70
     1
102
RTVSPost2010Prop54
  1
strokes_ogs.tif
102
RTVSPost2010PropOp54
 70
     1
102
RTVSPost2010Prop55
280
     0
102
RTVSPost2010PropOp55
 70
     1
102
RTVSPost2010Prop56
140
1.0
102
RTVSPost2010PropOp56
 70
     1
102
RTVSPost2010Prop57
140
1.0
102
RTVSPost2010PropOp57
 70
     1
  0
XRECORD
  5
556
102
{ACAD_REACTORS
330
555
102
}
330
555
100
AcDbXrecord
280
     1
102
RTVSPropertyOp0
 70
     1
102
RTVSPropertyOp1
 70
     1
102
RTVSPropertyOp2
 70
     1
102
RTVSPropertyOp3
 70
     1
102
RTVSPropertyOp4
 70
     1
102
RTVSPropertyOp5
 70
     1
102
RTVSPropertyOp6
 70
     1
102
RTVSPropertyOp7
 70
     1
102
RTVSPropertyOp8
 70
     1
102
RTVSPropertyOp9
 70
     1
102
RTVSPropertyOp10
 70
     1
102
RTVSPropertyOp11
 70
     1
102
RTVSPropertyOp12
 70
     1
102
RTVSPropertyOp13
 70
     1
102
RTVSPropertyOp14
 70
     1
102
RTVSPropertyOp15
 70
     1
102
RTVSPropertyOp16
 70
     1
102
RTVSPropertyOp17
 70
     1
102
RTVSPropertyOp18
 70
     1
102
RTVSPropertyOp19
 70
     1
102
RTVSPropertyOp20
 70
     1
102
RTVSPropertyOp21
 70
     1
102
RTVSPropertyOp22
 70
     1
102
RTVSPropertyOp23
 70
     1
102
RTVSPropertyOp24
 70
     1
102
RTVSPropertyOp25
 70
     1
102
RTVSPropertyOp26
 70
     1
102
RTVSPropertyOp27
 70
     1
102
RTVSPropertyOp28
 70
     1
102
RTVSPropertyOp29
 70
     1
102
RTVSPropertyOp30
 70
     1
102
RTVSPropertyOp31
 70
     1
102
RTVSPropertyOp32
 70
     1
102
RTVSPropertyOp33
 70
     1
102
RTVSPropertyOp34
 70
     1
102
RTVSPropertyOp35
 70
     1
102
RTVSPropertyOp36
 70
     1
102
RTVSPropertyOp37
 70
     1
102
RTVSPropertyOp38
 70
     1
102
RTVSPropertyOp39
 70
     1
102
RTVSPropertyOp40
 70
     1
102
RTVSPropertyOp41
 70
     1
102
RTVSPropertyOp42
 70
     1
102
RTVSPropertyOp43
 70
     1
102
RTVSPropertyOp44
 70
     1
102
RTVSPropertyOp45
 70
     1
102
RTVSPropertyOp46
 70
     1
102
RTVSPropertyOp47
 70
     1
102
RTVSPropertyOp48
 70
     1
102
RTVSPropertyOp49
 70
     1
102
RTVSPropertyOp50
 70
     1
102
RTVSPropertyOp51
 70
     0
102
RTVSPropertyOp52
 70
     0
102
RTVSPropertyOp53
 70
     1
102
RTVSPropertyOp54
 70
     1
102
RTVSPropertyOp55
 70
     1
102
RTVSPropertyOp56
 70
     1
102
RTVSPropertyOp57
 70
     1
102
RTVSPost2010Prop28
280
     0
102
RTVSPost2010PropOp28
 70
     1
102
RTVSPost2010Prop29
280
     1
102
RTVSPost2010PropOp29
 70
     1
102
RTVSPost2010Prop30
280
     1
102
RTVSPost2010PropOp30
 70
     1
102
RTVSPost2010Prop31
280
     0
102
RTVSPost2010PropOp31
 70
     1
102
RTVSPost2010Prop32
280
     0
102
RTVSPost2010PropOp32
 70
     1
102
RTVSPost2010Prop33
280
     0
102
RTVSPost2010PropOp33
 70
     1
102
RTVSPost2010Prop34
280
     0
102
RTVSPost2010PropOp34
 70
     1
102
RTVSPost2010Prop35
280
     0
102
RTVSPost2010PropOp35
 70
     1
102
RTVSPost2010Prop36
280
     0
102
RTVSPost2010PropOp36
 70
     1
102
RTVSPost2010Prop37
 90
       50
102
RTVSPost2010PropOp37
 70
     1
102
RTVSPost2010Prop38
140
0.0
102
RTVSPost2010PropOp38
 70
     1
102
RTVSPost2010Prop39
140
1.0
102
RTVSPost2010PropOp39
 70
     1
102
RTVSPost2010Prop40
 90
        0
102
RTVSPost2010PropOp40
 70
     1
102
RTVSPost2010Prop41ColorIndex
 90
       18
102
RTVSPost2010Prop41ColorRGB
 90
        0
102
RTVSPost2010PropOp41
 70
     1
102
RTVSPost2010Prop42
 90
       50
102
RTVSPost2010PropOp42
 70
     1
102
RTVSPost2010Prop43
 90
        3
102
RTVSPost2010PropOp43
 70
     1
102
RTVSPost2010Prop44ColorIndex
 90
        5
102
RTVSPost2010Prop44ColorRGB
 90
      255
102
RTVSPost2010PropOp44
 70
     1
102
RTVSPost2010Prop45
280
     0
102
RTVSPost2010PropOp45
 70
     1
102
RTVSPost2010Prop46
 90
       50
102
RTVSPost2010PropOp46
 70
     1
102
RTVSPost2010Prop47
 90
       50
102
RTVSPost2010PropOp47
 70
     1
102
RTVSPost2010Prop48
 90
       50
102
RTVSPost2010PropOp48
 70
     1
102
RTVSPost2010Prop49
280
     0
102
RTVSPost2010PropOp49
 70
     1
102
RTVSPost2010Prop50
 90
       50
102
RTVSPost2010PropOp50
 70
     1
102
RTVSPost2010Prop51ColorIndex
 90
      256
102
RTVSPost2010Prop51ColorRGB
 90
-16777216
102
RTVSPost2010PropOp51
 70
     0
102
RTVSPost2010Prop52
140
1.0
102
RTVSPost2010PropOp52
 70
     0
102
RTVSPost2010Prop53
 90
        2
102
RTVSPost2010PropOp53
 70
     1
102
RTVSPost2010Prop54
  1
strokes_ogs.tif
102
RTVSPost2010PropOp54
 70
     1
102
RTVSPost2010Prop55
280
     0
102
RTVSPost2010PropOp55
 70
     1
102
RTVSPost2010Prop56
140
1.0
102
RTVSPost2010PropOp56
 70
     1
102
RTVSPost2010Prop57
140
1.0
102
RTVSPost2010PropOp57
 70
     1
  0
XRECORD
  5
558
102
{ACAD_REACTORS
330
557
102
}
330
557
100
AcDbXrecord
280
     1
102
RTVSPropertyOp0
 70
     1
102
RTVSPropertyOp1
 70
     1
102
RTVSPropertyOp2
 70
     1
102
RTVSPropertyOp3
 70
     1
102
RTVSPropertyOp4
 70
     1
102
RTVSPropertyOp5
 70
     1
102
RTVSPropertyOp6
 70
     1
102
RTVSPropertyOp7
 70
     1
102
RTVSPropertyOp8
 70
     1
102
RTVSPropertyOp9
 70
     1
102
RTVSPropertyOp10
 70
     1
102
RTVSPropertyOp11
 70
     1
102
RTVSPropertyOp12
 70
     1
102
RTVSPropertyOp13
 70
     1
102
RTVSPropertyOp14
 70
     1
102
RTVSPropertyOp15
 70
     1
102
RTVSPropertyOp16
 70
     1
102
RTVSPropertyOp17
 70
     1
102
RTVSPropertyOp18
 70
     1
102
RTVSPropertyOp19
 70
     1
102
RTVSPropertyOp20
 70
     1
102
RTVSPropertyOp21
 70
     1
102
RTVSPropertyOp22
 70
     1
102
RTVSPropertyOp23
 70
     1
102
RTVSPropertyOp24
 70
     1
102
RTVSPropertyOp25
 70
     1
102
RTVSPropertyOp26
 70
     1
102
RTVSPropertyOp27
 70
     1
102
RTVSPropertyOp28
 70
     1
102
RTVSPropertyOp29
 70
     1
102
RTVSPropertyOp30
 70
     1
102
RTVSPropertyOp31
 70
     1
102
RTVSPropertyOp32
 70
     1
102
RTVSPropertyOp33
 70
     1
102
RTVSPropertyOp34
 70
     1
102
RTVSPropertyOp35
 70
     1
102
RTVSPropertyOp36
 70
     1
102
RTVSPropertyOp37
 70
     1
102
RTVSPropertyOp38
 70
     1
102
RTVSPropertyOp39
 70
     1
102
RTVSPropertyOp40
 70
     1
102
RTVSPropertyOp41
 70
     1
102
RTVSPropertyOp42
 70
     1
102
RTVSPropertyOp43
 70
     1
102
RTVSPropertyOp44
 70
     1
102
RTVSPropertyOp45
 70
     1
102
RTVSPropertyOp46
 70
     1
102
RTVSPropertyOp47
 70
     1
102
RTVSPropertyOp48
 70
     1
102
RTVSPropertyOp49
 70
     1
102
RTVSPropertyOp50
 70
     1
102
RTVSPropertyOp51
 70
     0
102
RTVSPropertyOp52
 70
     0
102
RTVSPropertyOp53
 70
     1
102
RTVSPropertyOp54
 70
     1
102
RTVSPropertyOp55
 70
     1
102
RTVSPropertyOp56
 70
     1
102
RTVSPropertyOp57
 70
     1
102
RTVSPost2010Prop28
280
     0
102
RTVSPost2010PropOp28
 70
     1
102
RTVSPost2010Prop29
280
     1
102
RTVSPost2010PropOp29
 70
     1
102
RTVSPost2010Prop30
280
     1
102
RTVSPost2010PropOp30
 70
     1
102
RTVSPost2010Prop31
280
     0
102
RTVSPost2010PropOp31
 70
     1
102
RTVSPost2010Prop32
280
     0
102
RTVSPost2010PropOp32
 70
     1
102
RTVSPost2010Prop33
280
     0
102
RTVSPost2010PropOp33
 70
     1
102
RTVSPost2010Prop34
280
     0
102
RTVSPost2010PropOp34
 70
     1
102
RTVSPost2010Prop35
280
     0
102
RTVSPost2010PropOp35
 70
     1
102
RTVSPost2010Prop36
280
     0
102
RTVSPost2010PropOp36
 70
     1
102
RTVSPost2010Prop37
 90
       50
102
RTVSPost2010PropOp37
 70
     1
102
RTVSPost2010Prop38
140
0.0
102
RTVSPost2010PropOp38
 70
     1
102
RTVSPost2010Prop39
140
1.0
102
RTVSPost2010PropOp39
 70
     1
102
RTVSPost2010Prop40
 90
        0
102
RTVSPost2010PropOp40
 70
     1
102
RTVSPost2010Prop41ColorIndex
 90
       18
102
RTVSPost2010Prop41ColorRGB
 90
        0
102
RTVSPost2010PropOp41
 70
     1
102
RTVSPost2010Prop42
 90
       50
102
RTVSPost2010PropOp42
 70
     1
102
RTVSPost2010Prop43
 90
        3
102
RTVSPost2010PropOp43
 70
     1
102
RTVSPost2010Prop44ColorIndex
 90
        5
102
RTVSPost2010Prop44ColorRGB
 90
      255
102
RTVSPost2010PropOp44
 70
     1
102
RTVSPost2010Prop45
280
     0
102
RTVSPost2010PropOp45
 70
     1
102
RTVSPost2010Prop46
 90
       50
102
RTVSPost2010PropOp46
 70
     1
102
RTVSPost2010Prop47
 90
       50
102
RTVSPost2010PropOp47
 70
     1
102
RTVSPost2010Prop48
 90
       50
102
RTVSPost2010PropOp48
 70
     1
102
RTVSPost2010Prop49
280
     0
102
RTVSPost2010PropOp49
 70
     1
102
RTVSPost2010Prop50
 90
       50
102
RTVSPost2010PropOp50
 70
     1
102
RTVSPost2010Prop51ColorIndex
 90
      256
102
RTVSPost2010Prop51ColorRGB
 90
-16777216
102
RTVSPost2010PropOp51
 70
     0
102
RTVSPost2010Prop52
140
1.0
102
RTVSPost2010PropOp52
 70
     0
102
RTVSPost2010Prop53
 90
        2
102
RTVSPost2010PropOp53
 70
     1
102
RTVSPost2010Prop54
  1
strokes_ogs.tif
102
RTVSPost2010PropOp54
 70
     1
102
RTVSPost2010Prop55
280
     0
102
RTVSPost2010PropOp55
 70
     1
102
RTVSPost2010Prop56
140
1.0
102
RTVSPost2010PropOp56
 70
     1
102
RTVSPost2010Prop57
140
1.0
102
RTVSPost2010PropOp57
 70
     1
  0
XRECORD
  5
548
102
{ACAD_REACTORS
330
547
102
}
330
547
100
AcDbXrecord
280
     1
102
RTVSPropertyOp0
 70
     1
102
RTVSPropertyOp1
 70
     1
102
RTVSPropertyOp2
 70
     1
102
RTVSPropertyOp3
 70
     1
102
RTVSPropertyOp4
 70
     1
102
RTVSPropertyOp5
 70
     1
102
RTVSPropertyOp6
 70
     1
102
RTVSPropertyOp7
 70
     1
102
RTVSPropertyOp8
 70
     1
102
RTVSPropertyOp9
 70
     1
102
RTVSPropertyOp10
 70
     1
102
RTVSPropertyOp11
 70
     1
102
RTVSPropertyOp12
 70
     1
102
RTVSPropertyOp13
 70
     1
102
RTVSPropertyOp14
 70
     1
102
RTVSPropertyOp15
 70
     1
102
RTVSPropertyOp16
 70
     1
102
RTVSPropertyOp17
 70
     1
102
RTVSPropertyOp18
 70
     1
102
RTVSPropertyOp19
 70
     1
102
RTVSPropertyOp20
 70
     1
102
RTVSPropertyOp21
 70
     1
102
RTVSPropertyOp22
 70
     1
102
RTVSPropertyOp23
 70
     1
102
RTVSPropertyOp24
 70
     1
102
RTVSPropertyOp25
 70
     1
102
RTVSPropertyOp26
 70
     1
102
RTVSPropertyOp27
 70
     1
102
RTVSPropertyOp28
 70
     1
102
RTVSPropertyOp29
 70
     1
102
RTVSPropertyOp30
 70
     1
102
RTVSPropertyOp31
 70
     1
102
RTVSPropertyOp32
 70
     1
102
RTVSPropertyOp33
 70
     1
102
RTVSPropertyOp34
 70
     1
102
RTVSPropertyOp35
 70
     1
102
RTVSPropertyOp36
 70
     1
102
RTVSPropertyOp37
 70
     1
102
RTVSPropertyOp38
 70
     1
102
RTVSPropertyOp39
 70
     1
102
RTVSPropertyOp40
 70
     1
102
RTVSPropertyOp41
 70
     1
102
RTVSPropertyOp42
 70
     1
102
RTVSPropertyOp43
 70
     1
102
RTVSPropertyOp44
 70
     1
102
RTVSPropertyOp45
 70
     1
102
RTVSPropertyOp46
 70
     1
102
RTVSPropertyOp47
 70
     1
102
RTVSPropertyOp48
 70
     1
102
RTVSPropertyOp49
 70
     1
102
RTVSPropertyOp50
 70
     1
102
RTVSPropertyOp51
 70
     0
102
RTVSPropertyOp52
 70
     0
102
RTVSPropertyOp53
 70
     1
102
RTVSPropertyOp54
 70
     1
102
RTVSPropertyOp55
 70
     1
102
RTVSPropertyOp56
 70
     1
102
RTVSPropertyOp57
 70
     1
102
RTVSPost2010Prop28
280
     0
102
RTVSPost2010PropOp28
 70
     1
102
RTVSPost2010Prop29
280
     1
102
RTVSPost2010PropOp29
 70
     1
102
RTVSPost2010Prop30
280
     1
102
RTVSPost2010PropOp30
 70
     1
102
RTVSPost2010Prop31
280
     0
102
RTVSPost2010PropOp31
 70
     1
102
RTVSPost2010Prop32
280
     0
102
RTVSPost2010PropOp32
 70
     1
102
RTVSPost2010Prop33
280
     0
102
RTVSPost2010PropOp33
 70
     1
102
RTVSPost2010Prop34
280
     0
102
RTVSPost2010PropOp34
 70
     1
102
RTVSPost2010Prop35
280
     0
102
RTVSPost2010PropOp35
 70
     1
102
RTVSPost2010Prop36
280
     0
102
RTVSPost2010PropOp36
 70
     1
102
RTVSPost2010Prop37
 90
       50
102
RTVSPost2010PropOp37
 70
     1
102
RTVSPost2010Prop38
140
0.0
102
RTVSPost2010PropOp38
 70
     1
102
RTVSPost2010Prop39
140
1.0
102
RTVSPost2010PropOp39
 70
     1
102
RTVSPost2010Prop40
 90
        0
102
RTVSPost2010PropOp40
 70
     1
102
RTVSPost2010Prop41ColorIndex
 90
       18
102
RTVSPost2010Prop41ColorRGB
 90
        0
102
RTVSPost2010PropOp41
 70
     1
102
RTVSPost2010Prop42
 90
       50
102
RTVSPost2010PropOp42
 70
     1
102
RTVSPost2010Prop43
 90
        3
102
RTVSPost2010PropOp43
 70
     1
102
RTVSPost2010Prop44ColorIndex
 90
        5
102
RTVSPost2010Prop44ColorRGB
 90
      255
102
RTVSPost2010PropOp44
 70
     1
102
RTVSPost2010Prop45
280
     0
102
RTVSPost2010PropOp45
 70
     1
102
RTVSPost2010Prop46
 90
       50
102
RTVSPost2010PropOp46
 70
     1
102
RTVSPost2010Prop47
 90
       50
102
RTVSPost2010PropOp47
 70
     1
102
RTVSPost2010Prop48
 90
       50
102
RTVSPost2010PropOp48
 70
     1
102
RTVSPost2010Prop49
280
     0
102
RTVSPost2010PropOp49
 70
     1
102
RTVSPost2010Prop50
 90
       50
102
RTVSPost2010PropOp50
 70
     1
102
RTVSPost2010Prop51ColorIndex
 90
      256
102
RTVSPost2010Prop51ColorRGB
 90
-16777216
102
RTVSPost2010PropOp51
 70
     0
102
RTVSPost2010Prop52
140
1.0
102
RTVSPost2010PropOp52
 70
     0
102
RTVSPost2010Prop53
 90
        2
102
RTVSPost2010PropOp53
 70
     1
102
RTVSPost2010Prop54
  1
strokes_ogs.tif
102
RTVSPost2010PropOp54
 70
     1
102
RTVSPost2010Prop55
280
     0
102
RTVSPost2010PropOp55
 70
     1
102
RTVSPost2010Prop56
140
1.0
102
RTVSPost2010PropOp56
 70
     1
102
RTVSPost2010Prop57
140
1.0
102
RTVSPost2010PropOp57
 70
     1
  0
XRECORD
  5
53A
102
{ACAD_REACTORS
330
539
102
}
330
539
100
AcDbXrecord
280
     1
102
RTVSPropertyOp0
 70
     1
102
RTVSPropertyOp1
 70
     1
102
RTVSPropertyOp2
 70
     1
102
RTVSPropertyOp3
 70
     1
102
RTVSPropertyOp4
 70
     1
102
RTVSPropertyOp5
 70
     1
102
RTVSPropertyOp6
 70
     1
102
RTVSPropertyOp7
 70
     1
102
RTVSPropertyOp8
 70
     1
102
RTVSPropertyOp9
 70
     1
102
RTVSPropertyOp10
 70
     1
102
RTVSPropertyOp11
 70
     1
102
RTVSPropertyOp12
 70
     1
102
RTVSPropertyOp13
 70
     1
102
RTVSPropertyOp14
 70
     1
102
RTVSPropertyOp15
 70
     1
102
RTVSPropertyOp16
 70
     1
102
RTVSPropertyOp17
 70
     1
102
RTVSPropertyOp18
 70
     1
102
RTVSPropertyOp19
 70
     1
102
RTVSPropertyOp20
 70
     1
102
RTVSPropertyOp21
 70
     1
102
RTVSPropertyOp22
 70
     1
102
RTVSPropertyOp23
 70
     1
102
RTVSPropertyOp24
 70
     1
102
RTVSPropertyOp25
 70
     1
102
RTVSPropertyOp26
 70
     1
102
RTVSPropertyOp27
 70
     1
102
RTVSPropertyOp28
 70
     1
102
RTVSPropertyOp29
 70
     1
102
RTVSPropertyOp30
 70
     1
102
RTVSPropertyOp31
 70
     1
102
RTVSPropertyOp32
 70
     1
102
RTVSPropertyOp33
 70
     1
102
RTVSPropertyOp34
 70
     1
102
RTVSPropertyOp35
 70
     1
102
RTVSPropertyOp36
 70
     1
102
RTVSPropertyOp37
 70
     1
102
RTVSPropertyOp38
 70
     1
102
RTVSPropertyOp39
 70
     1
102
RTVSPropertyOp40
 70
     1
102
RTVSPropertyOp41
 70
     1
102
RTVSPropertyOp42
 70
     1
102
RTVSPropertyOp43
 70
     1
102
RTVSPropertyOp44
 70
     1
102
RTVSPropertyOp45
 70
     1
102
RTVSPropertyOp46
 70
     1
102
RTVSPropertyOp47
 70
     1
102
RTVSPropertyOp48
 70
     1
102
RTVSPropertyOp49
 70
     1
102
RTVSPropertyOp50
 70
     1
102
RTVSPropertyOp51
 70
     0
102
RTVSPropertyOp52
 70
     0
102
RTVSPropertyOp53
 70
     1
102
RTVSPropertyOp54
 70
     1
102
RTVSPropertyOp55
 70
     1
102
RTVSPropertyOp56
 70
     1
102
RTVSPropertyOp57
 70
     1
102
RTVSPost2010Prop28
280
     0
102
RTVSPost2010PropOp28
 70
     1
102
RTVSPost2010Prop29
280
     1
102
RTVSPost2010PropOp29
 70
     1
102
RTVSPost2010Prop30
280
     1
102
RTVSPost2010PropOp30
 70
     1
102
RTVSPost2010Prop31
280
     0
102
RTVSPost2010PropOp31
 70
     1
102
RTVSPost2010Prop32
280
     0
102
RTVSPost2010PropOp32
 70
     1
102
RTVSPost2010Prop33
280
     0
102
RTVSPost2010PropOp33
 70
     1
102
RTVSPost2010Prop34
280
     0
102
RTVSPost2010PropOp34
 70
     1
102
RTVSPost2010Prop35
280
     0
102
RTVSPost2010PropOp35
 70
     1
102
RTVSPost2010Prop36
280
     0
102
RTVSPost2010PropOp36
 70
     1
102
RTVSPost2010Prop37
 90
       50
102
RTVSPost2010PropOp37
 70
     1
102
RTVSPost2010Prop38
140
0.0
102
RTVSPost2010PropOp38
 70
     1
102
RTVSPost2010Prop39
140
1.0
102
RTVSPost2010PropOp39
 70
     1
102
RTVSPost2010Prop40
 90
        0
102
RTVSPost2010PropOp40
 70
     1
102
RTVSPost2010Prop41ColorIndex
 90
       18
102
RTVSPost2010Prop41ColorRGB
 90
        0
102
RTVSPost2010PropOp41
 70
     1
102
RTVSPost2010Prop42
 90
       50
102
RTVSPost2010PropOp42
 70
     1
102
RTVSPost2010Prop43
 90
        3
102
RTVSPost2010PropOp43
 70
     1
102
RTVSPost2010Prop44ColorIndex
 90
        5
102
RTVSPost2010Prop44ColorRGB
 90
      255
102
RTVSPost2010PropOp44
 70
     1
102
RTVSPost2010Prop45
280
     0
102
RTVSPost2010PropOp45
 70
     1
102
RTVSPost2010Prop46
 90
       50
102
RTVSPost2010PropOp46
 70
     1
102
RTVSPost2010Prop47
 90
       50
102
RTVSPost2010PropOp47
 70
     1
102
RTVSPost2010Prop48
 90
       50
102
RTVSPost2010PropOp48
 70
     1
102
RTVSPost2010Prop49
280
     0
102
RTVSPost2010PropOp49
 70
     1
102
RTVSPost2010Prop50
 90
       50
102
RTVSPost2010PropOp50
 70
     1
102
RTVSPost2010Prop51ColorIndex
 90
      256
102
RTVSPost2010Prop51ColorRGB
 90
-16777216
102
RTVSPost2010PropOp51
 70
     0
102
RTVSPost2010Prop52
140
1.0
102
RTVSPost2010PropOp52
 70
     0
102
RTVSPost2010Prop53
 90
        2
102
RTVSPost2010PropOp53
 70
     1
102
RTVSPost2010Prop54
  1
strokes_ogs.tif
102
RTVSPost2010PropOp54
 70
     1
102
RTVSPost2010Prop55
280
     0
102
RTVSPost2010PropOp55
 70
     1
102
RTVSPost2010Prop56
140
1.0
102
RTVSPost2010PropOp56
 70
     1
102
RTVSPost2010Prop57
140
1.0
102
RTVSPost2010PropOp57
 70
     1
  0
XRECORD
  5
55A
102
{ACAD_REACTORS
330
559
102
}
330
559
100
AcDbXrecord
280
     1
102
RTVSPropertyOp0
 70
     1
102
RTVSPropertyOp1
 70
     1
102
RTVSPropertyOp2
 70
     1
102
RTVSPropertyOp3
 70
     1
102
RTVSPropertyOp4
 70
     1
102
RTVSPropertyOp5
 70
     1
102
RTVSPropertyOp6
 70
     1
102
RTVSPropertyOp7
 70
     1
102
RTVSPropertyOp8
 70
     1
102
RTVSPropertyOp9
 70
     1
102
RTVSPropertyOp10
 70
     1
102
RTVSPropertyOp11
 70
     1
102
RTVSPropertyOp12
 70
     1
102
RTVSPropertyOp13
 70
     1
102
RTVSPropertyOp14
 70
     1
102
RTVSPropertyOp15
 70
     1
102
RTVSPropertyOp16
 70
     1
102
RTVSPropertyOp17
 70
     1
102
RTVSPropertyOp18
 70
     1
102
RTVSPropertyOp19
 70
     1
102
RTVSPropertyOp20
 70
     1
102
RTVSPropertyOp21
 70
     1
102
RTVSPropertyOp22
 70
     1
102
RTVSPropertyOp23
 70
     1
102
RTVSPropertyOp24
 70
     1
102
RTVSPropertyOp25
 70
     1
102
RTVSPropertyOp26
 70
     1
102
RTVSPropertyOp27
 70
     1
102
RTVSPropertyOp28
 70
     1
102
RTVSPropertyOp29
 70
     1
102
RTVSPropertyOp30
 70
     1
102
RTVSPropertyOp31
 70
     1
102
RTVSPropertyOp32
 70
     1
102
RTVSPropertyOp33
 70
     1
102
RTVSPropertyOp34
 70
     1
102
RTVSPropertyOp35
 70
     1
102
RTVSPropertyOp36
 70
     1
102
RTVSPropertyOp37
 70
     1
102
RTVSPropertyOp38
 70
     1
102
RTVSPropertyOp39
 70
     1
102
RTVSPropertyOp40
 70
     1
102
RTVSPropertyOp41
 70
     1
102
RTVSPropertyOp42
 70
     1
102
RTVSPropertyOp43
 70
     1
102
RTVSPropertyOp44
 70
     1
102
RTVSPropertyOp45
 70
     1
102
RTVSPropertyOp46
 70
     1
102
RTVSPropertyOp47
 70
     1
102
RTVSPropertyOp48
 70
     1
102
RTVSPropertyOp49
 70
     1
102
RTVSPropertyOp50
 70
     1
102
RTVSPropertyOp51
 70
     0
102
RTVSPropertyOp52
 70
     0
102
RTVSPropertyOp53
 70
     1
102
RTVSPropertyOp54
 70
     1
102
RTVSPropertyOp55
 70
     1
102
RTVSPropertyOp56
 70
     1
102
RTVSPropertyOp57
 70
     1
102
RTVSPost2010Prop28
280
     0
102
RTVSPost2010PropOp28
 70
     1
102
RTVSPost2010Prop29
280
     1
102
RTVSPost2010PropOp29
 70
     1
102
RTVSPost2010Prop30
280
     1
102
RTVSPost2010PropOp30
 70
     1
102
RTVSPost2010Prop31
280
     0
102
RTVSPost2010PropOp31
 70
     1
102
RTVSPost2010Prop32
280
     0
102
RTVSPost2010PropOp32
 70
     1
102
RTVSPost2010Prop33
280
     0
102
RTVSPost2010PropOp33
 70
     1
102
RTVSPost2010Prop34
280
     0
102
RTVSPost2010PropOp34
 70
     1
102
RTVSPost2010Prop35
280
     0
102
RTVSPost2010PropOp35
 70
     1
102
RTVSPost2010Prop36
280
     0
102
RTVSPost2010PropOp36
 70
     1
102
RTVSPost2010Prop37
 90
       50
102
RTVSPost2010PropOp37
 70
     1
102
RTVSPost2010Prop38
140
0.0
102
RTVSPost2010PropOp38
 70
     1
102
RTVSPost2010Prop39
140
1.0
102
RTVSPost2010PropOp39
 70
     1
102
RTVSPost2010Prop40
 90
        0
102
RTVSPost2010PropOp40
 70
     1
102
RTVSPost2010Prop41ColorIndex
 90
       18
102
RTVSPost2010Prop41ColorRGB
 90
        0
102
RTVSPost2010PropOp41
 70
     1
102
RTVSPost2010Prop42
 90
       50
102
RTVSPost2010PropOp42
 70
     1
102
RTVSPost2010Prop43
 90
        3
102
RTVSPost2010PropOp43
 70
     1
102
RTVSPost2010Prop44ColorIndex
 90
        5
102
RTVSPost2010Prop44ColorRGB
 90
      255
102
RTVSPost2010PropOp44
 70
     1
102
RTVSPost2010Prop45
280
     0
102
RTVSPost2010PropOp45
 70
     1
102
RTVSPost2010Prop46
 90
       50
102
RTVSPost2010PropOp46
 70
     1
102
RTVSPost2010Prop47
 90
       50
102
RTVSPost2010PropOp47
 70
     1
102
RTVSPost2010Prop48
 90
       50
102
RTVSPost2010PropOp48
 70
     1
102
RTVSPost2010Prop49
280
     0
102
RTVSPost2010PropOp49
 70
     1
102
RTVSPost2010Prop50
 90
       50
102
RTVSPost2010PropOp50
 70
     1
102
RTVSPost2010Prop51ColorIndex
 90
      256
102
RTVSPost2010Prop51ColorRGB
 90
-16777216
102
RTVSPost2010PropOp51
 70
     0
102
RTVSPost2010Prop52
140
1.0
102
RTVSPost2010PropOp52
 70
     0
102
RTVSPost2010Prop53
 90
        2
102
RTVSPost2010PropOp53
 70
     1
102
RTVSPost2010Prop54
  1
strokes_ogs.tif
102
RTVSPost2010PropOp54
 70
     1
102
RTVSPost2010Prop55
280
     0
102
RTVSPost2010PropOp55
 70
     1
102
RTVSPost2010Prop56
140
1.0
102
RTVSPost2010PropOp56
 70
     1
102
RTVSPost2010Prop57
140
1.0
102
RTVSPost2010PropOp57
 70
     1
  0
ENDSEC
  0
EOF
