  0
SECTION
  2
HEADER
  9
$ACADVER
  1
AC1032
  9
$ACADMAINTVER
 90
4
  9
$DWGCODEPAGE
  3
ANSI_1252
  9
$LASTSAVEDBY
  1
ezdxf
  9
$REQUIREDVERSIONS
160
0
  9
$INSBASE
 10
0.0
 20
0.0
 30
0.0
  9
$EXTMIN
 10
1e+20
 20
1e+20
 30
1e+20
  9
$EXTMAX
 10
-1e+20
 20
-1e+20
 30
-1e+20
  9
$LIMMIN
 10
0.0
 20
0.0
  9
$LIMMAX
 10
420.0
 20
297.0
  9
$ORTHOMODE
 70
0
  9
$REGENMODE
 70
1
  9
$FILLMODE
 70
1
  9
$QTEXTMODE
 70
0
  9
$MIRRTEXT
 70
1
  9
$LTSCALE
 40
1.0
  9
$ATTMODE
 70
1
  9
$TEXTSIZE
 40
2.5
  9
$TRACEWID
 40
1.0
  9
$TEXTSTYLE
  7
Standard
  9
$CLAYER
  8
0
  9
$CELTYPE
  6
ByLayer
  9
$CECOLOR
 62
256
  9
$CELTSCALE
 40
1.0
  9
$DISPSILH
 70
0
  9
$DIMSCALE
 40
1.0
  9
$DIMASZ
 40
2.5
  9
$DIMEXO
 40
0.625
  9
$DIMDLI
 40
3.75
  9
$DIMRND
 40
0.0
  9
$DIMDLE
 40
0.0
  9
$DIMEXE
 40
1.25
  9
$DIMTP
 40
0.0
  9
$DIMTM
 40
0.0
  9
$DIMTXT
 40
2.5
  9
$DIMCEN
 40
2.5
  9
$DIMTSZ
 40
0.0
  9
$DIMTOL
 70
0
  9
$DIMLIM
 70
0
  9
$DIMTIH
 70
0
  9
$DIMTOH
 70
0
  9
$DIMSE1
 70
0
  9
$DIMSE2
 70
0
  9
$DIMTAD
 70
1
  9
$DIMZIN
 70
8
  9
$DIMBLK
  1

  9
$DIMASO
 70
1
  9
$DIMSHO
 70
1
  9
$DIMPOST
  1

  9
$DIMAPOST
  1

  9
$DIMALT
 70
0
  9
$DIMALTD
 70
3
  9
$DIMALTF
 40
0.03937007874
  9
$DIMLFAC
 40
1.0
  9
$DIMTOFL
 70
1
  9
$DIMTVP
 40
0.0
  9
$DIMTIX
 70
0
  9
$DIMSOXD
 70
0
  9
$DIMSAH
 70
0
  9
$DIMBLK1
  1

  9
$DIMBLK2
  1

  9
$DIMSTYLE
  2
ISO-25
  9
$DIMCLRD
 70
0
  9
$DIMCLRE
 70
0
  9
$DIMCLRT
 70
0
  9
$DIMTFAC
 40
1.0
  9
$DIMGAP
 40
0.625
  9
$DIMJUST
 70
0
  9
$DIMSD1
 70
0
  9
$DIMSD2
 70
0
  9
$DIMTOLJ
 70
0
  9
$DIMTZIN
 70
8
  9
$DIMALTZ
 70
0
  9
$DIMALTTZ
 70
0
  9
$DIMUPT
 70
0
  9
$DIMDEC
 70
2
  9
$DIMTDEC
 70
2
  9
$DIMALTU
 70
2
  9
$DIMALTTD
 70
3
  9
$DIMTXSTY
  7
Standard
  9
$DIMAUNIT
 70
0
  9
$DIMADEC
 70
0
  9
$DIMALTRND
 40
0.0
  9
$DIMAZIN
 70
0
  9
$DIMDSEP
 70
44
  9
$DIMATFIT
 70
3
  9
$DIMFRAC
 70
0
  9
$DIMLDRBLK
  1

  9
$DIMLUNIT
 70
2
  9
$DIMLWD
 70
-2
  9
$DIMLWE
 70
-2
  9
$DIMTMOVE
 70
0
  9
$DIMFXL
 40
1.0
  9
$DIMFXLON
 70
0
  9
$DIMJOGANG
 40
0.785398163397
  9
$DIMTFILL
 70
0
  9
$DIMTFILLCLR
 70
0
  9
$DIMARCSYM
 70
0
  9
$DIMLTYPE
  6

  9
$DIMLTEX1
  6

  9
$DIMLTEX2
  6

  9
$DIMTXTDIRECTION
 70
0
  9
$LUNITS
 70
2
  9
$LUPREC
 70
4
  9
$SKETCHINC
 40
1.0
  9
$FILLETRAD
 40
10.0
  9
$AUNITS
 70
0
  9
$AUPREC
 70
2
  9
$MENU
  1
.
  9
$ELEVATION
 40
0.0
  9
$PELEVATION
 40
0.0
  9
$THICKNESS
 40
0.0
  9
$LIMCHECK
 70
0
  9
$CHAMFERA
 40
0.0
  9
$CHAMFERB
 40
0.0
  9
$CHAMFERC
 40
0.0
  9
$CHAMFERD
 40
0.0
  9
$SKPOLY
 70
0
  9
$TDCREATE
 40
2461259.60650463
  9
$TDUCREATE
 40
2458532.153996898
  9
$TDUPDATE
 40
2461259.60650463
  9
$TDUUPDATE
 40
2458532.1544311
  9
$TDINDWG
 40
0.0
  9
$TDUSRTIMER
 40
0.0
  9
$USRTIMER
 70
1
  9
$ANGBASE
 50
0.0
  9
$ANGDIR
 70
0
  9
$PDMODE
 70
0
  9
$PDSIZE
 40
0.0
  9
$PLINEWID
 40
0.0
  9
$SPLFRAME
 70
0
  9
$SPLINETYPE
 70
6
  9
$SPLINESEGS
 70
8
  9
$HANDSEED
  5
730
  9
$SURFTAB1
 70
6
  9
$SURFTAB2
 70
6
  9
$SURFTYPE
 70
6
  9
$SURFU
 70
6
  9
$SURFV
 70
6
  9
$UCSBASE
  2

  9
$UCSNAME
  2

  9
$UCSORG
 10
0.0
 20
0.0
 30
0.0
  9
$UCSXDIR
 10
1.0
 20
0.0
 30
0.0
  9
$UCSYDIR
 10
0.0
 20
1.0
 30
0.0
  9
$UCSORTHOREF
  2

  9
$UCSORTHOVIEW
 70
0
  9
$UCSORGTOP
 10
0.0
 20
0.0
 30
0.0
  9
$UCSORGBOTTOM
 10
0.0
 20
0.0
 30
0.0
  9
$UCSORGLEFT
 10
0.0
 20
0.0
 30
0.0
  9
$UCSORGRIGHT
 10
0.0
 20
0.0
 30
0.0
  9
$UCSORGFRONT
 10
0.0
 20
0.0
 30
0.0
  9
$UCSORGBACK
 10
0.0
 20
0.0
 30
0.0
  9
$PUCSBASE
  2

  9
$PUCSNAME
  2

  9
$PUCSORG
 10
0.0
 20
0.0
 30
0.0
  9
$PUCSXDIR
 10
1.0
 20
0.0
 30
0.0
  9
$PUCSYDIR
 10
0.0
 20
1.0
 30
0.0
  9
$PUCSORTHOREF
  2

  9
$PUCSORTHOVIEW
 70
0
  9
$PUCSORGTOP
 10
0.0
 20
0.0
 30
0.0
  9
$PUCSORGBOTTOM
 10
0.0
 20
0.0
 30
0.0
  9
$PUCSORGLEFT
 10
0.0
 20
0.0
 30
0.0
  9
$PUCSORGRIGHT
 10
0.0
 20
0.0
 30
0.0
  9
$PUCSORGFRONT
 10
0.0
 20
0.0
 30
0.0
  9
$PUCSORGBACK
 10
0.0
 20
0.0
 30
0.0
  9
$USERI1
 70
0
  9
$USERI2
 70
0
  9
$USERI3
 70
0
  9
$USERI4
 70
0
  9
$USERI5
 70
0
  9
$USERR1
 40
0.0
  9
$USERR2
 40
0.0
  9
$USERR3
 40
0.0
  9
$USERR4
 40
0.0
  9
$USERR5
 40
0.0
  9
$WORLDVIEW
 70
1
  9
$SHADEDGE
 70
3
  9
$SHADEDIF
 70
70
  9
$TILEMODE
 70
1
  9
$MAXACTVP
 70
64
  9
$PINSBASE
 10
0.0
 20
0.0
 30
0.0
  9
$PLIMCHECK
 70
0
  9
$PEXTMIN
 10
1e+20
 20
1e+20
 30
1e+20
  9
$PEXTMAX
 10
-1e+20
 20
-1e+20
 30
-1e+20
  9
$PLIMMIN
 10
0.0
 20
0.0
  9
$PLIMMAX
 10
420.0
 20
297.0
  9
$UNITMODE
 70
0
  9
$VISRETAIN
 70
1
  9
$PLINEGEN
 70
0
  9
$PSLTSCALE
 70
1
  9
$TREEDEPTH
 70
3020
  9
$CMLSTYLE
  2
Standard
  9
$CMLJUST
 70
0
  9
$CMLSCALE
 40
20.0
  9
$PROXYGRAPHICS
 70
1
  9
$MEASUREMENT
 70
1
  9
$CELWEIGHT
370
-1
  9
$ENDCAPS
280
0
  9
$JOINSTYLE
280
0
  9
$LWDISPLAY
290
0
  9
$INSUNITS
 70
6
  9
$HYPERLINKBASE
  1

  9
$STYLESHEET
  1

  9
$XEDIT
290
1
  9
$CEPSNTYPE
380
0
  9
$PSTYLEMODE
290
1
  9
$FINGERPRINTGUID
  2
{3F1A33C5-A548-464B-9EEE-8F9709372C00}
  9
$VERSIONGUID
  2
{3052EF16-02E6-4A12-B681-62D9542012C1}
  9
$EXTNAMES
290
1
  9
$PSVPSCALE
 40
0.0
  9
$OLESTARTUP
290
0
  9
$SORTENTS
280
127
  9
$INDEXCTL
280
0
  9
$HIDETEXT
280
1
  9
$XCLIPFRAME
280
1
  9
$HALOGAP
280
0
  9
$OBSCOLOR
 70
257
  9
$OBSLTYPE
280
0
  9
$INTERSECTIONDISPLAY
280
0
  9
$INTERSECTIONCOLOR
 70
257
  9
$DIMASSOC
280
2
  9
$PROJECTNAME
  1

  9
$CAMERADISPLAY
290
0
  9
$LENSLENGTH
 40
50.0
  9
$CAMERAHEIGHT
 40
0.0
  9
$STEPSPERSEC
 40
24.0
  9
$STEPSIZE
 40
100.0
  9
$3DDWFPREC
 40
2.0
  9
$PSOLWIDTH
 40
0.005
  9
$PSOLHEIGHT
 40
0.08
  9
$LOFTANG1
 40
1.570796326795
  9
$LOFTANG2
 40
1.570796326795
  9
$LOFTMAG1
 40
0.0
  9
$LOFTMAG2
 40
0.0
  9
$LOFTPARAM
 70
7
  9
$LOFTNORMALS
280
1
  9
$LATITUDE
 40
37.795
  9
$LONGITUDE
 40
-122.394
  9
$NORTHDIRECTION
 40
0.0
  9
$TIMEZONE
 70
-8000
  9
$LIGHTGLYPHDISPLAY
280
1
  9
$TILEMODELIGHTSYNCH
280
1
  9
$CMATERIAL
347
20
  9
$SOLIDHIST
280
0
  9
$SHOWHIST
280
1
  9
$DWFFRAME
280
2
  9
$DGNFRAME
280
2
  9
$REALWORLDSCALE
290
1
  9
$INTERFERECOLOR
 62
256
  9
$CSHADOW
280
0
  9
$SHADOWPLANELOCATION
 40
0.0
  0
ENDSEC
  0
SECTION
  2
CLASSES
  0
CLASS
  1
ACDBDICTIONARYWDFLT
  2
AcDbDictionaryWithDefault
  3
ObjectDBX Classes
 90
0
 91
0
280
0
281
0
  0
CLASS
  1
SUN
  2
AcDbSun
  3
SCENEOE
 90
1153
 91
0
280
0
281
0
  0
CLASS
  1
VISUALSTYLE
  2
AcDbVisualStyle
  3
ObjectDBX Classes
 90
4095
 91
0
280
0
281
0
  0
CLASS
  1
MATERIAL
  2
AcDbMaterial
  3
ObjectDBX Classes
 90
1153
 91
0
280
0
281
0
  0
CLASS
  1
SCALE
  2
AcDbScale
  3
ObjectDBX Classes
 90
1153
 91
0
280
0
281
0
  0
CLASS
  1
TABLESTYLE
  2
AcDbTableStyle
  3
ObjectDBX Classes
 90
4095
 91
0
280
0
281
0
  0
CLASS
  1
MLEADERSTYLE
  2
AcDbMLeaderStyle
  3
ACDB_MLEADERSTYLE_CLASS
 90
4095
 91
0
280
0
281
0
  0
CLASS
  1
DICTIONARYVAR
  2
AcDbDictionaryVar
  3
ObjectDBX Classes
 90
0
 91
0
280
0
281
0
  0
CLASS
  1
CELLSTYLEMAP
  2
AcDbCellStyleMap
  3
ObjectDBX Classes
 90
1152
 91
0
280
0
281
0
  0
CLASS
  1
MENTALRAYRENDERSETTINGS
  2
AcDbMentalRayRenderSettings
  3
SCENEOE
 90
1024
 91
0
280
0
281
0
  0
CLASS
  1
ACDBDETAILVIEWSTYLE
  2
AcDbDetailViewStyle
  3
ObjectDBX Classes
 90
1025
 91
0
280
0
281
0
  0
CLASS
  1
ACDBSECTIONVIEWSTYLE
  2
AcDbSectionViewStyle
  3
ObjectDBX Classes
 90
1025
 91
0
280
0
281
0
  0
CLASS
  1
RASTERVARIABLES
  2
AcDbRasterVariables
  3
ISM
 90
0
 91
0
280
0
281
0
  0
CLASS
  1
LAYOUT
  2
AcDbLayout
  3
ObjectDBX Classes
 90
0
 91
0
280
0
281
0
  0
CLASS
  1
ACDBPLACEHOLDER
  2
AcDbPlaceHolder
  3
ObjectDBX Classes
 90
0
 91
0
280
0
281
0
  0
ENDSEC
  0
SECTION
  2
TABLES
  0
TABLE
  2
VPORT
  5
8
330
0
100
AcDbSymbolTable
 70
1
  0
VPORT
  5
23
330
8
100
AcDbSymbolTableRecord
100
AcDbViewportTableRecord
  2
*Active
 70
0
 10
0.0
 20
0.0
 11
1.0
 21
1.0
 12
0.0
 22
0.0
 13
0.0
 23
0.0
 14
0.5
 24
0.5
 15
0.5
 25
0.5
 16
0.0
 26
0.0
 36
1.0
 17
0.0
 27
0.0
 37
0.0
 40
1000.0
 41
1.34
 42
50.0
 43
0.0
 44
0.0
 50
0.0
 51
0.0
 71
0
 72
1000
 73
1
 74
3
 75
0
 76
0
 77
0
 78
0
281
0
 65
0
146
0.0
  0
ENDTAB
  0
TABLE
  2
LTYPE
  5
2
330
0
100
AcDbSymbolTable
 70
3
  0
LTYPE
  5
24
330
2
100
AcDbSymbolTableRecord
100
AcDbLinetypeTableRecord
  2
ByBlock
 70
0
  3

 72
65
 73
0
 40
0.0
  0
LTYPE
  5
25
330
2
100
AcDbSymbolTableRecord
100
AcDbLinetypeTableRecord
  2
ByLayer
 70
0
  3

 72
65
 73
0
 40
0.0
  0
LTYPE
  5
26
330
2
100
AcDbSymbolTableRecord
100
AcDbLinetypeTableRecord
  2
Continuous
 70
0
  3

 72
65
 73
0
 40
0.0
  0
ENDTAB
  0
TABLE
  2
LAYER
  5
1
330
0
100
AcDbSymbolTable
 70
5
  0
LAYER
  5
27
330
1
100
AcDbSymbolTableRecord
100
AcDbLayerTableRecord
  2
0
 70
0
 62
7
  6
Continuous
370
-3
390
13
347
21
  0
LAYER
  5
28
330
1
100
AcDbSymbolTableRecord
100
AcDbLayerTableRecord
  2
Defpoints
 70
0
 62
7
  6
Continuous
290
0
370
-3
390
13
347
21
  0
LAYER
  5
2F
330
1
100
AcDbSymbolTableRecord
100
AcDbLayerTableRecord
  2
TUBE
 70
0
 62
3
  6
Continuous
370
-3
390
13
347
21
  0
LAYER
  5
30
330
1
100
AcDbSymbolTableRecord
100
AcDbLayerTableRecord
  2
TEXT
 70
0
 62
3
  6
Continuous
370
-3
390
13
347
21
  0
LAYER
  5
31
330
1
100
AcDbSymbolTableRecord
100
AcDbLayerTableRecord
  2
DIMENSION
 70
0
 62
3
  6
Continuous
370
-3
390
13
347
21
  0
ENDTAB
  0
TABLE
  2
STYLE
  5
5
330
0
100
AcDbSymbolTable
 70
1
  0
STYLE
  5
29
330
5
100
AcDbSymbolTableRecord
100
AcDbTextStyleTableRecord
  2
Standard
 70
0
 40
0.0
 41
1.0
 50
0.0
 71
0
 42
2.5
  3
txt
  4

  0
ENDTAB
  0
TABLE
  2
VIEW
  5
7
330
0
100
AcDbSymbolTable
 70
0
  0
ENDTAB
  0
TABLE
  2
UCS
  5
6
330
0
100
AcDbSymbolTable
 70
0
  0
ENDTAB
  0
TABLE
  2
APPID
  5
3
330
0
100
AcDbSymbolTable
 70
3
  0
APPID
  5
2A
330
3
100
AcDbSymbolTableRecord
100
AcDbRegAppTableRecord
  2
ACAD
 70
0
  0
APPID
  5
72D
330
3
100
AcDbSymbolTableRecord
100
AcDbRegAppTableRecord
  2
HATCHBACKGROUNDCOLOR
 70
0
  0
APPID
  5
72E
330
3
100
AcDbSymbolTableRecord
100
AcDbRegAppTableRecord
  2
EZDXF
 70
0
  0
ENDTAB
  0
TABLE
  2
DIMSTYLE
  5
4
330
0
100
AcDbSymbolTable
 70
1
100
AcDbDimStyleTable
  0
DIMSTYLE
105
32
330
4
100
AcDbSymbolTableRecord
100
AcDbDimStyleTableRecord
  2
Standard
 70
0
 40
30.0
 41
4.0
 42
0.0
 43
3.75
 44
1.25
 45
0.0
 46
0.0
 47
0.0
 48
0.0
 49
2.5
140
3.5
141
2.5
142
0.0
143
0.03937007874
144
1.0
145
0.0
146
1.0
147
0.625
148
0.0
 69
0
 70
0
 71
0
 72
0
 73
0
 74
0
 75
0
 76
0
 77
1
 78
8
 79
3
170
0
171
3
172
1
173
0
174
0
175
0
176
0
177
0
178
0
179
2
271
2
272
2
273
2
274
3
275
0
276
0
277
2
278
44
279
0
280
0
281
0
282
0
283
0
284
8
285
0
286
0
288
0
289
3
290
0
371
-2
372
-2
  0
ENDTAB
  0
TABLE
  2
BLOCK_RECORD
  5
9
330
0
100
AcDbSymbolTable
 70
97
  0
BLOCK_RECORD
  5
17
330
9
100
AcDbSymbolTableRecord
100
AcDbBlockTableRecord
  2
*Model_Space
340
1A
 70
0
280
1
281
0
  0
BLOCK_RECORD
  5
1B
330
9
100
AcDbSymbolTableRecord
100
AcDbBlockTableRecord
  2
*Paper_Space
340
1E
 70
0
280
1
281
0
  0
BLOCK_RECORD
  5
35
330
9
100
AcDbSymbolTableRecord
100
AcDbBlockTableRecord
  2
*D1
340
0
 70
0
280
1
281
0
  0
BLOCK_RECORD
  5
3A
330
9
100
AcDbSymbolTableRecord
100
AcDbBlockTableRecord
  2
_CLOSEDFILLED
340
0
 70
0
280
1
281
0
  0
BLOCK_RECORD
  5
4A
330
9
100
AcDbSymbolTableRecord
100
AcDbBlockTableRecord
  2
*D2
340
0
 70
0
280
1
281
0
  0
BLOCK_RECORD
  5
5D
330
9
100
AcDbSymbolTableRecord
100
AcDbBlockTableRecord
  2
*D3
340
0
 70
0
280
1
281
0
  0
BLOCK_RECORD
  5
71
330
9
100
AcDbSymbolTableRecord
100
AcDbBlockTableRecord
  2
*D4
340
0
 70
0
280
1
281
0
  0
BLOCK_RECORD
  5
82
330
9
100
AcDbSymbolTableRecord
100
AcDbBlockTableRecord
  2
*D5
340
0
 70
0
280
1
281
0
  0
BLOCK_RECORD
  5
93
330
9
100
AcDbSymbolTableRecord
100
AcDbBlockTableRecord
  2
*D6
340
0
 70
0
280
1
281
0
  0
BLOCK_RECORD
  5
A6
330
9
100
AcDbSymbolTableRecord
100
AcDbBlockTableRecord
  2
*D7
340
0
 70
0
280
1
281
0
  0
BLOCK_RECORD
  5
B9
330
9
100
AcDbSymbolTableRecord
100
AcDbBlockTableRecord
  2
*D8
340
0
 70
0
280
1
281
0
  0
BLOCK_RECORD
  5
CC
330
9
100
AcDbSymbolTableRecord
100
AcDbBlockTableRecord
  2
*D9
340
0
 70
0
280
1
281
0
  0
BLOCK_RECORD
  5
DF
330
9
100
AcDbSymbolTableRecord
100
AcDbBlockTableRecord
  2
*D10
340
0
 70
0
280
1
281
0
  0
BLOCK_RECORD
  5
F0
330
9
100
AcDbSymbolTableRecord
100
AcDbBlockTableRecord
  2
*D11
340
0
 70
0
280
1
281
0
  0
BLOCK_RECORD
  5
105
330
9
100
AcDbSymbolTableRecord
100
AcDbBlockTableRecord
  2
*D12
340
0
 70
0
280
1
281
0
  0
BLOCK_RECORD
  5
118
330
9
100
AcDbSymbolTableRecord
100
AcDbBlockTableRecord
  2
*D13
340
0
 70
0
280
1
281
0
  0
BLOCK_RECORD
  5
12B
330
9
100
AcDbSymbolTableRecord
100
AcDbBlockTableRecord
  2
*D14
340
0
 70
0
280
1
281
0
  0
BLOCK_RECORD
  5
13E
330
9
100
AcDbSymbolTableRecord
100
AcDbBlockTableRecord
  2
*D15
340
0
 70
0
280
1
281
0
  0
BLOCK_RECORD
  5
14F
330
9
100
AcDbSymbolTableRecord
100
AcDbBlockTableRecord
  2
*D16
340
0
 70
0
280
1
281
0
  0
BLOCK_RECORD
  5
164
330
9
100
AcDbSymbolTableRecord
100
AcDbBlockTableRecord
  2
*D17
340
0
 70
0
280
1
281
0
  0
BLOCK_RECORD
  5
177
330
9
100
AcDbSymbolTableRecord
100
AcDbBlockTableRecord
  2
*D18
340
0
 70
0
280
1
281
0
  0
BLOCK_RECORD
  5
18A
330
9
100
AcDbSymbolTableRecord
100
AcDbBlockTableRecord
  2
*D19
340
0
 70
0
280
1
281
0
  0
BLOCK_RECORD
  5
19D
330
9
100
AcDbSymbolTableRecord
100
AcDbBlockTableRecord
  2
*D20
340
0
 70
0
280
1
281
0
  0
BLOCK_RECORD
  5
1AE
330
9
100
AcDbSymbolTableRecord
100
AcDbBlockTableRecord
  2
*D21
340
0
 70
0
280
1
281
0
  0
BLOCK_RECORD
  5
1C3
330
9
100
AcDbSymbolTableRecord
100
AcDbBlockTableRecord
  2
*D22
340
0
 70
0
280
1
281
0
  0
BLOCK_RECORD
  5
1D6
330
9
100
AcDbSymbolTableRecord
100
AcDbBlockTableRecord
  2
*D23
340
0
 70
0
280
1
281
0
  0
BLOCK_RECORD
  5
1E9
330
9
100
AcDbSymbolTableRecord
100
AcDbBlockTableRecord
  2
*D24
340
0
 70
0
280
1
281
0
  0
BLOCK_RECORD
  5
1FC
330
9
100
AcDbSymbolTableRecord
100
AcDbBlockTableRecord
  2
*D25
340
0
 70
0
280
1
281
0
  0
BLOCK_RECORD
  5
20D
330
9
100
AcDbSymbolTableRecord
100
AcDbBlockTableRecord
  2
*D26
340
0
 70
0
280
1
281
0
  0
BLOCK_RECORD
  5
222
330
9
100
AcDbSymbolTableRecord
100
AcDbBlockTableRecord
  2
*D27
340
0
 70
0
280
1
281
0
  0
BLOCK_RECORD
  5
235
330
9
100
AcDbSymbolTableRecord
100
AcDbBlockTableRecord
  2
*D28
340
0
 70
0
280
1
281
0
  0
BLOCK_RECORD
  5
248
330
9
100
AcDbSymbolTableRecord
100
AcDbBlockTableRecord
  2
*D29
340
0
 70
0
280
1
281
0
  0
BLOCK_RECORD
  5
25B
330
9
100
AcDbSymbolTableRecord
100
AcDbBlockTableRecord
  2
*D30
340
0
 70
0
280
1
281
0
  0
BLOCK_RECORD
  5
26C
330
9
100
AcDbSymbolTableRecord
100
AcDbBlockTableRecord
  2
*D31
340
0
 70
0
280
1
281
0
  0
BLOCK_RECORD
  5
281
330
9
100
AcDbSymbolTableRecord
100
AcDbBlockTableRecord
  2
*D32
340
0
 70
0
280
1
281
0
  0
BLOCK_RECORD
  5
294
330
9
100
AcDbSymbolTableRecord
100
AcDbBlockTableRecord
  2
*D33
340
0
 70
0
280
1
281
0
  0
BLOCK_RECORD
  5
2A7
330
9
100
AcDbSymbolTableRecord
100
AcDbBlockTableRecord
  2
*D34
340
0
 70
0
280
1
281
0
  0
BLOCK_RECORD
  5
2BA
330
9
100
AcDbSymbolTableRecord
100
AcDbBlockTableRecord
  2
*D35
340
0
 70
0
280
1
281
0
  0
BLOCK_RECORD
  5
2CB
330
9
100
AcDbSymbolTableRecord
100
AcDbBlockTableRecord
  2
*D36
340
0
 70
0
280
1
281
0
  0
BLOCK_RECORD
  5
2E0
330
9
100
AcDbSymbolTableRecord
100
AcDbBlockTableRecord
  2
*D37
340
0
 70
0
280
1
281
0
  0
BLOCK_RECORD
  5
2F3
330
9
100
AcDbSymbolTableRecord
100
AcDbBlockTableRecord
  2
*D38
340
0
 70
0
280
1
281
0
  0
BLOCK_RECORD
  5
306
330
9
100
AcDbSymbolTableRecord
100
AcDbBlockTableRecord
  2
*D39
340
0
 70
0
280
1
281
0
  0
BLOCK_RECORD
  5
319
330
9
100
AcDbSymbolTableRecord
100
AcDbBlockTableRecord
  2
*D40
340
0
 70
0
280
1
281
0
  0
BLOCK_RECORD
  5
32A
330
9
100
AcDbSymbolTableRecord
100
AcDbBlockTableRecord
  2
*D41
340
0
 70
0
280
1
281
0
  0
BLOCK_RECORD
  5
33F
330
9
100
AcDbSymbolTableRecord
100
AcDbBlockTableRecord
  2
*D42
340
0
 70
0
280
1
281
0
  0
BLOCK_RECORD
  5
352
330
9
100
AcDbSymbolTableRecord
100
AcDbBlockTableRecord
  2
*D43
340
0
 70
0
280
1
281
0
  0
BLOCK_RECORD
  5
365
330
9
100
AcDbSymbolTableRecord
100
AcDbBlockTableRecord
  2
*D44
340
0
 70
0
280
1
281
0
  0
BLOCK_RECORD
  5
378
330
9
100
AcDbSymbolTableRecord
100
AcDbBlockTableRecord
  2
*D45
340
0
 70
0
280
1
281
0
  0
BLOCK_RECORD
  5
389
330
9
100
AcDbSymbolTableRecord
100
AcDbBlockTableRecord
  2
*D46
340
0
 70
0
280
1
281
0
  0
BLOCK_RECORD
  5
39E
330
9
100
AcDbSymbolTableRecord
100
AcDbBlockTableRecord
  2
*D47
340
0
 70
0
280
1
281
0
  0
BLOCK_RECORD
  5
3B1
330
9
100
AcDbSymbolTableRecord
100
AcDbBlockTableRecord
  2
*D48
340
0
 70
0
280
1
281
0
  0
BLOCK_RECORD
  5
3C4
330
9
100
AcDbSymbolTableRecord
100
AcDbBlockTableRecord
  2
*D49
340
0
 70
0
280
1
281
0
  0
BLOCK_RECORD
  5
3D7
330
9
100
AcDbSymbolTableRecord
100
AcDbBlockTableRecord
  2
*D50
340
0
 70
0
280
1
281
0
  0
BLOCK_RECORD
  5
3E8
330
9
100
AcDbSymbolTableRecord
100
AcDbBlockTableRecord
  2
*D51
340
0
 70
0
280
1
281
0
  0
BLOCK_RECORD
  5
3FD
330
9
100
AcDbSymbolTableRecord
100
AcDbBlockTableRecord
  2
*D52
340
0
 70
0
280
1
281
0
  0
BLOCK_RECORD
  5
410
330
9
100
AcDbSymbolTableRecord
100
AcDbBlockTableRecord
  2
*D53
340
0
 70
0
280
1
281
0
  0
BLOCK_RECORD
  5
423
330
9
100
AcDbSymbolTableRecord
100
AcDbBlockTableRecord
  2
*D54
340
0
 70
0
280
1
281
0
  0
BLOCK_RECORD
  5
436
330
9
100
AcDbSymbolTableRecord
100
AcDbBlockTableRecord
  2
*D55
340
0
 70
0
280
1
281
0
  0
BLOCK_RECORD
  5
447
330
9
100
AcDbSymbolTableRecord
100
AcDbBlockTableRecord
  2
*D56
340
0
 70
0
280
1
281
0
  0
BLOCK_RECORD
  5
45C
330
9
100
AcDbSymbolTableRecord
100
AcDbBlockTableRecord
  2
*D57
340
0
 70
0
280
1
281
0
  0
BLOCK_RECORD
  5
46F
330
9
100
AcDbSymbolTableRecord
100
AcDbBlockTableRecord
  2
*D58
340
0
 70
0
280
1
281
0
  0
BLOCK_RECORD
  5
482
330
9
100
AcDbSymbolTableRecord
100
AcDbBlockTableRecord
  2
*D59
340
0
 70
0
280
1
281
0
  0
BLOCK_RECORD
  5
495
330
9
100
AcDbSymbolTableRecord
100
AcDbBlockTableRecord
  2
*D60
340
0
 70
0
280
1
281
0
  0
BLOCK_RECORD
  5
4A6
330
9
100
AcDbSymbolTableRecord
100
AcDbBlockTableRecord
  2
*D61
340
0
 70
0
280
1
281
0
  0
BLOCK_RECORD
  5
4BB
330
9
100
AcDbSymbolTableRecord
100
AcDbBlockTableRecord
  2
*D62
340
0
 70
0
280
1
281
0
  0
BLOCK_RECORD
  5
4CE
330
9
100
AcDbSymbolTableRecord
100
AcDbBlockTableRecord
  2
*D63
340
0
 70
0
280
1
281
0
  0
BLOCK_RECORD
  5
4E1
330
9
100
AcDbSymbolTableRecord
100
AcDbBlockTableRecord
  2
*D64
340
0
 70
0
280
1
281
0
  0
BLOCK_RECORD
  5
4F4
330
9
100
AcDbSymbolTableRecord
100
AcDbBlockTableRecord
  2
*D65
340
0
 70
0
280
1
281
0
  0
BLOCK_RECORD
  5
508
330
9
100
AcDbSymbolTableRecord
100
AcDbBlockTableRecord
  2
*D66
340
0
 70
0
280
1
281
0
  0
BLOCK_RECORD
  5
51A
330
9
100
AcDbSymbolTableRecord
100
AcDbBlockTableRecord
  2
*D67
340
0
 70
0
280
1
281
0
  0
BLOCK_RECORD
  5
52F
330
9
100
AcDbSymbolTableRecord
100
AcDbBlockTableRecord
  2
*D68
340
0
 70
0
280
1
281
0
  0
BLOCK_RECORD
  5
542
330
9
100
AcDbSymbolTableRecord
100
AcDbBlockTableRecord
  2
*D69
340
0
 70
0
280
1
281
0
  0
BLOCK_RECORD
  5
555
330
9
100
AcDbSymbolTableRecord
100
AcDbBlockTableRecord
  2
*D70
340
0
 70
0
280
1
281
0
  0
BLOCK_RECORD
  5
568
330
9
100
AcDbSymbolTableRecord
100
AcDbBlockTableRecord
  2
*D71
340
0
 70
0
280
1
281
0
  0
BLOCK_RECORD
  5
57C
330
9
100
AcDbSymbolTableRecord
100
AcDbBlockTableRecord
  2
*D72
340
0
 70
0
280
1
281
0
  0
BLOCK_RECORD
  5
58C
330
9
100
AcDbSymbolTableRecord
100
AcDbBlockTableRecord
  2
*D73
340
0
 70
0
280
1
281
0
  0
BLOCK_RECORD
  5
5A1
330
9
100
AcDbSymbolTableRecord
100
AcDbBlockTableRecord
  2
*D74
340
0
 70
0
280
1
281
0
  0
BLOCK_RECORD
  5
5B4
330
9
100
AcDbSymbolTableRecord
100
AcDbBlockTableRecord
  2
*D75
340
0
 70
0
280
1
281
0
  0
BLOCK_RECORD
  5
5C7
330
9
100
AcDbSymbolTableRecord
100
AcDbBlockTableRecord
  2
*D76
340
0
 70
0
280
1
281
0
  0
BLOCK_RECORD
  5
5DA
330
9
100
AcDbSymbolTableRecord
100
AcDbBlockTableRecord
  2
*D77
340
0
 70
0
280
1
281
0
  0
BLOCK_RECORD
  5
5ED
330
9
100
AcDbSymbolTableRecord
100
AcDbBlockTableRecord
  2
*D78
340
0
 70
0
280
1
281
0
  0
BLOCK_RECORD
  5
5FE
330
9
100
AcDbSymbolTableRecord
100
AcDbBlockTableRecord
  2
*D79
340
0
 70
0
280
1
281
0
  0
BLOCK_RECORD
  5
613
330
9
100
AcDbSymbolTableRecord
100
AcDbBlockTableRecord
  2
*D80
340
0
 70
0
280
1
281
0
  0
BLOCK_RECORD
  5
626
330
9
100
AcDbSymbolTableRecord
100
AcDbBlockTableRecord
  2
*D81
340
0
 70
0
280
1
281
0
  0
BLOCK_RECORD
  5
639
330
9
100
AcDbSymbolTableRecord
100
AcDbBlockTableRecord
  2
*D82
340
0
 70
0
280
1
281
0
  0
BLOCK_RECORD
  5
64C
330
9
100
AcDbSymbolTableRecord
100
AcDbBlockTableRecord
  2
*D83
340
0
 70
0
280
1
281
0
  0
BLOCK_RECORD
  5
65F
330
9
100
AcDbSymbolTableRecord
100
AcDbBlockTableRecord
  2
*D84
340
0
 70
0
280
1
281
0
  0
BLOCK_RECORD
  5
670
330
9
100
AcDbSymbolTableRecord
100
AcDbBlockTableRecord
  2
*D85
340
0
 70
0
280
1
281
0
  0
BLOCK_RECORD
  5
685
330
9
100
AcDbSymbolTableRecord
100
AcDbBlockTableRecord
  2
*D86
340
0
 70
0
280
1
281
0
  0
BLOCK_RECORD
  5
698
330
9
100
AcDbSymbolTableRecord
100
AcDbBlockTableRecord
  2
*D87
340
0
 70
0
280
1
281
0
  0
BLOCK_RECORD
  5
6AB
330
9
100
AcDbSymbolTableRecord
100
AcDbBlockTableRecord
  2
*D88
340
0
 70
0
280
1
281
0
  0
BLOCK_RECORD
  5
6BE
330
9
100
AcDbSymbolTableRecord
100
AcDbBlockTableRecord
  2
*D89
340
0
 70
0
280
1
281
0
  0
BLOCK_RECORD
  5
6D1
330
9
100
AcDbSymbolTableRecord
100
AcDbBlockTableRecord
  2
*D90
340
0
 70
0
280
1
281
0
  0
BLOCK_RECORD
  5
6E2
330
9
100
AcDbSymbolTableRecord
100
AcDbBlockTableRecord
  2
*D91
340
0
 70
0
280
1
281
0
  0
BLOCK_RECORD
  5
6F7
330
9
100
AcDbSymbolTableRecord
100
AcDbBlockTableRecord
  2
*D92
340
0
 70
0
280
1
281
0
  0
BLOCK_RECORD
  5
70A
330
9
100
AcDbSymbolTableRecord
100
AcDbBlockTableRecord
  2
*D93
340
0
 70
0
280
1
281
0
  0
BLOCK_RECORD
  5
71E
330
9
100
AcDbSymbolTableRecord
100
AcDbBlockTableRecord
  2
*D94
340
0
 70
0
280
1
281
0
  0
ENDTAB
  0
ENDSEC
  0
SECTION
  2
BLOCKS
  0
BLOCK
  5
18
330
17
100
AcDbEntity
  8
0
100
AcDbBlockBegin
  2
*Model_Space
 70
0
 10
0.0
 20
0.0
 30
0.0
  3
*Model_Space
  1

  0
ENDBLK
  5
19
330
17
100
AcDbEntity
  8
0
100
AcDbBlockEnd
  0
BLOCK
  5
1C
330
1B
100
AcDbEntity
  8
0
100
AcDbBlockBegin
  2
*Paper_Space
 70
0
 10
0.0
 20
0.0
 30
0.0
  3
*Paper_Space
  1

  0
ENDBLK
  5
1D
330
1B
100
AcDbEntity
  8
0
100
AcDbBlockEnd
  0
BLOCK
  5
36
330
35
100
AcDbEntity
  8
0
100
AcDbBlockBegin
  2
*D1
 70
1
 10
0.0
 20
0.0
 30
0.0
  3
*D1
  1

  0
LINE
  5
38
330
35
100
AcDbEntity
  8
0
 62
3
100
AcDbLine
 10
10.0
 20
-775.0
 30
0.0
 11
-110.0
 21
-775.0
 31
0.0
  0
LINE
  5
39
330
35
100
AcDbEntity
  8
0
 62
3
100
AcDbLine
 10
10.0
 20
-525.0
 30
0.0
 11
-110.0
 21
-525.0
 31
0.0
  0
INSERT
  5
3E
330
35
100
AcDbEntity
  8
DIMENSION
 62
0
100
AcDbBlockReference
  2
_CLOSEDFILLED
 10
-110.0
 20
-775.0
 30
0.0
 41
120.0
 42
120.0
 50
90.0
  0
INSERT
  5
40
330
35
100
AcDbEntity
  8
DIMENSION
 62
0
100
AcDbBlockReference
  2
_CLOSEDFILLED
 10
-110.0
 20
-525.0
 30
0.0
 41
120.0
 42
120.0
 50
270.0
  0
LINE
  5
42
330
35
100
AcDbEntity
  8
0
 62
0
100
AcDbLine
 10
-110.0
 20
-895.0
 30
0.0
 11
-110.0
 21
-1015.0
 31
0.0
  0
LINE
  5
43
330
35
100
AcDbEntity
  8
0
 62
0
100
AcDbLine
 10
-110.0
 20
-405.0
 30
0.0
 11
-110.0
 21
-285.0
 31
0.0
  0
LINE
  5
44
330
35
100
AcDbEntity
  8
0
 62
0
100
AcDbLine
 10
-110.0
 20
-775.0
 30
0.0
 11
-110.0
 21
-525.0
 31
0.0
  0
MTEXT
  5
45
330
35
100
AcDbEntity
  8
DIMENSION
 62
3
100
AcDbMText
 10
-181.25
 20
-650.0
 30
0.0
 40
105.0
 71
5
  1
250
 50
90.0
  0
POINT
  5
46
330
35
100
AcDbEntity
  8
Defpoints
100
AcDbPoint
 10
-110.0
 20
-775.0
 30
0.0
  0
POINT
  5
47
330
35
100
AcDbEntity
  8
Defpoints
100
AcDbPoint
 10
10.0
 20
-775.0
 30
0.0
  0
POINT
  5
48
330
35
100
AcDbEntity
  8
Defpoints
100
AcDbPoint
 10
10.0
 20
-525.0
 30
0.0
  0
ENDBLK
  5
37
330
35
100
AcDbEntity
  8
0
100
AcDbBlockEnd
  0
BLOCK
  5
3B
330
3A
100
AcDbEntity
  8
0
100
AcDbBlockBegin
  2
_CLOSEDFILLED
 70
0
 10
0.0
 20
0.0
 30
0.0
  3
_CLOSEDFILLED
  1

  0
SOLID
  5
3D
330
3A
100
AcDbEntity
  8
0
  6
BYBLOCK
 62
0
100
AcDbTrace
 10
-1.0
 20
0.16439898372402537
 30
0.0
 11
0.0
 21
0.0
 31
0.0
 12
-1.0
 22
-0.16439898372402537
 32
0.0
 13
-1.0
 23
-0.16439898372402537
 33
0.0
  0
ENDBLK
  5
3C
330
3A
100
AcDbEntity
  8
0
100
AcDbBlockEnd
  0
BLOCK
  5
4B
330
4A
100
AcDbEntity
  8
0
100
AcDbBlockBegin
  2
*D2
 70
1
 10
0.0
 20
0.0
 30
0.0
  3
*D2
  1

  0
LINE
  5
4D
330
4A
100
AcDbEntity
  8
0
 62
3
100
AcDbLine
 10
0.0
 20
-525.0
 30
0.0
 11
0.0
 21
-245.0
 31
0.0
  0
LINE
  5
4E
330
4A
100
AcDbEntity
  8
0
 62
3
100
AcDbLine
 10
12000.0
 20
-525.0
 30
0.0
 11
12000.0
 21
-245.0
 31
0.0
  0
INSERT
  5
4F
330
4A
100
AcDbEntity
  8
DIMENSION
 62
0
100
AcDbBlockReference
  2
_CLOSEDFILLED
 10
0.0
 20
-245.0
 30
0.0
 41
120.0
 42
120.0
 50
180.0
  0
INSERT
  5
51
330
4A
100
AcDbEntity
  8
DIMENSION
 62
0
100
AcDbBlockReference
  2
_CLOSEDFILLED
 10
12000.0
 20
-245.0
 30
0.0
 41
120.0
 42
120.0
  0
LINE
  5
53
330
4A
100
AcDbEntity
  8
0
 62
0
100
AcDbLine
 10
120.0
 20
-245.00000000000003
 30
0.0
 11
11880.0
 21
-245.0
 31
0.0
  0
MTEXT
  5
54
330
4A
100
AcDbEntity
  8
DIMENSION
 62
3
100
AcDbMText
 10
6000.0
 20
-173.75
 30
0.0
 40
105.0
 71
5
  1
12000
  0
POINT
  5
55
330
4A
100
AcDbEntity
  8
Defpoints
100
AcDbPoint
 10
0.0
 20
-245.0
 30
0.0
  0
POINT
  5
56
330
4A
100
AcDbEntity
  8
Defpoints
100
AcDbPoint
 10
0.0
 20
-525.0
 30
0.0
  0
POINT
  5
57
330
4A
100
AcDbEntity
  8
Defpoints
100
AcDbPoint
 10
12000.0
 20
-525.0
 30
0.0
  0
ENDBLK
  5
4C
330
4A
100
AcDbEntity
  8
0
100
AcDbBlockEnd
  0
BLOCK
  5
5E
330
5D
100
AcDbEntity
  8
0
100
AcDbBlockBegin
  2
*D3
 70
1
 10
0.0
 20
0.0
 30
0.0
  3
*D3
  1

  0
LINE
  5
60
330
5D
100
AcDbEntity
  8
0
 62
3
100
AcDbLine
 10
0.0
 20
-525.0
 30
0.0
 11
0.0
 21
-425.0
 31
0.0
  0
LINE
  5
61
330
5D
100
AcDbEntity
  8
0
 62
3
100
AcDbLine
 10
5000.0
 20
-525.0
 30
0.0
 11
5000.0
 21
-425.0
 31
0.0
  0
INSERT
  5
62
330
5D
100
AcDbEntity
  8
DIMENSION
 62
0
100
AcDbBlockReference
  2
_CLOSEDFILLED
 10
0.0
 20
-425.0
 30
0.0
 41
120.0
 42
120.0
 50
180.0
  0
INSERT
  5
64
330
5D
100
AcDbEntity
  8
DIMENSION
 62
0
100
AcDbBlockReference
  2
_CLOSEDFILLED
 10
5000.0
 20
-425.0
 30
0.0
 41
120.0
 42
120.0
  0
LINE
  5
66
330
5D
100
AcDbEntity
  8
0
 62
0
100
AcDbLine
 10
120.0
 20
-425.0
 30
0.0
 11
4880.0
 21
-425.0
 31
0.0
  0
MTEXT
  5
67
330
5D
100
AcDbEntity
  8
DIMENSION
 62
3
100
AcDbMText
 10
2500.0
 20
-353.75
 30
0.0
 40
105.0
 71
5
  1
5000
  0
POINT
  5
68
330
5D
100
AcDbEntity
  8
Defpoints
100
AcDbPoint
 10
0.0
 20
-425.0
 30
0.0
  0
POINT
  5
69
330
5D
100
AcDbEntity
  8
Defpoints
100
AcDbPoint
 10
0.0
 20
-525.0
 30
0.0
  0
POINT
  5
6A
330
5D
100
AcDbEntity
  8
Defpoints
100
AcDbPoint
 10
5000.0
 20
-525.0
 30
0.0
  0
ENDBLK
  5
5F
330
5D
100
AcDbEntity
  8
0
100
AcDbBlockEnd
  0
BLOCK
  5
72
330
71
100
AcDbEntity
  8
0
100
AcDbBlockBegin
  2
*D4
 70
1
 10
0.0
 20
0.0
 30
0.0
  3
*D4
  1

  0
LINE
  5
74
330
71
100
AcDbEntity
  8
0
 62
3
100
AcDbLine
 10
5000.0
 20
-525.0
 30
0.0
 11
5000.0
 21
-425.0
 31
0.0
  0
LINE
  5
75
330
71
100
AcDbEntity
  8
0
 62
3
100
AcDbLine
 10
12000.0
 20
-525.0
 30
0.0
 11
12000.0
 21
-425.0
 31
0.0
  0
INSERT
  5
76
330
71
100
AcDbEntity
  8
DIMENSION
 62
0
100
AcDbBlockReference
  2
_CLOSEDFILLED
 10
5000.0
 20
-425.0
 30
0.0
 41
120.0
 42
120.0
 50
180.0
  0
INSERT
  5
78
330
71
100
AcDbEntity
  8
DIMENSION
 62
0
100
AcDbBlockReference
  2
_CLOSEDFILLED
 10
12000.0
 20
-425.0
 30
0.0
 41
120.0
 42
120.0
  0
LINE
  5
7A
330
71
100
AcDbEntity
  8
0
 62
0
100
AcDbLine
 10
5120.0
 20
-425.0
 30
0.0
 11
11880.0
 21
-425.0
 31
0.0
  0
MTEXT
  5
7B
330
71
100
AcDbEntity
  8
DIMENSION
 62
3
100
AcDbMText
 10
8500.0
 20
-353.75
 30
0.0
 40
105.0
 71
5
  1
余7000
  0
POINT
  5
7C
330
71
100
AcDbEntity
  8
Defpoints
100
AcDbPoint
 10
5000.0
 20
-425.0
 30
0.0
  0
POINT
  5
7D
330
71
100
AcDbEntity
  8
Defpoints
100
AcDbPoint
 10
5000.0
 20
-525.0
 30
0.0
  0
POINT
  5
7E
330
71
100
AcDbEntity
  8
Defpoints
100
AcDbPoint
 10
12000.0
 20
-525.0
 30
0.0
  0
ENDBLK
  5
73
330
71
100
AcDbEntity
  8
0
100
AcDbBlockEnd
  0
BLOCK
  5
83
330
82
100
AcDbEntity
  8
0
100
AcDbBlockBegin
  2
*D5
 70
1
 10
0.0
 20
0.0
 30
0.0
  3
*D5
  1

  0
LINE
  5
85
330
82
100
AcDbEntity
  8
0
 62
3
100
AcDbLine
 10
15010.0
 20
-750.0
 30
0.0
 11
14890.0
 21
-750.0
 31
0.0
  0
LINE
  5
86
330
82
100
AcDbEntity
  8
0
 62
3
100
AcDbLine
 10
15010.0
 20
-550.0
 30
0.0
 11
14890.0
 21
-550.0
 31
0.0
  0
INSERT
  5
87
330
82
100
AcDbEntity
  8
DIMENSION
 62
0
100
AcDbBlockReference
  2
_CLOSEDFILLED
 10
14890.0
 20
-750.0
 30
0.0
 41
120.0
 42
120.0
 50
90.0
  0
INSERT
  5
89
330
82
100
AcDbEntity
  8
DIMENSION
 62
0
100
AcDbBlockReference
  2
_CLOSEDFILLED
 10
14890.0
 20
-550.0
 30
0.0
 41
120.0
 42
120.0
 50
270.0
  0
LINE
  5
8B
330
82
100
AcDbEntity
  8
0
 62
0
100
AcDbLine
 10
14890.0
 20
-870.0
 30
0.0
 11
14890.0
 21
-990.0
 31
0.0
  0
LINE
  5
8C
330
82
100
AcDbEntity
  8
0
 62
0
100
AcDbLine
 10
14890.0
 20
-430.0
 30
0.0
 11
14890.0
 21
-310.0
 31
0.0
  0
LINE
  5
8D
330
82
100
AcDbEntity
  8
0
 62
0
100
AcDbLine
 10
14890.0
 20
-750.0
 30
0.0
 11
14890.0
 21
-550.0
 31
0.0
  0
MTEXT
  5
8E
330
82
100
AcDbEntity
  8
DIMENSION
 62
3
100
AcDbMText
 10
14818.75
 20
-650.0
 30
0.0
 40
105.0
 71
5
  1
200
 50
90.0
  0
POINT
  5
8F
330
82
100
AcDbEntity
  8
Defpoints
100
AcDbPoint
 10
14890.0
 20
-750.0
 30
0.0
  0
POINT
  5
90
330
82
100
AcDbEntity
  8
Defpoints
100
AcDbPoint
 10
15010.0
 20
-750.0
 30
0.0
  0
POINT
  5
91
330
82
100
AcDbEntity
  8
Defpoints
100
AcDbPoint
 10
15010.0
 20
-550.0
 30
0.0
  0
ENDBLK
  5
84
330
82
100
AcDbEntity
  8
0
100
AcDbBlockEnd
  0
BLOCK
  5
94
330
93
100
AcDbEntity
  8
0
100
AcDbBlockBegin
  2
*D6
 70
1
 10
0.0
 20
0.0
 30
0.0
  3
*D6
  1

  0
LINE
  5
96
330
93
100
AcDbEntity
  8
0
 62
3
100
AcDbLine
 10
15000.0
 20
-550.0
 30
0.0
 11
15000.0
 21
-270.0
 31
0.0
  0
LINE
  5
97
330
93
100
AcDbEntity
  8
0
 62
3
100
AcDbLine
 10
27000.0
 20
-550.0
 30
0.0
 11
27000.0
 21
-270.0
 31
0.0
  0
INSERT
  5
98
330
93
100
AcDbEntity
  8
DIMENSION
 62
0
100
AcDbBlockReference
  2
_CLOSEDFILLED
 10
15000.0
 20
-270.0
 30
0.0
 41
120.0
 42
120.0
 50
180.0
  0
INSERT
  5
9A
330
93
100
AcDbEntity
  8
DIMENSION
 62
0
100
AcDbBlockReference
  2
_CLOSEDFILLED
 10
27000.0
 20
-270.0
 30
0.0
 41
120.0
 42
120.0
  0
LINE
  5
9C
330
93
100
AcDbEntity
  8
0
 62
0
100
AcDbLine
 10
15120.0
 20
-270.0
 30
0.0
 11
26880.0
 21
-270.0
 31
0.0
  0
MTEXT
  5
9D
330
93
100
AcDbEntity
  8
DIMENSION
 62
3
100
AcDbMText
 10
21000.0
 20
-198.75
 30
0.0
 40
105.0
 71
5
  1
12000
  0
POINT
  5
9E
330
93
100
AcDbEntity
  8
Defpoints
100
AcDbPoint
 10
15000.0
 20
-270.0
 30
0.0
  0
POINT
  5
9F
330
93
100
AcDbEntity
  8
Defpoints
100
AcDbPoint
 10
15000.0
 20
-550.0
 30
0.0
  0
POINT
  5
A0
330
93
100
AcDbEntity
  8
Defpoints
100
AcDbPoint
 10
27000.0
 20
-550.0
 30
0.0
  0
ENDBLK
  5
95
330
93
100
AcDbEntity
  8
0
100
AcDbBlockEnd
  0
BLOCK
  5
A7
330
A6
100
AcDbEntity
  8
0
100
AcDbBlockBegin
  2
*D7
 70
1
 10
0.0
 20
0.0
 30
0.0
  3
*D7
  1

  0
LINE
  5
A9
330
A6
100
AcDbEntity
  8
0
 62
3
100
AcDbLine
 10
15000.0
 20
-550.0
 30
0.0
 11
15000.0
 21
-450.0
 31
0.0
  0
LINE
  5
AA
330
A6
100
AcDbEntity
  8
0
 62
3
100
AcDbLine
 10
19800.0
 20
-550.0
 30
0.0
 11
19800.0
 21
-450.0
 31
0.0
  0
INSERT
  5
AB
330
A6
100
AcDbEntity
  8
DIMENSION
 62
0
100
AcDbBlockReference
  2
_CLOSEDFILLED
 10
15000.0
 20
-450.0
 30
0.0
 41
120.0
 42
120.0
 50
180.0
  0
INSERT
  5
AD
330
A6
100
AcDbEntity
  8
DIMENSION
 62
0
100
AcDbBlockReference
  2
_CLOSEDFILLED
 10
19800.0
 20
-450.0
 30
0.0
 41
120.0
 42
120.0
  0
LINE
  5
AF
330
A6
100
AcDbEntity
  8
0
 62
0
100
AcDbLine
 10
15120.0
 20
-450.0
 30
0.0
 11
19680.0
 21
-450.0
 31
0.0
  0
MTEXT
  5
B0
330
A6
100
AcDbEntity
  8
DIMENSION
 62
3
100
AcDbMText
 10
17400.0
 20
-378.75
 30
0.0
 40
105.0
 71
5
  1
4800
  0
POINT
  5
B1
330
A6
100
AcDbEntity
  8
Defpoints
100
AcDbPoint
 10
15000.0
 20
-450.0
 30
0.0
  0
POINT
  5
B2
330
A6
100
AcDbEntity
  8
Defpoints
100
AcDbPoint
 10
15000.0
 20
-550.0
 30
0.0
  0
POINT
  5
B3
330
A6
100
AcDbEntity
  8
Defpoints
100
AcDbPoint
 10
19800.0
 20
-550.0
 30
0.0
  0
ENDBLK
  5
A8
330
A6
100
AcDbEntity
  8
0
100
AcDbBlockEnd
  0
BLOCK
  5
BA
330
B9
100
AcDbEntity
  8
0
100
AcDbBlockBegin
  2
*D8
 70
1
 10
0.0
 20
0.0
 30
0.0
  3
*D8
  1

  0
LINE
  5
BC
330
B9
100
AcDbEntity
  8
0
 62
3
100
AcDbLine
 10
19800.0
 20
-550.0
 30
0.0
 11
19800.0
 21
-450.0
 31
0.0
  0
LINE
  5
BD
330
B9
100
AcDbEntity
  8
0
 62
3
100
AcDbLine
 10
22400.0
 20
-550.0
 30
0.0
 11
22400.0
 21
-450.0
 31
0.0
  0
INSERT
  5
BE
330
B9
100
AcDbEntity
  8
DIMENSION
 62
0
100
AcDbBlockReference
  2
_CLOSEDFILLED
 10
19800.0
 20
-450.0
 30
0.0
 41
120.0
 42
120.0
 50
180.0
  0
INSERT
  5
C0
330
B9
100
AcDbEntity
  8
DIMENSION
 62
0
100
AcDbBlockReference
  2
_CLOSEDFILLED
 10
22400.0
 20
-450.0
 30
0.0
 41
120.0
 42
120.0
  0
LINE
  5
C2
330
B9
100
AcDbEntity
  8
0
 62
0
100
AcDbLine
 10
19920.0
 20
-450.0
 30
0.0
 11
22280.0
 21
-450.0
 31
0.0
  0
MTEXT
  5
C3
330
B9
100
AcDbEntity
  8
DIMENSION
 62
3
100
AcDbMText
 10
21100.0
 20
-378.75
 30
0.0
 40
105.0
 71
5
  1
2600
  0
POINT
  5
C4
330
B9
100
AcDbEntity
  8
Defpoints
100
AcDbPoint
 10
19800.0
 20
-450.0
 30
0.0
  0
POINT
  5
C5
330
B9
100
AcDbEntity
  8
Defpoints
100
AcDbPoint
 10
19800.0
 20
-550.0
 30
0.0
  0
POINT
  5
C6
330
B9
100
AcDbEntity
  8
Defpoints
100
AcDbPoint
 10
22400.0
 20
-550.0
 30
0.0
  0
ENDBLK
  5
BB
330
B9
100
AcDbEntity
  8
0
100
AcDbBlockEnd
  0
BLOCK
  5
CD
330
CC
100
AcDbEntity
  8
0
100
AcDbBlockBegin
  2
*D9
 70
1
 10
0.0
 20
0.0
 30
0.0
  3
*D9
  1

  0
LINE
  5
CF
330
CC
100
AcDbEntity
  8
0
 62
3
100
AcDbLine
 10
22400.0
 20
-550.0
 30
0.0
 11
22400.0
 21
-450.0
 31
0.0
  0
LINE
  5
D0
330
CC
100
AcDbEntity
  8
0
 62
3
100
AcDbLine
 10
24700.0
 20
-550.0
 30
0.0
 11
24700.0
 21
-450.0
 31
0.0
  0
INSERT
  5
D1
330
CC
100
AcDbEntity
  8
DIMENSION
 62
0
100
AcDbBlockReference
  2
_CLOSEDFILLED
 10
22400.0
 20
-450.0
 30
0.0
 41
120.0
 42
120.0
 50
180.0
  0
INSERT
  5
D3
330
CC
100
AcDbEntity
  8
DIMENSION
 62
0
100
AcDbBlockReference
  2
_CLOSEDFILLED
 10
24700.0
 20
-450.0
 30
0.0
 41
120.0
 42
120.0
  0
LINE
  5
D5
330
CC
100
AcDbEntity
  8
0
 62
0
100
AcDbLine
 10
22520.0
 20
-450.0
 30
0.0
 11
24580.0
 21
-450.0
 31
0.0
  0
MTEXT
  5
D6
330
CC
100
AcDbEntity
  8
DIMENSION
 62
3
100
AcDbMText
 10
23550.0
 20
-378.75
 30
0.0
 40
105.0
 71
5
  1
2300
  0
POINT
  5
D7
330
CC
100
AcDbEntity
  8
Defpoints
100
AcDbPoint
 10
22400.0
 20
-450.0
 30
0.0
  0
POINT
  5
D8
330
CC
100
AcDbEntity
  8
Defpoints
100
AcDbPoint
 10
22400.0
 20
-550.0
 30
0.0
  0
POINT
  5
D9
330
CC
100
AcDbEntity
  8
Defpoints
100
AcDbPoint
 10
24700.0
 20
-550.0
 30
0.0
  0
ENDBLK
  5
CE
330
CC
100
AcDbEntity
  8
0
100
AcDbBlockEnd
  0
BLOCK
  5
E0
330
DF
100
AcDbEntity
  8
0
100
AcDbBlockBegin
  2
*D10
 70
1
 10
0.0
 20
0.0
 30
0.0
  3
*D10
  1

  0
LINE
  5
E2
330
DF
100
AcDbEntity
  8
0
 62
3
100
AcDbLine
 10
24700.0
 20
-550.0
 30
0.0
 11
24700.0
 21
-450.0
 31
0.0
  0
LINE
  5
E3
330
DF
100
AcDbEntity
  8
0
 62
3
100
AcDbLine
 10
27000.0
 20
-550.0
 30
0.0
 11
27000.0
 21
-450.0
 31
0.0
  0
INSERT
  5
E4
330
DF
100
AcDbEntity
  8
DIMENSION
 62
0
100
AcDbBlockReference
  2
_CLOSEDFILLED
 10
24700.0
 20
-450.0
 30
0.0
 41
120.0
 42
120.0
 50
180.0
  0
INSERT
  5
E6
330
DF
100
AcDbEntity
  8
DIMENSION
 62
0
100
AcDbBlockReference
  2
_CLOSEDFILLED
 10
27000.0
 20
-450.0
 30
0.0
 41
120.0
 42
120.0
  0
LINE
  5
E8
330
DF
100
AcDbEntity
  8
0
 62
0
100
AcDbLine
 10
24820.0
 20
-450.0
 30
0.0
 11
26880.0
 21
-450.0
 31
0.0
  0
MTEXT
  5
E9
330
DF
100
AcDbEntity
  8
DIMENSION
 62
3
100
AcDbMText
 10
25850.0
 20
-378.75
 30
0.0
 40
105.0
 71
5
  1
2300
  0
POINT
  5
EA
330
DF
100
AcDbEntity
  8
Defpoints
100
AcDbPoint
 10
24700.0
 20
-450.0
 30
0.0
  0
POINT
  5
EB
330
DF
100
AcDbEntity
  8
Defpoints
100
AcDbPoint
 10
24700.0
 20
-550.0
 30
0.0
  0
POINT
  5
EC
330
DF
100
AcDbEntity
  8
Defpoints
100
AcDbPoint
 10
27000.0
 20
-550.0
 30
0.0
  0
ENDBLK
  5
E1
330
DF
100
AcDbEntity
  8
0
100
AcDbBlockEnd
  0
BLOCK
  5
F1
330
F0
100
AcDbEntity
  8
0
100
AcDbBlockBegin
  2
*D11
 70
1
 10
0.0
 20
0.0
 30
0.0
  3
*D11
  1

  0
LINE
  5
F3
330
F0
100
AcDbEntity
  8
0
 62
3
100
AcDbLine
 10
15010.0
 20
-1400.0
 30
0.0
 11
14890.0
 21
-1400.0
 31
0.0
  0
LINE
  5
F4
330
F0
100
AcDbEntity
  8
0
 62
3
100
AcDbLine
 10
15010.0
 20
-1200.0
 30
0.0
 11
14890.0
 21
-1200.0
 31
0.0
  0
INSERT
  5
F5
330
F0
100
AcDbEntity
  8
DIMENSION
 62
0
100
AcDbBlockReference
  2
_CLOSEDFILLED
 10
14890.0
 20
-1400.0
 30
0.0
 41
120.0
 42
120.0
 50
90.0
  0
INSERT
  5
F7
330
F0
100
AcDbEntity
  8
DIMENSION
 62
0
100
AcDbBlockReference
  2
_CLOSEDFILLED
 10
14890.0
 20
-1200.0
 30
0.0
 41
120.0
 42
120.0
 50
270.0
  0
LINE
  5
F9
330
F0
100
AcDbEntity
  8
0
 62
0
100
AcDbLine
 10
14890.0
 20
-1520.0
 30
0.0
 11
14890.0
 21
-1640.0
 31
0.0
  0
LINE
  5
FA
330
F0
100
AcDbEntity
  8
0
 62
0
100
AcDbLine
 10
14890.0
 20
-1080.0
 30
0.0
 11
14890.0
 21
-960.0
 31
0.0
  0
LINE
  5
FB
330
F0
100
AcDbEntity
  8
0
 62
0
100
AcDbLine
 10
14890.0
 20
-1400.0
 30
0.0
 11
14890.0
 21
-1200.0
 31
0.0
  0
MTEXT
  5
FC
330
F0
100
AcDbEntity
  8
DIMENSION
 62
3
100
AcDbMText
 10
14818.75
 20
-1300.0
 30
0.0
 40
105.0
 71
5
  1
200
 50
90.0
  0
POINT
  5
FD
330
F0
100
AcDbEntity
  8
Defpoints
100
AcDbPoint
 10
14890.0
 20
-1400.0
 30
0.0
  0
POINT
  5
FE
330
F0
100
AcDbEntity
  8
Defpoints
100
AcDbPoint
 10
15010.0
 20
-1400.0
 30
0.0
  0
POINT
  5
FF
330
F0
100
AcDbEntity
  8
Defpoints
100
AcDbPoint
 10
15010.0
 20
-1200.0
 30
0.0
  0
ENDBLK
  5
F2
330
F0
100
AcDbEntity
  8
0
100
AcDbBlockEnd
  0
BLOCK
  5
106
330
105
100
AcDbEntity
  8
0
100
AcDbBlockBegin
  2
*D12
 70
1
 10
0.0
 20
0.0
 30
0.0
  3
*D12
  1

  0
LINE
  5
108
330
105
100
AcDbEntity
  8
0
 62
3
100
AcDbLine
 10
15000.0
 20
-1200.0
 30
0.0
 11
15000.0
 21
-1100.0
 31
0.0
  0
LINE
  5
109
330
105
100
AcDbEntity
  8
0
 62
3
100
AcDbLine
 10
19600.0
 20
-1200.0
 30
0.0
 11
19600.0
 21
-1100.0
 31
0.0
  0
INSERT
  5
10A
330
105
100
AcDbEntity
  8
DIMENSION
 62
0
100
AcDbBlockReference
  2
_CLOSEDFILLED
 10
15000.0
 20
-1100.0
 30
0.0
 41
120.0
 42
120.0
 50
180.0
  0
INSERT
  5
10C
330
105
100
AcDbEntity
  8
DIMENSION
 62
0
100
AcDbBlockReference
  2
_CLOSEDFILLED
 10
19600.0
 20
-1100.0
 30
0.0
 41
120.0
 42
120.0
  0
LINE
  5
10E
330
105
100
AcDbEntity
  8
0
 62
0
100
AcDbLine
 10
15120.0
 20
-1100.0
 30
0.0
 11
19480.0
 21
-1100.0
 31
0.0
  0
MTEXT
  5
10F
330
105
100
AcDbEntity
  8
DIMENSION
 62
3
100
AcDbMText
 10
17300.0
 20
-1028.75
 30
0.0
 40
105.0
 71
5
  1
4600
  0
POINT
  5
110
330
105
100
AcDbEntity
  8
Defpoints
100
AcDbPoint
 10
15000.0
 20
-1100.0
 30
0.0
  0
POINT
  5
111
330
105
100
AcDbEntity
  8
Defpoints
100
AcDbPoint
 10
15000.0
 20
-1200.0
 30
0.0
  0
POINT
  5
112
330
105
100
AcDbEntity
  8
Defpoints
100
AcDbPoint
 10
19600.0
 20
-1200.0
 30
0.0
  0
ENDBLK
  5
107
330
105
100
AcDbEntity
  8
0
100
AcDbBlockEnd
  0
BLOCK
  5
119
330
118
100
AcDbEntity
  8
0
100
AcDbBlockBegin
  2
*D13
 70
1
 10
0.0
 20
0.0
 30
0.0
  3
*D13
  1

  0
LINE
  5
11B
330
118
100
AcDbEntity
  8
0
 62
3
100
AcDbLine
 10
19600.0
 20
-1200.0
 30
0.0
 11
19600.0
 21
-1100.0
 31
0.0
  0
LINE
  5
11C
330
118
100
AcDbEntity
  8
0
 62
3
100
AcDbLine
 10
22300.0
 20
-1200.0
 30
0.0
 11
22300.0
 21
-1100.0
 31
0.0
  0
INSERT
  5
11D
330
118
100
AcDbEntity
  8
DIMENSION
 62
0
100
AcDbBlockReference
  2
_CLOSEDFILLED
 10
19600.0
 20
-1100.0
 30
0.0
 41
120.0
 42
120.0
 50
180.0
  0
INSERT
  5
11F
330
118
100
AcDbEntity
  8
DIMENSION
 62
0
100
AcDbBlockReference
  2
_CLOSEDFILLED
 10
22300.0
 20
-1100.0
 30
0.0
 41
120.0
 42
120.0
  0
LINE
  5
121
330
118
100
AcDbEntity
  8
0
 62
0
100
AcDbLine
 10
19720.0
 20
-1100.0
 30
0.0
 11
22180.0
 21
-1100.0
 31
0.0
  0
MTEXT
  5
122
330
118
100
AcDbEntity
  8
DIMENSION
 62
3
100
AcDbMText
 10
20950.0
 20
-1028.75
 30
0.0
 40
105.0
 71
5
  1
2700
  0
POINT
  5
123
330
118
100
AcDbEntity
  8
Defpoints
100
AcDbPoint
 10
19600.0
 20
-1100.0
 30
0.0
  0
POINT
  5
124
330
118
100
AcDbEntity
  8
Defpoints
100
AcDbPoint
 10
19600.0
 20
-1200.0
 30
0.0
  0
POINT
  5
125
330
118
100
AcDbEntity
  8
Defpoints
100
AcDbPoint
 10
22300.0
 20
-1200.0
 30
0.0
  0
ENDBLK
  5
11A
330
118
100
AcDbEntity
  8
0
100
AcDbBlockEnd
  0
BLOCK
  5
12C
330
12B
100
AcDbEntity
  8
0
100
AcDbBlockBegin
  2
*D14
 70
1
 10
0.0
 20
0.0
 30
0.0
  3
*D14
  1

  0
LINE
  5
12E
330
12B
100
AcDbEntity
  8
0
 62
3
100
AcDbLine
 10
22300.0
 20
-1200.0
 30
0.0
 11
22300.0
 21
-1100.0
 31
0.0
  0
LINE
  5
12F
330
12B
100
AcDbEntity
  8
0
 62
3
100
AcDbLine
 10
24700.0
 20
-1200.0
 30
0.0
 11
24700.0
 21
-1100.0
 31
0.0
  0
INSERT
  5
130
330
12B
100
AcDbEntity
  8
DIMENSION
 62
0
100
AcDbBlockReference
  2
_CLOSEDFILLED
 10
22300.0
 20
-1100.0
 30
0.0
 41
120.0
 42
120.0
 50
180.0
  0
INSERT
  5
132
330
12B
100
AcDbEntity
  8
DIMENSION
 62
0
100
AcDbBlockReference
  2
_CLOSEDFILLED
 10
24700.0
 20
-1100.0
 30
0.0
 41
120.0
 42
120.0
  0
LINE
  5
134
330
12B
100
AcDbEntity
  8
0
 62
0
100
AcDbLine
 10
22420.0
 20
-1100.0
 30
0.0
 11
24580.0
 21
-1100.0
 31
0.0
  0
MTEXT
  5
135
330
12B
100
AcDbEntity
  8
DIMENSION
 62
3
100
AcDbMText
 10
23500.0
 20
-1028.75
 30
0.0
 40
105.0
 71
5
  1
2400
  0
POINT
  5
136
330
12B
100
AcDbEntity
  8
Defpoints
100
AcDbPoint
 10
22300.0
 20
-1100.0
 30
0.0
  0
POINT
  5
137
330
12B
100
AcDbEntity
  8
Defpoints
100
AcDbPoint
 10
22300.0
 20
-1200.0
 30
0.0
  0
POINT
  5
138
330
12B
100
AcDbEntity
  8
Defpoints
100
AcDbPoint
 10
24700.0
 20
-1200.0
 30
0.0
  0
ENDBLK
  5
12D
330
12B
100
AcDbEntity
  8
0
100
AcDbBlockEnd
  0
BLOCK
  5
13F
330
13E
100
AcDbEntity
  8
0
100
AcDbBlockBegin
  2
*D15
 70
1
 10
0.0
 20
0.0
 30
0.0
  3
*D15
  1

  0
LINE
  5
141
330
13E
100
AcDbEntity
  8
0
 62
3
100
AcDbLine
 10
24700.0
 20
-1200.0
 30
0.0
 11
24700.0
 21
-1100.0
 31
0.0
  0
LINE
  5
142
330
13E
100
AcDbEntity
  8
0
 62
3
100
AcDbLine
 10
27000.0
 20
-1200.0
 30
0.0
 11
27000.0
 21
-1100.0
 31
0.0
  0
INSERT
  5
143
330
13E
100
AcDbEntity
  8
DIMENSION
 62
0
100
AcDbBlockReference
  2
_CLOSEDFILLED
 10
24700.0
 20
-1100.0
 30
0.0
 41
120.0
 42
120.0
 50
180.0
  0
INSERT
  5
145
330
13E
100
AcDbEntity
  8
DIMENSION
 62
0
100
AcDbBlockReference
  2
_CLOSEDFILLED
 10
27000.0
 20
-1100.0
 30
0.0
 41
120.0
 42
120.0
  0
LINE
  5
147
330
13E
100
AcDbEntity
  8
0
 62
0
100
AcDbLine
 10
24820.0
 20
-1100.0
 30
0.0
 11
26880.0
 21
-1100.0
 31
0.0
  0
MTEXT
  5
148
330
13E
100
AcDbEntity
  8
DIMENSION
 62
3
100
AcDbMText
 10
25850.0
 20
-1028.75
 30
0.0
 40
105.0
 71
5
  1
2300
  0
POINT
  5
149
330
13E
100
AcDbEntity
  8
Defpoints
100
AcDbPoint
 10
24700.0
 20
-1100.0
 30
0.0
  0
POINT
  5
14A
330
13E
100
AcDbEntity
  8
Defpoints
100
AcDbPoint
 10
24700.0
 20
-1200.0
 30
0.0
  0
POINT
  5
14B
330
13E
100
AcDbEntity
  8
Defpoints
100
AcDbPoint
 10
27000.0
 20
-1200.0
 30
0.0
  0
ENDBLK
  5
140
330
13E
100
AcDbEntity
  8
0
100
AcDbBlockEnd
  0
BLOCK
  5
150
330
14F
100
AcDbEntity
  8
0
100
AcDbBlockBegin
  2
*D16
 70
1
 10
0.0
 20
0.0
 30
0.0
  3
*D16
  1

  0
LINE
  5
152
330
14F
100
AcDbEntity
  8
0
 62
3
100
AcDbLine
 10
15010.0
 20
-2050.0
 30
0.0
 11
14890.0
 21
-2050.0
 31
0.0
  0
LINE
  5
153
330
14F
100
AcDbEntity
  8
0
 62
3
100
AcDbLine
 10
15010.0
 20
-1850.0
 30
0.0
 11
14890.0
 21
-1850.0
 31
0.0
  0
INSERT
  5
154
330
14F
100
AcDbEntity
  8
DIMENSION
 62
0
100
AcDbBlockReference
  2
_CLOSEDFILLED
 10
14890.0
 20
-2050.0
 30
0.0
 41
120.0
 42
120.0
 50
90.0
  0
INSERT
  5
156
330
14F
100
AcDbEntity
  8
DIMENSION
 62
0
100
AcDbBlockReference
  2
_CLOSEDFILLED
 10
14890.0
 20
-1850.0
 30
0.0
 41
120.0
 42
120.0
 50
270.0
  0
LINE
  5
158
330
14F
100
AcDbEntity
  8
0
 62
0
100
AcDbLine
 10
14890.0
 20
-2170.0
 30
0.0
 11
14890.0
 21
-2290.0
 31
0.0
  0
LINE
  5
159
330
14F
100
AcDbEntity
  8
0
 62
0
100
AcDbLine
 10
14890.0
 20
-1730.0
 30
0.0
 11
14890.0
 21
-1610.0
 31
0.0
  0
LINE
  5
15A
330
14F
100
AcDbEntity
  8
0
 62
0
100
AcDbLine
 10
14890.0
 20
-2050.0
 30
0.0
 11
14890.0
 21
-1850.0
 31
0.0
  0
MTEXT
  5
15B
330
14F
100
AcDbEntity
  8
DIMENSION
 62
3
100
AcDbMText
 10
14818.75
 20
-1950.0
 30
0.0
 40
105.0
 71
5
  1
200
 50
90.0
  0
POINT
  5
15C
330
14F
100
AcDbEntity
  8
Defpoints
100
AcDbPoint
 10
14890.0
 20
-2050.0
 30
0.0
  0
POINT
  5
15D
330
14F
100
AcDbEntity
  8
Defpoints
100
AcDbPoint
 10
15010.0
 20
-2050.0
 30
0.0
  0
POINT
  5
15E
330
14F
100
AcDbEntity
  8
Defpoints
100
AcDbPoint
 10
15010.0
 20
-1850.0
 30
0.0
  0
ENDBLK
  5
151
330
14F
100
AcDbEntity
  8
0
100
AcDbBlockEnd
  0
BLOCK
  5
165
330
164
100
AcDbEntity
  8
0
100
AcDbBlockBegin
  2
*D17
 70
1
 10
0.0
 20
0.0
 30
0.0
  3
*D17
  1

  0
LINE
  5
167
330
164
100
AcDbEntity
  8
0
 62
3
100
AcDbLine
 10
15000.0
 20
-1850.0
 30
0.0
 11
15000.0
 21
-1750.0
 31
0.0
  0
LINE
  5
168
330
164
100
AcDbEntity
  8
0
 62
3
100
AcDbLine
 10
19600.0
 20
-1850.0
 30
0.0
 11
19600.0
 21
-1750.0
 31
0.0
  0
INSERT
  5
169
330
164
100
AcDbEntity
  8
DIMENSION
 62
0
100
AcDbBlockReference
  2
_CLOSEDFILLED
 10
15000.0
 20
-1750.0
 30
0.0
 41
120.0
 42
120.0
 50
180.0
  0
INSERT
  5
16B
330
164
100
AcDbEntity
  8
DIMENSION
 62
0
100
AcDbBlockReference
  2
_CLOSEDFILLED
 10
19600.0
 20
-1750.0
 30
0.0
 41
120.0
 42
120.0
  0
LINE
  5
16D
330
164
100
AcDbEntity
  8
0
 62
0
100
AcDbLine
 10
15120.0
 20
-1750.0
 30
0.0
 11
19480.0
 21
-1750.0
 31
0.0
  0
MTEXT
  5
16E
330
164
100
AcDbEntity
  8
DIMENSION
 62
3
100
AcDbMText
 10
17300.0
 20
-1678.75
 30
0.0
 40
105.0
 71
5
  1
4600
  0
POINT
  5
16F
330
164
100
AcDbEntity
  8
Defpoints
100
AcDbPoint
 10
15000.0
 20
-1750.0
 30
0.0
  0
POINT
  5
170
330
164
100
AcDbEntity
  8
Defpoints
100
AcDbPoint
 10
15000.0
 20
-1850.0
 30
0.0
  0
POINT
  5
171
330
164
100
AcDbEntity
  8
Defpoints
100
AcDbPoint
 10
19600.0
 20
-1850.0
 30
0.0
  0
ENDBLK
  5
166
330
164
100
AcDbEntity
  8
0
100
AcDbBlockEnd
  0
BLOCK
  5
178
330
177
100
AcDbEntity
  8
0
100
AcDbBlockBegin
  2
*D18
 70
1
 10
0.0
 20
0.0
 30
0.0
  3
*D18
  1

  0
LINE
  5
17A
330
177
100
AcDbEntity
  8
0
 62
3
100
AcDbLine
 10
19600.0
 20
-1850.0
 30
0.0
 11
19600.0
 21
-1750.0
 31
0.0
  0
LINE
  5
17B
330
177
100
AcDbEntity
  8
0
 62
3
100
AcDbLine
 10
22200.0
 20
-1850.0
 30
0.0
 11
22200.0
 21
-1750.0
 31
0.0
  0
INSERT
  5
17C
330
177
100
AcDbEntity
  8
DIMENSION
 62
0
100
AcDbBlockReference
  2
_CLOSEDFILLED
 10
19600.0
 20
-1750.0
 30
0.0
 41
120.0
 42
120.0
 50
180.0
  0
INSERT
  5
17E
330
177
100
AcDbEntity
  8
DIMENSION
 62
0
100
AcDbBlockReference
  2
_CLOSEDFILLED
 10
22200.0
 20
-1750.0
 30
0.0
 41
120.0
 42
120.0
  0
LINE
  5
180
330
177
100
AcDbEntity
  8
0
 62
0
100
AcDbLine
 10
19720.0
 20
-1750.0
 30
0.0
 11
22080.0
 21
-1750.0
 31
0.0
  0
MTEXT
  5
181
330
177
100
AcDbEntity
  8
DIMENSION
 62
3
100
AcDbMText
 10
20900.0
 20
-1678.75
 30
0.0
 40
105.0
 71
5
  1
2600
  0
POINT
  5
182
330
177
100
AcDbEntity
  8
Defpoints
100
AcDbPoint
 10
19600.0
 20
-1750.0
 30
0.0
  0
POINT
  5
183
330
177
100
AcDbEntity
  8
Defpoints
100
AcDbPoint
 10
19600.0
 20
-1850.0
 30
0.0
  0
POINT
  5
184
330
177
100
AcDbEntity
  8
Defpoints
100
AcDbPoint
 10
22200.0
 20
-1850.0
 30
0.0
  0
ENDBLK
  5
179
330
177
100
AcDbEntity
  8
0
100
AcDbBlockEnd
  0
BLOCK
  5
18B
330
18A
100
AcDbEntity
  8
0
100
AcDbBlockBegin
  2
*D19
 70
1
 10
0.0
 20
0.0
 30
0.0
  3
*D19
  1

  0
LINE
  5
18D
330
18A
100
AcDbEntity
  8
0
 62
3
100
AcDbLine
 10
22200.0
 20
-1850.0
 30
0.0
 11
22200.0
 21
-1750.0
 31
0.0
  0
LINE
  5
18E
330
18A
100
AcDbEntity
  8
0
 62
3
100
AcDbLine
 10
24600.0
 20
-1850.0
 30
0.0
 11
24600.0
 21
-1750.0
 31
0.0
  0
INSERT
  5
18F
330
18A
100
AcDbEntity
  8
DIMENSION
 62
0
100
AcDbBlockReference
  2
_CLOSEDFILLED
 10
22200.0
 20
-1750.0
 30
0.0
 41
120.0
 42
120.0
 50
180.0
  0
INSERT
  5
191
330
18A
100
AcDbEntity
  8
DIMENSION
 62
0
100
AcDbBlockReference
  2
_CLOSEDFILLED
 10
24600.0
 20
-1750.0
 30
0.0
 41
120.0
 42
120.0
  0
LINE
  5
193
330
18A
100
AcDbEntity
  8
0
 62
0
100
AcDbLine
 10
22320.0
 20
-1750.0
 30
0.0
 11
24480.0
 21
-1750.0
 31
0.0
  0
MTEXT
  5
194
330
18A
100
AcDbEntity
  8
DIMENSION
 62
3
100
AcDbMText
 10
23400.0
 20
-1678.75
 30
0.0
 40
105.0
 71
5
  1
2400
  0
POINT
  5
195
330
18A
100
AcDbEntity
  8
Defpoints
100
AcDbPoint
 10
22200.0
 20
-1750.0
 30
0.0
  0
POINT
  5
196
330
18A
100
AcDbEntity
  8
Defpoints
100
AcDbPoint
 10
22200.0
 20
-1850.0
 30
0.0
  0
POINT
  5
197
330
18A
100
AcDbEntity
  8
Defpoints
100
AcDbPoint
 10
24600.0
 20
-1850.0
 30
0.0
  0
ENDBLK
  5
18C
330
18A
100
AcDbEntity
  8
0
100
AcDbBlockEnd
  0
BLOCK
  5
19E
330
19D
100
AcDbEntity
  8
0
100
AcDbBlockBegin
  2
*D20
 70
1
 10
0.0
 20
0.0
 30
0.0
  3
*D20
  1

  0
LINE
  5
1A0
330
19D
100
AcDbEntity
  8
0
 62
3
100
AcDbLine
 10
24600.0
 20
-1850.0
 30
0.0
 11
24600.0
 21
-1750.0
 31
0.0
  0
LINE
  5
1A1
330
19D
100
AcDbEntity
  8
0
 62
3
100
AcDbLine
 10
27000.0
 20
-1850.0
 30
0.0
 11
27000.0
 21
-1750.0
 31
0.0
  0
INSERT
  5
1A2
330
19D
100
AcDbEntity
  8
DIMENSION
 62
0
100
AcDbBlockReference
  2
_CLOSEDFILLED
 10
24600.0
 20
-1750.0
 30
0.0
 41
120.0
 42
120.0
 50
180.0
  0
INSERT
  5
1A4
330
19D
100
AcDbEntity
  8
DIMENSION
 62
0
100
AcDbBlockReference
  2
_CLOSEDFILLED
 10
27000.0
 20
-1750.0
 30
0.0
 41
120.0
 42
120.0
  0
LINE
  5
1A6
330
19D
100
AcDbEntity
  8
0
 62
0
100
AcDbLine
 10
24720.0
 20
-1750.0
 30
0.0
 11
26880.0
 21
-1750.0
 31
0.0
  0
MTEXT
  5
1A7
330
19D
100
AcDbEntity
  8
DIMENSION
 62
3
100
AcDbMText
 10
25800.0
 20
-1678.75
 30
0.0
 40
105.0
 71
5
  1
2400
  0
POINT
  5
1A8
330
19D
100
AcDbEntity
  8
Defpoints
100
AcDbPoint
 10
24600.0
 20
-1750.0
 30
0.0
  0
POINT
  5
1A9
330
19D
100
AcDbEntity
  8
Defpoints
100
AcDbPoint
 10
24600.0
 20
-1850.0
 30
0.0
  0
POINT
  5
1AA
330
19D
100
AcDbEntity
  8
Defpoints
100
AcDbPoint
 10
27000.0
 20
-1850.0
 30
0.0
  0
ENDBLK
  5
19F
330
19D
100
AcDbEntity
  8
0
100
AcDbBlockEnd
  0
BLOCK
  5
1AF
330
1AE
100
AcDbEntity
  8
0
100
AcDbBlockBegin
  2
*D21
 70
1
 10
0.0
 20
0.0
 30
0.0
  3
*D21
  1

  0
LINE
  5
1B1
330
1AE
100
AcDbEntity
  8
0
 62
3
100
AcDbLine
 10
15010.0
 20
-2700.0
 30
0.0
 11
14890.0
 21
-2700.0
 31
0.0
  0
LINE
  5
1B2
330
1AE
100
AcDbEntity
  8
0
 62
3
100
AcDbLine
 10
15010.0
 20
-2500.0
 30
0.0
 11
14890.0
 21
-2500.0
 31
0.0
  0
INSERT
  5
1B3
330
1AE
100
AcDbEntity
  8
DIMENSION
 62
0
100
AcDbBlockReference
  2
_CLOSEDFILLED
 10
14890.0
 20
-2700.0
 30
0.0
 41
120.0
 42
120.0
 50
90.0
  0
INSERT
  5
1B5
330
1AE
100
AcDbEntity
  8
DIMENSION
 62
0
100
AcDbBlockReference
  2
_CLOSEDFILLED
 10
14890.0
 20
-2500.0
 30
0.0
 41
120.0
 42
120.0
 50
270.0
  0
LINE
  5
1B7
330
1AE
100
AcDbEntity
  8
0
 62
0
100
AcDbLine
 10
14890.0
 20
-2820.0
 30
0.0
 11
14890.0
 21
-2940.0
 31
0.0
  0
LINE
  5
1B8
330
1AE
100
AcDbEntity
  8
0
 62
0
100
AcDbLine
 10
14890.0
 20
-2380.0
 30
0.0
 11
14890.0
 21
-2260.0
 31
0.0
  0
LINE
  5
1B9
330
1AE
100
AcDbEntity
  8
0
 62
0
100
AcDbLine
 10
14890.0
 20
-2700.0
 30
0.0
 11
14890.0
 21
-2500.0
 31
0.0
  0
MTEXT
  5
1BA
330
1AE
100
AcDbEntity
  8
DIMENSION
 62
3
100
AcDbMText
 10
14818.75
 20
-2600.0
 30
0.0
 40
105.0
 71
5
  1
200
 50
90.0
  0
POINT
  5
1BB
330
1AE
100
AcDbEntity
  8
Defpoints
100
AcDbPoint
 10
14890.0
 20
-2700.0
 30
0.0
  0
POINT
  5
1BC
330
1AE
100
AcDbEntity
  8
Defpoints
100
AcDbPoint
 10
15010.0
 20
-2700.0
 30
0.0
  0
POINT
  5
1BD
330
1AE
100
AcDbEntity
  8
Defpoints
100
AcDbPoint
 10
15010.0
 20
-2500.0
 30
0.0
  0
ENDBLK
  5
1B0
330
1AE
100
AcDbEntity
  8
0
100
AcDbBlockEnd
  0
BLOCK
  5
1C4
330
1C3
100
AcDbEntity
  8
0
100
AcDbBlockBegin
  2
*D22
 70
1
 10
0.0
 20
0.0
 30
0.0
  3
*D22
  1

  0
LINE
  5
1C6
330
1C3
100
AcDbEntity
  8
0
 62
3
100
AcDbLine
 10
15000.0
 20
-2500.0
 30
0.0
 11
15000.0
 21
-2400.0
 31
0.0
  0
LINE
  5
1C7
330
1C3
100
AcDbEntity
  8
0
 62
3
100
AcDbLine
 10
18800.0
 20
-2500.0
 30
0.0
 11
18800.0
 21
-2400.0
 31
0.0
  0
INSERT
  5
1C8
330
1C3
100
AcDbEntity
  8
DIMENSION
 62
0
100
AcDbBlockReference
  2
_CLOSEDFILLED
 10
15000.0
 20
-2400.0
 30
0.0
 41
120.0
 42
120.0
 50
180.0
  0
INSERT
  5
1CA
330
1C3
100
AcDbEntity
  8
DIMENSION
 62
0
100
AcDbBlockReference
  2
_CLOSEDFILLED
 10
18800.0
 20
-2400.0
 30
0.0
 41
120.0
 42
120.0
  0
LINE
  5
1CC
330
1C3
100
AcDbEntity
  8
0
 62
0
100
AcDbLine
 10
15120.0
 20
-2400.0
 30
0.0
 11
18680.0
 21
-2400.0
 31
0.0
  0
MTEXT
  5
1CD
330
1C3
100
AcDbEntity
  8
DIMENSION
 62
3
100
AcDbMText
 10
16900.0
 20
-2328.75
 30
0.0
 40
105.0
 71
5
  1
3800
  0
POINT
  5
1CE
330
1C3
100
AcDbEntity
  8
Defpoints
100
AcDbPoint
 10
15000.0
 20
-2400.0
 30
0.0
  0
POINT
  5
1CF
330
1C3
100
AcDbEntity
  8
Defpoints
100
AcDbPoint
 10
15000.0
 20
-2500.0
 30
0.0
  0
POINT
  5
1D0
330
1C3
100
AcDbEntity
  8
Defpoints
100
AcDbPoint
 10
18800.0
 20
-2500.0
 30
0.0
  0
ENDBLK
  5
1C5
330
1C3
100
AcDbEntity
  8
0
100
AcDbBlockEnd
  0
BLOCK
  5
1D7
330
1D6
100
AcDbEntity
  8
0
100
AcDbBlockBegin
  2
*D23
 70
1
 10
0.0
 20
0.0
 30
0.0
  3
*D23
  1

  0
LINE
  5
1D9
330
1D6
100
AcDbEntity
  8
0
 62
3
100
AcDbLine
 10
18800.0
 20
-2500.0
 30
0.0
 11
18800.0
 21
-2400.0
 31
0.0
  0
LINE
  5
1DA
330
1D6
100
AcDbEntity
  8
0
 62
3
100
AcDbLine
 10
22200.0
 20
-2500.0
 30
0.0
 11
22200.0
 21
-2400.0
 31
0.0
  0
INSERT
  5
1DB
330
1D6
100
AcDbEntity
  8
DIMENSION
 62
0
100
AcDbBlockReference
  2
_CLOSEDFILLED
 10
18800.0
 20
-2400.0
 30
0.0
 41
120.0
 42
120.0
 50
180.0
  0
INSERT
  5
1DD
330
1D6
100
AcDbEntity
  8
DIMENSION
 62
0
100
AcDbBlockReference
  2
_CLOSEDFILLED
 10
22200.0
 20
-2400.0
 30
0.0
 41
120.0
 42
120.0
  0
LINE
  5
1DF
330
1D6
100
AcDbEntity
  8
0
 62
0
100
AcDbLine
 10
18920.0
 20
-2400.0
 30
0.0
 11
22080.0
 21
-2400.0
 31
0.0
  0
MTEXT
  5
1E0
330
1D6
100
AcDbEntity
  8
DIMENSION
 62
3
100
AcDbMText
 10
20500.0
 20
-2328.75
 30
0.0
 40
105.0
 71
5
  1
3400
  0
POINT
  5
1E1
330
1D6
100
AcDbEntity
  8
Defpoints
100
AcDbPoint
 10
18800.0
 20
-2400.0
 30
0.0
  0
POINT
  5
1E2
330
1D6
100
AcDbEntity
  8
Defpoints
100
AcDbPoint
 10
18800.0
 20
-2500.0
 30
0.0
  0
POINT
  5
1E3
330
1D6
100
AcDbEntity
  8
Defpoints
100
AcDbPoint
 10
22200.0
 20
-2500.0
 30
0.0
  0
ENDBLK
  5
1D8
330
1D6
100
AcDbEntity
  8
0
100
AcDbBlockEnd
  0
BLOCK
  5
1EA
330
1E9
100
AcDbEntity
  8
0
100
AcDbBlockBegin
  2
*D24
 70
1
 10
0.0
 20
0.0
 30
0.0
  3
*D24
  1

  0
LINE
  5
1EC
330
1E9
100
AcDbEntity
  8
0
 62
3
100
AcDbLine
 10
22200.0
 20
-2500.0
 30
0.0
 11
22200.0
 21
-2400.0
 31
0.0
  0
LINE
  5
1ED
330
1E9
100
AcDbEntity
  8
0
 62
3
100
AcDbLine
 10
24600.0
 20
-2500.0
 30
0.0
 11
24600.0
 21
-2400.0
 31
0.0
  0
INSERT
  5
1EE
330
1E9
100
AcDbEntity
  8
DIMENSION
 62
0
100
AcDbBlockReference
  2
_CLOSEDFILLED
 10
22200.0
 20
-2400.0
 30
0.0
 41
120.0
 42
120.0
 50
180.0
  0
INSERT
  5
1F0
330
1E9
100
AcDbEntity
  8
DIMENSION
 62
0
100
AcDbBlockReference
  2
_CLOSEDFILLED
 10
24600.0
 20
-2400.0
 30
0.0
 41
120.0
 42
120.0
  0
LINE
  5
1F2
330
1E9
100
AcDbEntity
  8
0
 62
0
100
AcDbLine
 10
22320.0
 20
-2400.0
 30
0.0
 11
24480.0
 21
-2400.0
 31
0.0
  0
MTEXT
  5
1F3
330
1E9
100
AcDbEntity
  8
DIMENSION
 62
3
100
AcDbMText
 10
23400.0
 20
-2328.75
 30
0.0
 40
105.0
 71
5
  1
2400
  0
POINT
  5
1F4
330
1E9
100
AcDbEntity
  8
Defpoints
100
AcDbPoint
 10
22200.0
 20
-2400.0
 30
0.0
  0
POINT
  5
1F5
330
1E9
100
AcDbEntity
  8
Defpoints
100
AcDbPoint
 10
22200.0
 20
-2500.0
 30
0.0
  0
POINT
  5
1F6
330
1E9
100
AcDbEntity
  8
Defpoints
100
AcDbPoint
 10
24600.0
 20
-2500.0
 30
0.0
  0
ENDBLK
  5
1EB
330
1E9
100
AcDbEntity
  8
0
100
AcDbBlockEnd
  0
BLOCK
  5
1FD
330
1FC
100
AcDbEntity
  8
0
100
AcDbBlockBegin
  2
*D25
 70
1
 10
0.0
 20
0.0
 30
0.0
  3
*D25
  1

  0
LINE
  5
1FF
330
1FC
100
AcDbEntity
  8
0
 62
3
100
AcDbLine
 10
24600.0
 20
-2500.0
 30
0.0
 11
24600.0
 21
-2400.0
 31
0.0
  0
LINE
  5
200
330
1FC
100
AcDbEntity
  8
0
 62
3
100
AcDbLine
 10
27000.0
 20
-2500.0
 30
0.0
 11
27000.0
 21
-2400.0
 31
0.0
  0
INSERT
  5
201
330
1FC
100
AcDbEntity
  8
DIMENSION
 62
0
100
AcDbBlockReference
  2
_CLOSEDFILLED
 10
24600.0
 20
-2400.0
 30
0.0
 41
120.0
 42
120.0
 50
180.0
  0
INSERT
  5
203
330
1FC
100
AcDbEntity
  8
DIMENSION
 62
0
100
AcDbBlockReference
  2
_CLOSEDFILLED
 10
27000.0
 20
-2400.0
 30
0.0
 41
120.0
 42
120.0
  0
LINE
  5
205
330
1FC
100
AcDbEntity
  8
0
 62
0
100
AcDbLine
 10
24720.0
 20
-2400.0
 30
0.0
 11
26880.0
 21
-2400.0
 31
0.0
  0
MTEXT
  5
206
330
1FC
100
AcDbEntity
  8
DIMENSION
 62
3
100
AcDbMText
 10
25800.0
 20
-2328.75
 30
0.0
 40
105.0
 71
5
  1
2400
  0
POINT
  5
207
330
1FC
100
AcDbEntity
  8
Defpoints
100
AcDbPoint
 10
24600.0
 20
-2400.0
 30
0.0
  0
POINT
  5
208
330
1FC
100
AcDbEntity
  8
Defpoints
100
AcDbPoint
 10
24600.0
 20
-2500.0
 30
0.0
  0
POINT
  5
209
330
1FC
100
AcDbEntity
  8
Defpoints
100
AcDbPoint
 10
27000.0
 20
-2500.0
 30
0.0
  0
ENDBLK
  5
1FE
330
1FC
100
AcDbEntity
  8
0
100
AcDbBlockEnd
  0
BLOCK
  5
20E
330
20D
100
AcDbEntity
  8
0
100
AcDbBlockBegin
  2
*D26
 70
1
 10
0.0
 20
0.0
 30
0.0
  3
*D26
  1

  0
LINE
  5
210
330
20D
100
AcDbEntity
  8
0
 62
3
100
AcDbLine
 10
15010.0
 20
-3350.0
 30
0.0
 11
14890.0
 21
-3350.0
 31
0.0
  0
LINE
  5
211
330
20D
100
AcDbEntity
  8
0
 62
3
100
AcDbLine
 10
15010.0
 20
-3150.0
 30
0.0
 11
14890.0
 21
-3150.0
 31
0.0
  0
INSERT
  5
212
330
20D
100
AcDbEntity
  8
DIMENSION
 62
0
100
AcDbBlockReference
  2
_CLOSEDFILLED
 10
14890.0
 20
-3350.0
 30
0.0
 41
120.0
 42
120.0
 50
90.0
  0
INSERT
  5
214
330
20D
100
AcDbEntity
  8
DIMENSION
 62
0
100
AcDbBlockReference
  2
_CLOSEDFILLED
 10
14890.0
 20
-3150.0
 30
0.0
 41
120.0
 42
120.0
 50
270.0
  0
LINE
  5
216
330
20D
100
AcDbEntity
  8
0
 62
0
100
AcDbLine
 10
14890.0
 20
-3470.0
 30
0.0
 11
14890.0
 21
-3590.0
 31
0.0
  0
LINE
  5
217
330
20D
100
AcDbEntity
  8
0
 62
0
100
AcDbLine
 10
14890.0
 20
-3030.0
 30
0.0
 11
14890.0
 21
-2910.0
 31
0.0
  0
LINE
  5
218
330
20D
100
AcDbEntity
  8
0
 62
0
100
AcDbLine
 10
14890.0
 20
-3350.0
 30
0.0
 11
14890.0
 21
-3150.0
 31
0.0
  0
MTEXT
  5
219
330
20D
100
AcDbEntity
  8
DIMENSION
 62
3
100
AcDbMText
 10
14818.75
 20
-3250.0
 30
0.0
 40
105.0
 71
5
  1
200
 50
90.0
  0
POINT
  5
21A
330
20D
100
AcDbEntity
  8
Defpoints
100
AcDbPoint
 10
14890.0
 20
-3350.0
 30
0.0
  0
POINT
  5
21B
330
20D
100
AcDbEntity
  8
Defpoints
100
AcDbPoint
 10
15010.0
 20
-3350.0
 30
0.0
  0
POINT
  5
21C
330
20D
100
AcDbEntity
  8
Defpoints
100
AcDbPoint
 10
15010.0
 20
-3150.0
 30
0.0
  0
ENDBLK
  5
20F
330
20D
100
AcDbEntity
  8
0
100
AcDbBlockEnd
  0
BLOCK
  5
223
330
222
100
AcDbEntity
  8
0
100
AcDbBlockBegin
  2
*D27
 70
1
 10
0.0
 20
0.0
 30
0.0
  3
*D27
  1

  0
LINE
  5
225
330
222
100
AcDbEntity
  8
0
 62
3
100
AcDbLine
 10
15000.0
 20
-3150.0
 30
0.0
 11
15000.0
 21
-3050.0
 31
0.0
  0
LINE
  5
226
330
222
100
AcDbEntity
  8
0
 62
3
100
AcDbLine
 10
19600.0
 20
-3150.0
 30
0.0
 11
19600.0
 21
-3050.0
 31
0.0
  0
INSERT
  5
227
330
222
100
AcDbEntity
  8
DIMENSION
 62
0
100
AcDbBlockReference
  2
_CLOSEDFILLED
 10
15000.0
 20
-3050.0
 30
0.0
 41
120.0
 42
120.0
 50
180.0
  0
INSERT
  5
229
330
222
100
AcDbEntity
  8
DIMENSION
 62
0
100
AcDbBlockReference
  2
_CLOSEDFILLED
 10
19600.0
 20
-3050.0
 30
0.0
 41
120.0
 42
120.0
  0
LINE
  5
22B
330
222
100
AcDbEntity
  8
0
 62
0
100
AcDbLine
 10
15120.0
 20
-3050.0
 30
0.0
 11
19480.0
 21
-3050.0
 31
0.0
  0
MTEXT
  5
22C
330
222
100
AcDbEntity
  8
DIMENSION
 62
3
100
AcDbMText
 10
17300.0
 20
-2978.75
 30
0.0
 40
105.0
 71
5
  1
4600
  0
POINT
  5
22D
330
222
100
AcDbEntity
  8
Defpoints
100
AcDbPoint
 10
15000.0
 20
-3050.0
 30
0.0
  0
POINT
  5
22E
330
222
100
AcDbEntity
  8
Defpoints
100
AcDbPoint
 10
15000.0
 20
-3150.0
 30
0.0
  0
POINT
  5
22F
330
222
100
AcDbEntity
  8
Defpoints
100
AcDbPoint
 10
19600.0
 20
-3150.0
 30
0.0
  0
ENDBLK
  5
224
330
222
100
AcDbEntity
  8
0
100
AcDbBlockEnd
  0
BLOCK
  5
236
330
235
100
AcDbEntity
  8
0
100
AcDbBlockBegin
  2
*D28
 70
1
 10
0.0
 20
0.0
 30
0.0
  3
*D28
  1

  0
LINE
  5
238
330
235
100
AcDbEntity
  8
0
 62
3
100
AcDbLine
 10
19600.0
 20
-3150.0
 30
0.0
 11
19600.0
 21
-3050.0
 31
0.0
  0
LINE
  5
239
330
235
100
AcDbEntity
  8
0
 62
3
100
AcDbLine
 10
22100.0
 20
-3150.0
 30
0.0
 11
22100.0
 21
-3050.0
 31
0.0
  0
INSERT
  5
23A
330
235
100
AcDbEntity
  8
DIMENSION
 62
0
100
AcDbBlockReference
  2
_CLOSEDFILLED
 10
19600.0
 20
-3050.0
 30
0.0
 41
120.0
 42
120.0
 50
180.0
  0
INSERT
  5
23C
330
235
100
AcDbEntity
  8
DIMENSION
 62
0
100
AcDbBlockReference
  2
_CLOSEDFILLED
 10
22100.0
 20
-3050.0
 30
0.0
 41
120.0
 42
120.0
  0
LINE
  5
23E
330
235
100
AcDbEntity
  8
0
 62
0
100
AcDbLine
 10
19720.0
 20
-3050.0
 30
0.0
 11
21980.0
 21
-3050.0
 31
0.0
  0
MTEXT
  5
23F
330
235
100
AcDbEntity
  8
DIMENSION
 62
3
100
AcDbMText
 10
20850.0
 20
-2978.75
 30
0.0
 40
105.0
 71
5
  1
2500
  0
POINT
  5
240
330
235
100
AcDbEntity
  8
Defpoints
100
AcDbPoint
 10
19600.0
 20
-3050.0
 30
0.0
  0
POINT
  5
241
330
235
100
AcDbEntity
  8
Defpoints
100
AcDbPoint
 10
19600.0
 20
-3150.0
 30
0.0
  0
POINT
  5
242
330
235
100
AcDbEntity
  8
Defpoints
100
AcDbPoint
 10
22100.0
 20
-3150.0
 30
0.0
  0
ENDBLK
  5
237
330
235
100
AcDbEntity
  8
0
100
AcDbBlockEnd
  0
BLOCK
  5
249
330
248
100
AcDbEntity
  8
0
100
AcDbBlockBegin
  2
*D29
 70
1
 10
0.0
 20
0.0
 30
0.0
  3
*D29
  1

  0
LINE
  5
24B
330
248
100
AcDbEntity
  8
0
 62
3
100
AcDbLine
 10
22100.0
 20
-3150.0
 30
0.0
 11
22100.0
 21
-3050.0
 31
0.0
  0
LINE
  5
24C
330
248
100
AcDbEntity
  8
0
 62
3
100
AcDbLine
 10
24600.0
 20
-3150.0
 30
0.0
 11
24600.0
 21
-3050.0
 31
0.0
  0
INSERT
  5
24D
330
248
100
AcDbEntity
  8
DIMENSION
 62
0
100
AcDbBlockReference
  2
_CLOSEDFILLED
 10
22100.0
 20
-3050.0
 30
0.0
 41
120.0
 42
120.0
 50
180.0
  0
INSERT
  5
24F
330
248
100
AcDbEntity
  8
DIMENSION
 62
0
100
AcDbBlockReference
  2
_CLOSEDFILLED
 10
24600.0
 20
-3050.0
 30
0.0
 41
120.0
 42
120.0
  0
LINE
  5
251
330
248
100
AcDbEntity
  8
0
 62
0
100
AcDbLine
 10
22220.0
 20
-3050.0
 30
0.0
 11
24480.0
 21
-3050.0
 31
0.0
  0
MTEXT
  5
252
330
248
100
AcDbEntity
  8
DIMENSION
 62
3
100
AcDbMText
 10
23350.0
 20
-2978.75
 30
0.0
 40
105.0
 71
5
  1
2500
  0
POINT
  5
253
330
248
100
AcDbEntity
  8
Defpoints
100
AcDbPoint
 10
22100.0
 20
-3050.0
 30
0.0
  0
POINT
  5
254
330
248
100
AcDbEntity
  8
Defpoints
100
AcDbPoint
 10
22100.0
 20
-3150.0
 30
0.0
  0
POINT
  5
255
330
248
100
AcDbEntity
  8
Defpoints
100
AcDbPoint
 10
24600.0
 20
-3150.0
 30
0.0
  0
ENDBLK
  5
24A
330
248
100
AcDbEntity
  8
0
100
AcDbBlockEnd
  0
BLOCK
  5
25C
330
25B
100
AcDbEntity
  8
0
100
AcDbBlockBegin
  2
*D30
 70
1
 10
0.0
 20
0.0
 30
0.0
  3
*D30
  1

  0
LINE
  5
25E
330
25B
100
AcDbEntity
  8
0
 62
3
100
AcDbLine
 10
24600.0
 20
-3150.0
 30
0.0
 11
24600.0
 21
-3050.0
 31
0.0
  0
LINE
  5
25F
330
25B
100
AcDbEntity
  8
0
 62
3
100
AcDbLine
 10
27000.0
 20
-3150.0
 30
0.0
 11
27000.0
 21
-3050.0
 31
0.0
  0
INSERT
  5
260
330
25B
100
AcDbEntity
  8
DIMENSION
 62
0
100
AcDbBlockReference
  2
_CLOSEDFILLED
 10
24600.0
 20
-3050.0
 30
0.0
 41
120.0
 42
120.0
 50
180.0
  0
INSERT
  5
262
330
25B
100
AcDbEntity
  8
DIMENSION
 62
0
100
AcDbBlockReference
  2
_CLOSEDFILLED
 10
27000.0
 20
-3050.0
 30
0.0
 41
120.0
 42
120.0
  0
LINE
  5
264
330
25B
100
AcDbEntity
  8
0
 62
0
100
AcDbLine
 10
24720.0
 20
-3050.0
 30
0.0
 11
26880.0
 21
-3050.0
 31
0.0
  0
MTEXT
  5
265
330
25B
100
AcDbEntity
  8
DIMENSION
 62
3
100
AcDbMText
 10
25800.0
 20
-2978.75
 30
0.0
 40
105.0
 71
5
  1
2400
  0
POINT
  5
266
330
25B
100
AcDbEntity
  8
Defpoints
100
AcDbPoint
 10
24600.0
 20
-3050.0
 30
0.0
  0
POINT
  5
267
330
25B
100
AcDbEntity
  8
Defpoints
100
AcDbPoint
 10
24600.0
 20
-3150.0
 30
0.0
  0
POINT
  5
268
330
25B
100
AcDbEntity
  8
Defpoints
100
AcDbPoint
 10
27000.0
 20
-3150.0
 30
0.0
  0
ENDBLK
  5
25D
330
25B
100
AcDbEntity
  8
0
100
AcDbBlockEnd
  0
BLOCK
  5
26D
330
26C
100
AcDbEntity
  8
0
100
AcDbBlockBegin
  2
*D31
 70
1
 10
0.0
 20
0.0
 30
0.0
  3
*D31
  1

  0
LINE
  5
26F
330
26C
100
AcDbEntity
  8
0
 62
3
100
AcDbLine
 10
15010.0
 20
-4000.0
 30
0.0
 11
14890.0
 21
-4000.0
 31
0.0
  0
LINE
  5
270
330
26C
100
AcDbEntity
  8
0
 62
3
100
AcDbLine
 10
15010.0
 20
-3800.0
 30
0.0
 11
14890.0
 21
-3800.0
 31
0.0
  0
INSERT
  5
271
330
26C
100
AcDbEntity
  8
DIMENSION
 62
0
100
AcDbBlockReference
  2
_CLOSEDFILLED
 10
14890.0
 20
-4000.0
 30
0.0
 41
120.0
 42
120.0
 50
90.0
  0
INSERT
  5
273
330
26C
100
AcDbEntity
  8
DIMENSION
 62
0
100
AcDbBlockReference
  2
_CLOSEDFILLED
 10
14890.0
 20
-3800.0
 30
0.0
 41
120.0
 42
120.0
 50
270.0
  0
LINE
  5
275
330
26C
100
AcDbEntity
  8
0
 62
0
100
AcDbLine
 10
14890.0
 20
-4120.0
 30
0.0
 11
14890.0
 21
-4240.0
 31
0.0
  0
LINE
  5
276
330
26C
100
AcDbEntity
  8
0
 62
0
100
AcDbLine
 10
14890.0
 20
-3680.0
 30
0.0
 11
14890.0
 21
-3560.0
 31
0.0
  0
LINE
  5
277
330
26C
100
AcDbEntity
  8
0
 62
0
100
AcDbLine
 10
14890.0
 20
-4000.0
 30
0.0
 11
14890.0
 21
-3800.0
 31
0.0
  0
MTEXT
  5
278
330
26C
100
AcDbEntity
  8
DIMENSION
 62
3
100
AcDbMText
 10
14818.75
 20
-3900.0
 30
0.0
 40
105.0
 71
5
  1
200
 50
90.0
  0
POINT
  5
279
330
26C
100
AcDbEntity
  8
Defpoints
100
AcDbPoint
 10
14890.0
 20
-4000.0
 30
0.0
  0
POINT
  5
27A
330
26C
100
AcDbEntity
  8
Defpoints
100
AcDbPoint
 10
15010.0
 20
-4000.0
 30
0.0
  0
POINT
  5
27B
330
26C
100
AcDbEntity
  8
Defpoints
100
AcDbPoint
 10
15010.0
 20
-3800.0
 30
0.0
  0
ENDBLK
  5
26E
330
26C
100
AcDbEntity
  8
0
100
AcDbBlockEnd
  0
BLOCK
  5
282
330
281
100
AcDbEntity
  8
0
100
AcDbBlockBegin
  2
*D32
 70
1
 10
0.0
 20
0.0
 30
0.0
  3
*D32
  1

  0
LINE
  5
284
330
281
100
AcDbEntity
  8
0
 62
3
100
AcDbLine
 10
15000.0
 20
-3800.0
 30
0.0
 11
15000.0
 21
-3700.0
 31
0.0
  0
LINE
  5
285
330
281
100
AcDbEntity
  8
0
 62
3
100
AcDbLine
 10
18400.0
 20
-3800.0
 30
0.0
 11
18400.0
 21
-3700.0
 31
0.0
  0
INSERT
  5
286
330
281
100
AcDbEntity
  8
DIMENSION
 62
0
100
AcDbBlockReference
  2
_CLOSEDFILLED
 10
15000.0
 20
-3700.0
 30
0.0
 41
120.0
 42
120.0
 50
180.0
  0
INSERT
  5
288
330
281
100
AcDbEntity
  8
DIMENSION
 62
0
100
AcDbBlockReference
  2
_CLOSEDFILLED
 10
18400.0
 20
-3700.0
 30
0.0
 41
120.0
 42
120.0
  0
LINE
  5
28A
330
281
100
AcDbEntity
  8
0
 62
0
100
AcDbLine
 10
15120.0
 20
-3700.0
 30
0.0
 11
18280.0
 21
-3700.0
 31
0.0
  0
MTEXT
  5
28B
330
281
100
AcDbEntity
  8
DIMENSION
 62
3
100
AcDbMText
 10
16700.0
 20
-3628.75
 30
0.0
 40
105.0
 71
5
  1
3400
  0
POINT
  5
28C
330
281
100
AcDbEntity
  8
Defpoints
100
AcDbPoint
 10
15000.0
 20
-3700.0
 30
0.0
  0
POINT
  5
28D
330
281
100
AcDbEntity
  8
Defpoints
100
AcDbPoint
 10
15000.0
 20
-3800.0
 30
0.0
  0
POINT
  5
28E
330
281
100
AcDbEntity
  8
Defpoints
100
AcDbPoint
 10
18400.0
 20
-3800.0
 30
0.0
  0
ENDBLK
  5
283
330
281
100
AcDbEntity
  8
0
100
AcDbBlockEnd
  0
BLOCK
  5
295
330
294
100
AcDbEntity
  8
0
100
AcDbBlockBegin
  2
*D33
 70
1
 10
0.0
 20
0.0
 30
0.0
  3
*D33
  1

  0
LINE
  5
297
330
294
100
AcDbEntity
  8
0
 62
3
100
AcDbLine
 10
18400.0
 20
-3800.0
 30
0.0
 11
18400.0
 21
-3700.0
 31
0.0
  0
LINE
  5
298
330
294
100
AcDbEntity
  8
0
 62
3
100
AcDbLine
 10
21700.0
 20
-3800.0
 30
0.0
 11
21700.0
 21
-3700.0
 31
0.0
  0
INSERT
  5
299
330
294
100
AcDbEntity
  8
DIMENSION
 62
0
100
AcDbBlockReference
  2
_CLOSEDFILLED
 10
18400.0
 20
-3700.0
 30
0.0
 41
120.0
 42
120.0
 50
180.0
  0
INSERT
  5
29B
330
294
100
AcDbEntity
  8
DIMENSION
 62
0
100
AcDbBlockReference
  2
_CLOSEDFILLED
 10
21700.0
 20
-3700.0
 30
0.0
 41
120.0
 42
120.0
  0
LINE
  5
29D
330
294
100
AcDbEntity
  8
0
 62
0
100
AcDbLine
 10
18520.0
 20
-3700.0
 30
0.0
 11
21580.0
 21
-3700.0
 31
0.0
  0
MTEXT
  5
29E
330
294
100
AcDbEntity
  8
DIMENSION
 62
3
100
AcDbMText
 10
20050.0
 20
-3628.75
 30
0.0
 40
105.0
 71
5
  1
3300
  0
POINT
  5
29F
330
294
100
AcDbEntity
  8
Defpoints
100
AcDbPoint
 10
18400.0
 20
-3700.0
 30
0.0
  0
POINT
  5
2A0
330
294
100
AcDbEntity
  8
Defpoints
100
AcDbPoint
 10
18400.0
 20
-3800.0
 30
0.0
  0
POINT
  5
2A1
330
294
100
AcDbEntity
  8
Defpoints
100
AcDbPoint
 10
21700.0
 20
-3800.0
 30
0.0
  0
ENDBLK
  5
296
330
294
100
AcDbEntity
  8
0
100
AcDbBlockEnd
  0
BLOCK
  5
2A8
330
2A7
100
AcDbEntity
  8
0
100
AcDbBlockBegin
  2
*D34
 70
1
 10
0.0
 20
0.0
 30
0.0
  3
*D34
  1

  0
LINE
  5
2AA
330
2A7
100
AcDbEntity
  8
0
 62
3
100
AcDbLine
 10
21700.0
 20
-3800.0
 30
0.0
 11
21700.0
 21
-3700.0
 31
0.0
  0
LINE
  5
2AB
330
2A7
100
AcDbEntity
  8
0
 62
3
100
AcDbLine
 10
24600.0
 20
-3800.0
 30
0.0
 11
24600.0
 21
-3700.0
 31
0.0
  0
INSERT
  5
2AC
330
2A7
100
AcDbEntity
  8
DIMENSION
 62
0
100
AcDbBlockReference
  2
_CLOSEDFILLED
 10
21700.0
 20
-3700.0
 30
0.0
 41
120.0
 42
120.0
 50
180.0
  0
INSERT
  5
2AE
330
2A7
100
AcDbEntity
  8
DIMENSION
 62
0
100
AcDbBlockReference
  2
_CLOSEDFILLED
 10
24600.0
 20
-3700.0
 30
0.0
 41
120.0
 42
120.0
  0
LINE
  5
2B0
330
2A7
100
AcDbEntity
  8
0
 62
0
100
AcDbLine
 10
21820.0
 20
-3700.0
 30
0.0
 11
24480.0
 21
-3700.0
 31
0.0
  0
MTEXT
  5
2B1
330
2A7
100
AcDbEntity
  8
DIMENSION
 62
3
100
AcDbMText
 10
23150.0
 20
-3628.75
 30
0.0
 40
105.0
 71
5
  1
2900
  0
POINT
  5
2B2
330
2A7
100
AcDbEntity
  8
Defpoints
100
AcDbPoint
 10
21700.0
 20
-3700.0
 30
0.0
  0
POINT
  5
2B3
330
2A7
100
AcDbEntity
  8
Defpoints
100
AcDbPoint
 10
21700.0
 20
-3800.0
 30
0.0
  0
POINT
  5
2B4
330
2A7
100
AcDbEntity
  8
Defpoints
100
AcDbPoint
 10
24600.0
 20
-3800.0
 30
0.0
  0
ENDBLK
  5
2A9
330
2A7
100
AcDbEntity
  8
0
100
AcDbBlockEnd
  0
BLOCK
  5
2BB
330
2BA
100
AcDbEntity
  8
0
100
AcDbBlockBegin
  2
*D35
 70
1
 10
0.0
 20
0.0
 30
0.0
  3
*D35
  1

  0
LINE
  5
2BD
330
2BA
100
AcDbEntity
  8
0
 62
3
100
AcDbLine
 10
24600.0
 20
-3800.0
 30
0.0
 11
24600.0
 21
-3700.0
 31
0.0
  0
LINE
  5
2BE
330
2BA
100
AcDbEntity
  8
0
 62
3
100
AcDbLine
 10
27000.0
 20
-3800.0
 30
0.0
 11
27000.0
 21
-3700.0
 31
0.0
  0
INSERT
  5
2BF
330
2BA
100
AcDbEntity
  8
DIMENSION
 62
0
100
AcDbBlockReference
  2
_CLOSEDFILLED
 10
24600.0
 20
-3700.0
 30
0.0
 41
120.0
 42
120.0
 50
180.0
  0
INSERT
  5
2C1
330
2BA
100
AcDbEntity
  8
DIMENSION
 62
0
100
AcDbBlockReference
  2
_CLOSEDFILLED
 10
27000.0
 20
-3700.0
 30
0.0
 41
120.0
 42
120.0
  0
LINE
  5
2C3
330
2BA
100
AcDbEntity
  8
0
 62
0
100
AcDbLine
 10
24720.0
 20
-3700.0
 30
0.0
 11
26880.0
 21
-3700.0
 31
0.0
  0
MTEXT
  5
2C4
330
2BA
100
AcDbEntity
  8
DIMENSION
 62
3
100
AcDbMText
 10
25800.0
 20
-3628.75
 30
0.0
 40
105.0
 71
5
  1
2400
  0
POINT
  5
2C5
330
2BA
100
AcDbEntity
  8
Defpoints
100
AcDbPoint
 10
24600.0
 20
-3700.0
 30
0.0
  0
POINT
  5
2C6
330
2BA
100
AcDbEntity
  8
Defpoints
100
AcDbPoint
 10
24600.0
 20
-3800.0
 30
0.0
  0
POINT
  5
2C7
330
2BA
100
AcDbEntity
  8
Defpoints
100
AcDbPoint
 10
27000.0
 20
-3800.0
 30
0.0
  0
ENDBLK
  5
2BC
330
2BA
100
AcDbEntity
  8
0
100
AcDbBlockEnd
  0
BLOCK
  5
2CC
330
2CB
100
AcDbEntity
  8
0
100
AcDbBlockBegin
  2
*D36
 70
1
 10
0.0
 20
0.0
 30
0.0
  3
*D36
  1

  0
LINE
  5
2CE
330
2CB
100
AcDbEntity
  8
0
 62
3
100
AcDbLine
 10
15010.0
 20
-4650.0
 30
0.0
 11
14890.0
 21
-4650.0
 31
0.0
  0
LINE
  5
2CF
330
2CB
100
AcDbEntity
  8
0
 62
3
100
AcDbLine
 10
15010.0
 20
-4450.0
 30
0.0
 11
14890.0
 21
-4450.0
 31
0.0
  0
INSERT
  5
2D0
330
2CB
100
AcDbEntity
  8
DIMENSION
 62
0
100
AcDbBlockReference
  2
_CLOSEDFILLED
 10
14890.0
 20
-4650.0
 30
0.0
 41
120.0
 42
120.0
 50
90.0
  0
INSERT
  5
2D2
330
2CB
100
AcDbEntity
  8
DIMENSION
 62
0
100
AcDbBlockReference
  2
_CLOSEDFILLED
 10
14890.0
 20
-4450.0
 30
0.0
 41
120.0
 42
120.0
 50
270.0
  0
LINE
  5
2D4
330
2CB
100
AcDbEntity
  8
0
 62
0
100
AcDbLine
 10
14890.0
 20
-4770.0
 30
0.0
 11
14890.0
 21
-4890.0
 31
0.0
  0
LINE
  5
2D5
330
2CB
100
AcDbEntity
  8
0
 62
0
100
AcDbLine
 10
14890.0
 20
-4330.0
 30
0.0
 11
14890.0
 21
-4210.0
 31
0.0
  0
LINE
  5
2D6
330
2CB
100
AcDbEntity
  8
0
 62
0
100
AcDbLine
 10
14890.0
 20
-4650.0
 30
0.0
 11
14890.0
 21
-4450.0
 31
0.0
  0
MTEXT
  5
2D7
330
2CB
100
AcDbEntity
  8
DIMENSION
 62
3
100
AcDbMText
 10
14818.75
 20
-4550.0
 30
0.0
 40
105.0
 71
5
  1
200
 50
90.0
  0
POINT
  5
2D8
330
2CB
100
AcDbEntity
  8
Defpoints
100
AcDbPoint
 10
14890.0
 20
-4650.0
 30
0.0
  0
POINT
  5
2D9
330
2CB
100
AcDbEntity
  8
Defpoints
100
AcDbPoint
 10
15010.0
 20
-4650.0
 30
0.0
  0
POINT
  5
2DA
330
2CB
100
AcDbEntity
  8
Defpoints
100
AcDbPoint
 10
15010.0
 20
-4450.0
 30
0.0
  0
ENDBLK
  5
2CD
330
2CB
100
AcDbEntity
  8
0
100
AcDbBlockEnd
  0
BLOCK
  5
2E1
330
2E0
100
AcDbEntity
  8
0
100
AcDbBlockBegin
  2
*D37
 70
1
 10
0.0
 20
0.0
 30
0.0
  3
*D37
  1

  0
LINE
  5
2E3
330
2E0
100
AcDbEntity
  8
0
 62
3
100
AcDbLine
 10
15000.0
 20
-4450.0
 30
0.0
 11
15000.0
 21
-4350.0
 31
0.0
  0
LINE
  5
2E4
330
2E0
100
AcDbEntity
  8
0
 62
3
100
AcDbLine
 10
18300.0
 20
-4450.0
 30
0.0
 11
18300.0
 21
-4350.0
 31
0.0
  0
INSERT
  5
2E5
330
2E0
100
AcDbEntity
  8
DIMENSION
 62
0
100
AcDbBlockReference
  2
_CLOSEDFILLED
 10
15000.0
 20
-4350.0
 30
0.0
 41
120.0
 42
120.0
 50
180.0
  0
INSERT
  5
2E7
330
2E0
100
AcDbEntity
  8
DIMENSION
 62
0
100
AcDbBlockReference
  2
_CLOSEDFILLED
 10
18300.0
 20
-4350.0
 30
0.0
 41
120.0
 42
120.0
  0
LINE
  5
2E9
330
2E0
100
AcDbEntity
  8
0
 62
0
100
AcDbLine
 10
15120.0
 20
-4350.0
 30
0.0
 11
18180.0
 21
-4350.0
 31
0.0
  0
MTEXT
  5
2EA
330
2E0
100
AcDbEntity
  8
DIMENSION
 62
3
100
AcDbMText
 10
16650.0
 20
-4278.75
 30
0.0
 40
105.0
 71
5
  1
3300
  0
POINT
  5
2EB
330
2E0
100
AcDbEntity
  8
Defpoints
100
AcDbPoint
 10
15000.0
 20
-4350.0
 30
0.0
  0
POINT
  5
2EC
330
2E0
100
AcDbEntity
  8
Defpoints
100
AcDbPoint
 10
15000.0
 20
-4450.0
 30
0.0
  0
POINT
  5
2ED
330
2E0
100
AcDbEntity
  8
Defpoints
100
AcDbPoint
 10
18300.0
 20
-4450.0
 30
0.0
  0
ENDBLK
  5
2E2
330
2E0
100
AcDbEntity
  8
0
100
AcDbBlockEnd
  0
BLOCK
  5
2F4
330
2F3
100
AcDbEntity
  8
0
100
AcDbBlockBegin
  2
*D38
 70
1
 10
0.0
 20
0.0
 30
0.0
  3
*D38
  1

  0
LINE
  5
2F6
330
2F3
100
AcDbEntity
  8
0
 62
3
100
AcDbLine
 10
18300.0
 20
-4450.0
 30
0.0
 11
18300.0
 21
-4350.0
 31
0.0
  0
LINE
  5
2F7
330
2F3
100
AcDbEntity
  8
0
 62
3
100
AcDbLine
 10
21600.0
 20
-4450.0
 30
0.0
 11
21600.0
 21
-4350.0
 31
0.0
  0
INSERT
  5
2F8
330
2F3
100
AcDbEntity
  8
DIMENSION
 62
0
100
AcDbBlockReference
  2
_CLOSEDFILLED
 10
18300.0
 20
-4350.0
 30
0.0
 41
120.0
 42
120.0
 50
180.0
  0
INSERT
  5
2FA
330
2F3
100
AcDbEntity
  8
DIMENSION
 62
0
100
AcDbBlockReference
  2
_CLOSEDFILLED
 10
21600.0
 20
-4350.0
 30
0.0
 41
120.0
 42
120.0
  0
LINE
  5
2FC
330
2F3
100
AcDbEntity
  8
0
 62
0
100
AcDbLine
 10
18420.0
 20
-4350.0
 30
0.0
 11
21480.0
 21
-4350.0
 31
0.0
  0
MTEXT
  5
2FD
330
2F3
100
AcDbEntity
  8
DIMENSION
 62
3
100
AcDbMText
 10
19950.0
 20
-4278.75
 30
0.0
 40
105.0
 71
5
  1
3300
  0
POINT
  5
2FE
330
2F3
100
AcDbEntity
  8
Defpoints
100
AcDbPoint
 10
18300.0
 20
-4350.0
 30
0.0
  0
POINT
  5
2FF
330
2F3
100
AcDbEntity
  8
Defpoints
100
AcDbPoint
 10
18300.0
 20
-4450.0
 30
0.0
  0
POINT
  5
300
330
2F3
100
AcDbEntity
  8
Defpoints
100
AcDbPoint
 10
21600.0
 20
-4450.0
 30
0.0
  0
ENDBLK
  5
2F5
330
2F3
100
AcDbEntity
  8
0
100
AcDbBlockEnd
  0
BLOCK
  5
307
330
306
100
AcDbEntity
  8
0
100
AcDbBlockBegin
  2
*D39
 70
1
 10
0.0
 20
0.0
 30
0.0
  3
*D39
  1

  0
LINE
  5
309
330
306
100
AcDbEntity
  8
0
 62
3
100
AcDbLine
 10
21600.0
 20
-4450.0
 30
0.0
 11
21600.0
 21
-4350.0
 31
0.0
  0
LINE
  5
30A
330
306
100
AcDbEntity
  8
0
 62
3
100
AcDbLine
 10
24300.0
 20
-4450.0
 30
0.0
 11
24300.0
 21
-4350.0
 31
0.0
  0
INSERT
  5
30B
330
306
100
AcDbEntity
  8
DIMENSION
 62
0
100
AcDbBlockReference
  2
_CLOSEDFILLED
 10
21600.0
 20
-4350.0
 30
0.0
 41
120.0
 42
120.0
 50
180.0
  0
INSERT
  5
30D
330
306
100
AcDbEntity
  8
DIMENSION
 62
0
100
AcDbBlockReference
  2
_CLOSEDFILLED
 10
24300.0
 20
-4350.0
 30
0.0
 41
120.0
 42
120.0
  0
LINE
  5
30F
330
306
100
AcDbEntity
  8
0
 62
0
100
AcDbLine
 10
21720.0
 20
-4350.0
 30
0.0
 11
24180.0
 21
-4350.0
 31
0.0
  0
MTEXT
  5
310
330
306
100
AcDbEntity
  8
DIMENSION
 62
3
100
AcDbMText
 10
22950.0
 20
-4278.75
 30
0.0
 40
105.0
 71
5
  1
2700
  0
POINT
  5
311
330
306
100
AcDbEntity
  8
Defpoints
100
AcDbPoint
 10
21600.0
 20
-4350.0
 30
0.0
  0
POINT
  5
312
330
306
100
AcDbEntity
  8
Defpoints
100
AcDbPoint
 10
21600.0
 20
-4450.0
 30
0.0
  0
POINT
  5
313
330
306
100
AcDbEntity
  8
Defpoints
100
AcDbPoint
 10
24300.0
 20
-4450.0
 30
0.0
  0
ENDBLK
  5
308
330
306
100
AcDbEntity
  8
0
100
AcDbBlockEnd
  0
BLOCK
  5
31A
330
319
100
AcDbEntity
  8
0
100
AcDbBlockBegin
  2
*D40
 70
1
 10
0.0
 20
0.0
 30
0.0
  3
*D40
  1

  0
LINE
  5
31C
330
319
100
AcDbEntity
  8
0
 62
3
100
AcDbLine
 10
24300.0
 20
-4450.0
 30
0.0
 11
24300.0
 21
-4350.0
 31
0.0
  0
LINE
  5
31D
330
319
100
AcDbEntity
  8
0
 62
3
100
AcDbLine
 10
27000.0
 20
-4450.0
 30
0.0
 11
27000.0
 21
-4350.0
 31
0.0
  0
INSERT
  5
31E
330
319
100
AcDbEntity
  8
DIMENSION
 62
0
100
AcDbBlockReference
  2
_CLOSEDFILLED
 10
24300.0
 20
-4350.0
 30
0.0
 41
120.0
 42
120.0
 50
180.0
  0
INSERT
  5
320
330
319
100
AcDbEntity
  8
DIMENSION
 62
0
100
AcDbBlockReference
  2
_CLOSEDFILLED
 10
27000.0
 20
-4350.0
 30
0.0
 41
120.0
 42
120.0
  0
LINE
  5
322
330
319
100
AcDbEntity
  8
0
 62
0
100
AcDbLine
 10
24420.0
 20
-4350.0
 30
0.0
 11
26880.0
 21
-4350.0
 31
0.0
  0
MTEXT
  5
323
330
319
100
AcDbEntity
  8
DIMENSION
 62
3
100
AcDbMText
 10
25650.0
 20
-4278.75
 30
0.0
 40
105.0
 71
5
  1
2700
  0
POINT
  5
324
330
319
100
AcDbEntity
  8
Defpoints
100
AcDbPoint
 10
24300.0
 20
-4350.0
 30
0.0
  0
POINT
  5
325
330
319
100
AcDbEntity
  8
Defpoints
100
AcDbPoint
 10
24300.0
 20
-4450.0
 30
0.0
  0
POINT
  5
326
330
319
100
AcDbEntity
  8
Defpoints
100
AcDbPoint
 10
27000.0
 20
-4450.0
 30
0.0
  0
ENDBLK
  5
31B
330
319
100
AcDbEntity
  8
0
100
AcDbBlockEnd
  0
BLOCK
  5
32B
330
32A
100
AcDbEntity
  8
0
100
AcDbBlockBegin
  2
*D41
 70
1
 10
0.0
 20
0.0
 30
0.0
  3
*D41
  1

  0
LINE
  5
32D
330
32A
100
AcDbEntity
  8
0
 62
3
100
AcDbLine
 10
15010.0
 20
-5300.0
 30
0.0
 11
14890.0
 21
-5300.0
 31
0.0
  0
LINE
  5
32E
330
32A
100
AcDbEntity
  8
0
 62
3
100
AcDbLine
 10
15010.0
 20
-5100.0
 30
0.0
 11
14890.0
 21
-5100.0
 31
0.0
  0
INSERT
  5
32F
330
32A
100
AcDbEntity
  8
DIMENSION
 62
0
100
AcDbBlockReference
  2
_CLOSEDFILLED
 10
14890.0
 20
-5300.0
 30
0.0
 41
120.0
 42
120.0
 50
90.0
  0
INSERT
  5
331
330
32A
100
AcDbEntity
  8
DIMENSION
 62
0
100
AcDbBlockReference
  2
_CLOSEDFILLED
 10
14890.0
 20
-5100.0
 30
0.0
 41
120.0
 42
120.0
 50
270.0
  0
LINE
  5
333
330
32A
100
AcDbEntity
  8
0
 62
0
100
AcDbLine
 10
14890.0
 20
-5420.0
 30
0.0
 11
14890.0
 21
-5540.0
 31
0.0
  0
LINE
  5
334
330
32A
100
AcDbEntity
  8
0
 62
0
100
AcDbLine
 10
14890.0
 20
-4980.0
 30
0.0
 11
14890.0
 21
-4860.0
 31
0.0
  0
LINE
  5
335
330
32A
100
AcDbEntity
  8
0
 62
0
100
AcDbLine
 10
14890.0
 20
-5300.0
 30
0.0
 11
14890.0
 21
-5100.0
 31
0.0
  0
MTEXT
  5
336
330
32A
100
AcDbEntity
  8
DIMENSION
 62
3
100
AcDbMText
 10
14818.75
 20
-5200.0
 30
0.0
 40
105.0
 71
5
  1
200
 50
90.0
  0
POINT
  5
337
330
32A
100
AcDbEntity
  8
Defpoints
100
AcDbPoint
 10
14890.0
 20
-5300.0
 30
0.0
  0
POINT
  5
338
330
32A
100
AcDbEntity
  8
Defpoints
100
AcDbPoint
 10
15010.0
 20
-5300.0
 30
0.0
  0
POINT
  5
339
330
32A
100
AcDbEntity
  8
Defpoints
100
AcDbPoint
 10
15010.0
 20
-5100.0
 30
0.0
  0
ENDBLK
  5
32C
330
32A
100
AcDbEntity
  8
0
100
AcDbBlockEnd
  0
BLOCK
  5
340
330
33F
100
AcDbEntity
  8
0
100
AcDbBlockBegin
  2
*D42
 70
1
 10
0.0
 20
0.0
 30
0.0
  3
*D42
  1

  0
LINE
  5
342
330
33F
100
AcDbEntity
  8
0
 62
3
100
AcDbLine
 10
15000.0
 20
-5100.0
 30
0.0
 11
15000.0
 21
-5000.0
 31
0.0
  0
LINE
  5
343
330
33F
100
AcDbEntity
  8
0
 62
3
100
AcDbLine
 10
18300.0
 20
-5100.0
 30
0.0
 11
18300.0
 21
-5000.0
 31
0.0
  0
INSERT
  5
344
330
33F
100
AcDbEntity
  8
DIMENSION
 62
0
100
AcDbBlockReference
  2
_CLOSEDFILLED
 10
15000.0
 20
-5000.0
 30
0.0
 41
120.0
 42
120.0
 50
180.0
  0
INSERT
  5
346
330
33F
100
AcDbEntity
  8
DIMENSION
 62
0
100
AcDbBlockReference
  2
_CLOSEDFILLED
 10
18300.0
 20
-5000.0
 30
0.0
 41
120.0
 42
120.0
  0
LINE
  5
348
330
33F
100
AcDbEntity
  8
0
 62
0
100
AcDbLine
 10
15120.0
 20
-5000.0
 30
0.0
 11
18180.0
 21
-5000.0
 31
0.0
  0
MTEXT
  5
349
330
33F
100
AcDbEntity
  8
DIMENSION
 62
3
100
AcDbMText
 10
16650.0
 20
-4928.75
 30
0.0
 40
105.0
 71
5
  1
3300
  0
POINT
  5
34A
330
33F
100
AcDbEntity
  8
Defpoints
100
AcDbPoint
 10
15000.0
 20
-5000.0
 30
0.0
  0
POINT
  5
34B
330
33F
100
AcDbEntity
  8
Defpoints
100
AcDbPoint
 10
15000.0
 20
-5100.0
 30
0.0
  0
POINT
  5
34C
330
33F
100
AcDbEntity
  8
Defpoints
100
AcDbPoint
 10
18300.0
 20
-5100.0
 30
0.0
  0
ENDBLK
  5
341
330
33F
100
AcDbEntity
  8
0
100
AcDbBlockEnd
  0
BLOCK
  5
353
330
352
100
AcDbEntity
  8
0
100
AcDbBlockBegin
  2
*D43
 70
1
 10
0.0
 20
0.0
 30
0.0
  3
*D43
  1

  0
LINE
  5
355
330
352
100
AcDbEntity
  8
0
 62
3
100
AcDbLine
 10
18300.0
 20
-5100.0
 30
0.0
 11
18300.0
 21
-5000.0
 31
0.0
  0
LINE
  5
356
330
352
100
AcDbEntity
  8
0
 62
3
100
AcDbLine
 10
21600.0
 20
-5100.0
 30
0.0
 11
21600.0
 21
-5000.0
 31
0.0
  0
INSERT
  5
357
330
352
100
AcDbEntity
  8
DIMENSION
 62
0
100
AcDbBlockReference
  2
_CLOSEDFILLED
 10
18300.0
 20
-5000.0
 30
0.0
 41
120.0
 42
120.0
 50
180.0
  0
INSERT
  5
359
330
352
100
AcDbEntity
  8
DIMENSION
 62
0
100
AcDbBlockReference
  2
_CLOSEDFILLED
 10
21600.0
 20
-5000.0
 30
0.0
 41
120.0
 42
120.0
  0
LINE
  5
35B
330
352
100
AcDbEntity
  8
0
 62
0
100
AcDbLine
 10
18420.0
 20
-5000.0
 30
0.0
 11
21480.0
 21
-5000.0
 31
0.0
  0
MTEXT
  5
35C
330
352
100
AcDbEntity
  8
DIMENSION
 62
3
100
AcDbMText
 10
19950.0
 20
-4928.75
 30
0.0
 40
105.0
 71
5
  1
3300
  0
POINT
  5
35D
330
352
100
AcDbEntity
  8
Defpoints
100
AcDbPoint
 10
18300.0
 20
-5000.0
 30
0.0
  0
POINT
  5
35E
330
352
100
AcDbEntity
  8
Defpoints
100
AcDbPoint
 10
18300.0
 20
-5100.0
 30
0.0
  0
POINT
  5
35F
330
352
100
AcDbEntity
  8
Defpoints
100
AcDbPoint
 10
21600.0
 20
-5100.0
 30
0.0
  0
ENDBLK
  5
354
330
352
100
AcDbEntity
  8
0
100
AcDbBlockEnd
  0
BLOCK
  5
366
330
365
100
AcDbEntity
  8
0
100
AcDbBlockBegin
  2
*D44
 70
1
 10
0.0
 20
0.0
 30
0.0
  3
*D44
  1

  0
LINE
  5
368
330
365
100
AcDbEntity
  8
0
 62
3
100
AcDbLine
 10
21600.0
 20
-5100.0
 30
0.0
 11
21600.0
 21
-5000.0
 31
0.0
  0
LINE
  5
369
330
365
100
AcDbEntity
  8
0
 62
3
100
AcDbLine
 10
24300.0
 20
-5100.0
 30
0.0
 11
24300.0
 21
-5000.0
 31
0.0
  0
INSERT
  5
36A
330
365
100
AcDbEntity
  8
DIMENSION
 62
0
100
AcDbBlockReference
  2
_CLOSEDFILLED
 10
21600.0
 20
-5000.0
 30
0.0
 41
120.0
 42
120.0
 50
180.0
  0
INSERT
  5
36C
330
365
100
AcDbEntity
  8
DIMENSION
 62
0
100
AcDbBlockReference
  2
_CLOSEDFILLED
 10
24300.0
 20
-5000.0
 30
0.0
 41
120.0
 42
120.0
  0
LINE
  5
36E
330
365
100
AcDbEntity
  8
0
 62
0
100
AcDbLine
 10
21720.0
 20
-5000.0
 30
0.0
 11
24180.0
 21
-5000.0
 31
0.0
  0
MTEXT
  5
36F
330
365
100
AcDbEntity
  8
DIMENSION
 62
3
100
AcDbMText
 10
22950.0
 20
-4928.75
 30
0.0
 40
105.0
 71
5
  1
2700
  0
POINT
  5
370
330
365
100
AcDbEntity
  8
Defpoints
100
AcDbPoint
 10
21600.0
 20
-5000.0
 30
0.0
  0
POINT
  5
371
330
365
100
AcDbEntity
  8
Defpoints
100
AcDbPoint
 10
21600.0
 20
-5100.0
 30
0.0
  0
POINT
  5
372
330
365
100
AcDbEntity
  8
Defpoints
100
AcDbPoint
 10
24300.0
 20
-5100.0
 30
0.0
  0
ENDBLK
  5
367
330
365
100
AcDbEntity
  8
0
100
AcDbBlockEnd
  0
BLOCK
  5
379
330
378
100
AcDbEntity
  8
0
100
AcDbBlockBegin
  2
*D45
 70
1
 10
0.0
 20
0.0
 30
0.0
  3
*D45
  1

  0
LINE
  5
37B
330
378
100
AcDbEntity
  8
0
 62
3
100
AcDbLine
 10
24300.0
 20
-5100.0
 30
0.0
 11
24300.0
 21
-5000.0
 31
0.0
  0
LINE
  5
37C
330
378
100
AcDbEntity
  8
0
 62
3
100
AcDbLine
 10
27000.0
 20
-5100.0
 30
0.0
 11
27000.0
 21
-5000.0
 31
0.0
  0
INSERT
  5
37D
330
378
100
AcDbEntity
  8
DIMENSION
 62
0
100
AcDbBlockReference
  2
_CLOSEDFILLED
 10
24300.0
 20
-5000.0
 30
0.0
 41
120.0
 42
120.0
 50
180.0
  0
INSERT
  5
37F
330
378
100
AcDbEntity
  8
DIMENSION
 62
0
100
AcDbBlockReference
  2
_CLOSEDFILLED
 10
27000.0
 20
-5000.0
 30
0.0
 41
120.0
 42
120.0
  0
LINE
  5
381
330
378
100
AcDbEntity
  8
0
 62
0
100
AcDbLine
 10
24420.0
 20
-5000.0
 30
0.0
 11
26880.0
 21
-5000.0
 31
0.0
  0
MTEXT
  5
382
330
378
100
AcDbEntity
  8
DIMENSION
 62
3
100
AcDbMText
 10
25650.0
 20
-4928.75
 30
0.0
 40
105.0
 71
5
  1
2700
  0
POINT
  5
383
330
378
100
AcDbEntity
  8
Defpoints
100
AcDbPoint
 10
24300.0
 20
-5000.0
 30
0.0
  0
POINT
  5
384
330
378
100
AcDbEntity
  8
Defpoints
100
AcDbPoint
 10
24300.0
 20
-5100.0
 30
0.0
  0
POINT
  5
385
330
378
100
AcDbEntity
  8
Defpoints
100
AcDbPoint
 10
27000.0
 20
-5100.0
 30
0.0
  0
ENDBLK
  5
37A
330
378
100
AcDbEntity
  8
0
100
AcDbBlockEnd
  0
BLOCK
  5
38A
330
389
100
AcDbEntity
  8
0
100
AcDbBlockBegin
  2
*D46
 70
1
 10
0.0
 20
0.0
 30
0.0
  3
*D46
  1

  0
LINE
  5
38C
330
389
100
AcDbEntity
  8
0
 62
3
100
AcDbLine
 10
15010.0
 20
-5950.0
 30
0.0
 11
14890.0
 21
-5950.0
 31
0.0
  0
LINE
  5
38D
330
389
100
AcDbEntity
  8
0
 62
3
100
AcDbLine
 10
15010.0
 20
-5750.0
 30
0.0
 11
14890.0
 21
-5750.0
 31
0.0
  0
INSERT
  5
38E
330
389
100
AcDbEntity
  8
DIMENSION
 62
0
100
AcDbBlockReference
  2
_CLOSEDFILLED
 10
14890.0
 20
-5950.0
 30
0.0
 41
120.0
 42
120.0
 50
90.0
  0
INSERT
  5
390
330
389
100
AcDbEntity
  8
DIMENSION
 62
0
100
AcDbBlockReference
  2
_CLOSEDFILLED
 10
14890.0
 20
-5750.0
 30
0.0
 41
120.0
 42
120.0
 50
270.0
  0
LINE
  5
392
330
389
100
AcDbEntity
  8
0
 62
0
100
AcDbLine
 10
14890.0
 20
-6070.0
 30
0.0
 11
14890.0
 21
-6190.0
 31
0.0
  0
LINE
  5
393
330
389
100
AcDbEntity
  8
0
 62
0
100
AcDbLine
 10
14890.0
 20
-5630.0
 30
0.0
 11
14890.0
 21
-5510.0
 31
0.0
  0
LINE
  5
394
330
389
100
AcDbEntity
  8
0
 62
0
100
AcDbLine
 10
14890.0
 20
-5950.0
 30
0.0
 11
14890.0
 21
-5750.0
 31
0.0
  0
MTEXT
  5
395
330
389
100
AcDbEntity
  8
DIMENSION
 62
3
100
AcDbMText
 10
14818.75
 20
-5850.0
 30
0.0
 40
105.0
 71
5
  1
200
 50
90.0
  0
POINT
  5
396
330
389
100
AcDbEntity
  8
Defpoints
100
AcDbPoint
 10
14890.0
 20
-5950.0
 30
0.0
  0
POINT
  5
397
330
389
100
AcDbEntity
  8
Defpoints
100
AcDbPoint
 10
15010.0
 20
-5950.0
 30
0.0
  0
POINT
  5
398
330
389
100
AcDbEntity
  8
Defpoints
100
AcDbPoint
 10
15010.0
 20
-5750.0
 30
0.0
  0
ENDBLK
  5
38B
330
389
100
AcDbEntity
  8
0
100
AcDbBlockEnd
  0
BLOCK
  5
39F
330
39E
100
AcDbEntity
  8
0
100
AcDbBlockBegin
  2
*D47
 70
1
 10
0.0
 20
0.0
 30
0.0
  3
*D47
  1

  0
LINE
  5
3A1
330
39E
100
AcDbEntity
  8
0
 62
3
100
AcDbLine
 10
15000.0
 20
-5750.0
 30
0.0
 11
15000.0
 21
-5650.0
 31
0.0
  0
LINE
  5
3A2
330
39E
100
AcDbEntity
  8
0
 62
3
100
AcDbLine
 10
18300.0
 20
-5750.0
 30
0.0
 11
18300.0
 21
-5650.0
 31
0.0
  0
INSERT
  5
3A3
330
39E
100
AcDbEntity
  8
DIMENSION
 62
0
100
AcDbBlockReference
  2
_CLOSEDFILLED
 10
15000.0
 20
-5650.0
 30
0.0
 41
120.0
 42
120.0
 50
180.0
  0
INSERT
  5
3A5
330
39E
100
AcDbEntity
  8
DIMENSION
 62
0
100
AcDbBlockReference
  2
_CLOSEDFILLED
 10
18300.0
 20
-5650.0
 30
0.0
 41
120.0
 42
120.0
  0
LINE
  5
3A7
330
39E
100
AcDbEntity
  8
0
 62
0
100
AcDbLine
 10
15120.0
 20
-5650.0
 30
0.0
 11
18180.0
 21
-5650.0
 31
0.0
  0
MTEXT
  5
3A8
330
39E
100
AcDbEntity
  8
DIMENSION
 62
3
100
AcDbMText
 10
16650.0
 20
-5578.75
 30
0.0
 40
105.0
 71
5
  1
3300
  0
POINT
  5
3A9
330
39E
100
AcDbEntity
  8
Defpoints
100
AcDbPoint
 10
15000.0
 20
-5650.0
 30
0.0
  0
POINT
  5
3AA
330
39E
100
AcDbEntity
  8
Defpoints
100
AcDbPoint
 10
15000.0
 20
-5750.0
 30
0.0
  0
POINT
  5
3AB
330
39E
100
AcDbEntity
  8
Defpoints
100
AcDbPoint
 10
18300.0
 20
-5750.0
 30
0.0
  0
ENDBLK
  5
3A0
330
39E
100
AcDbEntity
  8
0
100
AcDbBlockEnd
  0
BLOCK
  5
3B2
330
3B1
100
AcDbEntity
  8
0
100
AcDbBlockBegin
  2
*D48
 70
1
 10
0.0
 20
0.0
 30
0.0
  3
*D48
  1

  0
LINE
  5
3B4
330
3B1
100
AcDbEntity
  8
0
 62
3
100
AcDbLine
 10
18300.0
 20
-5750.0
 30
0.0
 11
18300.0
 21
-5650.0
 31
0.0
  0
LINE
  5
3B5
330
3B1
100
AcDbEntity
  8
0
 62
3
100
AcDbLine
 10
21600.0
 20
-5750.0
 30
0.0
 11
21600.0
 21
-5650.0
 31
0.0
  0
INSERT
  5
3B6
330
3B1
100
AcDbEntity
  8
DIMENSION
 62
0
100
AcDbBlockReference
  2
_CLOSEDFILLED
 10
18300.0
 20
-5650.0
 30
0.0
 41
120.0
 42
120.0
 50
180.0
  0
INSERT
  5
3B8
330
3B1
100
AcDbEntity
  8
DIMENSION
 62
0
100
AcDbBlockReference
  2
_CLOSEDFILLED
 10
21600.0
 20
-5650.0
 30
0.0
 41
120.0
 42
120.0
  0
LINE
  5
3BA
330
3B1
100
AcDbEntity
  8
0
 62
0
100
AcDbLine
 10
18420.0
 20
-5650.0
 30
0.0
 11
21480.0
 21
-5650.0
 31
0.0
  0
MTEXT
  5
3BB
330
3B1
100
AcDbEntity
  8
DIMENSION
 62
3
100
AcDbMText
 10
19950.0
 20
-5578.75
 30
0.0
 40
105.0
 71
5
  1
3300
  0
POINT
  5
3BC
330
3B1
100
AcDbEntity
  8
Defpoints
100
AcDbPoint
 10
18300.0
 20
-5650.0
 30
0.0
  0
POINT
  5
3BD
330
3B1
100
AcDbEntity
  8
Defpoints
100
AcDbPoint
 10
18300.0
 20
-5750.0
 30
0.0
  0
POINT
  5
3BE
330
3B1
100
AcDbEntity
  8
Defpoints
100
AcDbPoint
 10
21600.0
 20
-5750.0
 30
0.0
  0
ENDBLK
  5
3B3
330
3B1
100
AcDbEntity
  8
0
100
AcDbBlockEnd
  0
BLOCK
  5
3C5
330
3C4
100
AcDbEntity
  8
0
100
AcDbBlockBegin
  2
*D49
 70
1
 10
0.0
 20
0.0
 30
0.0
  3
*D49
  1

  0
LINE
  5
3C7
330
3C4
100
AcDbEntity
  8
0
 62
3
100
AcDbLine
 10
21600.0
 20
-5750.0
 30
0.0
 11
21600.0
 21
-5650.0
 31
0.0
  0
LINE
  5
3C8
330
3C4
100
AcDbEntity
  8
0
 62
3
100
AcDbLine
 10
24300.0
 20
-5750.0
 30
0.0
 11
24300.0
 21
-5650.0
 31
0.0
  0
INSERT
  5
3C9
330
3C4
100
AcDbEntity
  8
DIMENSION
 62
0
100
AcDbBlockReference
  2
_CLOSEDFILLED
 10
21600.0
 20
-5650.0
 30
0.0
 41
120.0
 42
120.0
 50
180.0
  0
INSERT
  5
3CB
330
3C4
100
AcDbEntity
  8
DIMENSION
 62
0
100
AcDbBlockReference
  2
_CLOSEDFILLED
 10
24300.0
 20
-5650.0
 30
0.0
 41
120.0
 42
120.0
  0
LINE
  5
3CD
330
3C4
100
AcDbEntity
  8
0
 62
0
100
AcDbLine
 10
21720.0
 20
-5650.0
 30
0.0
 11
24180.0
 21
-5650.0
 31
0.0
  0
MTEXT
  5
3CE
330
3C4
100
AcDbEntity
  8
DIMENSION
 62
3
100
AcDbMText
 10
22950.0
 20
-5578.75
 30
0.0
 40
105.0
 71
5
  1
2700
  0
POINT
  5
3CF
330
3C4
100
AcDbEntity
  8
Defpoints
100
AcDbPoint
 10
21600.0
 20
-5650.0
 30
0.0
  0
POINT
  5
3D0
330
3C4
100
AcDbEntity
  8
Defpoints
100
AcDbPoint
 10
21600.0
 20
-5750.0
 30
0.0
  0
POINT
  5
3D1
330
3C4
100
AcDbEntity
  8
Defpoints
100
AcDbPoint
 10
24300.0
 20
-5750.0
 30
0.0
  0
ENDBLK
  5
3C6
330
3C4
100
AcDbEntity
  8
0
100
AcDbBlockEnd
  0
BLOCK
  5
3D8
330
3D7
100
AcDbEntity
  8
0
100
AcDbBlockBegin
  2
*D50
 70
1
 10
0.0
 20
0.0
 30
0.0
  3
*D50
  1

  0
LINE
  5
3DA
330
3D7
100
AcDbEntity
  8
0
 62
3
100
AcDbLine
 10
24300.0
 20
-5750.0
 30
0.0
 11
24300.0
 21
-5650.0
 31
0.0
  0
LINE
  5
3DB
330
3D7
100
AcDbEntity
  8
0
 62
3
100
AcDbLine
 10
27000.0
 20
-5750.0
 30
0.0
 11
27000.0
 21
-5650.0
 31
0.0
  0
INSERT
  5
3DC
330
3D7
100
AcDbEntity
  8
DIMENSION
 62
0
100
AcDbBlockReference
  2
_CLOSEDFILLED
 10
24300.0
 20
-5650.0
 30
0.0
 41
120.0
 42
120.0
 50
180.0
  0
INSERT
  5
3DE
330
3D7
100
AcDbEntity
  8
DIMENSION
 62
0
100
AcDbBlockReference
  2
_CLOSEDFILLED
 10
27000.0
 20
-5650.0
 30
0.0
 41
120.0
 42
120.0
  0
LINE
  5
3E0
330
3D7
100
AcDbEntity
  8
0
 62
0
100
AcDbLine
 10
24420.0
 20
-5650.0
 30
0.0
 11
26880.0
 21
-5650.0
 31
0.0
  0
MTEXT
  5
3E1
330
3D7
100
AcDbEntity
  8
DIMENSION
 62
3
100
AcDbMText
 10
25650.0
 20
-5578.75
 30
0.0
 40
105.0
 71
5
  1
2700
  0
POINT
  5
3E2
330
3D7
100
AcDbEntity
  8
Defpoints
100
AcDbPoint
 10
24300.0
 20
-5650.0
 30
0.0
  0
POINT
  5
3E3
330
3D7
100
AcDbEntity
  8
Defpoints
100
AcDbPoint
 10
24300.0
 20
-5750.0
 30
0.0
  0
POINT
  5
3E4
330
3D7
100
AcDbEntity
  8
Defpoints
100
AcDbPoint
 10
27000.0
 20
-5750.0
 30
0.0
  0
ENDBLK
  5
3D9
330
3D7
100
AcDbEntity
  8
0
100
AcDbBlockEnd
  0
BLOCK
  5
3E9
330
3E8
100
AcDbEntity
  8
0
100
AcDbBlockBegin
  2
*D51
 70
1
 10
0.0
 20
0.0
 30
0.0
  3
*D51
  1

  0
LINE
  5
3EB
330
3E8
100
AcDbEntity
  8
0
 62
3
100
AcDbLine
 10
15010.0
 20
-6600.0
 30
0.0
 11
14890.0
 21
-6600.0
 31
0.0
  0
LINE
  5
3EC
330
3E8
100
AcDbEntity
  8
0
 62
3
100
AcDbLine
 10
15010.0
 20
-6400.0
 30
0.0
 11
14890.0
 21
-6400.0
 31
0.0
  0
INSERT
  5
3ED
330
3E8
100
AcDbEntity
  8
DIMENSION
 62
0
100
AcDbBlockReference
  2
_CLOSEDFILLED
 10
14890.0
 20
-6600.0
 30
0.0
 41
120.0
 42
120.0
 50
90.0
  0
INSERT
  5
3EF
330
3E8
100
AcDbEntity
  8
DIMENSION
 62
0
100
AcDbBlockReference
  2
_CLOSEDFILLED
 10
14890.0
 20
-6400.0
 30
0.0
 41
120.0
 42
120.0
 50
270.0
  0
LINE
  5
3F1
330
3E8
100
AcDbEntity
  8
0
 62
0
100
AcDbLine
 10
14890.0
 20
-6720.0
 30
0.0
 11
14890.0
 21
-6840.0
 31
0.0
  0
LINE
  5
3F2
330
3E8
100
AcDbEntity
  8
0
 62
0
100
AcDbLine
 10
14890.0
 20
-6280.0
 30
0.0
 11
14890.0
 21
-6160.0
 31
0.0
  0
LINE
  5
3F3
330
3E8
100
AcDbEntity
  8
0
 62
0
100
AcDbLine
 10
14890.0
 20
-6600.0
 30
0.0
 11
14890.0
 21
-6400.0
 31
0.0
  0
MTEXT
  5
3F4
330
3E8
100
AcDbEntity
  8
DIMENSION
 62
3
100
AcDbMText
 10
14818.75
 20
-6500.0
 30
0.0
 40
105.0
 71
5
  1
200
 50
90.0
  0
POINT
  5
3F5
330
3E8
100
AcDbEntity
  8
Defpoints
100
AcDbPoint
 10
14890.0
 20
-6600.0
 30
0.0
  0
POINT
  5
3F6
330
3E8
100
AcDbEntity
  8
Defpoints
100
AcDbPoint
 10
15010.0
 20
-6600.0
 30
0.0
  0
POINT
  5
3F7
330
3E8
100
AcDbEntity
  8
Defpoints
100
AcDbPoint
 10
15010.0
 20
-6400.0
 30
0.0
  0
ENDBLK
  5
3EA
330
3E8
100
AcDbEntity
  8
0
100
AcDbBlockEnd
  0
BLOCK
  5
3FE
330
3FD
100
AcDbEntity
  8
0
100
AcDbBlockBegin
  2
*D52
 70
1
 10
0.0
 20
0.0
 30
0.0
  3
*D52
  1

  0
LINE
  5
400
330
3FD
100
AcDbEntity
  8
0
 62
3
100
AcDbLine
 10
15000.0
 20
-6400.0
 30
0.0
 11
15000.0
 21
-6300.0
 31
0.0
  0
LINE
  5
401
330
3FD
100
AcDbEntity
  8
0
 62
3
100
AcDbLine
 10
18300.0
 20
-6400.0
 30
0.0
 11
18300.0
 21
-6300.0
 31
0.0
  0
INSERT
  5
402
330
3FD
100
AcDbEntity
  8
DIMENSION
 62
0
100
AcDbBlockReference
  2
_CLOSEDFILLED
 10
15000.0
 20
-6300.0
 30
0.0
 41
120.0
 42
120.0
 50
180.0
  0
INSERT
  5
404
330
3FD
100
AcDbEntity
  8
DIMENSION
 62
0
100
AcDbBlockReference
  2
_CLOSEDFILLED
 10
18300.0
 20
-6300.0
 30
0.0
 41
120.0
 42
120.0
  0
LINE
  5
406
330
3FD
100
AcDbEntity
  8
0
 62
0
100
AcDbLine
 10
15120.0
 20
-6300.0
 30
0.0
 11
18180.0
 21
-6300.0
 31
0.0
  0
MTEXT
  5
407
330
3FD
100
AcDbEntity
  8
DIMENSION
 62
3
100
AcDbMText
 10
16650.0
 20
-6228.75
 30
0.0
 40
105.0
 71
5
  1
3300
  0
POINT
  5
408
330
3FD
100
AcDbEntity
  8
Defpoints
100
AcDbPoint
 10
15000.0
 20
-6300.0
 30
0.0
  0
POINT
  5
409
330
3FD
100
AcDbEntity
  8
Defpoints
100
AcDbPoint
 10
15000.0
 20
-6400.0
 30
0.0
  0
POINT
  5
40A
330
3FD
100
AcDbEntity
  8
Defpoints
100
AcDbPoint
 10
18300.0
 20
-6400.0
 30
0.0
  0
ENDBLK
  5
3FF
330
3FD
100
AcDbEntity
  8
0
100
AcDbBlockEnd
  0
BLOCK
  5
411
330
410
100
AcDbEntity
  8
0
100
AcDbBlockBegin
  2
*D53
 70
1
 10
0.0
 20
0.0
 30
0.0
  3
*D53
  1

  0
LINE
  5
413
330
410
100
AcDbEntity
  8
0
 62
3
100
AcDbLine
 10
18300.0
 20
-6400.0
 30
0.0
 11
18300.0
 21
-6300.0
 31
0.0
  0
LINE
  5
414
330
410
100
AcDbEntity
  8
0
 62
3
100
AcDbLine
 10
21400.0
 20
-6400.0
 30
0.0
 11
21400.0
 21
-6300.0
 31
0.0
  0
INSERT
  5
415
330
410
100
AcDbEntity
  8
DIMENSION
 62
0
100
AcDbBlockReference
  2
_CLOSEDFILLED
 10
18300.0
 20
-6300.0
 30
0.0
 41
120.0
 42
120.0
 50
180.0
  0
INSERT
  5
417
330
410
100
AcDbEntity
  8
DIMENSION
 62
0
100
AcDbBlockReference
  2
_CLOSEDFILLED
 10
21400.0
 20
-6300.0
 30
0.0
 41
120.0
 42
120.0
  0
LINE
  5
419
330
410
100
AcDbEntity
  8
0
 62
0
100
AcDbLine
 10
18420.0
 20
-6300.0
 30
0.0
 11
21280.0
 21
-6300.0
 31
0.0
  0
MTEXT
  5
41A
330
410
100
AcDbEntity
  8
DIMENSION
 62
3
100
AcDbMText
 10
19850.0
 20
-6228.75
 30
0.0
 40
105.0
 71
5
  1
3100
  0
POINT
  5
41B
330
410
100
AcDbEntity
  8
Defpoints
100
AcDbPoint
 10
18300.0
 20
-6300.0
 30
0.0
  0
POINT
  5
41C
330
410
100
AcDbEntity
  8
Defpoints
100
AcDbPoint
 10
18300.0
 20
-6400.0
 30
0.0
  0
POINT
  5
41D
330
410
100
AcDbEntity
  8
Defpoints
100
AcDbPoint
 10
21400.0
 20
-6400.0
 30
0.0
  0
ENDBLK
  5
412
330
410
100
AcDbEntity
  8
0
100
AcDbBlockEnd
  0
BLOCK
  5
424
330
423
100
AcDbEntity
  8
0
100
AcDbBlockBegin
  2
*D54
 70
1
 10
0.0
 20
0.0
 30
0.0
  3
*D54
  1

  0
LINE
  5
426
330
423
100
AcDbEntity
  8
0
 62
3
100
AcDbLine
 10
21400.0
 20
-6400.0
 30
0.0
 11
21400.0
 21
-6300.0
 31
0.0
  0
LINE
  5
427
330
423
100
AcDbEntity
  8
0
 62
3
100
AcDbLine
 10
24300.0
 20
-6400.0
 30
0.0
 11
24300.0
 21
-6300.0
 31
0.0
  0
INSERT
  5
428
330
423
100
AcDbEntity
  8
DIMENSION
 62
0
100
AcDbBlockReference
  2
_CLOSEDFILLED
 10
21400.0
 20
-6300.0
 30
0.0
 41
120.0
 42
120.0
 50
180.0
  0
INSERT
  5
42A
330
423
100
AcDbEntity
  8
DIMENSION
 62
0
100
AcDbBlockReference
  2
_CLOSEDFILLED
 10
24300.0
 20
-6300.0
 30
0.0
 41
120.0
 42
120.0
  0
LINE
  5
42C
330
423
100
AcDbEntity
  8
0
 62
0
100
AcDbLine
 10
21520.0
 20
-6300.0
 30
0.0
 11
24180.0
 21
-6300.0
 31
0.0
  0
MTEXT
  5
42D
330
423
100
AcDbEntity
  8
DIMENSION
 62
3
100
AcDbMText
 10
22850.0
 20
-6228.75
 30
0.0
 40
105.0
 71
5
  1
2900
  0
POINT
  5
42E
330
423
100
AcDbEntity
  8
Defpoints
100
AcDbPoint
 10
21400.0
 20
-6300.0
 30
0.0
  0
POINT
  5
42F
330
423
100
AcDbEntity
  8
Defpoints
100
AcDbPoint
 10
21400.0
 20
-6400.0
 30
0.0
  0
POINT
  5
430
330
423
100
AcDbEntity
  8
Defpoints
100
AcDbPoint
 10
24300.0
 20
-6400.0
 30
0.0
  0
ENDBLK
  5
425
330
423
100
AcDbEntity
  8
0
100
AcDbBlockEnd
  0
BLOCK
  5
437
330
436
100
AcDbEntity
  8
0
100
AcDbBlockBegin
  2
*D55
 70
1
 10
0.0
 20
0.0
 30
0.0
  3
*D55
  1

  0
LINE
  5
439
330
436
100
AcDbEntity
  8
0
 62
3
100
AcDbLine
 10
24300.0
 20
-6400.0
 30
0.0
 11
24300.0
 21
-6300.0
 31
0.0
  0
LINE
  5
43A
330
436
100
AcDbEntity
  8
0
 62
3
100
AcDbLine
 10
27000.0
 20
-6400.0
 30
0.0
 11
27000.0
 21
-6300.0
 31
0.0
  0
INSERT
  5
43B
330
436
100
AcDbEntity
  8
DIMENSION
 62
0
100
AcDbBlockReference
  2
_CLOSEDFILLED
 10
24300.0
 20
-6300.0
 30
0.0
 41
120.0
 42
120.0
 50
180.0
  0
INSERT
  5
43D
330
436
100
AcDbEntity
  8
DIMENSION
 62
0
100
AcDbBlockReference
  2
_CLOSEDFILLED
 10
27000.0
 20
-6300.0
 30
0.0
 41
120.0
 42
120.0
  0
LINE
  5
43F
330
436
100
AcDbEntity
  8
0
 62
0
100
AcDbLine
 10
24420.0
 20
-6300.0
 30
0.0
 11
26880.0
 21
-6300.0
 31
0.0
  0
MTEXT
  5
440
330
436
100
AcDbEntity
  8
DIMENSION
 62
3
100
AcDbMText
 10
25650.0
 20
-6228.75
 30
0.0
 40
105.0
 71
5
  1
2700
  0
POINT
  5
441
330
436
100
AcDbEntity
  8
Defpoints
100
AcDbPoint
 10
24300.0
 20
-6300.0
 30
0.0
  0
POINT
  5
442
330
436
100
AcDbEntity
  8
Defpoints
100
AcDbPoint
 10
24300.0
 20
-6400.0
 30
0.0
  0
POINT
  5
443
330
436
100
AcDbEntity
  8
Defpoints
100
AcDbPoint
 10
27000.0
 20
-6400.0
 30
0.0
  0
ENDBLK
  5
438
330
436
100
AcDbEntity
  8
0
100
AcDbBlockEnd
  0
BLOCK
  5
448
330
447
100
AcDbEntity
  8
0
100
AcDbBlockBegin
  2
*D56
 70
1
 10
0.0
 20
0.0
 30
0.0
  3
*D56
  1

  0
LINE
  5
44A
330
447
100
AcDbEntity
  8
0
 62
3
100
AcDbLine
 10
15010.0
 20
-7250.0
 30
0.0
 11
14890.0
 21
-7250.0
 31
0.0
  0
LINE
  5
44B
330
447
100
AcDbEntity
  8
0
 62
3
100
AcDbLine
 10
15010.0
 20
-7050.0
 30
0.0
 11
14890.0
 21
-7050.0
 31
0.0
  0
INSERT
  5
44C
330
447
100
AcDbEntity
  8
DIMENSION
 62
0
100
AcDbBlockReference
  2
_CLOSEDFILLED
 10
14890.0
 20
-7250.0
 30
0.0
 41
120.0
 42
120.0
 50
90.0
  0
INSERT
  5
44E
330
447
100
AcDbEntity
  8
DIMENSION
 62
0
100
AcDbBlockReference
  2
_CLOSEDFILLED
 10
14890.0
 20
-7050.0
 30
0.0
 41
120.0
 42
120.0
 50
270.0
  0
LINE
  5
450
330
447
100
AcDbEntity
  8
0
 62
0
100
AcDbLine
 10
14890.0
 20
-7370.0
 30
0.0
 11
14890.0
 21
-7490.0
 31
0.0
  0
LINE
  5
451
330
447
100
AcDbEntity
  8
0
 62
0
100
AcDbLine
 10
14890.0
 20
-6930.0
 30
0.0
 11
14890.0
 21
-6810.0
 31
0.0
  0
LINE
  5
452
330
447
100
AcDbEntity
  8
0
 62
0
100
AcDbLine
 10
14890.0
 20
-7250.0
 30
0.0
 11
14890.0
 21
-7050.0
 31
0.0
  0
MTEXT
  5
453
330
447
100
AcDbEntity
  8
DIMENSION
 62
3
100
AcDbMText
 10
14818.75
 20
-7150.0
 30
0.0
 40
105.0
 71
5
  1
200
 50
90.0
  0
POINT
  5
454
330
447
100
AcDbEntity
  8
Defpoints
100
AcDbPoint
 10
14890.0
 20
-7250.0
 30
0.0
  0
POINT
  5
455
330
447
100
AcDbEntity
  8
Defpoints
100
AcDbPoint
 10
15010.0
 20
-7250.0
 30
0.0
  0
POINT
  5
456
330
447
100
AcDbEntity
  8
Defpoints
100
AcDbPoint
 10
15010.0
 20
-7050.0
 30
0.0
  0
ENDBLK
  5
449
330
447
100
AcDbEntity
  8
0
100
AcDbBlockEnd
  0
BLOCK
  5
45D
330
45C
100
AcDbEntity
  8
0
100
AcDbBlockBegin
  2
*D57
 70
1
 10
0.0
 20
0.0
 30
0.0
  3
*D57
  1

  0
LINE
  5
45F
330
45C
100
AcDbEntity
  8
0
 62
3
100
AcDbLine
 10
15000.0
 20
-7050.0
 30
0.0
 11
15000.0
 21
-6950.0
 31
0.0
  0
LINE
  5
460
330
45C
100
AcDbEntity
  8
0
 62
3
100
AcDbLine
 10
18100.0
 20
-7050.0
 30
0.0
 11
18100.0
 21
-6950.0
 31
0.0
  0
INSERT
  5
461
330
45C
100
AcDbEntity
  8
DIMENSION
 62
0
100
AcDbBlockReference
  2
_CLOSEDFILLED
 10
15000.0
 20
-6950.0
 30
0.0
 41
120.0
 42
120.0
 50
180.0
  0
INSERT
  5
463
330
45C
100
AcDbEntity
  8
DIMENSION
 62
0
100
AcDbBlockReference
  2
_CLOSEDFILLED
 10
18100.0
 20
-6950.0
 30
0.0
 41
120.0
 42
120.0
  0
LINE
  5
465
330
45C
100
AcDbEntity
  8
0
 62
0
100
AcDbLine
 10
15120.0
 20
-6950.0
 30
0.0
 11
17980.0
 21
-6950.0
 31
0.0
  0
MTEXT
  5
466
330
45C
100
AcDbEntity
  8
DIMENSION
 62
3
100
AcDbMText
 10
16550.0
 20
-6878.75
 30
0.0
 40
105.0
 71
5
  1
3100
  0
POINT
  5
467
330
45C
100
AcDbEntity
  8
Defpoints
100
AcDbPoint
 10
15000.0
 20
-6950.0
 30
0.0
  0
POINT
  5
468
330
45C
100
AcDbEntity
  8
Defpoints
100
AcDbPoint
 10
15000.0
 20
-7050.0
 30
0.0
  0
POINT
  5
469
330
45C
100
AcDbEntity
  8
Defpoints
100
AcDbPoint
 10
18100.0
 20
-7050.0
 30
0.0
  0
ENDBLK
  5
45E
330
45C
100
AcDbEntity
  8
0
100
AcDbBlockEnd
  0
BLOCK
  5
470
330
46F
100
AcDbEntity
  8
0
100
AcDbBlockBegin
  2
*D58
 70
1
 10
0.0
 20
0.0
 30
0.0
  3
*D58
  1

  0
LINE
  5
472
330
46F
100
AcDbEntity
  8
0
 62
3
100
AcDbLine
 10
18100.0
 20
-7050.0
 30
0.0
 11
18100.0
 21
-6950.0
 31
0.0
  0
LINE
  5
473
330
46F
100
AcDbEntity
  8
0
 62
3
100
AcDbLine
 10
21200.0
 20
-7050.0
 30
0.0
 11
21200.0
 21
-6950.0
 31
0.0
  0
INSERT
  5
474
330
46F
100
AcDbEntity
  8
DIMENSION
 62
0
100
AcDbBlockReference
  2
_CLOSEDFILLED
 10
18100.0
 20
-6950.0
 30
0.0
 41
120.0
 42
120.0
 50
180.0
  0
INSERT
  5
476
330
46F
100
AcDbEntity
  8
DIMENSION
 62
0
100
AcDbBlockReference
  2
_CLOSEDFILLED
 10
21200.0
 20
-6950.0
 30
0.0
 41
120.0
 42
120.0
  0
LINE
  5
478
330
46F
100
AcDbEntity
  8
0
 62
0
100
AcDbLine
 10
18220.0
 20
-6950.0
 30
0.0
 11
21080.0
 21
-6950.0
 31
0.0
  0
MTEXT
  5
479
330
46F
100
AcDbEntity
  8
DIMENSION
 62
3
100
AcDbMText
 10
19650.0
 20
-6878.75
 30
0.0
 40
105.0
 71
5
  1
3100
  0
POINT
  5
47A
330
46F
100
AcDbEntity
  8
Defpoints
100
AcDbPoint
 10
18100.0
 20
-6950.0
 30
0.0
  0
POINT
  5
47B
330
46F
100
AcDbEntity
  8
Defpoints
100
AcDbPoint
 10
18100.0
 20
-7050.0
 30
0.0
  0
POINT
  5
47C
330
46F
100
AcDbEntity
  8
Defpoints
100
AcDbPoint
 10
21200.0
 20
-7050.0
 30
0.0
  0
ENDBLK
  5
471
330
46F
100
AcDbEntity
  8
0
100
AcDbBlockEnd
  0
BLOCK
  5
483
330
482
100
AcDbEntity
  8
0
100
AcDbBlockBegin
  2
*D59
 70
1
 10
0.0
 20
0.0
 30
0.0
  3
*D59
  1

  0
LINE
  5
485
330
482
100
AcDbEntity
  8
0
 62
3
100
AcDbLine
 10
21200.0
 20
-7050.0
 30
0.0
 11
21200.0
 21
-6950.0
 31
0.0
  0
LINE
  5
486
330
482
100
AcDbEntity
  8
0
 62
3
100
AcDbLine
 10
24300.0
 20
-7050.0
 30
0.0
 11
24300.0
 21
-6950.0
 31
0.0
  0
INSERT
  5
487
330
482
100
AcDbEntity
  8
DIMENSION
 62
0
100
AcDbBlockReference
  2
_CLOSEDFILLED
 10
21200.0
 20
-6950.0
 30
0.0
 41
120.0
 42
120.0
 50
180.0
  0
INSERT
  5
489
330
482
100
AcDbEntity
  8
DIMENSION
 62
0
100
AcDbBlockReference
  2
_CLOSEDFILLED
 10
24300.0
 20
-6950.0
 30
0.0
 41
120.0
 42
120.0
  0
LINE
  5
48B
330
482
100
AcDbEntity
  8
0
 62
0
100
AcDbLine
 10
21320.0
 20
-6950.0
 30
0.0
 11
24180.0
 21
-6950.0
 31
0.0
  0
MTEXT
  5
48C
330
482
100
AcDbEntity
  8
DIMENSION
 62
3
100
AcDbMText
 10
22750.0
 20
-6878.75
 30
0.0
 40
105.0
 71
5
  1
3100
  0
POINT
  5
48D
330
482
100
AcDbEntity
  8
Defpoints
100
AcDbPoint
 10
21200.0
 20
-6950.0
 30
0.0
  0
POINT
  5
48E
330
482
100
AcDbEntity
  8
Defpoints
100
AcDbPoint
 10
21200.0
 20
-7050.0
 30
0.0
  0
POINT
  5
48F
330
482
100
AcDbEntity
  8
Defpoints
100
AcDbPoint
 10
24300.0
 20
-7050.0
 30
0.0
  0
ENDBLK
  5
484
330
482
100
AcDbEntity
  8
0
100
AcDbBlockEnd
  0
BLOCK
  5
496
330
495
100
AcDbEntity
  8
0
100
AcDbBlockBegin
  2
*D60
 70
1
 10
0.0
 20
0.0
 30
0.0
  3
*D60
  1

  0
LINE
  5
498
330
495
100
AcDbEntity
  8
0
 62
3
100
AcDbLine
 10
24300.0
 20
-7050.0
 30
0.0
 11
24300.0
 21
-6950.0
 31
0.0
  0
LINE
  5
499
330
495
100
AcDbEntity
  8
0
 62
3
100
AcDbLine
 10
27000.0
 20
-7050.0
 30
0.0
 11
27000.0
 21
-6950.0
 31
0.0
  0
INSERT
  5
49A
330
495
100
AcDbEntity
  8
DIMENSION
 62
0
100
AcDbBlockReference
  2
_CLOSEDFILLED
 10
24300.0
 20
-6950.0
 30
0.0
 41
120.0
 42
120.0
 50
180.0
  0
INSERT
  5
49C
330
495
100
AcDbEntity
  8
DIMENSION
 62
0
100
AcDbBlockReference
  2
_CLOSEDFILLED
 10
27000.0
 20
-6950.0
 30
0.0
 41
120.0
 42
120.0
  0
LINE
  5
49E
330
495
100
AcDbEntity
  8
0
 62
0
100
AcDbLine
 10
24420.0
 20
-6950.0
 30
0.0
 11
26880.0
 21
-6950.0
 31
0.0
  0
MTEXT
  5
49F
330
495
100
AcDbEntity
  8
DIMENSION
 62
3
100
AcDbMText
 10
25650.0
 20
-6878.75
 30
0.0
 40
105.0
 71
5
  1
2700
  0
POINT
  5
4A0
330
495
100
AcDbEntity
  8
Defpoints
100
AcDbPoint
 10
24300.0
 20
-6950.0
 30
0.0
  0
POINT
  5
4A1
330
495
100
AcDbEntity
  8
Defpoints
100
AcDbPoint
 10
24300.0
 20
-7050.0
 30
0.0
  0
POINT
  5
4A2
330
495
100
AcDbEntity
  8
Defpoints
100
AcDbPoint
 10
27000.0
 20
-7050.0
 30
0.0
  0
ENDBLK
  5
497
330
495
100
AcDbEntity
  8
0
100
AcDbBlockEnd
  0
BLOCK
  5
4A7
330
4A6
100
AcDbEntity
  8
0
100
AcDbBlockBegin
  2
*D61
 70
1
 10
0.0
 20
0.0
 30
0.0
  3
*D61
  1

  0
LINE
  5
4A9
330
4A6
100
AcDbEntity
  8
0
 62
3
100
AcDbLine
 10
15010.0
 20
-7900.0
 30
0.0
 11
14890.0
 21
-7900.0
 31
0.0
  0
LINE
  5
4AA
330
4A6
100
AcDbEntity
  8
0
 62
3
100
AcDbLine
 10
15010.0
 20
-7700.0
 30
0.0
 11
14890.0
 21
-7700.0
 31
0.0
  0
INSERT
  5
4AB
330
4A6
100
AcDbEntity
  8
DIMENSION
 62
0
100
AcDbBlockReference
  2
_CLOSEDFILLED
 10
14890.0
 20
-7900.0
 30
0.0
 41
120.0
 42
120.0
 50
90.0
  0
INSERT
  5
4AD
330
4A6
100
AcDbEntity
  8
DIMENSION
 62
0
100
AcDbBlockReference
  2
_CLOSEDFILLED
 10
14890.0
 20
-7700.0
 30
0.0
 41
120.0
 42
120.0
 50
270.0
  0
LINE
  5
4AF
330
4A6
100
AcDbEntity
  8
0
 62
0
100
AcDbLine
 10
14890.0
 20
-8020.0
 30
0.0
 11
14890.0
 21
-8140.0
 31
0.0
  0
LINE
  5
4B0
330
4A6
100
AcDbEntity
  8
0
 62
0
100
AcDbLine
 10
14890.0
 20
-7580.0
 30
0.0
 11
14890.0
 21
-7460.0
 31
0.0
  0
LINE
  5
4B1
330
4A6
100
AcDbEntity
  8
0
 62
0
100
AcDbLine
 10
14890.0
 20
-7900.0
 30
0.0
 11
14890.0
 21
-7700.0
 31
0.0
  0
MTEXT
  5
4B2
330
4A6
100
AcDbEntity
  8
DIMENSION
 62
3
100
AcDbMText
 10
14818.75
 20
-7800.0
 30
0.0
 40
105.0
 71
5
  1
200
 50
90.0
  0
POINT
  5
4B3
330
4A6
100
AcDbEntity
  8
Defpoints
100
AcDbPoint
 10
14890.0
 20
-7900.0
 30
0.0
  0
POINT
  5
4B4
330
4A6
100
AcDbEntity
  8
Defpoints
100
AcDbPoint
 10
15010.0
 20
-7900.0
 30
0.0
  0
POINT
  5
4B5
330
4A6
100
AcDbEntity
  8
Defpoints
100
AcDbPoint
 10
15010.0
 20
-7700.0
 30
0.0
  0
ENDBLK
  5
4A8
330
4A6
100
AcDbEntity
  8
0
100
AcDbBlockEnd
  0
BLOCK
  5
4BC
330
4BB
100
AcDbEntity
  8
0
100
AcDbBlockBegin
  2
*D62
 70
1
 10
0.0
 20
0.0
 30
0.0
  3
*D62
  1

  0
LINE
  5
4BE
330
4BB
100
AcDbEntity
  8
0
 62
3
100
AcDbLine
 10
15000.0
 20
-7700.0
 30
0.0
 11
15000.0
 21
-7600.0
 31
0.0
  0
LINE
  5
4BF
330
4BB
100
AcDbEntity
  8
0
 62
3
100
AcDbLine
 10
19600.0
 20
-7700.0
 30
0.0
 11
19600.0
 21
-7600.0
 31
0.0
  0
INSERT
  5
4C0
330
4BB
100
AcDbEntity
  8
DIMENSION
 62
0
100
AcDbBlockReference
  2
_CLOSEDFILLED
 10
15000.0
 20
-7600.0
 30
0.0
 41
120.0
 42
120.0
 50
180.0
  0
INSERT
  5
4C2
330
4BB
100
AcDbEntity
  8
DIMENSION
 62
0
100
AcDbBlockReference
  2
_CLOSEDFILLED
 10
19600.0
 20
-7600.0
 30
0.0
 41
120.0
 42
120.0
  0
LINE
  5
4C4
330
4BB
100
AcDbEntity
  8
0
 62
0
100
AcDbLine
 10
15120.0
 20
-7600.0
 30
0.0
 11
19480.0
 21
-7600.0
 31
0.0
  0
MTEXT
  5
4C5
330
4BB
100
AcDbEntity
  8
DIMENSION
 62
3
100
AcDbMText
 10
17300.0
 20
-7528.75
 30
0.0
 40
105.0
 71
5
  1
4600
  0
POINT
  5
4C6
330
4BB
100
AcDbEntity
  8
Defpoints
100
AcDbPoint
 10
15000.0
 20
-7600.0
 30
0.0
  0
POINT
  5
4C7
330
4BB
100
AcDbEntity
  8
Defpoints
100
AcDbPoint
 10
15000.0
 20
-7700.0
 30
0.0
  0
POINT
  5
4C8
330
4BB
100
AcDbEntity
  8
Defpoints
100
AcDbPoint
 10
19600.0
 20
-7700.0
 30
0.0
  0
ENDBLK
  5
4BD
330
4BB
100
AcDbEntity
  8
0
100
AcDbBlockEnd
  0
BLOCK
  5
4CF
330
4CE
100
AcDbEntity
  8
0
100
AcDbBlockBegin
  2
*D63
 70
1
 10
0.0
 20
0.0
 30
0.0
  3
*D63
  1

  0
LINE
  5
4D1
330
4CE
100
AcDbEntity
  8
0
 62
3
100
AcDbLine
 10
19600.0
 20
-7700.0
 30
0.0
 11
19600.0
 21
-7600.0
 31
0.0
  0
LINE
  5
4D2
330
4CE
100
AcDbEntity
  8
0
 62
3
100
AcDbLine
 10
22000.0
 20
-7700.0
 30
0.0
 11
22000.0
 21
-7600.0
 31
0.0
  0
INSERT
  5
4D3
330
4CE
100
AcDbEntity
  8
DIMENSION
 62
0
100
AcDbBlockReference
  2
_CLOSEDFILLED
 10
19600.0
 20
-7600.0
 30
0.0
 41
120.0
 42
120.0
 50
180.0
  0
INSERT
  5
4D5
330
4CE
100
AcDbEntity
  8
DIMENSION
 62
0
100
AcDbBlockReference
  2
_CLOSEDFILLED
 10
22000.0
 20
-7600.0
 30
0.0
 41
120.0
 42
120.0
  0
LINE
  5
4D7
330
4CE
100
AcDbEntity
  8
0
 62
0
100
AcDbLine
 10
19720.0
 20
-7600.0
 30
0.0
 11
21880.0
 21
-7600.0
 31
0.0
  0
MTEXT
  5
4D8
330
4CE
100
AcDbEntity
  8
DIMENSION
 62
3
100
AcDbMText
 10
20800.0
 20
-7528.75
 30
0.0
 40
105.0
 71
5
  1
2400
  0
POINT
  5
4D9
330
4CE
100
AcDbEntity
  8
Defpoints
100
AcDbPoint
 10
19600.0
 20
-7600.0
 30
0.0
  0
POINT
  5
4DA
330
4CE
100
AcDbEntity
  8
Defpoints
100
AcDbPoint
 10
19600.0
 20
-7700.0
 30
0.0
  0
POINT
  5
4DB
330
4CE
100
AcDbEntity
  8
Defpoints
100
AcDbPoint
 10
22000.0
 20
-7700.0
 30
0.0
  0
ENDBLK
  5
4D0
330
4CE
100
AcDbEntity
  8
0
100
AcDbBlockEnd
  0
BLOCK
  5
4E2
330
4E1
100
AcDbEntity
  8
0
100
AcDbBlockBegin
  2
*D64
 70
1
 10
0.0
 20
0.0
 30
0.0
  3
*D64
  1

  0
LINE
  5
4E4
330
4E1
100
AcDbEntity
  8
0
 62
3
100
AcDbLine
 10
22000.0
 20
-7700.0
 30
0.0
 11
22000.0
 21
-7600.0
 31
0.0
  0
LINE
  5
4E5
330
4E1
100
AcDbEntity
  8
0
 62
3
100
AcDbLine
 10
24400.0
 20
-7700.0
 30
0.0
 11
24400.0
 21
-7600.0
 31
0.0
  0
INSERT
  5
4E6
330
4E1
100
AcDbEntity
  8
DIMENSION
 62
0
100
AcDbBlockReference
  2
_CLOSEDFILLED
 10
22000.0
 20
-7600.0
 30
0.0
 41
120.0
 42
120.0
 50
180.0
  0
INSERT
  5
4E8
330
4E1
100
AcDbEntity
  8
DIMENSION
 62
0
100
AcDbBlockReference
  2
_CLOSEDFILLED
 10
24400.0
 20
-7600.0
 30
0.0
 41
120.0
 42
120.0
  0
LINE
  5
4EA
330
4E1
100
AcDbEntity
  8
0
 62
0
100
AcDbLine
 10
22120.0
 20
-7600.0
 30
0.0
 11
24280.0
 21
-7600.0
 31
0.0
  0
MTEXT
  5
4EB
330
4E1
100
AcDbEntity
  8
DIMENSION
 62
3
100
AcDbMText
 10
23200.0
 20
-7528.75
 30
0.0
 40
105.0
 71
5
  1
2400
  0
POINT
  5
4EC
330
4E1
100
AcDbEntity
  8
Defpoints
100
AcDbPoint
 10
22000.0
 20
-7600.0
 30
0.0
  0
POINT
  5
4ED
330
4E1
100
AcDbEntity
  8
Defpoints
100
AcDbPoint
 10
22000.0
 20
-7700.0
 30
0.0
  0
POINT
  5
4EE
330
4E1
100
AcDbEntity
  8
Defpoints
100
AcDbPoint
 10
24400.0
 20
-7700.0
 30
0.0
  0
ENDBLK
  5
4E3
330
4E1
100
AcDbEntity
  8
0
100
AcDbBlockEnd
  0
BLOCK
  5
4F5
330
4F4
100
AcDbEntity
  8
0
100
AcDbBlockBegin
  2
*D65
 70
1
 10
0.0
 20
0.0
 30
0.0
  3
*D65
  1

  0
LINE
  5
4F7
330
4F4
100
AcDbEntity
  8
0
 62
3
100
AcDbLine
 10
24400.0
 20
-7700.0
 30
0.0
 11
24400.0
 21
-7600.0
 31
0.0
  0
LINE
  5
4F8
330
4F4
100
AcDbEntity
  8
0
 62
3
100
AcDbLine
 10
26800.0
 20
-7700.0
 30
0.0
 11
26800.0
 21
-7600.0
 31
0.0
  0
INSERT
  5
4F9
330
4F4
100
AcDbEntity
  8
DIMENSION
 62
0
100
AcDbBlockReference
  2
_CLOSEDFILLED
 10
24400.0
 20
-7600.0
 30
0.0
 41
120.0
 42
120.0
 50
180.0
  0
INSERT
  5
4FB
330
4F4
100
AcDbEntity
  8
DIMENSION
 62
0
100
AcDbBlockReference
  2
_CLOSEDFILLED
 10
26800.0
 20
-7600.0
 30
0.0
 41
120.0
 42
120.0
  0
LINE
  5
4FD
330
4F4
100
AcDbEntity
  8
0
 62
0
100
AcDbLine
 10
24520.0
 20
-7600.0
 30
0.0
 11
26680.0
 21
-7600.0
 31
0.0
  0
MTEXT
  5
4FE
330
4F4
100
AcDbEntity
  8
DIMENSION
 62
3
100
AcDbMText
 10
25600.0
 20
-7528.75
 30
0.0
 40
105.0
 71
5
  1
2400
  0
POINT
  5
4FF
330
4F4
100
AcDbEntity
  8
Defpoints
100
AcDbPoint
 10
24400.0
 20
-7600.0
 30
0.0
  0
POINT
  5
500
330
4F4
100
AcDbEntity
  8
Defpoints
100
AcDbPoint
 10
24400.0
 20
-7700.0
 30
0.0
  0
POINT
  5
501
330
4F4
100
AcDbEntity
  8
Defpoints
100
AcDbPoint
 10
26800.0
 20
-7700.0
 30
0.0
  0
ENDBLK
  5
4F6
330
4F4
100
AcDbEntity
  8
0
100
AcDbBlockEnd
  0
BLOCK
  5
509
330
508
100
AcDbEntity
  8
0
100
AcDbBlockBegin
  2
*D66
 70
1
 10
0.0
 20
0.0
 30
0.0
  3
*D66
  1

  0
LINE
  5
50B
330
508
100
AcDbEntity
  8
0
 62
3
100
AcDbLine
 10
26800.0
 20
-7700.0
 30
0.0
 11
26800.0
 21
-7600.0
 31
0.0
  0
LINE
  5
50C
330
508
100
AcDbEntity
  8
0
 62
3
100
AcDbLine
 10
27000.0
 20
-7700.0
 30
0.0
 11
27000.0
 21
-7600.0
 31
0.0
  0
INSERT
  5
50D
330
508
100
AcDbEntity
  8
DIMENSION
 62
0
100
AcDbBlockReference
  2
_CLOSEDFILLED
 10
26800.0
 20
-7600.0
 30
0.0
 41
120.0
 42
120.0
  0
INSERT
  5
50F
330
508
100
AcDbEntity
  8
DIMENSION
 62
0
100
AcDbBlockReference
  2
_CLOSEDFILLED
 10
27000.0
 20
-7600.0
 30
0.0
 41
120.0
 42
120.0
 50
180.0
  0
LINE
  5
511
330
508
100
AcDbEntity
  8
0
 62
0
100
AcDbLine
 10
26680.0
 20
-7600.0
 30
0.0
 11
26560.0
 21
-7600.0
 31
0.0
  0
LINE
  5
512
330
508
100
AcDbEntity
  8
0
 62
0
100
AcDbLine
 10
27120.0
 20
-7600.0
 30
0.0
 11
27240.0
 21
-7600.0
 31
0.0
  0
LINE
  5
513
330
508
100
AcDbEntity
  8
0
 62
0
100
AcDbLine
 10
26800.0
 20
-7600.0
 30
0.0
 11
27000.0
 21
-7600.0
 31
0.0
  0
MTEXT
  5
514
330
508
100
AcDbEntity
  8
DIMENSION
 62
3
100
AcDbMText
 10
26900.0
 20
-7528.75
 30
0.0
 40
105.0
 71
5
  1
余200
  0
POINT
  5
515
330
508
100
AcDbEntity
  8
Defpoints
100
AcDbPoint
 10
26800.0
 20
-7600.0
 30
0.0
  0
POINT
  5
516
330
508
100
AcDbEntity
  8
Defpoints
100
AcDbPoint
 10
26800.0
 20
-7700.0
 30
0.0
  0
POINT
  5
517
330
508
100
AcDbEntity
  8
Defpoints
100
AcDbPoint
 10
27000.0
 20
-7700.0
 30
0.0
  0
ENDBLK
  5
50A
330
508
100
AcDbEntity
  8
0
100
AcDbBlockEnd
  0
BLOCK
  5
51B
330
51A
100
AcDbEntity
  8
0
100
AcDbBlockBegin
  2
*D67
 70
1
 10
0.0
 20
0.0
 30
0.0
  3
*D67
  1

  0
LINE
  5
51D
330
51A
100
AcDbEntity
  8
0
 62
3
100
AcDbLine
 10
15010.0
 20
-8550.0
 30
0.0
 11
14890.0
 21
-8550.0
 31
0.0
  0
LINE
  5
51E
330
51A
100
AcDbEntity
  8
0
 62
3
100
AcDbLine
 10
15010.0
 20
-8350.0
 30
0.0
 11
14890.0
 21
-8350.0
 31
0.0
  0
INSERT
  5
51F
330
51A
100
AcDbEntity
  8
DIMENSION
 62
0
100
AcDbBlockReference
  2
_CLOSEDFILLED
 10
14890.0
 20
-8550.0
 30
0.0
 41
120.0
 42
120.0
 50
90.0
  0
INSERT
  5
521
330
51A
100
AcDbEntity
  8
DIMENSION
 62
0
100
AcDbBlockReference
  2
_CLOSEDFILLED
 10
14890.0
 20
-8350.0
 30
0.0
 41
120.0
 42
120.0
 50
270.0
  0
LINE
  5
523
330
51A
100
AcDbEntity
  8
0
 62
0
100
AcDbLine
 10
14890.0
 20
-8670.0
 30
0.0
 11
14890.0
 21
-8790.0
 31
0.0
  0
LINE
  5
524
330
51A
100
AcDbEntity
  8
0
 62
0
100
AcDbLine
 10
14890.0
 20
-8230.0
 30
0.0
 11
14890.0
 21
-8110.0
 31
0.0
  0
LINE
  5
525
330
51A
100
AcDbEntity
  8
0
 62
0
100
AcDbLine
 10
14890.0
 20
-8550.0
 30
0.0
 11
14890.0
 21
-8350.0
 31
0.0
  0
MTEXT
  5
526
330
51A
100
AcDbEntity
  8
DIMENSION
 62
3
100
AcDbMText
 10
14818.75
 20
-8450.0
 30
0.0
 40
105.0
 71
5
  1
200
 50
90.0
  0
POINT
  5
527
330
51A
100
AcDbEntity
  8
Defpoints
100
AcDbPoint
 10
14890.0
 20
-8550.0
 30
0.0
  0
POINT
  5
528
330
51A
100
AcDbEntity
  8
Defpoints
100
AcDbPoint
 10
15010.0
 20
-8550.0
 30
0.0
  0
POINT
  5
529
330
51A
100
AcDbEntity
  8
Defpoints
100
AcDbPoint
 10
15010.0
 20
-8350.0
 30
0.0
  0
ENDBLK
  5
51C
330
51A
100
AcDbEntity
  8
0
100
AcDbBlockEnd
  0
BLOCK
  5
530
330
52F
100
AcDbEntity
  8
0
100
AcDbBlockBegin
  2
*D68
 70
1
 10
0.0
 20
0.0
 30
0.0
  3
*D68
  1

  0
LINE
  5
532
330
52F
100
AcDbEntity
  8
0
 62
3
100
AcDbLine
 10
15000.0
 20
-8350.0
 30
0.0
 11
15000.0
 21
-8250.0
 31
0.0
  0
LINE
  5
533
330
52F
100
AcDbEntity
  8
0
 62
3
100
AcDbLine
 10
18100.0
 20
-8350.0
 30
0.0
 11
18100.0
 21
-8250.0
 31
0.0
  0
INSERT
  5
534
330
52F
100
AcDbEntity
  8
DIMENSION
 62
0
100
AcDbBlockReference
  2
_CLOSEDFILLED
 10
15000.0
 20
-8250.0
 30
0.0
 41
120.0
 42
120.0
 50
180.0
  0
INSERT
  5
536
330
52F
100
AcDbEntity
  8
DIMENSION
 62
0
100
AcDbBlockReference
  2
_CLOSEDFILLED
 10
18100.0
 20
-8250.0
 30
0.0
 41
120.0
 42
120.0
  0
LINE
  5
538
330
52F
100
AcDbEntity
  8
0
 62
0
100
AcDbLine
 10
15120.0
 20
-8250.0
 30
0.0
 11
17980.0
 21
-8250.0
 31
0.0
  0
MTEXT
  5
539
330
52F
100
AcDbEntity
  8
DIMENSION
 62
3
100
AcDbMText
 10
16550.0
 20
-8178.75
 30
0.0
 40
105.0
 71
5
  1
3100
  0
POINT
  5
53A
330
52F
100
AcDbEntity
  8
Defpoints
100
AcDbPoint
 10
15000.0
 20
-8250.0
 30
0.0
  0
POINT
  5
53B
330
52F
100
AcDbEntity
  8
Defpoints
100
AcDbPoint
 10
15000.0
 20
-8350.0
 30
0.0
  0
POINT
  5
53C
330
52F
100
AcDbEntity
  8
Defpoints
100
AcDbPoint
 10
18100.0
 20
-8350.0
 30
0.0
  0
ENDBLK
  5
531
330
52F
100
AcDbEntity
  8
0
100
AcDbBlockEnd
  0
BLOCK
  5
543
330
542
100
AcDbEntity
  8
0
100
AcDbBlockBegin
  2
*D69
 70
1
 10
0.0
 20
0.0
 30
0.0
  3
*D69
  1

  0
LINE
  5
545
330
542
100
AcDbEntity
  8
0
 62
3
100
AcDbLine
 10
18100.0
 20
-8350.0
 30
0.0
 11
18100.0
 21
-8250.0
 31
0.0
  0
LINE
  5
546
330
542
100
AcDbEntity
  8
0
 62
3
100
AcDbLine
 10
21200.0
 20
-8350.0
 30
0.0
 11
21200.0
 21
-8250.0
 31
0.0
  0
INSERT
  5
547
330
542
100
AcDbEntity
  8
DIMENSION
 62
0
100
AcDbBlockReference
  2
_CLOSEDFILLED
 10
18100.0
 20
-8250.0
 30
0.0
 41
120.0
 42
120.0
 50
180.0
  0
INSERT
  5
549
330
542
100
AcDbEntity
  8
DIMENSION
 62
0
100
AcDbBlockReference
  2
_CLOSEDFILLED
 10
21200.0
 20
-8250.0
 30
0.0
 41
120.0
 42
120.0
  0
LINE
  5
54B
330
542
100
AcDbEntity
  8
0
 62
0
100
AcDbLine
 10
18220.0
 20
-8250.0
 30
0.0
 11
21080.0
 21
-8250.0
 31
0.0
  0
MTEXT
  5
54C
330
542
100
AcDbEntity
  8
DIMENSION
 62
3
100
AcDbMText
 10
19650.0
 20
-8178.75
 30
0.0
 40
105.0
 71
5
  1
3100
  0
POINT
  5
54D
330
542
100
AcDbEntity
  8
Defpoints
100
AcDbPoint
 10
18100.0
 20
-8250.0
 30
0.0
  0
POINT
  5
54E
330
542
100
AcDbEntity
  8
Defpoints
100
AcDbPoint
 10
18100.0
 20
-8350.0
 30
0.0
  0
POINT
  5
54F
330
542
100
AcDbEntity
  8
Defpoints
100
AcDbPoint
 10
21200.0
 20
-8350.0
 30
0.0
  0
ENDBLK
  5
544
330
542
100
AcDbEntity
  8
0
100
AcDbBlockEnd
  0
BLOCK
  5
556
330
555
100
AcDbEntity
  8
0
100
AcDbBlockBegin
  2
*D70
 70
1
 10
0.0
 20
0.0
 30
0.0
  3
*D70
  1

  0
LINE
  5
558
330
555
100
AcDbEntity
  8
0
 62
3
100
AcDbLine
 10
21200.0
 20
-8350.0
 30
0.0
 11
21200.0
 21
-8250.0
 31
0.0
  0
LINE
  5
559
330
555
100
AcDbEntity
  8
0
 62
3
100
AcDbLine
 10
24300.0
 20
-8350.0
 30
0.0
 11
24300.0
 21
-8250.0
 31
0.0
  0
INSERT
  5
55A
330
555
100
AcDbEntity
  8
DIMENSION
 62
0
100
AcDbBlockReference
  2
_CLOSEDFILLED
 10
21200.0
 20
-8250.0
 30
0.0
 41
120.0
 42
120.0
 50
180.0
  0
INSERT
  5
55C
330
555
100
AcDbEntity
  8
DIMENSION
 62
0
100
AcDbBlockReference
  2
_CLOSEDFILLED
 10
24300.0
 20
-8250.0
 30
0.0
 41
120.0
 42
120.0
  0
LINE
  5
55E
330
555
100
AcDbEntity
  8
0
 62
0
100
AcDbLine
 10
21320.0
 20
-8250.0
 30
0.0
 11
24180.0
 21
-8250.0
 31
0.0
  0
MTEXT
  5
55F
330
555
100
AcDbEntity
  8
DIMENSION
 62
3
100
AcDbMText
 10
22750.0
 20
-8178.75
 30
0.0
 40
105.0
 71
5
  1
3100
  0
POINT
  5
560
330
555
100
AcDbEntity
  8
Defpoints
100
AcDbPoint
 10
21200.0
 20
-8250.0
 30
0.0
  0
POINT
  5
561
330
555
100
AcDbEntity
  8
Defpoints
100
AcDbPoint
 10
21200.0
 20
-8350.0
 30
0.0
  0
POINT
  5
562
330
555
100
AcDbEntity
  8
Defpoints
100
AcDbPoint
 10
24300.0
 20
-8350.0
 30
0.0
  0
ENDBLK
  5
557
330
555
100
AcDbEntity
  8
0
100
AcDbBlockEnd
  0
BLOCK
  5
569
330
568
100
AcDbEntity
  8
0
100
AcDbBlockBegin
  2
*D71
 70
1
 10
0.0
 20
0.0
 30
0.0
  3
*D71
  1

  0
LINE
  5
56B
330
568
100
AcDbEntity
  8
0
 62
3
100
AcDbLine
 10
24300.0
 20
-8350.0
 30
0.0
 11
24300.0
 21
-8250.0
 31
0.0
  0
LINE
  5
56C
330
568
100
AcDbEntity
  8
0
 62
3
100
AcDbLine
 10
26700.0
 20
-8350.0
 30
0.0
 11
26700.0
 21
-8250.0
 31
0.0
  0
INSERT
  5
56D
330
568
100
AcDbEntity
  8
DIMENSION
 62
0
100
AcDbBlockReference
  2
_CLOSEDFILLED
 10
24300.0
 20
-8250.0
 30
0.0
 41
120.0
 42
120.0
 50
180.0
  0
INSERT
  5
56F
330
568
100
AcDbEntity
  8
DIMENSION
 62
0
100
AcDbBlockReference
  2
_CLOSEDFILLED
 10
26700.0
 20
-8250.0
 30
0.0
 41
120.0
 42
120.0
  0
LINE
  5
571
330
568
100
AcDbEntity
  8
0
 62
0
100
AcDbLine
 10
24420.0
 20
-8250.0
 30
0.0
 11
26580.0
 21
-8250.0
 31
0.0
  0
MTEXT
  5
572
330
568
100
AcDbEntity
  8
DIMENSION
 62
3
100
AcDbMText
 10
25500.0
 20
-8178.75
 30
0.0
 40
105.0
 71
5
  1
2400
  0
POINT
  5
573
330
568
100
AcDbEntity
  8
Defpoints
100
AcDbPoint
 10
24300.0
 20
-8250.0
 30
0.0
  0
POINT
  5
574
330
568
100
AcDbEntity
  8
Defpoints
100
AcDbPoint
 10
24300.0
 20
-8350.0
 30
0.0
  0
POINT
  5
575
330
568
100
AcDbEntity
  8
Defpoints
100
AcDbPoint
 10
26700.0
 20
-8350.0
 30
0.0
  0
ENDBLK
  5
56A
330
568
100
AcDbEntity
  8
0
100
AcDbBlockEnd
  0
BLOCK
  5
57D
330
57C
100
AcDbEntity
  8
0
100
AcDbBlockBegin
  2
*D72
 70
1
 10
0.0
 20
0.0
 30
0.0
  3
*D72
  1

  0
LINE
  5
57F
330
57C
100
AcDbEntity
  8
0
 62
3
100
AcDbLine
 10
26700.0
 20
-8350.0
 30
0.0
 11
26700.0
 21
-8250.0
 31
0.0
  0
LINE
  5
580
330
57C
100
AcDbEntity
  8
0
 62
3
100
AcDbLine
 10
27000.0
 20
-8350.0
 30
0.0
 11
27000.0
 21
-8250.0
 31
0.0
  0
INSERT
  5
581
330
57C
100
AcDbEntity
  8
DIMENSION
 62
0
100
AcDbBlockReference
  2
_CLOSEDFILLED
 10
26700.0
 20
-8250.0
 30
0.0
 41
120.0
 42
120.0
 50
180.0
  0
INSERT
  5
583
330
57C
100
AcDbEntity
  8
DIMENSION
 62
0
100
AcDbBlockReference
  2
_CLOSEDFILLED
 10
27000.0
 20
-8250.0
 30
0.0
 41
120.0
 42
120.0
  0
LINE
  5
585
330
57C
100
AcDbEntity
  8
0
 62
0
100
AcDbLine
 10
26820.0
 20
-8250.0
 30
0.0
 11
26880.0
 21
-8250.0
 31
0.0
  0
MTEXT
  5
586
330
57C
100
AcDbEntity
  8
DIMENSION
 62
3
100
AcDbMText
 10
26850.0
 20
-8178.75
 30
0.0
 40
105.0
 71
5
  1
余300
  0
POINT
  5
587
330
57C
100
AcDbEntity
  8
Defpoints
100
AcDbPoint
 10
26700.0
 20
-8250.0
 30
0.0
  0
POINT
  5
588
330
57C
100
AcDbEntity
  8
Defpoints
100
AcDbPoint
 10
26700.0
 20
-8350.0
 30
0.0
  0
POINT
  5
589
330
57C
100
AcDbEntity
  8
Defpoints
100
AcDbPoint
 10
27000.0
 20
-8350.0
 30
0.0
  0
ENDBLK
  5
57E
330
57C
100
AcDbEntity
  8
0
100
AcDbBlockEnd
  0
BLOCK
  5
58D
330
58C
100
AcDbEntity
  8
0
100
AcDbBlockBegin
  2
*D73
 70
1
 10
0.0
 20
0.0
 30
0.0
  3
*D73
  1

  0
LINE
  5
58F
330
58C
100
AcDbEntity
  8
0
 62
3
100
AcDbLine
 10
15010.0
 20
-9200.0
 30
0.0
 11
14890.0
 21
-9200.0
 31
0.0
  0
LINE
  5
590
330
58C
100
AcDbEntity
  8
0
 62
3
100
AcDbLine
 10
15010.0
 20
-9000.0
 30
0.0
 11
14890.0
 21
-9000.0
 31
0.0
  0
INSERT
  5
591
330
58C
100
AcDbEntity
  8
DIMENSION
 62
0
100
AcDbBlockReference
  2
_CLOSEDFILLED
 10
14890.0
 20
-9200.0
 30
0.0
 41
120.0
 42
120.0
 50
90.0
  0
INSERT
  5
593
330
58C
100
AcDbEntity
  8
DIMENSION
 62
0
100
AcDbBlockReference
  2
_CLOSEDFILLED
 10
14890.0
 20
-9000.0
 30
0.0
 41
120.0
 42
120.0
 50
270.0
  0
LINE
  5
595
330
58C
100
AcDbEntity
  8
0
 62
0
100
AcDbLine
 10
14890.0
 20
-9320.0
 30
0.0
 11
14890.0
 21
-9440.0
 31
0.0
  0
LINE
  5
596
330
58C
100
AcDbEntity
  8
0
 62
0
100
AcDbLine
 10
14890.0
 20
-8880.0
 30
0.0
 11
14890.0
 21
-8760.0
 31
0.0
  0
LINE
  5
597
330
58C
100
AcDbEntity
  8
0
 62
0
100
AcDbLine
 10
14890.0
 20
-9200.0
 30
0.0
 11
14890.0
 21
-9000.0
 31
0.0
  0
MTEXT
  5
598
330
58C
100
AcDbEntity
  8
DIMENSION
 62
3
100
AcDbMText
 10
14818.75
 20
-9100.0
 30
0.0
 40
105.0
 71
5
  1
200
 50
90.0
  0
POINT
  5
599
330
58C
100
AcDbEntity
  8
Defpoints
100
AcDbPoint
 10
14890.0
 20
-9200.0
 30
0.0
  0
POINT
  5
59A
330
58C
100
AcDbEntity
  8
Defpoints
100
AcDbPoint
 10
15010.0
 20
-9200.0
 30
0.0
  0
POINT
  5
59B
330
58C
100
AcDbEntity
  8
Defpoints
100
AcDbPoint
 10
15010.0
 20
-9000.0
 30
0.0
  0
ENDBLK
  5
58E
330
58C
100
AcDbEntity
  8
0
100
AcDbBlockEnd
  0
BLOCK
  5
5A2
330
5A1
100
AcDbEntity
  8
0
100
AcDbBlockBegin
  2
*D74
 70
1
 10
0.0
 20
0.0
 30
0.0
  3
*D74
  1

  0
LINE
  5
5A4
330
5A1
100
AcDbEntity
  8
0
 62
3
100
AcDbLine
 10
15000.0
 20
-9000.0
 30
0.0
 11
15000.0
 21
-8900.0
 31
0.0
  0
LINE
  5
5A5
330
5A1
100
AcDbEntity
  8
0
 62
3
100
AcDbLine
 10
17400.0
 20
-9000.0
 30
0.0
 11
17400.0
 21
-8900.0
 31
0.0
  0
INSERT
  5
5A6
330
5A1
100
AcDbEntity
  8
DIMENSION
 62
0
100
AcDbBlockReference
  2
_CLOSEDFILLED
 10
15000.0
 20
-8900.0
 30
0.0
 41
120.0
 42
120.0
 50
180.0
  0
INSERT
  5
5A8
330
5A1
100
AcDbEntity
  8
DIMENSION
 62
0
100
AcDbBlockReference
  2
_CLOSEDFILLED
 10
17400.0
 20
-8900.0
 30
0.0
 41
120.0
 42
120.0
  0
LINE
  5
5AA
330
5A1
100
AcDbEntity
  8
0
 62
0
100
AcDbLine
 10
15120.0
 20
-8900.0
 30
0.0
 11
17280.0
 21
-8900.0
 31
0.0
  0
MTEXT
  5
5AB
330
5A1
100
AcDbEntity
  8
DIMENSION
 62
3
100
AcDbMText
 10
16200.0
 20
-8828.75
 30
0.0
 40
105.0
 71
5
  1
2400
  0
POINT
  5
5AC
330
5A1
100
AcDbEntity
  8
Defpoints
100
AcDbPoint
 10
15000.0
 20
-8900.0
 30
0.0
  0
POINT
  5
5AD
330
5A1
100
AcDbEntity
  8
Defpoints
100
AcDbPoint
 10
15000.0
 20
-9000.0
 30
0.0
  0
POINT
  5
5AE
330
5A1
100
AcDbEntity
  8
Defpoints
100
AcDbPoint
 10
17400.0
 20
-9000.0
 30
0.0
  0
ENDBLK
  5
5A3
330
5A1
100
AcDbEntity
  8
0
100
AcDbBlockEnd
  0
BLOCK
  5
5B5
330
5B4
100
AcDbEntity
  8
0
100
AcDbBlockBegin
  2
*D75
 70
1
 10
0.0
 20
0.0
 30
0.0
  3
*D75
  1

  0
LINE
  5
5B7
330
5B4
100
AcDbEntity
  8
0
 62
3
100
AcDbLine
 10
17400.0
 20
-9000.0
 30
0.0
 11
17400.0
 21
-8900.0
 31
0.0
  0
LINE
  5
5B8
330
5B4
100
AcDbEntity
  8
0
 62
3
100
AcDbLine
 10
19800.0
 20
-9000.0
 30
0.0
 11
19800.0
 21
-8900.0
 31
0.0
  0
INSERT
  5
5B9
330
5B4
100
AcDbEntity
  8
DIMENSION
 62
0
100
AcDbBlockReference
  2
_CLOSEDFILLED
 10
17400.0
 20
-8900.0
 30
0.0
 41
120.0
 42
120.0
 50
180.0
  0
INSERT
  5
5BB
330
5B4
100
AcDbEntity
  8
DIMENSION
 62
0
100
AcDbBlockReference
  2
_CLOSEDFILLED
 10
19800.0
 20
-8900.0
 30
0.0
 41
120.0
 42
120.0
  0
LINE
  5
5BD
330
5B4
100
AcDbEntity
  8
0
 62
0
100
AcDbLine
 10
17520.0
 20
-8900.0
 30
0.0
 11
19680.0
 21
-8900.0
 31
0.0
  0
MTEXT
  5
5BE
330
5B4
100
AcDbEntity
  8
DIMENSION
 62
3
100
AcDbMText
 10
18600.0
 20
-8828.75
 30
0.0
 40
105.0
 71
5
  1
2400
  0
POINT
  5
5BF
330
5B4
100
AcDbEntity
  8
Defpoints
100
AcDbPoint
 10
17400.0
 20
-8900.0
 30
0.0
  0
POINT
  5
5C0
330
5B4
100
AcDbEntity
  8
Defpoints
100
AcDbPoint
 10
17400.0
 20
-9000.0
 30
0.0
  0
POINT
  5
5C1
330
5B4
100
AcDbEntity
  8
Defpoints
100
AcDbPoint
 10
19800.0
 20
-9000.0
 30
0.0
  0
ENDBLK
  5
5B6
330
5B4
100
AcDbEntity
  8
0
100
AcDbBlockEnd
  0
BLOCK
  5
5C8
330
5C7
100
AcDbEntity
  8
0
100
AcDbBlockBegin
  2
*D76
 70
1
 10
0.0
 20
0.0
 30
0.0
  3
*D76
  1

  0
LINE
  5
5CA
330
5C7
100
AcDbEntity
  8
0
 62
3
100
AcDbLine
 10
19800.0
 20
-9000.0
 30
0.0
 11
19800.0
 21
-8900.0
 31
0.0
  0
LINE
  5
5CB
330
5C7
100
AcDbEntity
  8
0
 62
3
100
AcDbLine
 10
22200.0
 20
-9000.0
 30
0.0
 11
22200.0
 21
-8900.0
 31
0.0
  0
INSERT
  5
5CC
330
5C7
100
AcDbEntity
  8
DIMENSION
 62
0
100
AcDbBlockReference
  2
_CLOSEDFILLED
 10
19800.0
 20
-8900.0
 30
0.0
 41
120.0
 42
120.0
 50
180.0
  0
INSERT
  5
5CE
330
5C7
100
AcDbEntity
  8
DIMENSION
 62
0
100
AcDbBlockReference
  2
_CLOSEDFILLED
 10
22200.0
 20
-8900.0
 30
0.0
 41
120.0
 42
120.0
  0
LINE
  5
5D0
330
5C7
100
AcDbEntity
  8
0
 62
0
100
AcDbLine
 10
19920.0
 20
-8900.0
 30
0.0
 11
22080.0
 21
-8900.0
 31
0.0
  0
MTEXT
  5
5D1
330
5C7
100
AcDbEntity
  8
DIMENSION
 62
3
100
AcDbMText
 10
21000.0
 20
-8828.75
 30
0.0
 40
105.0
 71
5
  1
2400
  0
POINT
  5
5D2
330
5C7
100
AcDbEntity
  8
Defpoints
100
AcDbPoint
 10
19800.0
 20
-8900.0
 30
0.0
  0
POINT
  5
5D3
330
5C7
100
AcDbEntity
  8
Defpoints
100
AcDbPoint
 10
19800.0
 20
-9000.0
 30
0.0
  0
POINT
  5
5D4
330
5C7
100
AcDbEntity
  8
Defpoints
100
AcDbPoint
 10
22200.0
 20
-9000.0
 30
0.0
  0
ENDBLK
  5
5C9
330
5C7
100
AcDbEntity
  8
0
100
AcDbBlockEnd
  0
BLOCK
  5
5DB
330
5DA
100
AcDbEntity
  8
0
100
AcDbBlockBegin
  2
*D77
 70
1
 10
0.0
 20
0.0
 30
0.0
  3
*D77
  1

  0
LINE
  5
5DD
330
5DA
100
AcDbEntity
  8
0
 62
3
100
AcDbLine
 10
22200.0
 20
-9000.0
 30
0.0
 11
22200.0
 21
-8900.0
 31
0.0
  0
LINE
  5
5DE
330
5DA
100
AcDbEntity
  8
0
 62
3
100
AcDbLine
 10
24600.0
 20
-9000.0
 30
0.0
 11
24600.0
 21
-8900.0
 31
0.0
  0
INSERT
  5
5DF
330
5DA
100
AcDbEntity
  8
DIMENSION
 62
0
100
AcDbBlockReference
  2
_CLOSEDFILLED
 10
22200.0
 20
-8900.0
 30
0.0
 41
120.0
 42
120.0
 50
180.0
  0
INSERT
  5
5E1
330
5DA
100
AcDbEntity
  8
DIMENSION
 62
0
100
AcDbBlockReference
  2
_CLOSEDFILLED
 10
24600.0
 20
-8900.0
 30
0.0
 41
120.0
 42
120.0
  0
LINE
  5
5E3
330
5DA
100
AcDbEntity
  8
0
 62
0
100
AcDbLine
 10
22320.0
 20
-8900.0
 30
0.0
 11
24480.0
 21
-8900.0
 31
0.0
  0
MTEXT
  5
5E4
330
5DA
100
AcDbEntity
  8
DIMENSION
 62
3
100
AcDbMText
 10
23400.0
 20
-8828.75
 30
0.0
 40
105.0
 71
5
  1
2400
  0
POINT
  5
5E5
330
5DA
100
AcDbEntity
  8
Defpoints
100
AcDbPoint
 10
22200.0
 20
-8900.0
 30
0.0
  0
POINT
  5
5E6
330
5DA
100
AcDbEntity
  8
Defpoints
100
AcDbPoint
 10
22200.0
 20
-9000.0
 30
0.0
  0
POINT
  5
5E7
330
5DA
100
AcDbEntity
  8
Defpoints
100
AcDbPoint
 10
24600.0
 20
-9000.0
 30
0.0
  0
ENDBLK
  5
5DC
330
5DA
100
AcDbEntity
  8
0
100
AcDbBlockEnd
  0
BLOCK
  5
5EE
330
5ED
100
AcDbEntity
  8
0
100
AcDbBlockBegin
  2
*D78
 70
1
 10
0.0
 20
0.0
 30
0.0
  3
*D78
  1

  0
LINE
  5
5F0
330
5ED
100
AcDbEntity
  8
0
 62
3
100
AcDbLine
 10
24600.0
 20
-9000.0
 30
0.0
 11
24600.0
 21
-8900.0
 31
0.0
  0
LINE
  5
5F1
330
5ED
100
AcDbEntity
  8
0
 62
3
100
AcDbLine
 10
27000.0
 20
-9000.0
 30
0.0
 11
27000.0
 21
-8900.0
 31
0.0
  0
INSERT
  5
5F2
330
5ED
100
AcDbEntity
  8
DIMENSION
 62
0
100
AcDbBlockReference
  2
_CLOSEDFILLED
 10
24600.0
 20
-8900.0
 30
0.0
 41
120.0
 42
120.0
 50
180.0
  0
INSERT
  5
5F4
330
5ED
100
AcDbEntity
  8
DIMENSION
 62
0
100
AcDbBlockReference
  2
_CLOSEDFILLED
 10
27000.0
 20
-8900.0
 30
0.0
 41
120.0
 42
120.0
  0
LINE
  5
5F6
330
5ED
100
AcDbEntity
  8
0
 62
0
100
AcDbLine
 10
24720.0
 20
-8900.0
 30
0.0
 11
26880.0
 21
-8900.0
 31
0.0
  0
MTEXT
  5
5F7
330
5ED
100
AcDbEntity
  8
DIMENSION
 62
3
100
AcDbMText
 10
25800.0
 20
-8828.75
 30
0.0
 40
105.0
 71
5
  1
2400
  0
POINT
  5
5F8
330
5ED
100
AcDbEntity
  8
Defpoints
100
AcDbPoint
 10
24600.0
 20
-8900.0
 30
0.0
  0
POINT
  5
5F9
330
5ED
100
AcDbEntity
  8
Defpoints
100
AcDbPoint
 10
24600.0
 20
-9000.0
 30
0.0
  0
POINT
  5
5FA
330
5ED
100
AcDbEntity
  8
Defpoints
100
AcDbPoint
 10
27000.0
 20
-9000.0
 30
0.0
  0
ENDBLK
  5
5EF
330
5ED
100
AcDbEntity
  8
0
100
AcDbBlockEnd
  0
BLOCK
  5
5FF
330
5FE
100
AcDbEntity
  8
0
100
AcDbBlockBegin
  2
*D79
 70
1
 10
0.0
 20
0.0
 30
0.0
  3
*D79
  1

  0
LINE
  5
601
330
5FE
100
AcDbEntity
  8
0
 62
3
100
AcDbLine
 10
15010.0
 20
-9850.0
 30
0.0
 11
14890.0
 21
-9850.0
 31
0.0
  0
LINE
  5
602
330
5FE
100
AcDbEntity
  8
0
 62
3
100
AcDbLine
 10
15010.0
 20
-9650.0
 30
0.0
 11
14890.0
 21
-9650.0
 31
0.0
  0
INSERT
  5
603
330
5FE
100
AcDbEntity
  8
DIMENSION
 62
0
100
AcDbBlockReference
  2
_CLOSEDFILLED
 10
14890.0
 20
-9850.0
 30
0.0
 41
120.0
 42
120.0
 50
90.0
  0
INSERT
  5
605
330
5FE
100
AcDbEntity
  8
DIMENSION
 62
0
100
AcDbBlockReference
  2
_CLOSEDFILLED
 10
14890.0
 20
-9650.0
 30
0.0
 41
120.0
 42
120.0
 50
270.0
  0
LINE
  5
607
330
5FE
100
AcDbEntity
  8
0
 62
0
100
AcDbLine
 10
14890.0
 20
-9970.0
 30
0.0
 11
14890.0
 21
-10090.0
 31
0.0
  0
LINE
  5
608
330
5FE
100
AcDbEntity
  8
0
 62
0
100
AcDbLine
 10
14890.0
 20
-9530.0
 30
0.0
 11
14890.0
 21
-9410.0
 31
0.0
  0
LINE
  5
609
330
5FE
100
AcDbEntity
  8
0
 62
0
100
AcDbLine
 10
14890.0
 20
-9850.0
 30
0.0
 11
14890.0
 21
-9650.0
 31
0.0
  0
MTEXT
  5
60A
330
5FE
100
AcDbEntity
  8
DIMENSION
 62
3
100
AcDbMText
 10
14818.75
 20
-9750.0
 30
0.0
 40
105.0
 71
5
  1
200
 50
90.0
  0
POINT
  5
60B
330
5FE
100
AcDbEntity
  8
Defpoints
100
AcDbPoint
 10
14890.0
 20
-9850.0
 30
0.0
  0
POINT
  5
60C
330
5FE
100
AcDbEntity
  8
Defpoints
100
AcDbPoint
 10
15010.0
 20
-9850.0
 30
0.0
  0
POINT
  5
60D
330
5FE
100
AcDbEntity
  8
Defpoints
100
AcDbPoint
 10
15010.0
 20
-9650.0
 30
0.0
  0
ENDBLK
  5
600
330
5FE
100
AcDbEntity
  8
0
100
AcDbBlockEnd
  0
BLOCK
  5
614
330
613
100
AcDbEntity
  8
0
100
AcDbBlockBegin
  2
*D80
 70
1
 10
0.0
 20
0.0
 30
0.0
  3
*D80
  1

  0
LINE
  5
616
330
613
100
AcDbEntity
  8
0
 62
3
100
AcDbLine
 10
15000.0
 20
-9650.0
 30
0.0
 11
15000.0
 21
-9550.0
 31
0.0
  0
LINE
  5
617
330
613
100
AcDbEntity
  8
0
 62
3
100
AcDbLine
 10
17400.0
 20
-9650.0
 30
0.0
 11
17400.0
 21
-9550.0
 31
0.0
  0
INSERT
  5
618
330
613
100
AcDbEntity
  8
DIMENSION
 62
0
100
AcDbBlockReference
  2
_CLOSEDFILLED
 10
15000.0
 20
-9550.0
 30
0.0
 41
120.0
 42
120.0
 50
180.0
  0
INSERT
  5
61A
330
613
100
AcDbEntity
  8
DIMENSION
 62
0
100
AcDbBlockReference
  2
_CLOSEDFILLED
 10
17400.0
 20
-9550.0
 30
0.0
 41
120.0
 42
120.0
  0
LINE
  5
61C
330
613
100
AcDbEntity
  8
0
 62
0
100
AcDbLine
 10
15120.0
 20
-9550.0
 30
0.0
 11
17280.0
 21
-9550.0
 31
0.0
  0
MTEXT
  5
61D
330
613
100
AcDbEntity
  8
DIMENSION
 62
3
100
AcDbMText
 10
16200.0
 20
-9478.75
 30
0.0
 40
105.0
 71
5
  1
2400
  0
POINT
  5
61E
330
613
100
AcDbEntity
  8
Defpoints
100
AcDbPoint
 10
15000.0
 20
-9550.0
 30
0.0
  0
POINT
  5
61F
330
613
100
AcDbEntity
  8
Defpoints
100
AcDbPoint
 10
15000.0
 20
-9650.0
 30
0.0
  0
POINT
  5
620
330
613
100
AcDbEntity
  8
Defpoints
100
AcDbPoint
 10
17400.0
 20
-9650.0
 30
0.0
  0
ENDBLK
  5
615
330
613
100
AcDbEntity
  8
0
100
AcDbBlockEnd
  0
BLOCK
  5
627
330
626
100
AcDbEntity
  8
0
100
AcDbBlockBegin
  2
*D81
 70
1
 10
0.0
 20
0.0
 30
0.0
  3
*D81
  1

  0
LINE
  5
629
330
626
100
AcDbEntity
  8
0
 62
3
100
AcDbLine
 10
17400.0
 20
-9650.0
 30
0.0
 11
17400.0
 21
-9550.0
 31
0.0
  0
LINE
  5
62A
330
626
100
AcDbEntity
  8
0
 62
3
100
AcDbLine
 10
19800.0
 20
-9650.0
 30
0.0
 11
19800.0
 21
-9550.0
 31
0.0
  0
INSERT
  5
62B
330
626
100
AcDbEntity
  8
DIMENSION
 62
0
100
AcDbBlockReference
  2
_CLOSEDFILLED
 10
17400.0
 20
-9550.0
 30
0.0
 41
120.0
 42
120.0
 50
180.0
  0
INSERT
  5
62D
330
626
100
AcDbEntity
  8
DIMENSION
 62
0
100
AcDbBlockReference
  2
_CLOSEDFILLED
 10
19800.0
 20
-9550.0
 30
0.0
 41
120.0
 42
120.0
  0
LINE
  5
62F
330
626
100
AcDbEntity
  8
0
 62
0
100
AcDbLine
 10
17520.0
 20
-9550.0
 30
0.0
 11
19680.0
 21
-9550.0
 31
0.0
  0
MTEXT
  5
630
330
626
100
AcDbEntity
  8
DIMENSION
 62
3
100
AcDbMText
 10
18600.0
 20
-9478.75
 30
0.0
 40
105.0
 71
5
  1
2400
  0
POINT
  5
631
330
626
100
AcDbEntity
  8
Defpoints
100
AcDbPoint
 10
17400.0
 20
-9550.0
 30
0.0
  0
POINT
  5
632
330
626
100
AcDbEntity
  8
Defpoints
100
AcDbPoint
 10
17400.0
 20
-9650.0
 30
0.0
  0
POINT
  5
633
330
626
100
AcDbEntity
  8
Defpoints
100
AcDbPoint
 10
19800.0
 20
-9650.0
 30
0.0
  0
ENDBLK
  5
628
330
626
100
AcDbEntity
  8
0
100
AcDbBlockEnd
  0
BLOCK
  5
63A
330
639
100
AcDbEntity
  8
0
100
AcDbBlockBegin
  2
*D82
 70
1
 10
0.0
 20
0.0
 30
0.0
  3
*D82
  1

  0
LINE
  5
63C
330
639
100
AcDbEntity
  8
0
 62
3
100
AcDbLine
 10
19800.0
 20
-9650.0
 30
0.0
 11
19800.0
 21
-9550.0
 31
0.0
  0
LINE
  5
63D
330
639
100
AcDbEntity
  8
0
 62
3
100
AcDbLine
 10
22200.0
 20
-9650.0
 30
0.0
 11
22200.0
 21
-9550.0
 31
0.0
  0
INSERT
  5
63E
330
639
100
AcDbEntity
  8
DIMENSION
 62
0
100
AcDbBlockReference
  2
_CLOSEDFILLED
 10
19800.0
 20
-9550.0
 30
0.0
 41
120.0
 42
120.0
 50
180.0
  0
INSERT
  5
640
330
639
100
AcDbEntity
  8
DIMENSION
 62
0
100
AcDbBlockReference
  2
_CLOSEDFILLED
 10
22200.0
 20
-9550.0
 30
0.0
 41
120.0
 42
120.0
  0
LINE
  5
642
330
639
100
AcDbEntity
  8
0
 62
0
100
AcDbLine
 10
19920.0
 20
-9550.0
 30
0.0
 11
22080.0
 21
-9550.0
 31
0.0
  0
MTEXT
  5
643
330
639
100
AcDbEntity
  8
DIMENSION
 62
3
100
AcDbMText
 10
21000.0
 20
-9478.75
 30
0.0
 40
105.0
 71
5
  1
2400
  0
POINT
  5
644
330
639
100
AcDbEntity
  8
Defpoints
100
AcDbPoint
 10
19800.0
 20
-9550.0
 30
0.0
  0
POINT
  5
645
330
639
100
AcDbEntity
  8
Defpoints
100
AcDbPoint
 10
19800.0
 20
-9650.0
 30
0.0
  0
POINT
  5
646
330
639
100
AcDbEntity
  8
Defpoints
100
AcDbPoint
 10
22200.0
 20
-9650.0
 30
0.0
  0
ENDBLK
  5
63B
330
639
100
AcDbEntity
  8
0
100
AcDbBlockEnd
  0
BLOCK
  5
64D
330
64C
100
AcDbEntity
  8
0
100
AcDbBlockBegin
  2
*D83
 70
1
 10
0.0
 20
0.0
 30
0.0
  3
*D83
  1

  0
LINE
  5
64F
330
64C
100
AcDbEntity
  8
0
 62
3
100
AcDbLine
 10
22200.0
 20
-9650.0
 30
0.0
 11
22200.0
 21
-9550.0
 31
0.0
  0
LINE
  5
650
330
64C
100
AcDbEntity
  8
0
 62
3
100
AcDbLine
 10
24600.0
 20
-9650.0
 30
0.0
 11
24600.0
 21
-9550.0
 31
0.0
  0
INSERT
  5
651
330
64C
100
AcDbEntity
  8
DIMENSION
 62
0
100
AcDbBlockReference
  2
_CLOSEDFILLED
 10
22200.0
 20
-9550.0
 30
0.0
 41
120.0
 42
120.0
 50
180.0
  0
INSERT
  5
653
330
64C
100
AcDbEntity
  8
DIMENSION
 62
0
100
AcDbBlockReference
  2
_CLOSEDFILLED
 10
24600.0
 20
-9550.0
 30
0.0
 41
120.0
 42
120.0
  0
LINE
  5
655
330
64C
100
AcDbEntity
  8
0
 62
0
100
AcDbLine
 10
22320.0
 20
-9550.0
 30
0.0
 11
24480.0
 21
-9550.0
 31
0.0
  0
MTEXT
  5
656
330
64C
100
AcDbEntity
  8
DIMENSION
 62
3
100
AcDbMText
 10
23400.0
 20
-9478.75
 30
0.0
 40
105.0
 71
5
  1
2400
  0
POINT
  5
657
330
64C
100
AcDbEntity
  8
Defpoints
100
AcDbPoint
 10
22200.0
 20
-9550.0
 30
0.0
  0
POINT
  5
658
330
64C
100
AcDbEntity
  8
Defpoints
100
AcDbPoint
 10
22200.0
 20
-9650.0
 30
0.0
  0
POINT
  5
659
330
64C
100
AcDbEntity
  8
Defpoints
100
AcDbPoint
 10
24600.0
 20
-9650.0
 30
0.0
  0
ENDBLK
  5
64E
330
64C
100
AcDbEntity
  8
0
100
AcDbBlockEnd
  0
BLOCK
  5
660
330
65F
100
AcDbEntity
  8
0
100
AcDbBlockBegin
  2
*D84
 70
1
 10
0.0
 20
0.0
 30
0.0
  3
*D84
  1

  0
LINE
  5
662
330
65F
100
AcDbEntity
  8
0
 62
3
100
AcDbLine
 10
24600.0
 20
-9650.0
 30
0.0
 11
24600.0
 21
-9550.0
 31
0.0
  0
LINE
  5
663
330
65F
100
AcDbEntity
  8
0
 62
3
100
AcDbLine
 10
27000.0
 20
-9650.0
 30
0.0
 11
27000.0
 21
-9550.0
 31
0.0
  0
INSERT
  5
664
330
65F
100
AcDbEntity
  8
DIMENSION
 62
0
100
AcDbBlockReference
  2
_CLOSEDFILLED
 10
24600.0
 20
-9550.0
 30
0.0
 41
120.0
 42
120.0
 50
180.0
  0
INSERT
  5
666
330
65F
100
AcDbEntity
  8
DIMENSION
 62
0
100
AcDbBlockReference
  2
_CLOSEDFILLED
 10
27000.0
 20
-9550.0
 30
0.0
 41
120.0
 42
120.0
  0
LINE
  5
668
330
65F
100
AcDbEntity
  8
0
 62
0
100
AcDbLine
 10
24720.0
 20
-9550.0
 30
0.0
 11
26880.0
 21
-9550.0
 31
0.0
  0
MTEXT
  5
669
330
65F
100
AcDbEntity
  8
DIMENSION
 62
3
100
AcDbMText
 10
25800.0
 20
-9478.75
 30
0.0
 40
105.0
 71
5
  1
2400
  0
POINT
  5
66A
330
65F
100
AcDbEntity
  8
Defpoints
100
AcDbPoint
 10
24600.0
 20
-9550.0
 30
0.0
  0
POINT
  5
66B
330
65F
100
AcDbEntity
  8
Defpoints
100
AcDbPoint
 10
24600.0
 20
-9650.0
 30
0.0
  0
POINT
  5
66C
330
65F
100
AcDbEntity
  8
Defpoints
100
AcDbPoint
 10
27000.0
 20
-9650.0
 30
0.0
  0
ENDBLK
  5
661
330
65F
100
AcDbEntity
  8
0
100
AcDbBlockEnd
  0
BLOCK
  5
671
330
670
100
AcDbEntity
  8
0
100
AcDbBlockBegin
  2
*D85
 70
1
 10
0.0
 20
0.0
 30
0.0
  3
*D85
  1

  0
LINE
  5
673
330
670
100
AcDbEntity
  8
0
 62
3
100
AcDbLine
 10
15010.0
 20
-10500.0
 30
0.0
 11
14890.0
 21
-10500.0
 31
0.0
  0
LINE
  5
674
330
670
100
AcDbEntity
  8
0
 62
3
100
AcDbLine
 10
15010.0
 20
-10300.0
 30
0.0
 11
14890.0
 21
-10300.0
 31
0.0
  0
INSERT
  5
675
330
670
100
AcDbEntity
  8
DIMENSION
 62
0
100
AcDbBlockReference
  2
_CLOSEDFILLED
 10
14890.0
 20
-10500.0
 30
0.0
 41
120.0
 42
120.0
 50
90.0
  0
INSERT
  5
677
330
670
100
AcDbEntity
  8
DIMENSION
 62
0
100
AcDbBlockReference
  2
_CLOSEDFILLED
 10
14890.0
 20
-10300.0
 30
0.0
 41
120.0
 42
120.0
 50
270.0
  0
LINE
  5
679
330
670
100
AcDbEntity
  8
0
 62
0
100
AcDbLine
 10
14890.0
 20
-10620.0
 30
0.0
 11
14890.0
 21
-10740.0
 31
0.0
  0
LINE
  5
67A
330
670
100
AcDbEntity
  8
0
 62
0
100
AcDbLine
 10
14890.0
 20
-10180.0
 30
0.0
 11
14890.0
 21
-10060.0
 31
0.0
  0
LINE
  5
67B
330
670
100
AcDbEntity
  8
0
 62
0
100
AcDbLine
 10
14890.0
 20
-10500.0
 30
0.0
 11
14890.0
 21
-10300.0
 31
0.0
  0
MTEXT
  5
67C
330
670
100
AcDbEntity
  8
DIMENSION
 62
3
100
AcDbMText
 10
14818.75
 20
-10400.0
 30
0.0
 40
105.0
 71
5
  1
200
 50
90.0
  0
POINT
  5
67D
330
670
100
AcDbEntity
  8
Defpoints
100
AcDbPoint
 10
14890.0
 20
-10500.0
 30
0.0
  0
POINT
  5
67E
330
670
100
AcDbEntity
  8
Defpoints
100
AcDbPoint
 10
15010.0
 20
-10500.0
 30
0.0
  0
POINT
  5
67F
330
670
100
AcDbEntity
  8
Defpoints
100
AcDbPoint
 10
15010.0
 20
-10300.0
 30
0.0
  0
ENDBLK
  5
672
330
670
100
AcDbEntity
  8
0
100
AcDbBlockEnd
  0
BLOCK
  5
686
330
685
100
AcDbEntity
  8
0
100
AcDbBlockBegin
  2
*D86
 70
1
 10
0.0
 20
0.0
 30
0.0
  3
*D86
  1

  0
LINE
  5
688
330
685
100
AcDbEntity
  8
0
 62
3
100
AcDbLine
 10
15000.0
 20
-10300.0
 30
0.0
 11
15000.0
 21
-10200.0
 31
0.0
  0
LINE
  5
689
330
685
100
AcDbEntity
  8
0
 62
3
100
AcDbLine
 10
17400.0
 20
-10300.0
 30
0.0
 11
17400.0
 21
-10200.0
 31
0.0
  0
INSERT
  5
68A
330
685
100
AcDbEntity
  8
DIMENSION
 62
0
100
AcDbBlockReference
  2
_CLOSEDFILLED
 10
15000.0
 20
-10200.0
 30
0.0
 41
120.0
 42
120.0
 50
180.0
  0
INSERT
  5
68C
330
685
100
AcDbEntity
  8
DIMENSION
 62
0
100
AcDbBlockReference
  2
_CLOSEDFILLED
 10
17400.0
 20
-10200.0
 30
0.0
 41
120.0
 42
120.0
  0
LINE
  5
68E
330
685
100
AcDbEntity
  8
0
 62
0
100
AcDbLine
 10
15120.0
 20
-10200.0
 30
0.0
 11
17280.0
 21
-10200.0
 31
0.0
  0
MTEXT
  5
68F
330
685
100
AcDbEntity
  8
DIMENSION
 62
3
100
AcDbMText
 10
16200.0
 20
-10128.75
 30
0.0
 40
105.0
 71
5
  1
2400
  0
POINT
  5
690
330
685
100
AcDbEntity
  8
Defpoints
100
AcDbPoint
 10
15000.0
 20
-10200.0
 30
0.0
  0
POINT
  5
691
330
685
100
AcDbEntity
  8
Defpoints
100
AcDbPoint
 10
15000.0
 20
-10300.0
 30
0.0
  0
POINT
  5
692
330
685
100
AcDbEntity
  8
Defpoints
100
AcDbPoint
 10
17400.0
 20
-10300.0
 30
0.0
  0
ENDBLK
  5
687
330
685
100
AcDbEntity
  8
0
100
AcDbBlockEnd
  0
BLOCK
  5
699
330
698
100
AcDbEntity
  8
0
100
AcDbBlockBegin
  2
*D87
 70
1
 10
0.0
 20
0.0
 30
0.0
  3
*D87
  1

  0
LINE
  5
69B
330
698
100
AcDbEntity
  8
0
 62
3
100
AcDbLine
 10
17400.0
 20
-10300.0
 30
0.0
 11
17400.0
 21
-10200.0
 31
0.0
  0
LINE
  5
69C
330
698
100
AcDbEntity
  8
0
 62
3
100
AcDbLine
 10
19800.0
 20
-10300.0
 30
0.0
 11
19800.0
 21
-10200.0
 31
0.0
  0
INSERT
  5
69D
330
698
100
AcDbEntity
  8
DIMENSION
 62
0
100
AcDbBlockReference
  2
_CLOSEDFILLED
 10
17400.0
 20
-10200.0
 30
0.0
 41
120.0
 42
120.0
 50
180.0
  0
INSERT
  5
69F
330
698
100
AcDbEntity
  8
DIMENSION
 62
0
100
AcDbBlockReference
  2
_CLOSEDFILLED
 10
19800.0
 20
-10200.0
 30
0.0
 41
120.0
 42
120.0
  0
LINE
  5
6A1
330
698
100
AcDbEntity
  8
0
 62
0
100
AcDbLine
 10
17520.0
 20
-10200.0
 30
0.0
 11
19680.0
 21
-10200.0
 31
0.0
  0
MTEXT
  5
6A2
330
698
100
AcDbEntity
  8
DIMENSION
 62
3
100
AcDbMText
 10
18600.0
 20
-10128.75
 30
0.0
 40
105.0
 71
5
  1
2400
  0
POINT
  5
6A3
330
698
100
AcDbEntity
  8
Defpoints
100
AcDbPoint
 10
17400.0
 20
-10200.0
 30
0.0
  0
POINT
  5
6A4
330
698
100
AcDbEntity
  8
Defpoints
100
AcDbPoint
 10
17400.0
 20
-10300.0
 30
0.0
  0
POINT
  5
6A5
330
698
100
AcDbEntity
  8
Defpoints
100
AcDbPoint
 10
19800.0
 20
-10300.0
 30
0.0
  0
ENDBLK
  5
69A
330
698
100
AcDbEntity
  8
0
100
AcDbBlockEnd
  0
BLOCK
  5
6AC
330
6AB
100
AcDbEntity
  8
0
100
AcDbBlockBegin
  2
*D88
 70
1
 10
0.0
 20
0.0
 30
0.0
  3
*D88
  1

  0
LINE
  5
6AE
330
6AB
100
AcDbEntity
  8
0
 62
3
100
AcDbLine
 10
19800.0
 20
-10300.0
 30
0.0
 11
19800.0
 21
-10200.0
 31
0.0
  0
LINE
  5
6AF
330
6AB
100
AcDbEntity
  8
0
 62
3
100
AcDbLine
 10
22200.0
 20
-10300.0
 30
0.0
 11
22200.0
 21
-10200.0
 31
0.0
  0
INSERT
  5
6B0
330
6AB
100
AcDbEntity
  8
DIMENSION
 62
0
100
AcDbBlockReference
  2
_CLOSEDFILLED
 10
19800.0
 20
-10200.0
 30
0.0
 41
120.0
 42
120.0
 50
180.0
  0
INSERT
  5
6B2
330
6AB
100
AcDbEntity
  8
DIMENSION
 62
0
100
AcDbBlockReference
  2
_CLOSEDFILLED
 10
22200.0
 20
-10200.0
 30
0.0
 41
120.0
 42
120.0
  0
LINE
  5
6B4
330
6AB
100
AcDbEntity
  8
0
 62
0
100
AcDbLine
 10
19920.0
 20
-10200.0
 30
0.0
 11
22080.0
 21
-10200.0
 31
0.0
  0
MTEXT
  5
6B5
330
6AB
100
AcDbEntity
  8
DIMENSION
 62
3
100
AcDbMText
 10
21000.0
 20
-10128.75
 30
0.0
 40
105.0
 71
5
  1
2400
  0
POINT
  5
6B6
330
6AB
100
AcDbEntity
  8
Defpoints
100
AcDbPoint
 10
19800.0
 20
-10200.0
 30
0.0
  0
POINT
  5
6B7
330
6AB
100
AcDbEntity
  8
Defpoints
100
AcDbPoint
 10
19800.0
 20
-10300.0
 30
0.0
  0
POINT
  5
6B8
330
6AB
100
AcDbEntity
  8
Defpoints
100
AcDbPoint
 10
22200.0
 20
-10300.0
 30
0.0
  0
ENDBLK
  5
6AD
330
6AB
100
AcDbEntity
  8
0
100
AcDbBlockEnd
  0
BLOCK
  5
6BF
330
6BE
100
AcDbEntity
  8
0
100
AcDbBlockBegin
  2
*D89
 70
1
 10
0.0
 20
0.0
 30
0.0
  3
*D89
  1

  0
LINE
  5
6C1
330
6BE
100
AcDbEntity
  8
0
 62
3
100
AcDbLine
 10
22200.0
 20
-10300.0
 30
0.0
 11
22200.0
 21
-10200.0
 31
0.0
  0
LINE
  5
6C2
330
6BE
100
AcDbEntity
  8
0
 62
3
100
AcDbLine
 10
24600.0
 20
-10300.0
 30
0.0
 11
24600.0
 21
-10200.0
 31
0.0
  0
INSERT
  5
6C3
330
6BE
100
AcDbEntity
  8
DIMENSION
 62
0
100
AcDbBlockReference
  2
_CLOSEDFILLED
 10
22200.0
 20
-10200.0
 30
0.0
 41
120.0
 42
120.0
 50
180.0
  0
INSERT
  5
6C5
330
6BE
100
AcDbEntity
  8
DIMENSION
 62
0
100
AcDbBlockReference
  2
_CLOSEDFILLED
 10
24600.0
 20
-10200.0
 30
0.0
 41
120.0
 42
120.0
  0
LINE
  5
6C7
330
6BE
100
AcDbEntity
  8
0
 62
0
100
AcDbLine
 10
22320.0
 20
-10200.0
 30
0.0
 11
24480.0
 21
-10200.0
 31
0.0
  0
MTEXT
  5
6C8
330
6BE
100
AcDbEntity
  8
DIMENSION
 62
3
100
AcDbMText
 10
23400.0
 20
-10128.75
 30
0.0
 40
105.0
 71
5
  1
2400
  0
POINT
  5
6C9
330
6BE
100
AcDbEntity
  8
Defpoints
100
AcDbPoint
 10
22200.0
 20
-10200.0
 30
0.0
  0
POINT
  5
6CA
330
6BE
100
AcDbEntity
  8
Defpoints
100
AcDbPoint
 10
22200.0
 20
-10300.0
 30
0.0
  0
POINT
  5
6CB
330
6BE
100
AcDbEntity
  8
Defpoints
100
AcDbPoint
 10
24600.0
 20
-10300.0
 30
0.0
  0
ENDBLK
  5
6C0
330
6BE
100
AcDbEntity
  8
0
100
AcDbBlockEnd
  0
BLOCK
  5
6D2
330
6D1
100
AcDbEntity
  8
0
100
AcDbBlockBegin
  2
*D90
 70
1
 10
0.0
 20
0.0
 30
0.0
  3
*D90
  1

  0
LINE
  5
6D4
330
6D1
100
AcDbEntity
  8
0
 62
3
100
AcDbLine
 10
24600.0
 20
-10300.0
 30
0.0
 11
24600.0
 21
-10200.0
 31
0.0
  0
LINE
  5
6D5
330
6D1
100
AcDbEntity
  8
0
 62
3
100
AcDbLine
 10
27000.0
 20
-10300.0
 30
0.0
 11
27000.0
 21
-10200.0
 31
0.0
  0
INSERT
  5
6D6
330
6D1
100
AcDbEntity
  8
DIMENSION
 62
0
100
AcDbBlockReference
  2
_CLOSEDFILLED
 10
24600.0
 20
-10200.0
 30
0.0
 41
120.0
 42
120.0
 50
180.0
  0
INSERT
  5
6D8
330
6D1
100
AcDbEntity
  8
DIMENSION
 62
0
100
AcDbBlockReference
  2
_CLOSEDFILLED
 10
27000.0
 20
-10200.0
 30
0.0
 41
120.0
 42
120.0
  0
LINE
  5
6DA
330
6D1
100
AcDbEntity
  8
0
 62
0
100
AcDbLine
 10
24720.0
 20
-10200.0
 30
0.0
 11
26880.0
 21
-10200.0
 31
0.0
  0
MTEXT
  5
6DB
330
6D1
100
AcDbEntity
  8
DIMENSION
 62
3
100
AcDbMText
 10
25800.0
 20
-10128.75
 30
0.0
 40
105.0
 71
5
  1
2400
  0
POINT
  5
6DC
330
6D1
100
AcDbEntity
  8
Defpoints
100
AcDbPoint
 10
24600.0
 20
-10200.0
 30
0.0
  0
POINT
  5
6DD
330
6D1
100
AcDbEntity
  8
Defpoints
100
AcDbPoint
 10
24600.0
 20
-10300.0
 30
0.0
  0
POINT
  5
6DE
330
6D1
100
AcDbEntity
  8
Defpoints
100
AcDbPoint
 10
27000.0
 20
-10300.0
 30
0.0
  0
ENDBLK
  5
6D3
330
6D1
100
AcDbEntity
  8
0
100
AcDbBlockEnd
  0
BLOCK
  5
6E3
330
6E2
100
AcDbEntity
  8
0
100
AcDbBlockBegin
  2
*D91
 70
1
 10
0.0
 20
0.0
 30
0.0
  3
*D91
  1

  0
LINE
  5
6E5
330
6E2
100
AcDbEntity
  8
0
 62
3
100
AcDbLine
 10
15010.0
 20
-11150.0
 30
0.0
 11
14890.0
 21
-11150.0
 31
0.0
  0
LINE
  5
6E6
330
6E2
100
AcDbEntity
  8
0
 62
3
100
AcDbLine
 10
15010.0
 20
-10950.0
 30
0.0
 11
14890.0
 21
-10950.0
 31
0.0
  0
INSERT
  5
6E7
330
6E2
100
AcDbEntity
  8
DIMENSION
 62
0
100
AcDbBlockReference
  2
_CLOSEDFILLED
 10
14890.0
 20
-11150.0
 30
0.0
 41
120.0
 42
120.0
 50
90.0
  0
INSERT
  5
6E9
330
6E2
100
AcDbEntity
  8
DIMENSION
 62
0
100
AcDbBlockReference
  2
_CLOSEDFILLED
 10
14890.0
 20
-10950.0
 30
0.0
 41
120.0
 42
120.0
 50
270.0
  0
LINE
  5
6EB
330
6E2
100
AcDbEntity
  8
0
 62
0
100
AcDbLine
 10
14890.0
 20
-11270.0
 30
0.0
 11
14890.0
 21
-11390.0
 31
0.0
  0
LINE
  5
6EC
330
6E2
100
AcDbEntity
  8
0
 62
0
100
AcDbLine
 10
14890.0
 20
-10830.0
 30
0.0
 11
14890.0
 21
-10710.0
 31
0.0
  0
LINE
  5
6ED
330
6E2
100
AcDbEntity
  8
0
 62
0
100
AcDbLine
 10
14890.0
 20
-11150.0
 30
0.0
 11
14890.0
 21
-10950.0
 31
0.0
  0
MTEXT
  5
6EE
330
6E2
100
AcDbEntity
  8
DIMENSION
 62
3
100
AcDbMText
 10
14818.75
 20
-11050.0
 30
0.0
 40
105.0
 71
5
  1
200
 50
90.0
  0
POINT
  5
6EF
330
6E2
100
AcDbEntity
  8
Defpoints
100
AcDbPoint
 10
14890.0
 20
-11150.0
 30
0.0
  0
POINT
  5
6F0
330
6E2
100
AcDbEntity
  8
Defpoints
100
AcDbPoint
 10
15010.0
 20
-11150.0
 30
0.0
  0
POINT
  5
6F1
330
6E2
100
AcDbEntity
  8
Defpoints
100
AcDbPoint
 10
15010.0
 20
-10950.0
 30
0.0
  0
ENDBLK
  5
6E4
330
6E2
100
AcDbEntity
  8
0
100
AcDbBlockEnd
  0
BLOCK
  5
6F8
330
6F7
100
AcDbEntity
  8
0
100
AcDbBlockBegin
  2
*D92
 70
1
 10
0.0
 20
0.0
 30
0.0
  3
*D92
  1

  0
LINE
  5
6FA
330
6F7
100
AcDbEntity
  8
0
 62
3
100
AcDbLine
 10
15000.0
 20
-10950.0
 30
0.0
 11
15000.0
 21
-10850.0
 31
0.0
  0
LINE
  5
6FB
330
6F7
100
AcDbEntity
  8
0
 62
3
100
AcDbLine
 10
17900.0
 20
-10950.0
 30
0.0
 11
17900.0
 21
-10850.0
 31
0.0
  0
INSERT
  5
6FC
330
6F7
100
AcDbEntity
  8
DIMENSION
 62
0
100
AcDbBlockReference
  2
_CLOSEDFILLED
 10
15000.0
 20
-10850.0
 30
0.0
 41
120.0
 42
120.0
 50
180.0
  0
INSERT
  5
6FE
330
6F7
100
AcDbEntity
  8
DIMENSION
 62
0
100
AcDbBlockReference
  2
_CLOSEDFILLED
 10
17900.0
 20
-10850.0
 30
0.0
 41
120.0
 42
120.0
  0
LINE
  5
700
330
6F7
100
AcDbEntity
  8
0
 62
0
100
AcDbLine
 10
15120.0
 20
-10850.0
 30
0.0
 11
17780.0
 21
-10850.0
 31
0.0
  0
MTEXT
  5
701
330
6F7
100
AcDbEntity
  8
DIMENSION
 62
3
100
AcDbMText
 10
16450.0
 20
-10778.75
 30
0.0
 40
105.0
 71
5
  1
2900
  0
POINT
  5
702
330
6F7
100
AcDbEntity
  8
Defpoints
100
AcDbPoint
 10
15000.0
 20
-10850.0
 30
0.0
  0
POINT
  5
703
330
6F7
100
AcDbEntity
  8
Defpoints
100
AcDbPoint
 10
15000.0
 20
-10950.0
 30
0.0
  0
POINT
  5
704
330
6F7
100
AcDbEntity
  8
Defpoints
100
AcDbPoint
 10
17900.0
 20
-10950.0
 30
0.0
  0
ENDBLK
  5
6F9
330
6F7
100
AcDbEntity
  8
0
100
AcDbBlockEnd
  0
BLOCK
  5
70B
330
70A
100
AcDbEntity
  8
0
100
AcDbBlockBegin
  2
*D93
 70
1
 10
0.0
 20
0.0
 30
0.0
  3
*D93
  1

  0
LINE
  5
70D
330
70A
100
AcDbEntity
  8
0
 62
3
100
AcDbLine
 10
17900.0
 20
-10950.0
 30
0.0
 11
17900.0
 21
-10850.0
 31
0.0
  0
LINE
  5
70E
330
70A
100
AcDbEntity
  8
0
 62
3
100
AcDbLine
 10
24700.0
 20
-10950.0
 30
0.0
 11
24700.0
 21
-10850.0
 31
0.0
  0
INSERT
  5
70F
330
70A
100
AcDbEntity
  8
DIMENSION
 62
0
100
AcDbBlockReference
  2
_CLOSEDFILLED
 10
17900.0
 20
-10850.0
 30
0.0
 41
120.0
 42
120.0
 50
180.0
  0
INSERT
  5
711
330
70A
100
AcDbEntity
  8
DIMENSION
 62
0
100
AcDbBlockReference
  2
_CLOSEDFILLED
 10
24700.0
 20
-10850.0
 30
0.0
 41
120.0
 42
120.0
  0
LINE
  5
713
330
70A
100
AcDbEntity
  8
0
 62
0
100
AcDbLine
 10
18020.0
 20
-10850.0
 30
0.0
 11
24580.0
 21
-10850.0
 31
0.0
  0
MTEXT
  5
714
330
70A
100
AcDbEntity
  8
DIMENSION
 62
3
100
AcDbMText
 10
21300.0
 20
-10778.75
 30
0.0
 40
105.0
 71
5
  1
6800
  0
POINT
  5
715
330
70A
100
AcDbEntity
  8
Defpoints
100
AcDbPoint
 10
17900.0
 20
-10850.0
 30
0.0
  0
POINT
  5
716
330
70A
100
AcDbEntity
  8
Defpoints
100
AcDbPoint
 10
17900.0
 20
-10950.0
 30
0.0
  0
POINT
  5
717
330
70A
100
AcDbEntity
  8
Defpoints
100
AcDbPoint
 10
24700.0
 20
-10950.0
 30
0.0
  0
ENDBLK
  5
70C
330
70A
100
AcDbEntity
  8
0
100
AcDbBlockEnd
  0
BLOCK
  5
71F
330
71E
100
AcDbEntity
  8
0
100
AcDbBlockBegin
  2
*D94
 70
1
 10
0.0
 20
0.0
 30
0.0
  3
*D94
  1

  0
LINE
  5
721
330
71E
100
AcDbEntity
  8
0
 62
3
100
AcDbLine
 10
24700.0
 20
-10950.0
 30
0.0
 11
24700.0
 21
-10850.0
 31
0.0
  0
LINE
  5
722
330
71E
100
AcDbEntity
  8
0
 62
3
100
AcDbLine
 10
27000.0
 20
-10950.0
 30
0.0
 11
27000.0
 21
-10850.0
 31
0.0
  0
INSERT
  5
723
330
71E
100
AcDbEntity
  8
DIMENSION
 62
0
100
AcDbBlockReference
  2
_CLOSEDFILLED
 10
24700.0
 20
-10850.0
 30
0.0
 41
120.0
 42
120.0
 50
180.0
  0
INSERT
  5
725
330
71E
100
AcDbEntity
  8
DIMENSION
 62
0
100
AcDbBlockReference
  2
_CLOSEDFILLED
 10
27000.0
 20
-10850.0
 30
0.0
 41
120.0
 42
120.0
  0
LINE
  5
727
330
71E
100
AcDbEntity
  8
0
 62
0
100
AcDbLine
 10
24820.0
 20
-10850.0
 30
0.0
 11
26880.0
 21
-10850.0
 31
0.0
  0
MTEXT
  5
728
330
71E
100
AcDbEntity
  8
DIMENSION
 62
3
100
AcDbMText
 10
25850.0
 20
-10778.75
 30
0.0
 40
105.0
 71
5
  1
余2300
  0
POINT
  5
729
330
71E
100
AcDbEntity
  8
Defpoints
100
AcDbPoint
 10
24700.0
 20
-10850.0
 30
0.0
  0
POINT
  5
72A
330
71E
100
AcDbEntity
  8
Defpoints
100
AcDbPoint
 10
24700.0
 20
-10950.0
 30
0.0
  0
POINT
  5
72B
330
71E
100
AcDbEntity
  8
Defpoints
100
AcDbPoint
 10
27000.0
 20
-10950.0
 30
0.0
  0
ENDBLK
  5
720
330
71E
100
AcDbEntity
  8
0
100
AcDbBlockEnd
  0
ENDSEC
  0
SECTION
  2
ENTITIES
  0
TEXT
  5
33
330
17
100
AcDbEntity
  8
TEXT
100
AcDbText
 10
0.0
 20
0.0
 30
0.0
 40
200.0
  1
北京第二实验中学 BRB, 250方管下料总长5000，需1根12米方管(原材12000)，余料总和：7000mm
 41
0.8
100
AcDbText
  0
DIMENSION
  5
34
330
17
100
AcDbEntity
  8
DIMENSION
 62
3
370
25
100
AcDbDimension
280
0
  2
*D1
  3
Standard
 10
-110.0
 20
-775.0
 30
0.0
 11
-181.25
 21
-650.0
 31
0.0
 70
32
 71
5
  1
250
100
AcDbAlignedDimension
 13
10.0
 23
-775.0
 33
0.0
 14
10.0
 24
-525.0
 34
0.0
 50
90.0
100
AcDbRotatedDimension
  0
DIMENSION
  5
49
330
17
100
AcDbEntity
  8
DIMENSION
 62
3
370
25
100
AcDbDimension
280
0
  2
*D2
  3
Standard
 10
0.0
 20
-245.0
 30
0.0
 11
6000.0
 21
-173.75
 31
0.0
 70
32
 71
5
  1
12000
100
AcDbAlignedDimension
 13
0.0
 23
-525.0
 33
0.0
 14
12000.0
 24
-525.0
 34
0.0
 50
0.0
100
AcDbRotatedDimension
  0
LINE
  5
58
330
17
100
AcDbEntity
  8
TUBE
 62
7
370
35
100
AcDbLine
 10
0.0
 20
-525.0
 30
0.0
 11
5000.0
 21
-525.0
 31
0.0
  0
LINE
  5
59
330
17
100
AcDbEntity
  8
TUBE
 62
7
370
35
100
AcDbLine
 10
0.0
 20
-775.0
 30
0.0
 11
5000.0
 21
-775.0
 31
0.0
  0
LINE
  5
5A
330
17
100
AcDbEntity
  8
TUBE
 62
7
370
35
100
AcDbLine
 10
0.0
 20
-525.0
 30
0.0
 11
0.0
 21
-775.0
 31
0.0
  0
LINE
  5
5B
330
17
100
AcDbEntity
  8
TUBE
 62
7
370
35
100
AcDbLine
 10
5000.0
 20
-525.0
 30
0.0
 11
5000.0
 21
-775.0
 31
0.0
  0
DIMENSION
  5
5C
330
17
100
AcDbEntity
  8
DIMENSION
 62
3
370
25
100
AcDbDimension
280
0
  2
*D3
  3
Standard
 10
0.0
 20
-425.0
 30
0.0
 11
2500.0
 21
-353.75
 31
0.0
 70
32
 71
5
  1
5000
100
AcDbAlignedDimension
 13
0.0
 23
-525.0
 33
0.0
 14
5000.0
 24
-525.0
 34
0.0
 50
0.0
100
AcDbRotatedDimension
  0
TEXT
  5
6B
330
17
100
AcDbEntity
  8
TEXT
100
AcDbText
 10
2500.0
 20
-650.0
 30
0.0
 40
120.0
  1
BRB-2000-5300
 72
1
 11
2500.0
 21
-650.0
 31
0.0
100
AcDbText
 73
2
  0
LINE
  5
6C
330
17
100
AcDbEntity
  8
TUBE
 62
7
370
35
100
AcDbLine
 10
5000.0
 20
-525.0
 30
0.0
 11
12000.0
 21
-525.0
 31
0.0
  0
LINE
  5
6D
330
17
100
AcDbEntity
  8
TUBE
 62
7
370
35
100
AcDbLine
 10
5000.0
 20
-775.0
 30
0.0
 11
12000.0
 21
-775.0
 31
0.0
  0
LINE
  5
6E
330
17
100
AcDbEntity
  8
TUBE
 62
7
370
35
100
AcDbLine
 10
5000.0
 20
-525.0
 30
0.0
 11
5000.0
 21
-775.0
 31
0.0
  0
LINE
  5
6F
330
17
100
AcDbEntity
  8
TUBE
 62
7
370
35
100
AcDbLine
 10
12000.0
 20
-525.0
 30
0.0
 11
12000.0
 21
-775.0
 31
0.0
  0
DIMENSION
  5
70
330
17
100
AcDbEntity
  8
DIMENSION
 62
3
370
25
100
AcDbDimension
280
0
  2
*D4
  3
Standard
 10
5000.0
 20
-425.0
 30
0.0
 11
8500.0
 21
-353.75
 31
0.0
 70
32
 71
5
  1
余7000
100
AcDbAlignedDimension
 13
5000.0
 23
-525.0
 33
0.0
 14
12000.0
 24
-525.0
 34
0.0
 50
0.0
100
AcDbRotatedDimension
  0
TEXT
  5
7F
330
17
100
AcDbEntity
  8
TEXT
100
AcDbText
 10
6000.0
 20
-945.0
 30
0.0
 40
120.0
  1
1根
100
AcDbText
  0
TEXT
  5
80
330
17
100
AcDbEntity
  8
TEXT
100
AcDbText
 10
15000.0
 20
0.0
 30
0.0
 40
200.0
  1
北京第二实验中学 BRB, 200方管下料总长572000，需48根12米方管(原材576000)，余料总和：4000mm
 41
0.8
100
AcDbText
  0
DIMENSION
  5
81
330
17
100
AcDbEntity
  8
DIMENSION
 62
3
370
25
100
AcDbDimension
280
0
  2
*D5
  3
Standard
 10
14890.0
 20
-750.0
 30
0.0
 11
14818.75
 21
-650.0
 31
0.0
 70
32
 71
5
  1
200
100
AcDbAlignedDimension
 13
15010.0
 23
-750.0
 33
0.0
 14
15010.0
 24
-550.0
 34
0.0
 50
90.0
100
AcDbRotatedDimension
  0
DIMENSION
  5
92
330
17
100
AcDbEntity
  8
DIMENSION
 62
3
370
25
100
AcDbDimension
280
0
  2
*D6
  3
Standard
 10
15000.0
 20
-270.0
 30
0.0
 11
21000.0
 21
-198.75
 31
0.0
 70
32
 71
5
  1
12000
100
AcDbAlignedDimension
 13
15000.0
 23
-550.0
 33
0.0
 14
27000.0
 24
-550.0
 34
0.0
 50
0.0
100
AcDbRotatedDimension
  0
LINE
  5
A1
330
17
100
AcDbEntity
  8
TUBE
 62
7
370
35
100
AcDbLine
 10
15000.0
 20
-550.0
 30
0.0
 11
19800.0
 21
-550.0
 31
0.0
  0
LINE
  5
A2
330
17
100
AcDbEntity
  8
TUBE
 62
7
370
35
100
AcDbLine
 10
15000.0
 20
-750.0
 30
0.0
 11
19800.0
 21
-750.0
 31
0.0
  0
LINE
  5
A3
330
17
100
AcDbEntity
  8
TUBE
 62
7
370
35
100
AcDbLine
 10
15000.0
 20
-550.0
 30
0.0
 11
15000.0
 21
-750.0
 31
0.0
  0
LINE
  5
A4
330
17
100
AcDbEntity
  8
TUBE
 62
7
370
35
100
AcDbLine
 10
19800.0
 20
-550.0
 30
0.0
 11
19800.0
 21
-750.0
 31
0.0
  0
DIMENSION
  5
A5
330
17
100
AcDbEntity
  8
DIMENSION
 62
3
370
25
100
AcDbDimension
280
0
  2
*D7
  3
Standard
 10
15000.0
 20
-450.0
 30
0.0
 11
17400.0
 21
-378.75
 31
0.0
 70
32
 71
5
  1
4800
100
AcDbAlignedDimension
 13
15000.0
 23
-550.0
 33
0.0
 14
19800.0
 24
-550.0
 34
0.0
 50
0.0
100
AcDbRotatedDimension
  0
TEXT
  5
B4
330
17
100
AcDbEntity
  8
TEXT
100
AcDbText
 10
17400.0
 20
-650.0
 30
0.0
 40
120.0
  1
BRB-1300-5100
 72
1
 11
17400.0
 21
-650.0
 31
0.0
100
AcDbText
 73
2
  0
LINE
  5
B5
330
17
100
AcDbEntity
  8
TUBE
 62
7
370
35
100
AcDbLine
 10
19800.0
 20
-550.0
 30
0.0
 11
22400.0
 21
-550.0
 31
0.0
  0
LINE
  5
B6
330
17
100
AcDbEntity
  8
TUBE
 62
7
370
35
100
AcDbLine
 10
19800.0
 20
-750.0
 30
0.0
 11
22400.0
 21
-750.0
 31
0.0
  0
LINE
  5
B7
330
17
100
AcDbEntity
  8
TUBE
 62
7
370
35
100
AcDbLine
 10
22400.0
 20
-550.0
 30
0.0
 11
22400.0
 21
-750.0
 31
0.0
  0
DIMENSION
  5
B8
330
17
100
AcDbEntity
  8
DIMENSION
 62
3
370
25
100
AcDbDimension
280
0
  2
*D8
  3
Standard
 10
19800.0
 20
-450.0
 30
0.0
 11
21100.0
 21
-378.75
 31
0.0
 70
32
 71
5
  1
2600
100
AcDbAlignedDimension
 13
19800.0
 23
-550.0
 33
0.0
 14
22400.0
 24
-550.0
 34
0.0
 50
0.0
100
AcDbRotatedDimension
  0
TEXT
  5
C7
330
17
100
AcDbEntity
  8
TEXT
100
AcDbText
 10
21100.0
 20
-650.0
 30
0.0
 40
120.0
  1
BRB-400-2900
 72
1
 11
21100.0
 21
-650.0
 31
0.0
100
AcDbText
 73
2
  0
LINE
  5
C8
330
17
100
AcDbEntity
  8
TUBE
 62
7
370
35
100
AcDbLine
 10
22400.0
 20
-550.0
 30
0.0
 11
24700.0
 21
-550.0
 31
0.0
  0
LINE
  5
C9
330
17
100
AcDbEntity
  8
TUBE
 62
7
370
35
100
AcDbLine
 10
22400.0
 20
-750.0
 30
0.0
 11
24700.0
 21
-750.0
 31
0.0
  0
LINE
  5
CA
330
17
100
AcDbEntity
  8
TUBE
 62
7
370
35
100
AcDbLine
 10
24700.0
 20
-550.0
 30
0.0
 11
24700.0
 21
-750.0
 31
0.0
  0
DIMENSION
  5
CB
330
17
100
AcDbEntity
  8
DIMENSION
 62
3
370
25
100
AcDbDimension
280
0
  2
*D9
  3
Standard
 10
22400.0
 20
-450.0
 30
0.0
 11
23550.0
 21
-378.75
 31
0.0
 70
32
 71
5
  1
2300
100
AcDbAlignedDimension
 13
22400.0
 23
-550.0
 33
0.0
 14
24700.0
 24
-550.0
 34
0.0
 50
0.0
100
AcDbRotatedDimension
  0
TEXT
  5
DA
330
17
100
AcDbEntity
  8
TEXT
100
AcDbText
 10
23550.0
 20
-650.0
 30
0.0
 40
120.0
  1
BRB-1300-2600
 72
1
 11
23550.0
 21
-650.0
 31
0.0
100
AcDbText
 73
2
  0
LINE
  5
DB
330
17
100
AcDbEntity
  8
TUBE
 62
7
370
35
100
AcDbLine
 10
24700.0
 20
-550.0
 30
0.0
 11
27000.0
 21
-550.0
 31
0.0
  0
LINE
  5
DC
330
17
100
AcDbEntity
  8
TUBE
 62
7
370
35
100
AcDbLine
 10
24700.0
 20
-750.0
 30
0.0
 11
27000.0
 21
-750.0
 31
0.0
  0
LINE
  5
DD
330
17
100
AcDbEntity
  8
TUBE
 62
7
370
35
100
AcDbLine
 10
27000.0
 20
-550.0
 30
0.0
 11
27000.0
 21
-750.0
 31
0.0
  0
DIMENSION
  5
DE
330
17
100
AcDbEntity
  8
DIMENSION
 62
3
370
25
100
AcDbDimension
280
0
  2
*D10
  3
Standard
 10
24700.0
 20
-450.0
 30
0.0
 11
25850.0
 21
-378.75
 31
0.0
 70
32
 71
5
  1
2300
100
AcDbAlignedDimension
 13
24700.0
 23
-550.0
 33
0.0
 14
27000.0
 24
-550.0
 34
0.0
 50
0.0
100
AcDbRotatedDimension
  0
TEXT
  5
ED
330
17
100
AcDbEntity
  8
TEXT
100
AcDbText
 10
25850.0
 20
-650.0
 30
0.0
 40
120.0
  1
BRB-1300-2600
 72
1
 11
25850.0
 21
-650.0
 31
0.0
100
AcDbText
 73
2
  0
TEXT
  5
EE
330
17
100
AcDbEntity
  8
TEXT
100
AcDbText
 10
21000.0
 20
-920.0
 30
0.0
 40
120.0
  1
2根
100
AcDbText
  0
DIMENSION
  5
EF
330
17
100
AcDbEntity
  8
DIMENSION
 62
3
370
25
100
AcDbDimension
280
0
  2
*D11
  3
Standard
 10
14890.0
 20
-1400.0
 30
0.0
 11
14818.75
 21
-1300.0
 31
0.0
 70
32
 71
5
  1
200
100
AcDbAlignedDimension
 13
15010.0
 23
-1400.0
 33
0.0
 14
15010.0
 24
-1200.0
 34
0.0
 50
90.0
100
AcDbRotatedDimension
  0
LINE
  5
100
330
17
100
AcDbEntity
  8
TUBE
 62
7
370
35
100
AcDbLine
 10
15000.0
 20
-1200.0
 30
0.0
 11
19600.0
 21
-1200.0
 31
0.0
  0
LINE
  5
101
330
17
100
AcDbEntity
  8
TUBE
 62
7
370
35
100
AcDbLine
 10
15000.0
 20
-1400.0
 30
0.0
 11
19600.0
 21
-1400.0
 31
0.0
  0
LINE
  5
102
330
17
100
AcDbEntity
  8
TUBE
 62
7
370
35
100
AcDbLine
 10
15000.0
 20
-1200.0
 30
0.0
 11
15000.0
 21
-1400.0
 31
0.0
  0
LINE
  5
103
330
17
100
AcDbEntity
  8
TUBE
 62
7
370
35
100
AcDbLine
 10
19600.0
 20
-1200.0
 30
0.0
 11
19600.0
 21
-1400.0
 31
0.0
  0
DIMENSION
  5
104
330
17
100
AcDbEntity
  8
DIMENSION
 62
3
370
25
100
AcDbDimension
280
0
  2
*D12
  3
Standard
 10
15000.0
 20
-1100.0
 30
0.0
 11
17300.0
 21
-1028.75
 31
0.0
 70
32
 71
5
  1
4600
100
AcDbAlignedDimension
 13
15000.0
 23
-1200.0
 33
0.0
 14
19600.0
 24
-1200.0
 34
0.0
 50
0.0
100
AcDbRotatedDimension
  0
TEXT
  5
113
330
17
100
AcDbEntity
  8
TEXT
100
AcDbText
 10
17300.0
 20
-1300.0
 30
0.0
 40
120.0
  1
BRB-1300-4900
 72
1
 11
17300.0
 21
-1300.0
 31
0.0
100
AcDbText
 73
2
  0
LINE
  5
114
330
17
100
AcDbEntity
  8
TUBE
 62
7
370
35
100
AcDbLine
 10
19600.0
 20
-1200.0
 30
0.0
 11
22300.0
 21
-1200.0
 31
0.0
  0
LINE
  5
115
330
17
100
AcDbEntity
  8
TUBE
 62
7
370
35
100
AcDbLine
 10
19600.0
 20
-1400.0
 30
0.0
 11
22300.0
 21
-1400.0
 31
0.0
  0
LINE
  5
116
330
17
100
AcDbEntity
  8
TUBE
 62
7
370
35
100
AcDbLine
 10
22300.0
 20
-1200.0
 30
0.0
 11
22300.0
 21
-1400.0
 31
0.0
  0
DIMENSION
  5
117
330
17
100
AcDbEntity
  8
DIMENSION
 62
3
370
25
100
AcDbDimension
280
0
  2
*D13
  3
Standard
 10
19600.0
 20
-1100.0
 30
0.0
 11
20950.0
 21
-1028.75
 31
0.0
 70
32
 71
5
  1
2700
100
AcDbAlignedDimension
 13
19600.0
 23
-1200.0
 33
0.0
 14
22300.0
 24
-1200.0
 34
0.0
 50
0.0
100
AcDbRotatedDimension
  0
TEXT
  5
126
330
17
100
AcDbEntity
  8
TEXT
100
AcDbText
 10
20950.0
 20
-1300.0
 30
0.0
 40
120.0
  1
BRB-2000-3000
 72
1
 11
20950.0
 21
-1300.0
 31
0.0
100
AcDbText
 73
2
  0
LINE
  5
127
330
17
100
AcDbEntity
  8
TUBE
 62
7
370
35
100
AcDbLine
 10
22300.0
 20
-1200.0
 30
0.0
 11
24700.0
 21
-1200.0
 31
0.0
  0
LINE
  5
128
330
17
100
AcDbEntity
  8
TUBE
 62
7
370
35
100
AcDbLine
 10
22300.0
 20
-1400.0
 30
0.0
 11
24700.0
 21
-1400.0
 31
0.0
  0
LINE
  5
129
330
17
100
AcDbEntity
  8
TUBE
 62
7
370
35
100
AcDbLine
 10
24700.0
 20
-1200.0
 30
0.0
 11
24700.0
 21
-1400.0
 31
0.0
  0
DIMENSION
  5
12A
330
17
100
AcDbEntity
  8
DIMENSION
 62
3
370
25
100
AcDbDimension
280
0
  2
*D14
  3
Standard
 10
22300.0
 20
-1100.0
 30
0.0
 11
23500.0
 21
-1028.75
 31
0.0
 70
32
 71
5
  1
2400
100
AcDbAlignedDimension
 13
22300.0
 23
-1200.0
 33
0.0
 14
24700.0
 24
-1200.0
 34
0.0
 50
0.0
100
AcDbRotatedDimension
  0
TEXT
  5
139
330
17
100
AcDbEntity
  8
TEXT
100
AcDbText
 10
23500.0
 20
-1300.0
 30
0.0
 40
120.0
  1
BRB-2000-2700
 72
1
 11
23500.0
 21
-1300.0
 31
0.0
100
AcDbText
 73
2
  0
LINE
  5
13A
330
17
100
AcDbEntity
  8
TUBE
 62
7
370
35
100
AcDbLine
 10
24700.0
 20
-1200.0
 30
0.0
 11
27000.0
 21
-1200.0
 31
0.0
  0
LINE
  5
13B
330
17
100
AcDbEntity
  8
TUBE
 62
7
370
35
100
AcDbLine
 10
24700.0
 20
-1400.0
 30
0.0
 11
27000.0
 21
-1400.0
 31
0.0
  0
LINE
  5
13C
330
17
100
AcDbEntity
  8
TUBE
 62
7
370
35
100
AcDbLine
 10
27000.0
 20
-1200.0
 30
0.0
 11
27000.0
 21
-1400.0
 31
0.0
  0
DIMENSION
  5
13D
330
17
100
AcDbEntity
  8
DIMENSION
 62
3
370
25
100
AcDbDimension
280
0
  2
*D15
  3
Standard
 10
24700.0
 20
-1100.0
 30
0.0
 11
25850.0
 21
-1028.75
 31
0.0
 70
32
 71
5
  1
2300
100
AcDbAlignedDimension
 13
24700.0
 23
-1200.0
 33
0.0
 14
27000.0
 24
-1200.0
 34
0.0
 50
0.0
100
AcDbRotatedDimension
  0
TEXT
  5
14C
330
17
100
AcDbEntity
  8
TEXT
100
AcDbText
 10
25850.0
 20
-1300.0
 30
0.0
 40
120.0
  1
BRB-1300-2600
 72
1
 11
25850.0
 21
-1300.0
 31
0.0
100
AcDbText
 73
2
  0
TEXT
  5
14D
330
17
100
AcDbEntity
  8
TEXT
100
AcDbText
 10
21000.0
 20
-1570.0
 30
0.0
 40
120.0
  1
3根
100
AcDbText
  0
DIMENSION
  5
14E
330
17
100
AcDbEntity
  8
DIMENSION
 62
3
370
25
100
AcDbDimension
280
0
  2
*D16
  3
Standard
 10
14890.0
 20
-2050.0
 30
0.0
 11
14818.75
 21
-1950.0
 31
0.0
 70
32
 71
5
  1
200
100
AcDbAlignedDimension
 13
15010.0
 23
-2050.0
 33
0.0
 14
15010.0
 24
-1850.0
 34
0.0
 50
90.0
100
AcDbRotatedDimension
  0
LINE
  5
15F
330
17
100
AcDbEntity
  8
TUBE
 62
7
370
35
100
AcDbLine
 10
15000.0
 20
-1850.0
 30
0.0
 11
19600.0
 21
-1850.0
 31
0.0
  0
LINE
  5
160
330
17
100
AcDbEntity
  8
TUBE
 62
7
370
35
100
AcDbLine
 10
15000.0
 20
-2050.0
 30
0.0
 11
19600.0
 21
-2050.0
 31
0.0
  0
LINE
  5
161
330
17
100
AcDbEntity
  8
TUBE
 62
7
370
35
100
AcDbLine
 10
15000.0
 20
-1850.0
 30
0.0
 11
15000.0
 21
-2050.0
 31
0.0
  0
LINE
  5
162
330
17
100
AcDbEntity
  8
TUBE
 62
7
370
35
100
AcDbLine
 10
19600.0
 20
-1850.0
 30
0.0
 11
19600.0
 21
-2050.0
 31
0.0
  0
DIMENSION
  5
163
330
17
100
AcDbEntity
  8
DIMENSION
 62
3
370
25
100
AcDbDimension
280
0
  2
*D17
  3
Standard
 10
15000.0
 20
-1750.0
 30
0.0
 11
17300.0
 21
-1678.75
 31
0.0
 70
32
 71
5
  1
4600
100
AcDbAlignedDimension
 13
15000.0
 23
-1850.0
 33
0.0
 14
19600.0
 24
-1850.0
 34
0.0
 50
0.0
100
AcDbRotatedDimension
  0
TEXT
  5
172
330
17
100
AcDbEntity
  8
TEXT
100
AcDbText
 10
17300.0
 20
-1950.0
 30
0.0
 40
120.0
  1
BRB-1300-4900
 72
1
 11
17300.0
 21
-1950.0
 31
0.0
100
AcDbText
 73
2
  0
LINE
  5
173
330
17
100
AcDbEntity
  8
TUBE
 62
7
370
35
100
AcDbLine
 10
19600.0
 20
-1850.0
 30
0.0
 11
22200.0
 21
-1850.0
 31
0.0
  0
LINE
  5
174
330
17
100
AcDbEntity
  8
TUBE
 62
7
370
35
100
AcDbLine
 10
19600.0
 20
-2050.0
 30
0.0
 11
22200.0
 21
-2050.0
 31
0.0
  0
LINE
  5
175
330
17
100
AcDbEntity
  8
TUBE
 62
7
370
35
100
AcDbLine
 10
22200.0
 20
-1850.0
 30
0.0
 11
22200.0
 21
-2050.0
 31
0.0
  0
DIMENSION
  5
176
330
17
100
AcDbEntity
  8
DIMENSION
 62
3
370
25
100
AcDbDimension
280
0
  2
*D18
  3
Standard
 10
19600.0
 20
-1750.0
 30
0.0
 11
20900.0
 21
-1678.75
 31
0.0
 70
32
 71
5
  1
2600
100
AcDbAlignedDimension
 13
19600.0
 23
-1850.0
 33
0.0
 14
22200.0
 24
-1850.0
 34
0.0
 50
0.0
100
AcDbRotatedDimension
  0
TEXT
  5
185
330
17
100
AcDbEntity
  8
TEXT
100
AcDbText
 10
20900.0
 20
-1950.0
 30
0.0
 40
120.0
  1
BRB-400-2900
 72
1
 11
20900.0
 21
-1950.0
 31
0.0
100
AcDbText
 73
2
  0
LINE
  5
186
330
17
100
AcDbEntity
  8
TUBE
 62
7
370
35
100
AcDbLine
 10
22200.0
 20
-1850.0
 30
0.0
 11
24600.0
 21
-1850.0
 31
0.0
  0
LINE
  5
187
330
17
100
AcDbEntity
  8
TUBE
 62
7
370
35
100
AcDbLine
 10
22200.0
 20
-2050.0
 30
0.0
 11
24600.0
 21
-2050.0
 31
0.0
  0
LINE
  5
188
330
17
100
AcDbEntity
  8
TUBE
 62
7
370
35
100
AcDbLine
 10
24600.0
 20
-1850.0
 30
0.0
 11
24600.0
 21
-2050.0
 31
0.0
  0
DIMENSION
  5
189
330
17
100
AcDbEntity
  8
DIMENSION
 62
3
370
25
100
AcDbDimension
280
0
  2
*D19
  3
Standard
 10
22200.0
 20
-1750.0
 30
0.0
 11
23400.0
 21
-1678.75
 31
0.0
 70
32
 71
5
  1
2400
100
AcDbAlignedDimension
 13
22200.0
 23
-1850.0
 33
0.0
 14
24600.0
 24
-1850.0
 34
0.0
 50
0.0
100
AcDbRotatedDimension
  0
TEXT
  5
198
330
17
100
AcDbEntity
  8
TEXT
100
AcDbText
 10
23400.0
 20
-1950.0
 30
0.0
 40
120.0
  1
BRB-2000-2700
 72
1
 11
23400.0
 21
-1950.0
 31
0.0
100
AcDbText
 73
2
  0
LINE
  5
199
330
17
100
AcDbEntity
  8
TUBE
 62
7
370
35
100
AcDbLine
 10
24600.0
 20
-1850.0
 30
0.0
 11
27000.0
 21
-1850.0
 31
0.0
  0
LINE
  5
19A
330
17
100
AcDbEntity
  8
TUBE
 62
7
370
35
100
AcDbLine
 10
24600.0
 20
-2050.0
 30
0.0
 11
27000.0
 21
-2050.0
 31
0.0
  0
LINE
  5
19B
330
17
100
AcDbEntity
  8
TUBE
 62
7
370
35
100
AcDbLine
 10
27000.0
 20
-1850.0
 30
0.0
 11
27000.0
 21
-2050.0
 31
0.0
  0
DIMENSION
  5
19C
330
17
100
AcDbEntity
  8
DIMENSION
 62
3
370
25
100
AcDbDimension
280
0
  2
*D20
  3
Standard
 10
24600.0
 20
-1750.0
 30
0.0
 11
25800.0
 21
-1678.75
 31
0.0
 70
32
 71
5
  1
2400
100
AcDbAlignedDimension
 13
24600.0
 23
-1850.0
 33
0.0
 14
27000.0
 24
-1850.0
 34
0.0
 50
0.0
100
AcDbRotatedDimension
  0
TEXT
  5
1AB
330
17
100
AcDbEntity
  8
TEXT
100
AcDbText
 10
25800.0
 20
-1950.0
 30
0.0
 40
120.0
  1
BRB-2000-2700
 72
1
 11
25800.0
 21
-1950.0
 31
0.0
100
AcDbText
 73
2
  0
TEXT
  5
1AC
330
17
100
AcDbEntity
  8
TEXT
100
AcDbText
 10
21000.0
 20
-2220.0
 30
0.0
 40
120.0
  1
3根
100
AcDbText
  0
DIMENSION
  5
1AD
330
17
100
AcDbEntity
  8
DIMENSION
 62
3
370
25
100
AcDbDimension
280
0
  2
*D21
  3
Standard
 10
14890.0
 20
-2700.0
 30
0.0
 11
14818.75
 21
-2600.0
 31
0.0
 70
32
 71
5
  1
200
100
AcDbAlignedDimension
 13
15010.0
 23
-2700.0
 33
0.0
 14
15010.0
 24
-2500.0
 34
0.0
 50
90.0
100
AcDbRotatedDimension
  0
LINE
  5
1BE
330
17
100
AcDbEntity
  8
TUBE
 62
7
370
35
100
AcDbLine
 10
15000.0
 20
-2500.0
 30
0.0
 11
18800.0
 21
-2500.0
 31
0.0
  0
LINE
  5
1BF
330
17
100
AcDbEntity
  8
TUBE
 62
7
370
35
100
AcDbLine
 10
15000.0
 20
-2700.0
 30
0.0
 11
18800.0
 21
-2700.0
 31
0.0
  0
LINE
  5
1C0
330
17
100
AcDbEntity
  8
TUBE
 62
7
370
35
100
AcDbLine
 10
15000.0
 20
-2500.0
 30
0.0
 11
15000.0
 21
-2700.0
 31
0.0
  0
LINE
  5
1C1
330
17
100
AcDbEntity
  8
TUBE
 62
7
370
35
100
AcDbLine
 10
18800.0
 20
-2500.0
 30
0.0
 11
18800.0
 21
-2700.0
 31
0.0
  0
DIMENSION
  5
1C2
330
17
100
AcDbEntity
  8
DIMENSION
 62
3
370
25
100
AcDbDimension
280
0
  2
*D22
  3
Standard
 10
15000.0
 20
-2400.0
 30
0.0
 11
16900.0
 21
-2328.75
 31
0.0
 70
32
 71
5
  1
3800
100
AcDbAlignedDimension
 13
15000.0
 23
-2500.0
 33
0.0
 14
18800.0
 24
-2500.0
 34
0.0
 50
0.0
100
AcDbRotatedDimension
  0
TEXT
  5
1D1
330
17
100
AcDbEntity
  8
TEXT
100
AcDbText
 10
16900.0
 20
-2600.0
 30
0.0
 40
120.0
  1
BRB-400-4100
 72
1
 11
16900.0
 21
-2600.0
 31
0.0
100
AcDbText
 73
2
  0
LINE
  5
1D2
330
17
100
AcDbEntity
  8
TUBE
 62
7
370
35
100
AcDbLine
 10
18800.0
 20
-2500.0
 30
0.0
 11
22200.0
 21
-2500.0
 31
0.0
  0
LINE
  5
1D3
330
17
100
AcDbEntity
  8
TUBE
 62
7
370
35
100
AcDbLine
 10
18800.0
 20
-2700.0
 30
0.0
 11
22200.0
 21
-2700.0
 31
0.0
  0
LINE
  5
1D4
330
17
100
AcDbEntity
  8
TUBE
 62
7
370
35
100
AcDbLine
 10
22200.0
 20
-2500.0
 30
0.0
 11
22200.0
 21
-2700.0
 31
0.0
  0
DIMENSION
  5
1D5
330
17
100
AcDbEntity
  8
DIMENSION
 62
3
370
25
100
AcDbDimension
280
0
  2
*D23
  3
Standard
 10
18800.0
 20
-2400.0
 30
0.0
 11
20500.0
 21
-2328.75
 31
0.0
 70
32
 71
5
  1
3400
100
AcDbAlignedDimension
 13
18800.0
 23
-2500.0
 33
0.0
 14
22200.0
 24
-2500.0
 34
0.0
 50
0.0
100
AcDbRotatedDimension
  0
TEXT
  5
1E4
330
17
100
AcDbEntity
  8
TEXT
100
AcDbText
 10
20500.0
 20
-2600.0
 30
0.0
 40
120.0
  1
BRB-400-3700
 72
1
 11
20500.0
 21
-2600.0
 31
0.0
100
AcDbText
 73
2
  0
LINE
  5
1E5
330
17
100
AcDbEntity
  8
TUBE
 62
7
370
35
100
AcDbLine
 10
22200.0
 20
-2500.0
 30
0.0
 11
24600.0
 21
-2500.0
 31
0.0
  0
LINE
  5
1E6
330
17
100
AcDbEntity
  8
TUBE
 62
7
370
35
100
AcDbLine
 10
22200.0
 20
-2700.0
 30
0.0
 11
24600.0
 21
-2700.0
 31
0.0
  0
LINE
  5
1E7
330
17
100
AcDbEntity
  8
TUBE
 62
7
370
35
100
AcDbLine
 10
24600.0
 20
-2500.0
 30
0.0
 11
24600.0
 21
-2700.0
 31
0.0
  0
DIMENSION
  5
1E8
330
17
100
AcDbEntity
  8
DIMENSION
 62
3
370
25
100
AcDbDimension
280
0
  2
*D24
  3
Standard
 10
22200.0
 20
-2400.0
 30
0.0
 11
23400.0
 21
-2328.75
 31
0.0
 70
32
 71
5
  1
2400
100
AcDbAlignedDimension
 13
22200.0
 23
-2500.0
 33
0.0
 14
24600.0
 24
-2500.0
 34
0.0
 50
0.0
100
AcDbRotatedDimension
  0
TEXT
  5
1F7
330
17
100
AcDbEntity
  8
TEXT
100
AcDbText
 10
23400.0
 20
-2600.0
 30
0.0
 40
120.0
  1
BRB-2000-2700
 72
1
 11
23400.0
 21
-2600.0
 31
0.0
100
AcDbText
 73
2
  0
LINE
  5
1F8
330
17
100
AcDbEntity
  8
TUBE
 62
7
370
35
100
AcDbLine
 10
24600.0
 20
-2500.0
 30
0.0
 11
27000.0
 21
-2500.0
 31
0.0
  0
LINE
  5
1F9
330
17
100
AcDbEntity
  8
TUBE
 62
7
370
35
100
AcDbLine
 10
24600.0
 20
-2700.0
 30
0.0
 11
27000.0
 21
-2700.0
 31
0.0
  0
LINE
  5
1FA
330
17
100
AcDbEntity
  8
TUBE
 62
7
370
35
100
AcDbLine
 10
27000.0
 20
-2500.0
 30
0.0
 11
27000.0
 21
-2700.0
 31
0.0
  0
DIMENSION
  5
1FB
330
17
100
AcDbEntity
  8
DIMENSION
 62
3
370
25
100
AcDbDimension
280
0
  2
*D25
  3
Standard
 10
24600.0
 20
-2400.0
 30
0.0
 11
25800.0
 21
-2328.75
 31
0.0
 70
32
 71
5
  1
2400
100
AcDbAlignedDimension
 13
24600.0
 23
-2500.0
 33
0.0
 14
27000.0
 24
-2500.0
 34
0.0
 50
0.0
100
AcDbRotatedDimension
  0
TEXT
  5
20A
330
17
100
AcDbEntity
  8
TEXT
100
AcDbText
 10
25800.0
 20
-2600.0
 30
0.0
 40
120.0
  1
BRB-2000-2700
 72
1
 11
25800.0
 21
-2600.0
 31
0.0
100
AcDbText
 73
2
  0
TEXT
  5
20B
330
17
100
AcDbEntity
  8
TEXT
100
AcDbText
 10
21000.0
 20
-2870.0
 30
0.0
 40
120.0
  1
1根
100
AcDbText
  0
DIMENSION
  5
20C
330
17
100
AcDbEntity
  8
DIMENSION
 62
3
370
25
100
AcDbDimension
280
0
  2
*D26
  3
Standard
 10
14890.0
 20
-3350.0
 30
0.0
 11
14818.75
 21
-3250.0
 31
0.0
 70
32
 71
5
  1
200
100
AcDbAlignedDimension
 13
15010.0
 23
-3350.0
 33
0.0
 14
15010.0
 24
-3150.0
 34
0.0
 50
90.0
100
AcDbRotatedDimension
  0
LINE
  5
21D
330
17
100
AcDbEntity
  8
TUBE
 62
7
370
35
100
AcDbLine
 10
15000.0
 20
-3150.0
 30
0.0
 11
19600.0
 21
-3150.0
 31
0.0
  0
LINE
  5
21E
330
17
100
AcDbEntity
  8
TUBE
 62
7
370
35
100
AcDbLine
 10
15000.0
 20
-3350.0
 30
0.0
 11
19600.0
 21
-3350.0
 31
0.0
  0
LINE
  5
21F
330
17
100
AcDbEntity
  8
TUBE
 62
7
370
35
100
AcDbLine
 10
15000.0
 20
-3150.0
 30
0.0
 11
15000.0
 21
-3350.0
 31
0.0
  0
LINE
  5
220
330
17
100
AcDbEntity
  8
TUBE
 62
7
370
35
100
AcDbLine
 10
19600.0
 20
-3150.0
 30
0.0
 11
19600.0
 21
-3350.0
 31
0.0
  0
DIMENSION
  5
221
330
17
100
AcDbEntity
  8
DIMENSION
 62
3
370
25
100
AcDbDimension
280
0
  2
*D27
  3
Standard
 10
15000.0
 20
-3050.0
 30
0.0
 11
17300.0
 21
-2978.75
 31
0.0
 70
32
 71
5
  1
4600
100
AcDbAlignedDimension
 13
15000.0
 23
-3150.0
 33
0.0
 14
19600.0
 24
-3150.0
 34
0.0
 50
0.0
100
AcDbRotatedDimension
  0
TEXT
  5
230
330
17
100
AcDbEntity
  8
TEXT
100
AcDbText
 10
17300.0
 20
-3250.0
 30
0.0
 40
120.0
  1
BRB-1300-4900
 72
1
 11
17300.0
 21
-3250.0
 31
0.0
100
AcDbText
 73
2
  0
LINE
  5
231
330
17
100
AcDbEntity
  8
TUBE
 62
7
370
35
100
AcDbLine
 10
19600.0
 20
-3150.0
 30
0.0
 11
22100.0
 21
-3150.0
 31
0.0
  0
LINE
  5
232
330
17
100
AcDbEntity
  8
TUBE
 62
7
370
35
100
AcDbLine
 10
19600.0
 20
-3350.0
 30
0.0
 11
22100.0
 21
-3350.0
 31
0.0
  0
LINE
  5
233
330
17
100
AcDbEntity
  8
TUBE
 62
7
370
35
100
AcDbLine
 10
22100.0
 20
-3150.0
 30
0.0
 11
22100.0
 21
-3350.0
 31
0.0
  0
DIMENSION
  5
234
330
17
100
AcDbEntity
  8
DIMENSION
 62
3
370
25
100
AcDbDimension
280
0
  2
*D28
  3
Standard
 10
19600.0
 20
-3050.0
 30
0.0
 11
20850.0
 21
-2978.75
 31
0.0
 70
32
 71
5
  1
2500
100
AcDbAlignedDimension
 13
19600.0
 23
-3150.0
 33
0.0
 14
22100.0
 24
-3150.0
 34
0.0
 50
0.0
100
AcDbRotatedDimension
  0
TEXT
  5
243
330
17
100
AcDbEntity
  8
TEXT
100
AcDbText
 10
20850.0
 20
-3250.0
 30
0.0
 40
120.0
  1
BRB-1300-2800
 72
1
 11
20850.0
 21
-3250.0
 31
0.0
100
AcDbText
 73
2
  0
LINE
  5
244
330
17
100
AcDbEntity
  8
TUBE
 62
7
370
35
100
AcDbLine
 10
22100.0
 20
-3150.0
 30
0.0
 11
24600.0
 21
-3150.0
 31
0.0
  0
LINE
  5
245
330
17
100
AcDbEntity
  8
TUBE
 62
7
370
35
100
AcDbLine
 10
22100.0
 20
-3350.0
 30
0.0
 11
24600.0
 21
-3350.0
 31
0.0
  0
LINE
  5
246
330
17
100
AcDbEntity
  8
TUBE
 62
7
370
35
100
AcDbLine
 10
24600.0
 20
-3150.0
 30
0.0
 11
24600.0
 21
-3350.0
 31
0.0
  0
DIMENSION
  5
247
330
17
100
AcDbEntity
  8
DIMENSION
 62
3
370
25
100
AcDbDimension
280
0
  2
*D29
  3
Standard
 10
22100.0
 20
-3050.0
 30
0.0
 11
23350.0
 21
-2978.75
 31
0.0
 70
32
 71
5
  1
2500
100
AcDbAlignedDimension
 13
22100.0
 23
-3150.0
 33
0.0
 14
24600.0
 24
-3150.0
 34
0.0
 50
0.0
100
AcDbRotatedDimension
  0
TEXT
  5
256
330
17
100
AcDbEntity
  8
TEXT
100
AcDbText
 10
23350.0
 20
-3250.0
 30
0.0
 40
120.0
  1
BRB-1300-2800
 72
1
 11
23350.0
 21
-3250.0
 31
0.0
100
AcDbText
 73
2
  0
LINE
  5
257
330
17
100
AcDbEntity
  8
TUBE
 62
7
370
35
100
AcDbLine
 10
24600.0
 20
-3150.0
 30
0.0
 11
27000.0
 21
-3150.0
 31
0.0
  0
LINE
  5
258
330
17
100
AcDbEntity
  8
TUBE
 62
7
370
35
100
AcDbLine
 10
24600.0
 20
-3350.0
 30
0.0
 11
27000.0
 21
-3350.0
 31
0.0
  0
LINE
  5
259
330
17
100
AcDbEntity
  8
TUBE
 62
7
370
35
100
AcDbLine
 10
27000.0
 20
-3150.0
 30
0.0
 11
27000.0
 21
-3350.0
 31
0.0
  0
DIMENSION
  5
25A
330
17
100
AcDbEntity
  8
DIMENSION
 62
3
370
25
100
AcDbDimension
280
0
  2
*D30
  3
Standard
 10
24600.0
 20
-3050.0
 30
0.0
 11
25800.0
 21
-2978.75
 31
0.0
 70
32
 71
5
  1
2400
100
AcDbAlignedDimension
 13
24600.0
 23
-3150.0
 33
0.0
 14
27000.0
 24
-3150.0
 34
0.0
 50
0.0
100
AcDbRotatedDimension
  0
TEXT
  5
269
330
17
100
AcDbEntity
  8
TEXT
100
AcDbText
 10
25800.0
 20
-3250.0
 30
0.0
 40
120.0
  1
BRB-2000-2700
 72
1
 11
25800.0
 21
-3250.0
 31
0.0
100
AcDbText
 73
2
  0
TEXT
  5
26A
330
17
100
AcDbEntity
  8
TEXT
100
AcDbText
 10
21000.0
 20
-3520.0
 30
0.0
 40
120.0
  1
1根
100
AcDbText
  0
DIMENSION
  5
26B
330
17
100
AcDbEntity
  8
DIMENSION
 62
3
370
25
100
AcDbDimension
280
0
  2
*D31
  3
Standard
 10
14890.0
 20
-4000.0
 30
0.0
 11
14818.75
 21
-3900.0
 31
0.0
 70
32
 71
5
  1
200
100
AcDbAlignedDimension
 13
15010.0
 23
-4000.0
 33
0.0
 14
15010.0
 24
-3800.0
 34
0.0
 50
90.0
100
AcDbRotatedDimension
  0
LINE
  5
27C
330
17
100
AcDbEntity
  8
TUBE
 62
7
370
35
100
AcDbLine
 10
15000.0
 20
-3800.0
 30
0.0
 11
18400.0
 21
-3800.0
 31
0.0
  0
LINE
  5
27D
330
17
100
AcDbEntity
  8
TUBE
 62
7
370
35
100
AcDbLine
 10
15000.0
 20
-4000.0
 30
0.0
 11
18400.0
 21
-4000.0
 31
0.0
  0
LINE
  5
27E
330
17
100
AcDbEntity
  8
TUBE
 62
7
370
35
100
AcDbLine
 10
15000.0
 20
-3800.0
 30
0.0
 11
15000.0
 21
-4000.0
 31
0.0
  0
LINE
  5
27F
330
17
100
AcDbEntity
  8
TUBE
 62
7
370
35
100
AcDbLine
 10
18400.0
 20
-3800.0
 30
0.0
 11
18400.0
 21
-4000.0
 31
0.0
  0
DIMENSION
  5
280
330
17
100
AcDbEntity
  8
DIMENSION
 62
3
370
25
100
AcDbDimension
280
0
  2
*D32
  3
Standard
 10
15000.0
 20
-3700.0
 30
0.0
 11
16700.0
 21
-3628.75
 31
0.0
 70
32
 71
5
  1
3400
100
AcDbAlignedDimension
 13
15000.0
 23
-3800.0
 33
0.0
 14
18400.0
 24
-3800.0
 34
0.0
 50
0.0
100
AcDbRotatedDimension
  0
TEXT
  5
28F
330
17
100
AcDbEntity
  8
TEXT
100
AcDbText
 10
16700.0
 20
-3900.0
 30
0.0
 40
120.0
  1
BRB-400-3700
 72
1
 11
16700.0
 21
-3900.0
 31
0.0
100
AcDbText
 73
2
  0
LINE
  5
290
330
17
100
AcDbEntity
  8
TUBE
 62
7
370
35
100
AcDbLine
 10
18400.0
 20
-3800.0
 30
0.0
 11
21700.0
 21
-3800.0
 31
0.0
  0
LINE
  5
291
330
17
100
AcDbEntity
  8
TUBE
 62
7
370
35
100
AcDbLine
 10
18400.0
 20
-4000.0
 30
0.0
 11
21700.0
 21
-4000.0
 31
0.0
  0
LINE
  5
292
330
17
100
AcDbEntity
  8
TUBE
 62
7
370
35
100
AcDbLine
 10
21700.0
 20
-3800.0
 30
0.0
 11
21700.0
 21
-4000.0
 31
0.0
  0
DIMENSION
  5
293
330
17
100
AcDbEntity
  8
DIMENSION
 62
3
370
25
100
AcDbDimension
280
0
  2
*D33
  3
Standard
 10
18400.0
 20
-3700.0
 30
0.0
 11
20050.0
 21
-3628.75
 31
0.0
 70
32
 71
5
  1
3300
100
AcDbAlignedDimension
 13
18400.0
 23
-3800.0
 33
0.0
 14
21700.0
 24
-3800.0
 34
0.0
 50
0.0
100
AcDbRotatedDimension
  0
TEXT
  5
2A2
330
17
100
AcDbEntity
  8
TEXT
100
AcDbText
 10
20050.0
 20
-3900.0
 30
0.0
 40
120.0
  1
BRB-1200-3600
 72
1
 11
20050.0
 21
-3900.0
 31
0.0
100
AcDbText
 73
2
  0
LINE
  5
2A3
330
17
100
AcDbEntity
  8
TUBE
 62
7
370
35
100
AcDbLine
 10
21700.0
 20
-3800.0
 30
0.0
 11
24600.0
 21
-3800.0
 31
0.0
  0
LINE
  5
2A4
330
17
100
AcDbEntity
  8
TUBE
 62
7
370
35
100
AcDbLine
 10
21700.0
 20
-4000.0
 30
0.0
 11
24600.0
 21
-4000.0
 31
0.0
  0
LINE
  5
2A5
330
17
100
AcDbEntity
  8
TUBE
 62
7
370
35
100
AcDbLine
 10
24600.0
 20
-3800.0
 30
0.0
 11
24600.0
 21
-4000.0
 31
0.0
  0
DIMENSION
  5
2A6
330
17
100
AcDbEntity
  8
DIMENSION
 62
3
370
25
100
AcDbDimension
280
0
  2
*D34
  3
Standard
 10
21700.0
 20
-3700.0
 30
0.0
 11
23150.0
 21
-3628.75
 31
0.0
 70
32
 71
5
  1
2900
100
AcDbAlignedDimension
 13
21700.0
 23
-3800.0
 33
0.0
 14
24600.0
 24
-3800.0
 34
0.0
 50
0.0
100
AcDbRotatedDimension
  0
TEXT
  5
2B5
330
17
100
AcDbEntity
  8
TEXT
100
AcDbText
 10
23150.0
 20
-3900.0
 30
0.0
 40
120.0
  1
BRB-1300-3200
 72
1
 11
23150.0
 21
-3900.0
 31
0.0
100
AcDbText
 73
2
  0
LINE
  5
2B6
330
17
100
AcDbEntity
  8
TUBE
 62
7
370
35
100
AcDbLine
 10
24600.0
 20
-3800.0
 30
0.0
 11
27000.0
 21
-3800.0
 31
0.0
  0
LINE
  5
2B7
330
17
100
AcDbEntity
  8
TUBE
 62
7
370
35
100
AcDbLine
 10
24600.0
 20
-4000.0
 30
0.0
 11
27000.0
 21
-4000.0
 31
0.0
  0
LINE
  5
2B8
330
17
100
AcDbEntity
  8
TUBE
 62
7
370
35
100
AcDbLine
 10
27000.0
 20
-3800.0
 30
0.0
 11
27000.0
 21
-4000.0
 31
0.0
  0
DIMENSION
  5
2B9
330
17
100
AcDbEntity
  8
DIMENSION
 62
3
370
25
100
AcDbDimension
280
0
  2
*D35
  3
Standard
 10
24600.0
 20
-3700.0
 30
0.0
 11
25800.0
 21
-3628.75
 31
0.0
 70
32
 71
5
  1
2400
100
AcDbAlignedDimension
 13
24600.0
 23
-3800.0
 33
0.0
 14
27000.0
 24
-3800.0
 34
0.0
 50
0.0
100
AcDbRotatedDimension
  0
TEXT
  5
2C8
330
17
100
AcDbEntity
  8
TEXT
100
AcDbText
 10
25800.0
 20
-3900.0
 30
0.0
 40
120.0
  1
BRB-2000-2700
 72
1
 11
25800.0
 21
-3900.0
 31
0.0
100
AcDbText
 73
2
  0
TEXT
  5
2C9
330
17
100
AcDbEntity
  8
TEXT
100
AcDbText
 10
21000.0
 20
-4170.0
 30
0.0
 40
120.0
  1
7根
100
AcDbText
  0
DIMENSION
  5
2CA
330
17
100
AcDbEntity
  8
DIMENSION
 62
3
370
25
100
AcDbDimension
280
0
  2
*D36
  3
Standard
 10
14890.0
 20
-4650.0
 30
0.0
 11
14818.75
 21
-4550.0
 31
0.0
 70
32
 71
5
  1
200
100
AcDbAlignedDimension
 13
15010.0
 23
-4650.0
 33
0.0
 14
15010.0
 24
-4450.0
 34
0.0
 50
90.0
100
AcDbRotatedDimension
  0
LINE
  5
2DB
330
17
100
AcDbEntity
  8
TUBE
 62
7
370
35
100
AcDbLine
 10
15000.0
 20
-4450.0
 30
0.0
 11
18300.0
 21
-4450.0
 31
0.0
  0
LINE
  5
2DC
330
17
100
AcDbEntity
  8
TUBE
 62
7
370
35
100
AcDbLine
 10
15000.0
 20
-4650.0
 30
0.0
 11
18300.0
 21
-4650.0
 31
0.0
  0
LINE
  5
2DD
330
17
100
AcDbEntity
  8
TUBE
 62
7
370
35
100
AcDbLine
 10
15000.0
 20
-4450.0
 30
0.0
 11
15000.0
 21
-4650.0
 31
0.0
  0
LINE
  5
2DE
330
17
100
AcDbEntity
  8
TUBE
 62
7
370
35
100
AcDbLine
 10
18300.0
 20
-4450.0
 30
0.0
 11
18300.0
 21
-4650.0
 31
0.0
  0
DIMENSION
  5
2DF
330
17
100
AcDbEntity
  8
DIMENSION
 62
3
370
25
100
AcDbDimension
280
0
  2
*D37
  3
Standard
 10
15000.0
 20
-4350.0
 30
0.0
 11
16650.0
 21
-4278.75
 31
0.0
 70
32
 71
5
  1
3300
100
AcDbAlignedDimension
 13
15000.0
 23
-4450.0
 33
0.0
 14
18300.0
 24
-4450.0
 34
0.0
 50
0.0
100
AcDbRotatedDimension
  0
TEXT
  5
2EE
330
17
100
AcDbEntity
  8
TEXT
100
AcDbText
 10
16650.0
 20
-4550.0
 30
0.0
 40
120.0
  1
BRB-1200-3600
 72
1
 11
16650.0
 21
-4550.0
 31
0.0
100
AcDbText
 73
2
  0
LINE
  5
2EF
330
17
100
AcDbEntity
  8
TUBE
 62
7
370
35
100
AcDbLine
 10
18300.0
 20
-4450.0
 30
0.0
 11
21600.0
 21
-4450.0
 31
0.0
  0
LINE
  5
2F0
330
17
100
AcDbEntity
  8
TUBE
 62
7
370
35
100
AcDbLine
 10
18300.0
 20
-4650.0
 30
0.0
 11
21600.0
 21
-4650.0
 31
0.0
  0
LINE
  5
2F1
330
17
100
AcDbEntity
  8
TUBE
 62
7
370
35
100
AcDbLine
 10
21600.0
 20
-4450.0
 30
0.0
 11
21600.0
 21
-4650.0
 31
0.0
  0
DIMENSION
  5
2F2
330
17
100
AcDbEntity
  8
DIMENSION
 62
3
370
25
100
AcDbDimension
280
0
  2
*D38
  3
Standard
 10
18300.0
 20
-4350.0
 30
0.0
 11
19950.0
 21
-4278.75
 31
0.0
 70
32
 71
5
  1
3300
100
AcDbAlignedDimension
 13
18300.0
 23
-4450.0
 33
0.0
 14
21600.0
 24
-4450.0
 34
0.0
 50
0.0
100
AcDbRotatedDimension
  0
TEXT
  5
301
330
17
100
AcDbEntity
  8
TEXT
100
AcDbText
 10
19950.0
 20
-4550.0
 30
0.0
 40
120.0
  1
BRB-1200-3600
 72
1
 11
19950.0
 21
-4550.0
 31
0.0
100
AcDbText
 73
2
  0
LINE
  5
302
330
17
100
AcDbEntity
  8
TUBE
 62
7
370
35
100
AcDbLine
 10
21600.0
 20
-4450.0
 30
0.0
 11
24300.0
 21
-4450.0
 31
0.0
  0
LINE
  5
303
330
17
100
AcDbEntity
  8
TUBE
 62
7
370
35
100
AcDbLine
 10
21600.0
 20
-4650.0
 30
0.0
 11
24300.0
 21
-4650.0
 31
0.0
  0
LINE
  5
304
330
17
100
AcDbEntity
  8
TUBE
 62
7
370
35
100
AcDbLine
 10
24300.0
 20
-4450.0
 30
0.0
 11
24300.0
 21
-4650.0
 31
0.0
  0
DIMENSION
  5
305
330
17
100
AcDbEntity
  8
DIMENSION
 62
3
370
25
100
AcDbDimension
280
0
  2
*D39
  3
Standard
 10
21600.0
 20
-4350.0
 30
0.0
 11
22950.0
 21
-4278.75
 31
0.0
 70
32
 71
5
  1
2700
100
AcDbAlignedDimension
 13
21600.0
 23
-4450.0
 33
0.0
 14
24300.0
 24
-4450.0
 34
0.0
 50
0.0
100
AcDbRotatedDimension
  0
TEXT
  5
314
330
17
100
AcDbEntity
  8
TEXT
100
AcDbText
 10
22950.0
 20
-4550.0
 30
0.0
 40
120.0
  1
BRB-2000-3000
 72
1
 11
22950.0
 21
-4550.0
 31
0.0
100
AcDbText
 73
2
  0
LINE
  5
315
330
17
100
AcDbEntity
  8
TUBE
 62
7
370
35
100
AcDbLine
 10
24300.0
 20
-4450.0
 30
0.0
 11
27000.0
 21
-4450.0
 31
0.0
  0
LINE
  5
316
330
17
100
AcDbEntity
  8
TUBE
 62
7
370
35
100
AcDbLine
 10
24300.0
 20
-4650.0
 30
0.0
 11
27000.0
 21
-4650.0
 31
0.0
  0
LINE
  5
317
330
17
100
AcDbEntity
  8
TUBE
 62
7
370
35
100
AcDbLine
 10
27000.0
 20
-4450.0
 30
0.0
 11
27000.0
 21
-4650.0
 31
0.0
  0
DIMENSION
  5
318
330
17
100
AcDbEntity
  8
DIMENSION
 62
3
370
25
100
AcDbDimension
280
0
  2
*D40
  3
Standard
 10
24300.0
 20
-4350.0
 30
0.0
 11
25650.0
 21
-4278.75
 31
0.0
 70
32
 71
5
  1
2700
100
AcDbAlignedDimension
 13
24300.0
 23
-4450.0
 33
0.0
 14
27000.0
 24
-4450.0
 34
0.0
 50
0.0
100
AcDbRotatedDimension
  0
TEXT
  5
327
330
17
100
AcDbEntity
  8
TEXT
100
AcDbText
 10
25650.0
 20
-4550.0
 30
0.0
 40
120.0
  1
BRB-2000-3000
 72
1
 11
25650.0
 21
-4550.0
 31
0.0
100
AcDbText
 73
2
  0
TEXT
  5
328
330
17
100
AcDbEntity
  8
TEXT
100
AcDbText
 10
21000.0
 20
-4820.0
 30
0.0
 40
120.0
  1
1根
100
AcDbText
  0
DIMENSION
  5
329
330
17
100
AcDbEntity
  8
DIMENSION
 62
3
370
25
100
AcDbDimension
280
0
  2
*D41
  3
Standard
 10
14890.0
 20
-5300.0
 30
0.0
 11
14818.75
 21
-5200.0
 31
0.0
 70
32
 71
5
  1
200
100
AcDbAlignedDimension
 13
15010.0
 23
-5300.0
 33
0.0
 14
15010.0
 24
-5100.0
 34
0.0
 50
90.0
100
AcDbRotatedDimension
  0
LINE
  5
33A
330
17
100
AcDbEntity
  8
TUBE
 62
7
370
35
100
AcDbLine
 10
15000.0
 20
-5100.0
 30
0.0
 11
18300.0
 21
-5100.0
 31
0.0
  0
LINE
  5
33B
330
17
100
AcDbEntity
  8
TUBE
 62
7
370
35
100
AcDbLine
 10
15000.0
 20
-5300.0
 30
0.0
 11
18300.0
 21
-5300.0
 31
0.0
  0
LINE
  5
33C
330
17
100
AcDbEntity
  8
TUBE
 62
7
370
35
100
AcDbLine
 10
15000.0
 20
-5100.0
 30
0.0
 11
15000.0
 21
-5300.0
 31
0.0
  0
LINE
  5
33D
330
17
100
AcDbEntity
  8
TUBE
 62
7
370
35
100
AcDbLine
 10
18300.0
 20
-5100.0
 30
0.0
 11
18300.0
 21
-5300.0
 31
0.0
  0
DIMENSION
  5
33E
330
17
100
AcDbEntity
  8
DIMENSION
 62
3
370
25
100
AcDbDimension
280
0
  2
*D42
  3
Standard
 10
15000.0
 20
-5000.0
 30
0.0
 11
16650.0
 21
-4928.75
 31
0.0
 70
32
 71
5
  1
3300
100
AcDbAlignedDimension
 13
15000.0
 23
-5100.0
 33
0.0
 14
18300.0
 24
-5100.0
 34
0.0
 50
0.0
100
AcDbRotatedDimension
  0
TEXT
  5
34D
330
17
100
AcDbEntity
  8
TEXT
100
AcDbText
 10
16650.0
 20
-5200.0
 30
0.0
 40
120.0
  1
BRB-1200-3600
 72
1
 11
16650.0
 21
-5200.0
 31
0.0
100
AcDbText
 73
2
  0
LINE
  5
34E
330
17
100
AcDbEntity
  8
TUBE
 62
7
370
35
100
AcDbLine
 10
18300.0
 20
-5100.0
 30
0.0
 11
21600.0
 21
-5100.0
 31
0.0
  0
LINE
  5
34F
330
17
100
AcDbEntity
  8
TUBE
 62
7
370
35
100
AcDbLine
 10
18300.0
 20
-5300.0
 30
0.0
 11
21600.0
 21
-5300.0
 31
0.0
  0
LINE
  5
350
330
17
100
AcDbEntity
  8
TUBE
 62
7
370
35
100
AcDbLine
 10
21600.0
 20
-5100.0
 30
0.0
 11
21600.0
 21
-5300.0
 31
0.0
  0
DIMENSION
  5
351
330
17
100
AcDbEntity
  8
DIMENSION
 62
3
370
25
100
AcDbDimension
280
0
  2
*D43
  3
Standard
 10
18300.0
 20
-5000.0
 30
0.0
 11
19950.0
 21
-4928.75
 31
0.0
 70
32
 71
5
  1
3300
100
AcDbAlignedDimension
 13
18300.0
 23
-5100.0
 33
0.0
 14
21600.0
 24
-5100.0
 34
0.0
 50
0.0
100
AcDbRotatedDimension
  0
TEXT
  5
360
330
17
100
AcDbEntity
  8
TEXT
100
AcDbText
 10
19950.0
 20
-5200.0
 30
0.0
 40
120.0
  1
BRB-1200-3600
 72
1
 11
19950.0
 21
-5200.0
 31
0.0
100
AcDbText
 73
2
  0
LINE
  5
361
330
17
100
AcDbEntity
  8
TUBE
 62
7
370
35
100
AcDbLine
 10
21600.0
 20
-5100.0
 30
0.0
 11
24300.0
 21
-5100.0
 31
0.0
  0
LINE
  5
362
330
17
100
AcDbEntity
  8
TUBE
 62
7
370
35
100
AcDbLine
 10
21600.0
 20
-5300.0
 30
0.0
 11
24300.0
 21
-5300.0
 31
0.0
  0
LINE
  5
363
330
17
100
AcDbEntity
  8
TUBE
 62
7
370
35
100
AcDbLine
 10
24300.0
 20
-5100.0
 30
0.0
 11
24300.0
 21
-5300.0
 31
0.0
  0
DIMENSION
  5
364
330
17
100
AcDbEntity
  8
DIMENSION
 62
3
370
25
100
AcDbDimension
280
0
  2
*D44
  3
Standard
 10
21600.0
 20
-5000.0
 30
0.0
 11
22950.0
 21
-4928.75
 31
0.0
 70
32
 71
5
  1
2700
100
AcDbAlignedDimension
 13
21600.0
 23
-5100.0
 33
0.0
 14
24300.0
 24
-5100.0
 34
0.0
 50
0.0
100
AcDbRotatedDimension
  0
TEXT
  5
373
330
17
100
AcDbEntity
  8
TEXT
100
AcDbText
 10
22950.0
 20
-5200.0
 30
0.0
 40
120.0
  1
BRB-2000-3000
 72
1
 11
22950.0
 21
-5200.0
 31
0.0
100
AcDbText
 73
2
  0
LINE
  5
374
330
17
100
AcDbEntity
  8
TUBE
 62
7
370
35
100
AcDbLine
 10
24300.0
 20
-5100.0
 30
0.0
 11
27000.0
 21
-5100.0
 31
0.0
  0
LINE
  5
375
330
17
100
AcDbEntity
  8
TUBE
 62
7
370
35
100
AcDbLine
 10
24300.0
 20
-5300.0
 30
0.0
 11
27000.0
 21
-5300.0
 31
0.0
  0
LINE
  5
376
330
17
100
AcDbEntity
  8
TUBE
 62
7
370
35
100
AcDbLine
 10
27000.0
 20
-5100.0
 30
0.0
 11
27000.0
 21
-5300.0
 31
0.0
  0
DIMENSION
  5
377
330
17
100
AcDbEntity
  8
DIMENSION
 62
3
370
25
100
AcDbDimension
280
0
  2
*D45
  3
Standard
 10
24300.0
 20
-5000.0
 30
0.0
 11
25650.0
 21
-4928.75
 31
0.0
 70
32
 71
5
  1
2700
100
AcDbAlignedDimension
 13
24300.0
 23
-5100.0
 33
0.0
 14
27000.0
 24
-5100.0
 34
0.0
 50
0.0
100
AcDbRotatedDimension
  0
TEXT
  5
386
330
17
100
AcDbEntity
  8
TEXT
100
AcDbText
 10
25650.0
 20
-5200.0
 30
0.0
 40
120.0
  1
BRB-1300-3000
 72
1
 11
25650.0
 21
-5200.0
 31
0.0
100
AcDbText
 73
2
  0
TEXT
  5
387
330
17
100
AcDbEntity
  8
TEXT
100
AcDbText
 10
21000.0
 20
-5470.0
 30
0.0
 40
120.0
  1
1根
100
AcDbText
  0
DIMENSION
  5
388
330
17
100
AcDbEntity
  8
DIMENSION
 62
3
370
25
100
AcDbDimension
280
0
  2
*D46
  3
Standard
 10
14890.0
 20
-5950.0
 30
0.0
 11
14818.75
 21
-5850.0
 31
0.0
 70
32
 71
5
  1
200
100
AcDbAlignedDimension
 13
15010.0
 23
-5950.0
 33
0.0
 14
15010.0
 24
-5750.0
 34
0.0
 50
90.0
100
AcDbRotatedDimension
  0
LINE
  5
399
330
17
100
AcDbEntity
  8
TUBE
 62
7
370
35
100
AcDbLine
 10
15000.0
 20
-5750.0
 30
0.0
 11
18300.0
 21
-5750.0
 31
0.0
  0
LINE
  5
39A
330
17
100
AcDbEntity
  8
TUBE
 62
7
370
35
100
AcDbLine
 10
15000.0
 20
-5950.0
 30
0.0
 11
18300.0
 21
-5950.0
 31
0.0
  0
LINE
  5
39B
330
17
100
AcDbEntity
  8
TUBE
 62
7
370
35
100
AcDbLine
 10
15000.0
 20
-5750.0
 30
0.0
 11
15000.0
 21
-5950.0
 31
0.0
  0
LINE
  5
39C
330
17
100
AcDbEntity
  8
TUBE
 62
7
370
35
100
AcDbLine
 10
18300.0
 20
-5750.0
 30
0.0
 11
18300.0
 21
-5950.0
 31
0.0
  0
DIMENSION
  5
39D
330
17
100
AcDbEntity
  8
DIMENSION
 62
3
370
25
100
AcDbDimension
280
0
  2
*D47
  3
Standard
 10
15000.0
 20
-5650.0
 30
0.0
 11
16650.0
 21
-5578.75
 31
0.0
 70
32
 71
5
  1
3300
100
AcDbAlignedDimension
 13
15000.0
 23
-5750.0
 33
0.0
 14
18300.0
 24
-5750.0
 34
0.0
 50
0.0
100
AcDbRotatedDimension
  0
TEXT
  5
3AC
330
17
100
AcDbEntity
  8
TEXT
100
AcDbText
 10
16650.0
 20
-5850.0
 30
0.0
 40
120.0
  1
BRB-1200-3600
 72
1
 11
16650.0
 21
-5850.0
 31
0.0
100
AcDbText
 73
2
  0
LINE
  5
3AD
330
17
100
AcDbEntity
  8
TUBE
 62
7
370
35
100
AcDbLine
 10
18300.0
 20
-5750.0
 30
0.0
 11
21600.0
 21
-5750.0
 31
0.0
  0
LINE
  5
3AE
330
17
100
AcDbEntity
  8
TUBE
 62
7
370
35
100
AcDbLine
 10
18300.0
 20
-5950.0
 30
0.0
 11
21600.0
 21
-5950.0
 31
0.0
  0
LINE
  5
3AF
330
17
100
AcDbEntity
  8
TUBE
 62
7
370
35
100
AcDbLine
 10
21600.0
 20
-5750.0
 30
0.0
 11
21600.0
 21
-5950.0
 31
0.0
  0
DIMENSION
  5
3B0
330
17
100
AcDbEntity
  8
DIMENSION
 62
3
370
25
100
AcDbDimension
280
0
  2
*D48
  3
Standard
 10
18300.0
 20
-5650.0
 30
0.0
 11
19950.0
 21
-5578.75
 31
0.0
 70
32
 71
5
  1
3300
100
AcDbAlignedDimension
 13
18300.0
 23
-5750.0
 33
0.0
 14
21600.0
 24
-5750.0
 34
0.0
 50
0.0
100
AcDbRotatedDimension
  0
TEXT
  5
3BF
330
17
100
AcDbEntity
  8
TEXT
100
AcDbText
 10
19950.0
 20
-5850.0
 30
0.0
 40
120.0
  1
BRB-1200-3600
 72
1
 11
19950.0
 21
-5850.0
 31
0.0
100
AcDbText
 73
2
  0
LINE
  5
3C0
330
17
100
AcDbEntity
  8
TUBE
 62
7
370
35
100
AcDbLine
 10
21600.0
 20
-5750.0
 30
0.0
 11
24300.0
 21
-5750.0
 31
0.0
  0
LINE
  5
3C1
330
17
100
AcDbEntity
  8
TUBE
 62
7
370
35
100
AcDbLine
 10
21600.0
 20
-5950.0
 30
0.0
 11
24300.0
 21
-5950.0
 31
0.0
  0
LINE
  5
3C2
330
17
100
AcDbEntity
  8
TUBE
 62
7
370
35
100
AcDbLine
 10
24300.0
 20
-5750.0
 30
0.0
 11
24300.0
 21
-5950.0
 31
0.0
  0
DIMENSION
  5
3C3
330
17
100
AcDbEntity
  8
DIMENSION
 62
3
370
25
100
AcDbDimension
280
0
  2
*D49
  3
Standard
 10
21600.0
 20
-5650.0
 30
0.0
 11
22950.0
 21
-5578.75
 31
0.0
 70
32
 71
5
  1
2700
100
AcDbAlignedDimension
 13
21600.0
 23
-5750.0
 33
0.0
 14
24300.0
 24
-5750.0
 34
0.0
 50
0.0
100
AcDbRotatedDimension
  0
TEXT
  5
3D2
330
17
100
AcDbEntity
  8
TEXT
100
AcDbText
 10
22950.0
 20
-5850.0
 30
0.0
 40
120.0
  1
BRB-1300-3000
 72
1
 11
22950.0
 21
-5850.0
 31
0.0
100
AcDbText
 73
2
  0
LINE
  5
3D3
330
17
100
AcDbEntity
  8
TUBE
 62
7
370
35
100
AcDbLine
 10
24300.0
 20
-5750.0
 30
0.0
 11
27000.0
 21
-5750.0
 31
0.0
  0
LINE
  5
3D4
330
17
100
AcDbEntity
  8
TUBE
 62
7
370
35
100
AcDbLine
 10
24300.0
 20
-5950.0
 30
0.0
 11
27000.0
 21
-5950.0
 31
0.0
  0
LINE
  5
3D5
330
17
100
AcDbEntity
  8
TUBE
 62
7
370
35
100
AcDbLine
 10
27000.0
 20
-5750.0
 30
0.0
 11
27000.0
 21
-5950.0
 31
0.0
  0
DIMENSION
  5
3D6
330
17
100
AcDbEntity
  8
DIMENSION
 62
3
370
25
100
AcDbDimension
280
0
  2
*D50
  3
Standard
 10
24300.0
 20
-5650.0
 30
0.0
 11
25650.0
 21
-5578.75
 31
0.0
 70
32
 71
5
  1
2700
100
AcDbAlignedDimension
 13
24300.0
 23
-5750.0
 33
0.0
 14
27000.0
 24
-5750.0
 34
0.0
 50
0.0
100
AcDbRotatedDimension
  0
TEXT
  5
3E5
330
17
100
AcDbEntity
  8
TEXT
100
AcDbText
 10
25650.0
 20
-5850.0
 30
0.0
 40
120.0
  1
BRB-1300-3000
 72
1
 11
25650.0
 21
-5850.0
 31
0.0
100
AcDbText
 73
2
  0
TEXT
  5
3E6
330
17
100
AcDbEntity
  8
TEXT
100
AcDbText
 10
21000.0
 20
-6120.0
 30
0.0
 40
120.0
  1
4根
100
AcDbText
  0
DIMENSION
  5
3E7
330
17
100
AcDbEntity
  8
DIMENSION
 62
3
370
25
100
AcDbDimension
280
0
  2
*D51
  3
Standard
 10
14890.0
 20
-6600.0
 30
0.0
 11
14818.75
 21
-6500.0
 31
0.0
 70
32
 71
5
  1
200
100
AcDbAlignedDimension
 13
15010.0
 23
-6600.0
 33
0.0
 14
15010.0
 24
-6400.0
 34
0.0
 50
90.0
100
AcDbRotatedDimension
  0
LINE
  5
3F8
330
17
100
AcDbEntity
  8
TUBE
 62
7
370
35
100
AcDbLine
 10
15000.0
 20
-6400.0
 30
0.0
 11
18300.0
 21
-6400.0
 31
0.0
  0
LINE
  5
3F9
330
17
100
AcDbEntity
  8
TUBE
 62
7
370
35
100
AcDbLine
 10
15000.0
 20
-6600.0
 30
0.0
 11
18300.0
 21
-6600.0
 31
0.0
  0
LINE
  5
3FA
330
17
100
AcDbEntity
  8
TUBE
 62
7
370
35
100
AcDbLine
 10
15000.0
 20
-6400.0
 30
0.0
 11
15000.0
 21
-6600.0
 31
0.0
  0
LINE
  5
3FB
330
17
100
AcDbEntity
  8
TUBE
 62
7
370
35
100
AcDbLine
 10
18300.0
 20
-6400.0
 30
0.0
 11
18300.0
 21
-6600.0
 31
0.0
  0
DIMENSION
  5
3FC
330
17
100
AcDbEntity
  8
DIMENSION
 62
3
370
25
100
AcDbDimension
280
0
  2
*D52
  3
Standard
 10
15000.0
 20
-6300.0
 30
0.0
 11
16650.0
 21
-6228.75
 31
0.0
 70
32
 71
5
  1
3300
100
AcDbAlignedDimension
 13
15000.0
 23
-6400.0
 33
0.0
 14
18300.0
 24
-6400.0
 34
0.0
 50
0.0
100
AcDbRotatedDimension
  0
TEXT
  5
40B
330
17
100
AcDbEntity
  8
TEXT
100
AcDbText
 10
16650.0
 20
-6500.0
 30
0.0
 40
120.0
  1
BRB-1200-3600
 72
1
 11
16650.0
 21
-6500.0
 31
0.0
100
AcDbText
 73
2
  0
LINE
  5
40C
330
17
100
AcDbEntity
  8
TUBE
 62
7
370
35
100
AcDbLine
 10
18300.0
 20
-6400.0
 30
0.0
 11
21400.0
 21
-6400.0
 31
0.0
  0
LINE
  5
40D
330
17
100
AcDbEntity
  8
TUBE
 62
7
370
35
100
AcDbLine
 10
18300.0
 20
-6600.0
 30
0.0
 11
21400.0
 21
-6600.0
 31
0.0
  0
LINE
  5
40E
330
17
100
AcDbEntity
  8
TUBE
 62
7
370
35
100
AcDbLine
 10
21400.0
 20
-6400.0
 30
0.0
 11
21400.0
 21
-6600.0
 31
0.0
  0
DIMENSION
  5
40F
330
17
100
AcDbEntity
  8
DIMENSION
 62
3
370
25
100
AcDbDimension
280
0
  2
*D53
  3
Standard
 10
18300.0
 20
-6300.0
 30
0.0
 11
19850.0
 21
-6228.75
 31
0.0
 70
32
 71
5
  1
3100
100
AcDbAlignedDimension
 13
18300.0
 23
-6400.0
 33
0.0
 14
21400.0
 24
-6400.0
 34
0.0
 50
0.0
100
AcDbRotatedDimension
  0
TEXT
  5
41E
330
17
100
AcDbEntity
  8
TEXT
100
AcDbText
 10
19850.0
 20
-6500.0
 30
0.0
 40
120.0
  1
BRB-1200-3400
 72
1
 11
19850.0
 21
-6500.0
 31
0.0
100
AcDbText
 73
2
  0
LINE
  5
41F
330
17
100
AcDbEntity
  8
TUBE
 62
7
370
35
100
AcDbLine
 10
21400.0
 20
-6400.0
 30
0.0
 11
24300.0
 21
-6400.0
 31
0.0
  0
LINE
  5
420
330
17
100
AcDbEntity
  8
TUBE
 62
7
370
35
100
AcDbLine
 10
21400.0
 20
-6600.0
 30
0.0
 11
24300.0
 21
-6600.0
 31
0.0
  0
LINE
  5
421
330
17
100
AcDbEntity
  8
TUBE
 62
7
370
35
100
AcDbLine
 10
24300.0
 20
-6400.0
 30
0.0
 11
24300.0
 21
-6600.0
 31
0.0
  0
DIMENSION
  5
422
330
17
100
AcDbEntity
  8
DIMENSION
 62
3
370
25
100
AcDbDimension
280
0
  2
*D54
  3
Standard
 10
21400.0
 20
-6300.0
 30
0.0
 11
22850.0
 21
-6228.75
 31
0.0
 70
32
 71
5
  1
2900
100
AcDbAlignedDimension
 13
21400.0
 23
-6400.0
 33
0.0
 14
24300.0
 24
-6400.0
 34
0.0
 50
0.0
100
AcDbRotatedDimension
  0
TEXT
  5
431
330
17
100
AcDbEntity
  8
TEXT
100
AcDbText
 10
22850.0
 20
-6500.0
 30
0.0
 40
120.0
  1
BRB-1300-3200
 72
1
 11
22850.0
 21
-6500.0
 31
0.0
100
AcDbText
 73
2
  0
LINE
  5
432
330
17
100
AcDbEntity
  8
TUBE
 62
7
370
35
100
AcDbLine
 10
24300.0
 20
-6400.0
 30
0.0
 11
27000.0
 21
-6400.0
 31
0.0
  0
LINE
  5
433
330
17
100
AcDbEntity
  8
TUBE
 62
7
370
35
100
AcDbLine
 10
24300.0
 20
-6600.0
 30
0.0
 11
27000.0
 21
-6600.0
 31
0.0
  0
LINE
  5
434
330
17
100
AcDbEntity
  8
TUBE
 62
7
370
35
100
AcDbLine
 10
27000.0
 20
-6400.0
 30
0.0
 11
27000.0
 21
-6600.0
 31
0.0
  0
DIMENSION
  5
435
330
17
100
AcDbEntity
  8
DIMENSION
 62
3
370
25
100
AcDbDimension
280
0
  2
*D55
  3
Standard
 10
24300.0
 20
-6300.0
 30
0.0
 11
25650.0
 21
-6228.75
 31
0.0
 70
32
 71
5
  1
2700
100
AcDbAlignedDimension
 13
24300.0
 23
-6400.0
 33
0.0
 14
27000.0
 24
-6400.0
 34
0.0
 50
0.0
100
AcDbRotatedDimension
  0
TEXT
  5
444
330
17
100
AcDbEntity
  8
TEXT
100
AcDbText
 10
25650.0
 20
-6500.0
 30
0.0
 40
120.0
  1
BRB-1300-3000
 72
1
 11
25650.0
 21
-6500.0
 31
0.0
100
AcDbText
 73
2
  0
TEXT
  5
445
330
17
100
AcDbEntity
  8
TEXT
100
AcDbText
 10
21000.0
 20
-6770.0
 30
0.0
 40
120.0
  1
1根
100
AcDbText
  0
DIMENSION
  5
446
330
17
100
AcDbEntity
  8
DIMENSION
 62
3
370
25
100
AcDbDimension
280
0
  2
*D56
  3
Standard
 10
14890.0
 20
-7250.0
 30
0.0
 11
14818.75
 21
-7150.0
 31
0.0
 70
32
 71
5
  1
200
100
AcDbAlignedDimension
 13
15010.0
 23
-7250.0
 33
0.0
 14
15010.0
 24
-7050.0
 34
0.0
 50
90.0
100
AcDbRotatedDimension
  0
LINE
  5
457
330
17
100
AcDbEntity
  8
TUBE
 62
7
370
35
100
AcDbLine
 10
15000.0
 20
-7050.0
 30
0.0
 11
18100.0
 21
-7050.0
 31
0.0
  0
LINE
  5
458
330
17
100
AcDbEntity
  8
TUBE
 62
7
370
35
100
AcDbLine
 10
15000.0
 20
-7250.0
 30
0.0
 11
18100.0
 21
-7250.0
 31
0.0
  0
LINE
  5
459
330
17
100
AcDbEntity
  8
TUBE
 62
7
370
35
100
AcDbLine
 10
15000.0
 20
-7050.0
 30
0.0
 11
15000.0
 21
-7250.0
 31
0.0
  0
LINE
  5
45A
330
17
100
AcDbEntity
  8
TUBE
 62
7
370
35
100
AcDbLine
 10
18100.0
 20
-7050.0
 30
0.0
 11
18100.0
 21
-7250.0
 31
0.0
  0
DIMENSION
  5
45B
330
17
100
AcDbEntity
  8
DIMENSION
 62
3
370
25
100
AcDbDimension
280
0
  2
*D57
  3
Standard
 10
15000.0
 20
-6950.0
 30
0.0
 11
16550.0
 21
-6878.75
 31
0.0
 70
32
 71
5
  1
3100
100
AcDbAlignedDimension
 13
15000.0
 23
-7050.0
 33
0.0
 14
18100.0
 24
-7050.0
 34
0.0
 50
0.0
100
AcDbRotatedDimension
  0
TEXT
  5
46A
330
17
100
AcDbEntity
  8
TEXT
100
AcDbText
 10
16550.0
 20
-7150.0
 30
0.0
 40
120.0
  1
BRB-1200-3400
 72
1
 11
16550.0
 21
-7150.0
 31
0.0
100
AcDbText
 73
2
  0
LINE
  5
46B
330
17
100
AcDbEntity
  8
TUBE
 62
7
370
35
100
AcDbLine
 10
18100.0
 20
-7050.0
 30
0.0
 11
21200.0
 21
-7050.0
 31
0.0
  0
LINE
  5
46C
330
17
100
AcDbEntity
  8
TUBE
 62
7
370
35
100
AcDbLine
 10
18100.0
 20
-7250.0
 30
0.0
 11
21200.0
 21
-7250.0
 31
0.0
  0
LINE
  5
46D
330
17
100
AcDbEntity
  8
TUBE
 62
7
370
35
100
AcDbLine
 10
21200.0
 20
-7050.0
 30
0.0
 11
21200.0
 21
-7250.0
 31
0.0
  0
DIMENSION
  5
46E
330
17
100
AcDbEntity
  8
DIMENSION
 62
3
370
25
100
AcDbDimension
280
0
  2
*D58
  3
Standard
 10
18100.0
 20
-6950.0
 30
0.0
 11
19650.0
 21
-6878.75
 31
0.0
 70
32
 71
5
  1
3100
100
AcDbAlignedDimension
 13
18100.0
 23
-7050.0
 33
0.0
 14
21200.0
 24
-7050.0
 34
0.0
 50
0.0
100
AcDbRotatedDimension
  0
TEXT
  5
47D
330
17
100
AcDbEntity
  8
TEXT
100
AcDbText
 10
19650.0
 20
-7150.0
 30
0.0
 40
120.0
  1
BRB-1200-3400
 72
1
 11
19650.0
 21
-7150.0
 31
0.0
100
AcDbText
 73
2
  0
LINE
  5
47E
330
17
100
AcDbEntity
  8
TUBE
 62
7
370
35
100
AcDbLine
 10
21200.0
 20
-7050.0
 30
0.0
 11
24300.0
 21
-7050.0
 31
0.0
  0
LINE
  5
47F
330
17
100
AcDbEntity
  8
TUBE
 62
7
370
35
100
AcDbLine
 10
21200.0
 20
-7250.0
 30
0.0
 11
24300.0
 21
-7250.0
 31
0.0
  0
LINE
  5
480
330
17
100
AcDbEntity
  8
TUBE
 62
7
370
35
100
AcDbLine
 10
24300.0
 20
-7050.0
 30
0.0
 11
24300.0
 21
-7250.0
 31
0.0
  0
DIMENSION
  5
481
330
17
100
AcDbEntity
  8
DIMENSION
 62
3
370
25
100
AcDbDimension
280
0
  2
*D59
  3
Standard
 10
21200.0
 20
-6950.0
 30
0.0
 11
22750.0
 21
-6878.75
 31
0.0
 70
32
 71
5
  1
3100
100
AcDbAlignedDimension
 13
21200.0
 23
-7050.0
 33
0.0
 14
24300.0
 24
-7050.0
 34
0.0
 50
0.0
100
AcDbRotatedDimension
  0
TEXT
  5
490
330
17
100
AcDbEntity
  8
TEXT
100
AcDbText
 10
22750.0
 20
-7150.0
 30
0.0
 40
120.0
  1
BRB-1200-3400
 72
1
 11
22750.0
 21
-7150.0
 31
0.0
100
AcDbText
 73
2
  0
LINE
  5
491
330
17
100
AcDbEntity
  8
TUBE
 62
7
370
35
100
AcDbLine
 10
24300.0
 20
-7050.0
 30
0.0
 11
27000.0
 21
-7050.0
 31
0.0
  0
LINE
  5
492
330
17
100
AcDbEntity
  8
TUBE
 62
7
370
35
100
AcDbLine
 10
24300.0
 20
-7250.0
 30
0.0
 11
27000.0
 21
-7250.0
 31
0.0
  0
LINE
  5
493
330
17
100
AcDbEntity
  8
TUBE
 62
7
370
35
100
AcDbLine
 10
27000.0
 20
-7050.0
 30
0.0
 11
27000.0
 21
-7250.0
 31
0.0
  0
DIMENSION
  5
494
330
17
100
AcDbEntity
  8
DIMENSION
 62
3
370
25
100
AcDbDimension
280
0
  2
*D60
  3
Standard
 10
24300.0
 20
-6950.0
 30
0.0
 11
25650.0
 21
-6878.75
 31
0.0
 70
32
 71
5
  1
2700
100
AcDbAlignedDimension
 13
24300.0
 23
-7050.0
 33
0.0
 14
27000.0
 24
-7050.0
 34
0.0
 50
0.0
100
AcDbRotatedDimension
  0
TEXT
  5
4A3
330
17
100
AcDbEntity
  8
TEXT
100
AcDbText
 10
25650.0
 20
-7150.0
 30
0.0
 40
120.0
  1
BRB-1300-3000
 72
1
 11
25650.0
 21
-7150.0
 31
0.0
100
AcDbText
 73
2
  0
TEXT
  5
4A4
330
17
100
AcDbEntity
  8
TEXT
100
AcDbText
 10
21000.0
 20
-7420.0
 30
0.0
 40
120.0
  1
4根
100
AcDbText
  0
DIMENSION
  5
4A5
330
17
100
AcDbEntity
  8
DIMENSION
 62
3
370
25
100
AcDbDimension
280
0
  2
*D61
  3
Standard
 10
14890.0
 20
-7900.0
 30
0.0
 11
14818.75
 21
-7800.0
 31
0.0
 70
32
 71
5
  1
200
100
AcDbAlignedDimension
 13
15010.0
 23
-7900.0
 33
0.0
 14
15010.0
 24
-7700.0
 34
0.0
 50
90.0
100
AcDbRotatedDimension
  0
LINE
  5
4B6
330
17
100
AcDbEntity
  8
TUBE
 62
7
370
35
100
AcDbLine
 10
15000.0
 20
-7700.0
 30
0.0
 11
19600.0
 21
-7700.0
 31
0.0
  0
LINE
  5
4B7
330
17
100
AcDbEntity
  8
TUBE
 62
7
370
35
100
AcDbLine
 10
15000.0
 20
-7900.0
 30
0.0
 11
19600.0
 21
-7900.0
 31
0.0
  0
LINE
  5
4B8
330
17
100
AcDbEntity
  8
TUBE
 62
7
370
35
100
AcDbLine
 10
15000.0
 20
-7700.0
 30
0.0
 11
15000.0
 21
-7900.0
 31
0.0
  0
LINE
  5
4B9
330
17
100
AcDbEntity
  8
TUBE
 62
7
370
35
100
AcDbLine
 10
19600.0
 20
-7700.0
 30
0.0
 11
19600.0
 21
-7900.0
 31
0.0
  0
DIMENSION
  5
4BA
330
17
100
AcDbEntity
  8
DIMENSION
 62
3
370
25
100
AcDbDimension
280
0
  2
*D62
  3
Standard
 10
15000.0
 20
-7600.0
 30
0.0
 11
17300.0
 21
-7528.75
 31
0.0
 70
32
 71
5
  1
4600
100
AcDbAlignedDimension
 13
15000.0
 23
-7700.0
 33
0.0
 14
19600.0
 24
-7700.0
 34
0.0
 50
0.0
100
AcDbRotatedDimension
  0
TEXT
  5
4C9
330
17
100
AcDbEntity
  8
TEXT
100
AcDbText
 10
17300.0
 20
-7800.0
 30
0.0
 40
120.0
  1
BRB-1300-4900
 72
1
 11
17300.0
 21
-7800.0
 31
0.0
100
AcDbText
 73
2
  0
LINE
  5
4CA
330
17
100
AcDbEntity
  8
TUBE
 62
7
370
35
100
AcDbLine
 10
19600.0
 20
-7700.0
 30
0.0
 11
22000.0
 21
-7700.0
 31
0.0
  0
LINE
  5
4CB
330
17
100
AcDbEntity
  8
TUBE
 62
7
370
35
100
AcDbLine
 10
19600.0
 20
-7900.0
 30
0.0
 11
22000.0
 21
-7900.0
 31
0.0
  0
LINE
  5
4CC
330
17
100
AcDbEntity
  8
TUBE
 62
7
370
35
100
AcDbLine
 10
22000.0
 20
-7700.0
 30
0.0
 11
22000.0
 21
-7900.0
 31
0.0
  0
DIMENSION
  5
4CD
330
17
100
AcDbEntity
  8
DIMENSION
 62
3
370
25
100
AcDbDimension
280
0
  2
*D63
  3
Standard
 10
19600.0
 20
-7600.0
 30
0.0
 11
20800.0
 21
-7528.75
 31
0.0
 70
32
 71
5
  1
2400
100
AcDbAlignedDimension
 13
19600.0
 23
-7700.0
 33
0.0
 14
22000.0
 24
-7700.0
 34
0.0
 50
0.0
100
AcDbRotatedDimension
  0
TEXT
  5
4DC
330
17
100
AcDbEntity
  8
TEXT
100
AcDbText
 10
20800.0
 20
-7800.0
 30
0.0
 40
120.0
  1
BRB-2000-2700
 72
1
 11
20800.0
 21
-7800.0
 31
0.0
100
AcDbText
 73
2
  0
LINE
  5
4DD
330
17
100
AcDbEntity
  8
TUBE
 62
7
370
35
100
AcDbLine
 10
22000.0
 20
-7700.0
 30
0.0
 11
24400.0
 21
-7700.0
 31
0.0
  0
LINE
  5
4DE
330
17
100
AcDbEntity
  8
TUBE
 62
7
370
35
100
AcDbLine
 10
22000.0
 20
-7900.0
 30
0.0
 11
24400.0
 21
-7900.0
 31
0.0
  0
LINE
  5
4DF
330
17
100
AcDbEntity
  8
TUBE
 62
7
370
35
100
AcDbLine
 10
24400.0
 20
-7700.0
 30
0.0
 11
24400.0
 21
-7900.0
 31
0.0
  0
DIMENSION
  5
4E0
330
17
100
AcDbEntity
  8
DIMENSION
 62
3
370
25
100
AcDbDimension
280
0
  2
*D64
  3
Standard
 10
22000.0
 20
-7600.0
 30
0.0
 11
23200.0
 21
-7528.75
 31
0.0
 70
32
 71
5
  1
2400
100
AcDbAlignedDimension
 13
22000.0
 23
-7700.0
 33
0.0
 14
24400.0
 24
-7700.0
 34
0.0
 50
0.0
100
AcDbRotatedDimension
  0
TEXT
  5
4EF
330
17
100
AcDbEntity
  8
TEXT
100
AcDbText
 10
23200.0
 20
-7800.0
 30
0.0
 40
120.0
  1
BRB-2000-2700
 72
1
 11
23200.0
 21
-7800.0
 31
0.0
100
AcDbText
 73
2
  0
LINE
  5
4F0
330
17
100
AcDbEntity
  8
TUBE
 62
7
370
35
100
AcDbLine
 10
24400.0
 20
-7700.0
 30
0.0
 11
26800.0
 21
-7700.0
 31
0.0
  0
LINE
  5
4F1
330
17
100
AcDbEntity
  8
TUBE
 62
7
370
35
100
AcDbLine
 10
24400.0
 20
-7900.0
 30
0.0
 11
26800.0
 21
-7900.0
 31
0.0
  0
LINE
  5
4F2
330
17
100
AcDbEntity
  8
TUBE
 62
7
370
35
100
AcDbLine
 10
26800.0
 20
-7700.0
 30
0.0
 11
26800.0
 21
-7900.0
 31
0.0
  0
DIMENSION
  5
4F3
330
17
100
AcDbEntity
  8
DIMENSION
 62
3
370
25
100
AcDbDimension
280
0
  2
*D65
  3
Standard
 10
24400.0
 20
-7600.0
 30
0.0
 11
25600.0
 21
-7528.75
 31
0.0
 70
32
 71
5
  1
2400
100
AcDbAlignedDimension
 13
24400.0
 23
-7700.0
 33
0.0
 14
26800.0
 24
-7700.0
 34
0.0
 50
0.0
100
AcDbRotatedDimension
  0
TEXT
  5
502
330
17
100
AcDbEntity
  8
TEXT
100
AcDbText
 10
25600.0
 20
-7800.0
 30
0.0
 40
120.0
  1
BRB-2000-2700
 72
1
 11
25600.0
 21
-7800.0
 31
0.0
100
AcDbText
 73
2
  0
LINE
  5
503
330
17
100
AcDbEntity
  8
TUBE
 62
7
370
35
100
AcDbLine
 10
26800.0
 20
-7700.0
 30
0.0
 11
27000.0
 21
-7700.0
 31
0.0
  0
LINE
  5
504
330
17
100
AcDbEntity
  8
TUBE
 62
7
370
35
100
AcDbLine
 10
26800.0
 20
-7900.0
 30
0.0
 11
27000.0
 21
-7900.0
 31
0.0
  0
LINE
  5
505
330
17
100
AcDbEntity
  8
TUBE
 62
7
370
35
100
AcDbLine
 10
26800.0
 20
-7700.0
 30
0.0
 11
26800.0
 21
-7900.0
 31
0.0
  0
LINE
  5
506
330
17
100
AcDbEntity
  8
TUBE
 62
7
370
35
100
AcDbLine
 10
27000.0
 20
-7700.0
 30
0.0
 11
27000.0
 21
-7900.0
 31
0.0
  0
DIMENSION
  5
507
330
17
100
AcDbEntity
  8
DIMENSION
 62
3
370
25
100
AcDbDimension
280
0
  2
*D66
  3
Standard
 10
26800.0
 20
-7600.0
 30
0.0
 11
26900.0
 21
-7528.75
 31
0.0
 70
32
 71
5
  1
余200
100
AcDbAlignedDimension
 13
26800.0
 23
-7700.0
 33
0.0
 14
27000.0
 24
-7700.0
 34
0.0
 50
0.0
100
AcDbRotatedDimension
  0
TEXT
  5
518
330
17
100
AcDbEntity
  8
TEXT
100
AcDbText
 10
21000.0
 20
-8070.0
 30
0.0
 40
120.0
  1
7根
100
AcDbText
  0
DIMENSION
  5
519
330
17
100
AcDbEntity
  8
DIMENSION
 62
3
370
25
100
AcDbDimension
280
0
  2
*D67
  3
Standard
 10
14890.0
 20
-8550.0
 30
0.0
 11
14818.75
 21
-8450.0
 31
0.0
 70
32
 71
5
  1
200
100
AcDbAlignedDimension
 13
15010.0
 23
-8550.0
 33
0.0
 14
15010.0
 24
-8350.0
 34
0.0
 50
90.0
100
AcDbRotatedDimension
  0
LINE
  5
52A
330
17
100
AcDbEntity
  8
TUBE
 62
7
370
35
100
AcDbLine
 10
15000.0
 20
-8350.0
 30
0.0
 11
18100.0
 21
-8350.0
 31
0.0
  0
LINE
  5
52B
330
17
100
AcDbEntity
  8
TUBE
 62
7
370
35
100
AcDbLine
 10
15000.0
 20
-8550.0
 30
0.0
 11
18100.0
 21
-8550.0
 31
0.0
  0
LINE
  5
52C
330
17
100
AcDbEntity
  8
TUBE
 62
7
370
35
100
AcDbLine
 10
15000.0
 20
-8350.0
 30
0.0
 11
15000.0
 21
-8550.0
 31
0.0
  0
LINE
  5
52D
330
17
100
AcDbEntity
  8
TUBE
 62
7
370
35
100
AcDbLine
 10
18100.0
 20
-8350.0
 30
0.0
 11
18100.0
 21
-8550.0
 31
0.0
  0
DIMENSION
  5
52E
330
17
100
AcDbEntity
  8
DIMENSION
 62
3
370
25
100
AcDbDimension
280
0
  2
*D68
  3
Standard
 10
15000.0
 20
-8250.0
 30
0.0
 11
16550.0
 21
-8178.75
 31
0.0
 70
32
 71
5
  1
3100
100
AcDbAlignedDimension
 13
15000.0
 23
-8350.0
 33
0.0
 14
18100.0
 24
-8350.0
 34
0.0
 50
0.0
100
AcDbRotatedDimension
  0
TEXT
  5
53D
330
17
100
AcDbEntity
  8
TEXT
100
AcDbText
 10
16550.0
 20
-8450.0
 30
0.0
 40
120.0
  1
BRB-1200-3400
 72
1
 11
16550.0
 21
-8450.0
 31
0.0
100
AcDbText
 73
2
  0
LINE
  5
53E
330
17
100
AcDbEntity
  8
TUBE
 62
7
370
35
100
AcDbLine
 10
18100.0
 20
-8350.0
 30
0.0
 11
21200.0
 21
-8350.0
 31
0.0
  0
LINE
  5
53F
330
17
100
AcDbEntity
  8
TUBE
 62
7
370
35
100
AcDbLine
 10
18100.0
 20
-8550.0
 30
0.0
 11
21200.0
 21
-8550.0
 31
0.0
  0
LINE
  5
540
330
17
100
AcDbEntity
  8
TUBE
 62
7
370
35
100
AcDbLine
 10
21200.0
 20
-8350.0
 30
0.0
 11
21200.0
 21
-8550.0
 31
0.0
  0
DIMENSION
  5
541
330
17
100
AcDbEntity
  8
DIMENSION
 62
3
370
25
100
AcDbDimension
280
0
  2
*D69
  3
Standard
 10
18100.0
 20
-8250.0
 30
0.0
 11
19650.0
 21
-8178.75
 31
0.0
 70
32
 71
5
  1
3100
100
AcDbAlignedDimension
 13
18100.0
 23
-8350.0
 33
0.0
 14
21200.0
 24
-8350.0
 34
0.0
 50
0.0
100
AcDbRotatedDimension
  0
TEXT
  5
550
330
17
100
AcDbEntity
  8
TEXT
100
AcDbText
 10
19650.0
 20
-8450.0
 30
0.0
 40
120.0
  1
BRB-1200-3400
 72
1
 11
19650.0
 21
-8450.0
 31
0.0
100
AcDbText
 73
2
  0
LINE
  5
551
330
17
100
AcDbEntity
  8
TUBE
 62
7
370
35
100
AcDbLine
 10
21200.0
 20
-8350.0
 30
0.0
 11
24300.0
 21
-8350.0
 31
0.0
  0
LINE
  5
552
330
17
100
AcDbEntity
  8
TUBE
 62
7
370
35
100
AcDbLine
 10
21200.0
 20
-8550.0
 30
0.0
 11
24300.0
 21
-8550.0
 31
0.0
  0
LINE
  5
553
330
17
100
AcDbEntity
  8
TUBE
 62
7
370
35
100
AcDbLine
 10
24300.0
 20
-8350.0
 30
0.0
 11
24300.0
 21
-8550.0
 31
0.0
  0
DIMENSION
  5
554
330
17
100
AcDbEntity
  8
DIMENSION
 62
3
370
25
100
AcDbDimension
280
0
  2
*D70
  3
Standard
 10
21200.0
 20
-8250.0
 30
0.0
 11
22750.0
 21
-8178.75
 31
0.0
 70
32
 71
5
  1
3100
100
AcDbAlignedDimension
 13
21200.0
 23
-8350.0
 33
0.0
 14
24300.0
 24
-8350.0
 34
0.0
 50
0.0
100
AcDbRotatedDimension
  0
TEXT
  5
563
330
17
100
AcDbEntity
  8
TEXT
100
AcDbText
 10
22750.0
 20
-8450.0
 30
0.0
 40
120.0
  1
BRB-1200-3400
 72
1
 11
22750.0
 21
-8450.0
 31
0.0
100
AcDbText
 73
2
  0
LINE
  5
564
330
17
100
AcDbEntity
  8
TUBE
 62
7
370
35
100
AcDbLine
 10
24300.0
 20
-8350.0
 30
0.0
 11
26700.0
 21
-8350.0
 31
0.0
  0
LINE
  5
565
330
17
100
AcDbEntity
  8
TUBE
 62
7
370
35
100
AcDbLine
 10
24300.0
 20
-8550.0
 30
0.0
 11
26700.0
 21
-8550.0
 31
0.0
  0
LINE
  5
566
330
17
100
AcDbEntity
  8
TUBE
 62
7
370
35
100
AcDbLine
 10
26700.0
 20
-8350.0
 30
0.0
 11
26700.0
 21
-8550.0
 31
0.0
  0
DIMENSION
  5
567
330
17
100
AcDbEntity
  8
DIMENSION
 62
3
370
25
100
AcDbDimension
280
0
  2
*D71
  3
Standard
 10
24300.0
 20
-8250.0
 30
0.0
 11
25500.0
 21
-8178.75
 31
0.0
 70
32
 71
5
  1
2400
100
AcDbAlignedDimension
 13
24300.0
 23
-8350.0
 33
0.0
 14
26700.0
 24
-8350.0
 34
0.0
 50
0.0
100
AcDbRotatedDimension
  0
TEXT
  5
576
330
17
100
AcDbEntity
  8
TEXT
100
AcDbText
 10
25500.0
 20
-8450.0
 30
0.0
 40
120.0
  1
BRB-2000-2700
 72
1
 11
25500.0
 21
-8450.0
 31
0.0
100
AcDbText
 73
2
  0
LINE
  5
577
330
17
100
AcDbEntity
  8
TUBE
 62
7
370
35
100
AcDbLine
 10
26700.0
 20
-8350.0
 30
0.0
 11
27000.0
 21
-8350.0
 31
0.0
  0
LINE
  5
578
330
17
100
AcDbEntity
  8
TUBE
 62
7
370
35
100
AcDbLine
 10
26700.0
 20
-8550.0
 30
0.0
 11
27000.0
 21
-8550.0
 31
0.0
  0
LINE
  5
579
330
17
100
AcDbEntity
  8
TUBE
 62
7
370
35
100
AcDbLine
 10
26700.0
 20
-8350.0
 30
0.0
 11
26700.0
 21
-8550.0
 31
0.0
  0
LINE
  5
57A
330
17
100
AcDbEntity
  8
TUBE
 62
7
370
35
100
AcDbLine
 10
27000.0
 20
-8350.0
 30
0.0
 11
27000.0
 21
-8550.0
 31
0.0
  0
DIMENSION
  5
57B
330
17
100
AcDbEntity
  8
DIMENSION
 62
3
370
25
100
AcDbDimension
280
0
  2
*D72
  3
Standard
 10
26700.0
 20
-8250.0
 30
0.0
 11
26850.0
 21
-8178.75
 31
0.0
 70
32
 71
5
  1
余300
100
AcDbAlignedDimension
 13
26700.0
 23
-8350.0
 33
0.0
 14
27000.0
 24
-8350.0
 34
0.0
 50
0.0
100
AcDbRotatedDimension
  0
TEXT
  5
58A
330
17
100
AcDbEntity
  8
TEXT
100
AcDbText
 10
21000.0
 20
-8720.0
 30
0.0
 40
120.0
  1
1根
100
AcDbText
  0
DIMENSION
  5
58B
330
17
100
AcDbEntity
  8
DIMENSION
 62
3
370
25
100
AcDbDimension
280
0
  2
*D73
  3
Standard
 10
14890.0
 20
-9200.0
 30
0.0
 11
14818.75
 21
-9100.0
 31
0.0
 70
32
 71
5
  1
200
100
AcDbAlignedDimension
 13
15010.0
 23
-9200.0
 33
0.0
 14
15010.0
 24
-9000.0
 34
0.0
 50
90.0
100
AcDbRotatedDimension
  0
LINE
  5
59C
330
17
100
AcDbEntity
  8
TUBE
 62
7
370
35
100
AcDbLine
 10
15000.0
 20
-9000.0
 30
0.0
 11
17400.0
 21
-9000.0
 31
0.0
  0
LINE
  5
59D
330
17
100
AcDbEntity
  8
TUBE
 62
7
370
35
100
AcDbLine
 10
15000.0
 20
-9200.0
 30
0.0
 11
17400.0
 21
-9200.0
 31
0.0
  0
LINE
  5
59E
330
17
100
AcDbEntity
  8
TUBE
 62
7
370
35
100
AcDbLine
 10
15000.0
 20
-9000.0
 30
0.0
 11
15000.0
 21
-9200.0
 31
0.0
  0
LINE
  5
59F
330
17
100
AcDbEntity
  8
TUBE
 62
7
370
35
100
AcDbLine
 10
17400.0
 20
-9000.0
 30
0.0
 11
17400.0
 21
-9200.0
 31
0.0
  0
DIMENSION
  5
5A0
330
17
100
AcDbEntity
  8
DIMENSION
 62
3
370
25
100
AcDbDimension
280
0
  2
*D74
  3
Standard
 10
15000.0
 20
-8900.0
 30
0.0
 11
16200.0
 21
-8828.75
 31
0.0
 70
32
 71
5
  1
2400
100
AcDbAlignedDimension
 13
15000.0
 23
-9000.0
 33
0.0
 14
17400.0
 24
-9000.0
 34
0.0
 50
0.0
100
AcDbRotatedDimension
  0
TEXT
  5
5AF
330
17
100
AcDbEntity
  8
TEXT
100
AcDbText
 10
16200.0
 20
-9100.0
 30
0.0
 40
120.0
  1
BRB-1200-2700
 72
1
 11
16200.0
 21
-9100.0
 31
0.0
100
AcDbText
 73
2
  0
LINE
  5
5B0
330
17
100
AcDbEntity
  8
TUBE
 62
7
370
35
100
AcDbLine
 10
17400.0
 20
-9000.0
 30
0.0
 11
19800.0
 21
-9000.0
 31
0.0
  0
LINE
  5
5B1
330
17
100
AcDbEntity
  8
TUBE
 62
7
370
35
100
AcDbLine
 10
17400.0
 20
-9200.0
 30
0.0
 11
19800.0
 21
-9200.0
 31
0.0
  0
LINE
  5
5B2
330
17
100
AcDbEntity
  8
TUBE
 62
7
370
35
100
AcDbLine
 10
19800.0
 20
-9000.0
 30
0.0
 11
19800.0
 21
-9200.0
 31
0.0
  0
DIMENSION
  5
5B3
330
17
100
AcDbEntity
  8
DIMENSION
 62
3
370
25
100
AcDbDimension
280
0
  2
*D75
  3
Standard
 10
17400.0
 20
-8900.0
 30
0.0
 11
18600.0
 21
-8828.75
 31
0.0
 70
32
 71
5
  1
2400
100
AcDbAlignedDimension
 13
17400.0
 23
-9000.0
 33
0.0
 14
19800.0
 24
-9000.0
 34
0.0
 50
0.0
100
AcDbRotatedDimension
  0
TEXT
  5
5C2
330
17
100
AcDbEntity
  8
TEXT
100
AcDbText
 10
18600.0
 20
-9100.0
 30
0.0
 40
120.0
  1
BRB-1200-2700
 72
1
 11
18600.0
 21
-9100.0
 31
0.0
100
AcDbText
 73
2
  0
LINE
  5
5C3
330
17
100
AcDbEntity
  8
TUBE
 62
7
370
35
100
AcDbLine
 10
19800.0
 20
-9000.0
 30
0.0
 11
22200.0
 21
-9000.0
 31
0.0
  0
LINE
  5
5C4
330
17
100
AcDbEntity
  8
TUBE
 62
7
370
35
100
AcDbLine
 10
19800.0
 20
-9200.0
 30
0.0
 11
22200.0
 21
-9200.0
 31
0.0
  0
LINE
  5
5C5
330
17
100
AcDbEntity
  8
TUBE
 62
7
370
35
100
AcDbLine
 10
22200.0
 20
-9000.0
 30
0.0
 11
22200.0
 21
-9200.0
 31
0.0
  0
DIMENSION
  5
5C6
330
17
100
AcDbEntity
  8
DIMENSION
 62
3
370
25
100
AcDbDimension
280
0
  2
*D76
  3
Standard
 10
19800.0
 20
-8900.0
 30
0.0
 11
21000.0
 21
-8828.75
 31
0.0
 70
32
 71
5
  1
2400
100
AcDbAlignedDimension
 13
19800.0
 23
-9000.0
 33
0.0
 14
22200.0
 24
-9000.0
 34
0.0
 50
0.0
100
AcDbRotatedDimension
  0
TEXT
  5
5D5
330
17
100
AcDbEntity
  8
TEXT
100
AcDbText
 10
21000.0
 20
-9100.0
 30
0.0
 40
120.0
  1
BRB-1200-2700
 72
1
 11
21000.0
 21
-9100.0
 31
0.0
100
AcDbText
 73
2
  0
LINE
  5
5D6
330
17
100
AcDbEntity
  8
TUBE
 62
7
370
35
100
AcDbLine
 10
22200.0
 20
-9000.0
 30
0.0
 11
24600.0
 21
-9000.0
 31
0.0
  0
LINE
  5
5D7
330
17
100
AcDbEntity
  8
TUBE
 62
7
370
35
100
AcDbLine
 10
22200.0
 20
-9200.0
 30
0.0
 11
24600.0
 21
-9200.0
 31
0.0
  0
LINE
  5
5D8
330
17
100
AcDbEntity
  8
TUBE
 62
7
370
35
100
AcDbLine
 10
24600.0
 20
-9000.0
 30
0.0
 11
24600.0
 21
-9200.0
 31
0.0
  0
DIMENSION
  5
5D9
330
17
100
AcDbEntity
  8
DIMENSION
 62
3
370
25
100
AcDbDimension
280
0
  2
*D77
  3
Standard
 10
22200.0
 20
-8900.0
 30
0.0
 11
23400.0
 21
-8828.75
 31
0.0
 70
32
 71
5
  1
2400
100
AcDbAlignedDimension
 13
22200.0
 23
-9000.0
 33
0.0
 14
24600.0
 24
-9000.0
 34
0.0
 50
0.0
100
AcDbRotatedDimension
  0
TEXT
  5
5E8
330
17
100
AcDbEntity
  8
TEXT
100
AcDbText
 10
23400.0
 20
-9100.0
 30
0.0
 40
120.0
  1
BRB-1200-2700
 72
1
 11
23400.0
 21
-9100.0
 31
0.0
100
AcDbText
 73
2
  0
LINE
  5
5E9
330
17
100
AcDbEntity
  8
TUBE
 62
7
370
35
100
AcDbLine
 10
24600.0
 20
-9000.0
 30
0.0
 11
27000.0
 21
-9000.0
 31
0.0
  0
LINE
  5
5EA
330
17
100
AcDbEntity
  8
TUBE
 62
7
370
35
100
AcDbLine
 10
24600.0
 20
-9200.0
 30
0.0
 11
27000.0
 21
-9200.0
 31
0.0
  0
LINE
  5
5EB
330
17
100
AcDbEntity
  8
TUBE
 62
7
370
35
100
AcDbLine
 10
27000.0
 20
-9000.0
 30
0.0
 11
27000.0
 21
-9200.0
 31
0.0
  0
DIMENSION
  5
5EC
330
17
100
AcDbEntity
  8
DIMENSION
 62
3
370
25
100
AcDbDimension
280
0
  2
*D78
  3
Standard
 10
24600.0
 20
-8900.0
 30
0.0
 11
25800.0
 21
-8828.75
 31
0.0
 70
32
 71
5
  1
2400
100
AcDbAlignedDimension
 13
24600.0
 23
-9000.0
 33
0.0
 14
27000.0
 24
-9000.0
 34
0.0
 50
0.0
100
AcDbRotatedDimension
  0
TEXT
  5
5FB
330
17
100
AcDbEntity
  8
TEXT
100
AcDbText
 10
25800.0
 20
-9100.0
 30
0.0
 40
120.0
  1
BRB-1200-2700
 72
1
 11
25800.0
 21
-9100.0
 31
0.0
100
AcDbText
 73
2
  0
TEXT
  5
5FC
330
17
100
AcDbEntity
  8
TEXT
100
AcDbText
 10
21000.0
 20
-9370.0
 30
0.0
 40
120.0
  1
1根
100
AcDbText
  0
DIMENSION
  5
5FD
330
17
100
AcDbEntity
  8
DIMENSION
 62
3
370
25
100
AcDbDimension
280
0
  2
*D79
  3
Standard
 10
14890.0
 20
-9850.0
 30
0.0
 11
14818.75
 21
-9750.0
 31
0.0
 70
32
 71
5
  1
200
100
AcDbAlignedDimension
 13
15010.0
 23
-9850.0
 33
0.0
 14
15010.0
 24
-9650.0
 34
0.0
 50
90.0
100
AcDbRotatedDimension
  0
LINE
  5
60E
330
17
100
AcDbEntity
  8
TUBE
 62
7
370
35
100
AcDbLine
 10
15000.0
 20
-9650.0
 30
0.0
 11
17400.0
 21
-9650.0
 31
0.0
  0
LINE
  5
60F
330
17
100
AcDbEntity
  8
TUBE
 62
7
370
35
100
AcDbLine
 10
15000.0
 20
-9850.0
 30
0.0
 11
17400.0
 21
-9850.0
 31
0.0
  0
LINE
  5
610
330
17
100
AcDbEntity
  8
TUBE
 62
7
370
35
100
AcDbLine
 10
15000.0
 20
-9650.0
 30
0.0
 11
15000.0
 21
-9850.0
 31
0.0
  0
LINE
  5
611
330
17
100
AcDbEntity
  8
TUBE
 62
7
370
35
100
AcDbLine
 10
17400.0
 20
-9650.0
 30
0.0
 11
17400.0
 21
-9850.0
 31
0.0
  0
DIMENSION
  5
612
330
17
100
AcDbEntity
  8
DIMENSION
 62
3
370
25
100
AcDbDimension
280
0
  2
*D80
  3
Standard
 10
15000.0
 20
-9550.0
 30
0.0
 11
16200.0
 21
-9478.75
 31
0.0
 70
32
 71
5
  1
2400
100
AcDbAlignedDimension
 13
15000.0
 23
-9650.0
 33
0.0
 14
17400.0
 24
-9650.0
 34
0.0
 50
0.0
100
AcDbRotatedDimension
  0
TEXT
  5
621
330
17
100
AcDbEntity
  8
TEXT
100
AcDbText
 10
16200.0
 20
-9750.0
 30
0.0
 40
120.0
  1
BRB-1200-2700
 72
1
 11
16200.0
 21
-9750.0
 31
0.0
100
AcDbText
 73
2
  0
LINE
  5
622
330
17
100
AcDbEntity
  8
TUBE
 62
7
370
35
100
AcDbLine
 10
17400.0
 20
-9650.0
 30
0.0
 11
19800.0
 21
-9650.0
 31
0.0
  0
LINE
  5
623
330
17
100
AcDbEntity
  8
TUBE
 62
7
370
35
100
AcDbLine
 10
17400.0
 20
-9850.0
 30
0.0
 11
19800.0
 21
-9850.0
 31
0.0
  0
LINE
  5
624
330
17
100
AcDbEntity
  8
TUBE
 62
7
370
35
100
AcDbLine
 10
19800.0
 20
-9650.0
 30
0.0
 11
19800.0
 21
-9850.0
 31
0.0
  0
DIMENSION
  5
625
330
17
100
AcDbEntity
  8
DIMENSION
 62
3
370
25
100
AcDbDimension
280
0
  2
*D81
  3
Standard
 10
17400.0
 20
-9550.0
 30
0.0
 11
18600.0
 21
-9478.75
 31
0.0
 70
32
 71
5
  1
2400
100
AcDbAlignedDimension
 13
17400.0
 23
-9650.0
 33
0.0
 14
19800.0
 24
-9650.0
 34
0.0
 50
0.0
100
AcDbRotatedDimension
  0
TEXT
  5
634
330
17
100
AcDbEntity
  8
TEXT
100
AcDbText
 10
18600.0
 20
-9750.0
 30
0.0
 40
120.0
  1
BRB-1200-2700
 72
1
 11
18600.0
 21
-9750.0
 31
0.0
100
AcDbText
 73
2
  0
LINE
  5
635
330
17
100
AcDbEntity
  8
TUBE
 62
7
370
35
100
AcDbLine
 10
19800.0
 20
-9650.0
 30
0.0
 11
22200.0
 21
-9650.0
 31
0.0
  0
LINE
  5
636
330
17
100
AcDbEntity
  8
TUBE
 62
7
370
35
100
AcDbLine
 10
19800.0
 20
-9850.0
 30
0.0
 11
22200.0
 21
-9850.0
 31
0.0
  0
LINE
  5
637
330
17
100
AcDbEntity
  8
TUBE
 62
7
370
35
100
AcDbLine
 10
22200.0
 20
-9650.0
 30
0.0
 11
22200.0
 21
-9850.0
 31
0.0
  0
DIMENSION
  5
638
330
17
100
AcDbEntity
  8
DIMENSION
 62
3
370
25
100
AcDbDimension
280
0
  2
*D82
  3
Standard
 10
19800.0
 20
-9550.0
 30
0.0
 11
21000.0
 21
-9478.75
 31
0.0
 70
32
 71
5
  1
2400
100
AcDbAlignedDimension
 13
19800.0
 23
-9650.0
 33
0.0
 14
22200.0
 24
-9650.0
 34
0.0
 50
0.0
100
AcDbRotatedDimension
  0
TEXT
  5
647
330
17
100
AcDbEntity
  8
TEXT
100
AcDbText
 10
21000.0
 20
-9750.0
 30
0.0
 40
120.0
  1
BRB-1200-2700
 72
1
 11
21000.0
 21
-9750.0
 31
0.0
100
AcDbText
 73
2
  0
LINE
  5
648
330
17
100
AcDbEntity
  8
TUBE
 62
7
370
35
100
AcDbLine
 10
22200.0
 20
-9650.0
 30
0.0
 11
24600.0
 21
-9650.0
 31
0.0
  0
LINE
  5
649
330
17
100
AcDbEntity
  8
TUBE
 62
7
370
35
100
AcDbLine
 10
22200.0
 20
-9850.0
 30
0.0
 11
24600.0
 21
-9850.0
 31
0.0
  0
LINE
  5
64A
330
17
100
AcDbEntity
  8
TUBE
 62
7
370
35
100
AcDbLine
 10
24600.0
 20
-9650.0
 30
0.0
 11
24600.0
 21
-9850.0
 31
0.0
  0
DIMENSION
  5
64B
330
17
100
AcDbEntity
  8
DIMENSION
 62
3
370
25
100
AcDbDimension
280
0
  2
*D83
  3
Standard
 10
22200.0
 20
-9550.0
 30
0.0
 11
23400.0
 21
-9478.75
 31
0.0
 70
32
 71
5
  1
2400
100
AcDbAlignedDimension
 13
22200.0
 23
-9650.0
 33
0.0
 14
24600.0
 24
-9650.0
 34
0.0
 50
0.0
100
AcDbRotatedDimension
  0
TEXT
  5
65A
330
17
100
AcDbEntity
  8
TEXT
100
AcDbText
 10
23400.0
 20
-9750.0
 30
0.0
 40
120.0
  1
BRB-2000-2700
 72
1
 11
23400.0
 21
-9750.0
 31
0.0
100
AcDbText
 73
2
  0
LINE
  5
65B
330
17
100
AcDbEntity
  8
TUBE
 62
7
370
35
100
AcDbLine
 10
24600.0
 20
-9650.0
 30
0.0
 11
27000.0
 21
-9650.0
 31
0.0
  0
LINE
  5
65C
330
17
100
AcDbEntity
  8
TUBE
 62
7
370
35
100
AcDbLine
 10
24600.0
 20
-9850.0
 30
0.0
 11
27000.0
 21
-9850.0
 31
0.0
  0
LINE
  5
65D
330
17
100
AcDbEntity
  8
TUBE
 62
7
370
35
100
AcDbLine
 10
27000.0
 20
-9650.0
 30
0.0
 11
27000.0
 21
-9850.0
 31
0.0
  0
DIMENSION
  5
65E
330
17
100
AcDbEntity
  8
DIMENSION
 62
3
370
25
100
AcDbDimension
280
0
  2
*D84
  3
Standard
 10
24600.0
 20
-9550.0
 30
0.0
 11
25800.0
 21
-9478.75
 31
0.0
 70
32
 71
5
  1
2400
100
AcDbAlignedDimension
 13
24600.0
 23
-9650.0
 33
0.0
 14
27000.0
 24
-9650.0
 34
0.0
 50
0.0
100
AcDbRotatedDimension
  0
TEXT
  5
66D
330
17
100
AcDbEntity
  8
TEXT
100
AcDbText
 10
25800.0
 20
-9750.0
 30
0.0
 40
120.0
  1
BRB-2000-2700
 72
1
 11
25800.0
 21
-9750.0
 31
0.0
100
AcDbText
 73
2
  0
TEXT
  5
66E
330
17
100
AcDbEntity
  8
TEXT
100
AcDbText
 10
21000.0
 20
-10020.0
 30
0.0
 40
120.0
  1
1根
100
AcDbText
  0
DIMENSION
  5
66F
330
17
100
AcDbEntity
  8
DIMENSION
 62
3
370
25
100
AcDbDimension
280
0
  2
*D85
  3
Standard
 10
14890.0
 20
-10500.0
 30
0.0
 11
14818.75
 21
-10400.0
 31
0.0
 70
32
 71
5
  1
200
100
AcDbAlignedDimension
 13
15010.0
 23
-10500.0
 33
0.0
 14
15010.0
 24
-10300.0
 34
0.0
 50
90.0
100
AcDbRotatedDimension
  0
LINE
  5
680
330
17
100
AcDbEntity
  8
TUBE
 62
7
370
35
100
AcDbLine
 10
15000.0
 20
-10300.0
 30
0.0
 11
17400.0
 21
-10300.0
 31
0.0
  0
LINE
  5
681
330
17
100
AcDbEntity
  8
TUBE
 62
7
370
35
100
AcDbLine
 10
15000.0
 20
-10500.0
 30
0.0
 11
17400.0
 21
-10500.0
 31
0.0
  0
LINE
  5
682
330
17
100
AcDbEntity
  8
TUBE
 62
7
370
35
100
AcDbLine
 10
15000.0
 20
-10300.0
 30
0.0
 11
15000.0
 21
-10500.0
 31
0.0
  0
LINE
  5
683
330
17
100
AcDbEntity
  8
TUBE
 62
7
370
35
100
AcDbLine
 10
17400.0
 20
-10300.0
 30
0.0
 11
17400.0
 21
-10500.0
 31
0.0
  0
DIMENSION
  5
684
330
17
100
AcDbEntity
  8
DIMENSION
 62
3
370
25
100
AcDbDimension
280
0
  2
*D86
  3
Standard
 10
15000.0
 20
-10200.0
 30
0.0
 11
16200.0
 21
-10128.75
 31
0.0
 70
32
 71
5
  1
2400
100
AcDbAlignedDimension
 13
15000.0
 23
-10300.0
 33
0.0
 14
17400.0
 24
-10300.0
 34
0.0
 50
0.0
100
AcDbRotatedDimension
  0
TEXT
  5
693
330
17
100
AcDbEntity
  8
TEXT
100
AcDbText
 10
16200.0
 20
-10400.0
 30
0.0
 40
120.0
  1
BRB-2000-2700
 72
1
 11
16200.0
 21
-10400.0
 31
0.0
100
AcDbText
 73
2
  0
LINE
  5
694
330
17
100
AcDbEntity
  8
TUBE
 62
7
370
35
100
AcDbLine
 10
17400.0
 20
-10300.0
 30
0.0
 11
19800.0
 21
-10300.0
 31
0.0
  0
LINE
  5
695
330
17
100
AcDbEntity
  8
TUBE
 62
7
370
35
100
AcDbLine
 10
17400.0
 20
-10500.0
 30
0.0
 11
19800.0
 21
-10500.0
 31
0.0
  0
LINE
  5
696
330
17
100
AcDbEntity
  8
TUBE
 62
7
370
35
100
AcDbLine
 10
19800.0
 20
-10300.0
 30
0.0
 11
19800.0
 21
-10500.0
 31
0.0
  0
DIMENSION
  5
697
330
17
100
AcDbEntity
  8
DIMENSION
 62
3
370
25
100
AcDbDimension
280
0
  2
*D87
  3
Standard
 10
17400.0
 20
-10200.0
 30
0.0
 11
18600.0
 21
-10128.75
 31
0.0
 70
32
 71
5
  1
2400
100
AcDbAlignedDimension
 13
17400.0
 23
-10300.0
 33
0.0
 14
19800.0
 24
-10300.0
 34
0.0
 50
0.0
100
AcDbRotatedDimension
  0
TEXT
  5
6A6
330
17
100
AcDbEntity
  8
TEXT
100
AcDbText
 10
18600.0
 20
-10400.0
 30
0.0
 40
120.0
  1
BRB-2000-2700
 72
1
 11
18600.0
 21
-10400.0
 31
0.0
100
AcDbText
 73
2
  0
LINE
  5
6A7
330
17
100
AcDbEntity
  8
TUBE
 62
7
370
35
100
AcDbLine
 10
19800.0
 20
-10300.0
 30
0.0
 11
22200.0
 21
-10300.0
 31
0.0
  0
LINE
  5
6A8
330
17
100
AcDbEntity
  8
TUBE
 62
7
370
35
100
AcDbLine
 10
19800.0
 20
-10500.0
 30
0.0
 11
22200.0
 21
-10500.0
 31
0.0
  0
LINE
  5
6A9
330
17
100
AcDbEntity
  8
TUBE
 62
7
370
35
100
AcDbLine
 10
22200.0
 20
-10300.0
 30
0.0
 11
22200.0
 21
-10500.0
 31
0.0
  0
DIMENSION
  5
6AA
330
17
100
AcDbEntity
  8
DIMENSION
 62
3
370
25
100
AcDbDimension
280
0
  2
*D88
  3
Standard
 10
19800.0
 20
-10200.0
 30
0.0
 11
21000.0
 21
-10128.75
 31
0.0
 70
32
 71
5
  1
2400
100
AcDbAlignedDimension
 13
19800.0
 23
-10300.0
 33
0.0
 14
22200.0
 24
-10300.0
 34
0.0
 50
0.0
100
AcDbRotatedDimension
  0
TEXT
  5
6B9
330
17
100
AcDbEntity
  8
TEXT
100
AcDbText
 10
21000.0
 20
-10400.0
 30
0.0
 40
120.0
  1
BRB-2000-2700
 72
1
 11
21000.0
 21
-10400.0
 31
0.0
100
AcDbText
 73
2
  0
LINE
  5
6BA
330
17
100
AcDbEntity
  8
TUBE
 62
7
370
35
100
AcDbLine
 10
22200.0
 20
-10300.0
 30
0.0
 11
24600.0
 21
-10300.0
 31
0.0
  0
LINE
  5
6BB
330
17
100
AcDbEntity
  8
TUBE
 62
7
370
35
100
AcDbLine
 10
22200.0
 20
-10500.0
 30
0.0
 11
24600.0
 21
-10500.0
 31
0.0
  0
LINE
  5
6BC
330
17
100
AcDbEntity
  8
TUBE
 62
7
370
35
100
AcDbLine
 10
24600.0
 20
-10300.0
 30
0.0
 11
24600.0
 21
-10500.0
 31
0.0
  0
DIMENSION
  5
6BD
330
17
100
AcDbEntity
  8
DIMENSION
 62
3
370
25
100
AcDbDimension
280
0
  2
*D89
  3
Standard
 10
22200.0
 20
-10200.0
 30
0.0
 11
23400.0
 21
-10128.75
 31
0.0
 70
32
 71
5
  1
2400
100
AcDbAlignedDimension
 13
22200.0
 23
-10300.0
 33
0.0
 14
24600.0
 24
-10300.0
 34
0.0
 50
0.0
100
AcDbRotatedDimension
  0
TEXT
  5
6CC
330
17
100
AcDbEntity
  8
TEXT
100
AcDbText
 10
23400.0
 20
-10400.0
 30
0.0
 40
120.0
  1
BRB-2000-2700
 72
1
 11
23400.0
 21
-10400.0
 31
0.0
100
AcDbText
 73
2
  0
LINE
  5
6CD
330
17
100
AcDbEntity
  8
TUBE
 62
7
370
35
100
AcDbLine
 10
24600.0
 20
-10300.0
 30
0.0
 11
27000.0
 21
-10300.0
 31
0.0
  0
LINE
  5
6CE
330
17
100
AcDbEntity
  8
TUBE
 62
7
370
35
100
AcDbLine
 10
24600.0
 20
-10500.0
 30
0.0
 11
27000.0
 21
-10500.0
 31
0.0
  0
LINE
  5
6CF
330
17
100
AcDbEntity
  8
TUBE
 62
7
370
35
100
AcDbLine
 10
27000.0
 20
-10300.0
 30
0.0
 11
27000.0
 21
-10500.0
 31
0.0
  0
DIMENSION
  5
6D0
330
17
100
AcDbEntity
  8
DIMENSION
 62
3
370
25
100
AcDbDimension
280
0
  2
*D90
  3
Standard
 10
24600.0
 20
-10200.0
 30
0.0
 11
25800.0
 21
-10128.75
 31
0.0
 70
32
 71
5
  1
2400
100
AcDbAlignedDimension
 13
24600.0
 23
-10300.0
 33
0.0
 14
27000.0
 24
-10300.0
 34
0.0
 50
0.0
100
AcDbRotatedDimension
  0
TEXT
  5
6DF
330
17
100
AcDbEntity
  8
TEXT
100
AcDbText
 10
25800.0
 20
-10400.0
 30
0.0
 40
120.0
  1
BRB-2000-2700
 72
1
 11
25800.0
 21
-10400.0
 31
0.0
100
AcDbText
 73
2
  0
TEXT
  5
6E0
330
17
100
AcDbEntity
  8
TEXT
100
AcDbText
 10
21000.0
 20
-10670.0
 30
0.0
 40
120.0
  1
9根
100
AcDbText
  0
DIMENSION
  5
6E1
330
17
100
AcDbEntity
  8
DIMENSION
 62
3
370
25
100
AcDbDimension
280
0
  2
*D91
  3
Standard
 10
14890.0
 20
-11150.0
 30
0.0
 11
14818.75
 21
-11050.0
 31
0.0
 70
32
 71
5
  1
200
100
AcDbAlignedDimension
 13
15010.0
 23
-11150.0
 33
0.0
 14
15010.0
 24
-10950.0
 34
0.0
 50
90.0
100
AcDbRotatedDimension
  0
LINE
  5
6F2
330
17
100
AcDbEntity
  8
TUBE
 62
7
370
35
100
AcDbLine
 10
15000.0
 20
-10950.0
 30
0.0
 11
17900.0
 21
-10950.0
 31
0.0
  0
LINE
  5
6F3
330
17
100
AcDbEntity
  8
TUBE
 62
7
370
35
100
AcDbLine
 10
15000.0
 20
-11150.0
 30
0.0
 11
17900.0
 21
-11150.0
 31
0.0
  0
LINE
  5
6F4
330
17
100
AcDbEntity
  8
TUBE
 62
7
370
35
100
AcDbLine
 10
15000.0
 20
-10950.0
 30
0.0
 11
15000.0
 21
-11150.0
 31
0.0
  0
LINE
  5
6F5
330
17
100
AcDbEntity
  8
TUBE
 62
7
370
35
100
AcDbLine
 10
17900.0
 20
-10950.0
 30
0.0
 11
17900.0
 21
-11150.0
 31
0.0
  0
DIMENSION
  5
6F6
330
17
100
AcDbEntity
  8
DIMENSION
 62
3
370
25
100
AcDbDimension
280
0
  2
*D92
  3
Standard
 10
15000.0
 20
-10850.0
 30
0.0
 11
16450.0
 21
-10778.75
 31
0.0
 70
32
 71
5
  1
2900
100
AcDbAlignedDimension
 13
15000.0
 23
-10950.0
 33
0.0
 14
17900.0
 24
-10950.0
 34
0.0
 50
0.0
100
AcDbRotatedDimension
  0
TEXT
  5
705
330
17
100
AcDbEntity
  8
TEXT
100
AcDbText
 10
16450.0
 20
-11050.0
 30
0.0
 40
120.0
  1
BRB-1300-3200
 72
1
 11
16450.0
 21
-11050.0
 31
0.0
100
AcDbText
 73
2
  0
LINE
  5
706
330
17
100
AcDbEntity
  8
TUBE
 62
7
370
35
100
AcDbLine
 10
17900.0
 20
-10950.0
 30
0.0
 11
24700.0
 21
-10950.0
 31
0.0
  0
LINE
  5
707
330
17
100
AcDbEntity
  8
TUBE
 62
7
370
35
100
AcDbLine
 10
17900.0
 20
-11150.0
 30
0.0
 11
24700.0
 21
-11150.0
 31
0.0
  0
LINE
  5
708
330
17
100
AcDbEntity
  8
TUBE
 62
7
370
35
100
AcDbLine
 10
24700.0
 20
-10950.0
 30
0.0
 11
24700.0
 21
-11150.0
 31
0.0
  0
DIMENSION
  5
709
330
17
100
AcDbEntity
  8
DIMENSION
 62
3
370
25
100
AcDbDimension
280
0
  2
*D93
  3
Standard
 10
17900.0
 20
-10850.0
 30
0.0
 11
21300.0
 21
-10778.75
 31
0.0
 70
32
 71
5
  1
6800
100
AcDbAlignedDimension
 13
17900.0
 23
-10950.0
 33
0.0
 14
24700.0
 24
-10950.0
 34
0.0
 50
0.0
100
AcDbRotatedDimension
  0
TEXT
  5
718
330
17
100
AcDbEntity
  8
TEXT
100
AcDbText
 10
21300.0
 20
-11050.0
 30
0.0
 40
120.0
  1
BRB-400-7100
 72
1
 11
21300.0
 21
-11050.0
 31
0.0
100
AcDbText
 73
2
  0
LINE
  5
719
330
17
100
AcDbEntity
  8
TUBE
 62
7
370
35
100
AcDbLine
 10
24700.0
 20
-10950.0
 30
0.0
 11
27000.0
 21
-10950.0
 31
0.0
  0
LINE
  5
71A
330
17
100
AcDbEntity
  8
TUBE
 62
7
370
35
100
AcDbLine
 10
24700.0
 20
-11150.0
 30
0.0
 11
27000.0
 21
-11150.0
 31
0.0
  0
LINE
  5
71B
330
17
100
AcDbEntity
  8
TUBE
 62
7
370
35
100
AcDbLine
 10
24700.0
 20
-10950.0
 30
0.0
 11
24700.0
 21
-11150.0
 31
0.0
  0
LINE
  5
71C
330
17
100
AcDbEntity
  8
TUBE
 62
7
370
35
100
AcDbLine
 10
27000.0
 20
-10950.0
 30
0.0
 11
27000.0
 21
-11150.0
 31
0.0
  0
DIMENSION
  5
71D
330
17
100
AcDbEntity
  8
DIMENSION
 62
3
370
25
100
AcDbDimension
280
0
  2
*D94
  3
Standard
 10
24700.0
 20
-10850.0
 30
0.0
 11
25850.0
 21
-10778.75
 31
0.0
 70
32
 71
5
  1
余2300
100
AcDbAlignedDimension
 13
24700.0
 23
-10950.0
 33
0.0
 14
27000.0
 24
-10950.0
 34
0.0
 50
0.0
100
AcDbRotatedDimension
  0
TEXT
  5
72C
330
17
100
AcDbEntity
  8
TEXT
100
AcDbText
 10
21000.0
 20
-11320.0
 30
0.0
 40
120.0
  1
1根
100
AcDbText
  0
ENDSEC
  0
SECTION
  2
OBJECTS
  0
DICTIONARY
  5
A
330
0
100
AcDbDictionary
281
1
  3
ACAD_COLOR
350
B
  3
ACAD_GROUP
350
C
  3
ACAD_LAYOUT
350
D
  3
ACAD_MATERIAL
350
E
  3
ACAD_MLEADERSTYLE
350
F
  3
ACAD_MLINESTYLE
350
10
  3
ACAD_PLOTSETTINGS
350
11
  3
ACAD_PLOTSTYLENAME
350
12
  3
ACAD_SCALELIST
350
14
  3
ACAD_TABLESTYLE
350
15
  3
ACAD_VISUALSTYLE
350
16
  3
EZDXF_META
350
2D
  0
DICTIONARY
  5
B
330
A
100
AcDbDictionary
281
1
  0
DICTIONARY
  5
C
330
A
100
AcDbDictionary
281
1
  0
DICTIONARY
  5
D
330
A
100
AcDbDictionary
281
1
  3
Model
350
1A
  3
Layout1
350
1E
  0
DICTIONARY
  5
E
330
A
100
AcDbDictionary
281
1
  3
ByBlock
350
1F
  3
ByLayer
350
20
  3
Global
350
21
  0
DICTIONARY
  5
F
330
A
100
AcDbDictionary
281
1
  3
Standard
350
2C
  0
DICTIONARY
  5
10
330
A
100
AcDbDictionary
281
1
  3
Standard
350
22
  0
DICTIONARY
  5
11
330
A
100
AcDbDictionary
281
1
  0
ACDBDICTIONARYWDFLT
  5
12
330
A
100
AcDbDictionary
281
1
  3
Normal
350
13
100
AcDbDictionaryWithDefault
340
13
  0
ACDBPLACEHOLDER
  5
13
330
12
  0
DICTIONARY
  5
14
330
A
100
AcDbDictionary
281
1
  0
DICTIONARY
  5
15
330
A
100
AcDbDictionary
281
1
  0
DICTIONARY
  5
16
330
A
100
AcDbDictionary
281
1
  0
LAYOUT
  5
1A
330
D
100
AcDbPlotSettings
  1

  4
A3
  6

 40
7.5
 41
20.0
 42
7.5
 43
20.0
 44
420.0
 45
297.0
 46
0.0
 47
0.0
 48
0.0
 49
0.0
140
0.0
141
0.0
142
1.0
143
1.0
 70
1024
 72
1
 73
0
 74
5
  7

 75
16
 76
0
 77
2
 78
300
147
1.0
148
0.0
149
0.0
100
AcDbLayout
  1
Model
 70
1
 71
0
 10
0.0
 20
0.0
 11
420.0
 21
297.0
 12
0.0
 22
0.0
 32
0.0
 14
1e+20
 24
1e+20
 34
1e+20
 15
-1e+20
 25
-1e+20
 35
-1e+20
146
0.0
 13
0.0
 23
0.0
 33
0.0
 16
1.0
 26
0.0
 36
0.0
 17
0.0
 27
1.0
 37
0.0
 76
1
330
17
  0
LAYOUT
  5
1E
330
D
100
AcDbPlotSettings
  1

  4
A3
  6

 40
7.5
 41
20.0
 42
7.5
 43
20.0
 44
420.0
 45
297.0
 46
0.0
 47
0.0
 48
0.0
 49
0.0
140
0.0
141
0.0
142
1.0
143
1.0
 70
0
 72
1
 73
0
 74
5
  7

 75
16
 76
0
 77
2
 78
300
147
1.0
148
0.0
149
0.0
100
AcDbLayout
  1
Layout1
 70
1
 71
1
 10
0.0
 20
0.0
 11
420.0
 21
297.0
 12
0.0
 22
0.0
 32
0.0
 14
1e+20
 24
1e+20
 34
1e+20
 15
-1e+20
 25
-1e+20
 35
-1e+20
146
0.0
 13
0.0
 23
0.0
 33
0.0
 16
1.0
 26
0.0
 36
0.0
 17
0.0
 27
1.0
 37
0.0
 76
1
330
1B
  0
MATERIAL
  5
1F
102
{ACAD_REACTORS
330
E
102
}
330
E
100
AcDbMaterial
  1
ByBlock
  2

 70
0
 40
1.0
 71
1
 41
1.0
 91
-1023410177
 42
1.0
 72
1
  3

 73
1
 74
1
 75
1
 44
0.5
 73
0
 45
1.0
 46
1.0
 77
1
  4

 78
1
 79
1
170
1
 48
1.0
171
1
  6

172
1
173
1
174
1
140
1.0
141
1.0
175
1
  7

176
1
177
1
178
1
143
1.0
179
1
  8

270
1
271
1
272
1
145
1.0
146
1.0
273
1
  9

274
1
275
1
276
1
 42
1.0
 72
1
  3

 73
1
 74
1
 75
1
 94
63
  0
MATERIAL
  5
20
102
{ACAD_REACTORS
330
E
102
}
330
E
100
AcDbMaterial
  1
ByLayer
  2

 70
0
 40
1.0
 71
1
 41
1.0
 91
-1023410177
 42
1.0
 72
1
  3

 73
1
 74
1
 75
1
 44
0.5
 73
0
 45
1.0
 46
1.0
 77
1
  4

 78
1
 79
1
170
1
 48
1.0
171
1
  6

172
1
173
1
174
1
140
1.0
141
1.0
175
1
  7

176
1
177
1
178
1
143
1.0
179
1
  8

270
1
271
1
272
1
145
1.0
146
1.0
273
1
  9

274
1
275
1
276
1
 42
1.0
 72
1
  3

 73
1
 74
1
 75
1
 94
63
  0
MATERIAL
  5
21
102
{ACAD_REACTORS
330
E
102
}
330
E
100
AcDbMaterial
  1
Global
  2

 70
0
 40
1.0
 71
1
 41
1.0
 91
-1023410177
 42
1.0
 72
1
  3

 73
1
 74
1
 75
1
 44
0.5
 73
0
 45
1.0
 46
1.0
 77
1
  4

 78
1
 79
1
170
1
 48
1.0
171
1
  6

172
1
173
1
174
1
140
1.0
141
1.0
175
1
  7

176
1
177
1
178
1
143
1.0
179
1
  8

270
1
271
1
272
1
145
1.0
146
1.0
273
1
  9

274
1
275
1
276
1
 42
1.0
 72
1
  3

 73
1
 74
1
 75
1
 94
63
  0
MLINESTYLE
  5
22
102
{ACAD_REACTORS
330
10
102
}
330
10
100
AcDbMlineStyle
  2
Standard
 70
0
  3

 62
256
 51
90.0
 52
90.0
 71
2
 49
0.5
 62
256
  6
BYLAYER
 49
-0.5
 62
256
  6
BYLAYER
  0
MLEADERSTYLE
  5
2C
102
{ACAD_REACTORS
330
F
102
}
330
F
100
AcDbMLeaderStyle
179
2
170
2
171
1
172
0
 90
2
 40
0.0
 41
0.0
173
1
 91
-1056964608
 92
-2
290
1
 42
2.0
291
1
 43
8.0
  3
Standard
 44
4.0
300

342
29
174
1
175
1
176
0
178
1
 93
-1056964608
 45
4.0
292
0
297
0
 46
4.0
 94
-1056964608
 47
1.0
 49
1.0
140
1.0
294
1
141
0.0
177
0
142
1.0
295
0
296
0
143
3.75
271
0
272
9
273
9
  0
DICTIONARY
  5
2D
330
A
100
AcDbDictionary
280
1
281
1
  3
CREATED_BY_EZDXF
350
2E
  3
WRITTEN_BY_EZDXF
350
72F
  0
DICTIONARYVAR
  5
2E
330
2D
100
DictionaryVariables
280
0
  1
1.4.2 @ 2026-08-06T06:33:22.265759+00:00
  0
DICTIONARYVAR
  5
72F
330
2D
100
DictionaryVariables
280
0
  1
1.4.2 @ 2026-08-06T06:33:22.385203+00:00
  0
ENDSEC
  0
EOF
