  0
SECTION
  2
HEADER
  9
$ACADVER
  1
AC1032
  9
$ACADMAINTVER
 90
       55
  9
$DWGCODEPAGE
  3
ANSI_936
  9
$LASTSAVEDBY
  1
wfei0
  9
$REQUIREDVERSIONS
160
                 0
  9
$INSBASE
 10
0.0
 20
0.0
 30
0.0
  9
$EXTMIN
 10
-1183.495379138483
 20
-761.3572232111065
 30
0.0
  9
$EXTMAX
 10
1741.462969028124
 20
462.5069277322892
 30
0.0
  9
$LIMMIN
 10
0.0
 20
0.0
  9
$LIMMAX
 10
420.0
 20
297.0
  9
$ORTHOMODE
 70
     0
  9
$REGENMODE
 70
     1
  9
$FILLMODE
 70
     1
  9
$QTEXTMODE
 70
     0
  9
$MIRRTEXT
 70
     1
  9
$LTSCALE
 40
1.0
  9
$ATTMODE
 70
     1
  9
$TEXTSIZE
 40
2.5
  9
$TRACEWID
 40
1.0
  9
$TEXTSTYLE
  7
Standard
  9
$CLAYER
  8
0
  9
$CELTYPE
  6
ByLayer
  9
$CECOLOR
 62
   256
  9
$CELTSCALE
 40
1.0
  9
$DISPSILH
 70
     0
  9
$DIMSCALE
 40
1.0
  9
$DIMASZ
 40
2.5
  9
$DIMEXO
 40
0.625
  9
$DIMDLI
 40
3.75
  9
$DIMRND
 40
0.0
  9
$DIMDLE
 40
5.0
  9
$DIMEXE
 40
1.25
  9
$DIMTP
 40
0.0
  9
$DIMTM
 40
0.0
  9
$DIMTXT
 40
2.5
  9
$DIMCEN
 40
2.5
  9
$DIMTSZ
 40
0.0
  9
$DIMTOL
 70
     0
  9
$DIMLIM
 70
     0
  9
$DIMTIH
 70
     0
  9
$DIMTOH
 70
     0
  9
$DIMSE1
 70
     0
  9
$DIMSE2
 70
     0
  9
$DIMTAD
 70
     1
  9
$DIMZIN
 70
     8
  9
$DIMBLK
  1

  9
$DIMASO
 70
     1
  9
$DIMSHO
 70
     1
  9
$DIMPOST
  1

  9
$DIMAPOST
  1

  9
$DIMALT
 70
     0
  9
$DIMALTD
 70
     3
  9
$DIMALTF
 40
0.03937007874
  9
$DIMLFAC
 40
1.0
  9
$DIMTOFL
 70
     1
  9
$DIMTVP
 40
0.0
  9
$DIMTIX
 70
     0
  9
$DIMSOXD
 70
     0
  9
$DIMSAH
 70
     0
  9
$DIMBLK1
  1

  9
$DIMBLK2
  1

  9
$DIMSTYLE
  2
Standard
  9
$DIMCLRD
 70
     0
  9
$DIMCLRE
 70
     0
  9
$DIMCLRT
 70
     0
  9
$DIMTFAC
 40
1.0
  9
$DIMGAP
 40
0.625
  9
$DIMJUST
 70
     0
  9
$DIMSD1
 70
     0
  9
$DIMSD2
 70
     0
  9
$DIMTOLJ
 70
     1
  9
$DIMTZIN
 70
     8
  9
$DIMALTZ
 70
     0
  9
$DIMALTTZ
 70
     0
  9
$DIMUPT
 70
     0
  9
$DIMDEC
 70
     2
  9
$DIMTDEC
 70
     2
  9
$DIMALTU
 70
     2
  9
$DIMALTTD
 70
     3
  9
$DIMTXSTY
  7
Standard
  9
$DIMAUNIT
 70
     0
  9
$DIMADEC
 70
     0
  9
$DIMALTRND
 40
0.0
  9
$DIMAZIN
 70
     0
  9
$DIMDSEP
 70
    44
  9
$DIMATFIT
 70
     3
  9
$DIMFRAC
 70
     0
  9
$DIMLDRBLK
  1

  9
$DIMLUNIT
 70
     2
  9
$DIMLWD
 70
    -2
  9
$DIMLWE
 70
    -2
  9
$DIMTMOVE
 70
     0
  9
$DIMFXL
 40
1.0
  9
$DIMFXLON
 70
     0
  9
$DIMJOGANG
 40
0.7853981633974483
  9
$DIMTFILL
 70
     0
  9
$DIMTFILLCLR
 70
     0
  9
$DIMARCSYM
 70
     0
  9
$DIMLTYPE
  6
Continuous
  9
$DIMLTEX1
  6
Continuous
  9
$DIMLTEX2
  6
Continuous
  9
$DIMTXTDIRECTION
 70
     0
  9
$LUNITS
 70
     2
  9
$LUPREC
 70
     4
  9
$SKETCHINC
 40
1.0
  9
$FILLETRAD
 40
0.0
  9
$AUNITS
 70
     0
  9
$AUPREC
 70
     0
  9
$MENU
  1
.
  9
$ELEVATION
 40
0.0
  9
$PELEVATION
 40
0.0
  9
$THICKNESS
 40
0.0
  9
$LIMCHECK
 70
     0
  9
$CHAMFERA
 40
0.0
  9
$CHAMFERB
 40
0.0
  9
$CHAMFERC
 40
0.0
  9
$CHAMFERD
 40
0.0
  9
$SKPOLY
 70
     0
  9
$TDCREATE
 40
2461299.397845579
  9
$TDUCREATE
 40
2461299.064512245
  9
$TDUPDATE
 40
2461299.397845903
  9
$TDUUPDATE
 40
2461299.064512569
  9
$TDINDWG
 40
0.0000000116
  9
$TDUSRTIMER
 40
0.0000000116
  9
$USRTIMER
 70
     1
  9
$ANGBASE
 50
0.0
  9
$ANGDIR
 70
     0
  9
$PDMODE
 70
     0
  9
$PDSIZE
 40
-5.0
  9
$PLINEWID
 40
0.0
  9
$SPLFRAME
 70
     0
  9
$SPLINETYPE
 70
     6
  9
$SPLINESEGS
 70
     8
  9
$HANDSEED
  5
20C
  9
$SURFTAB1
 70
     6
  9
$SURFTAB2
 70
     6
  9
$SURFTYPE
 70
     6
  9
$SURFU
 70
     6
  9
$SURFV
 70
     6
  9
$UCSBASE
  2

  9
$UCSNAME
  2

  9
$UCSORG
 10
0.0
 20
0.0
 30
0.0
  9
$UCSXDIR
 10
1.0
 20
0.0
 30
0.0
  9
$UCSYDIR
 10
0.0
 20
1.0
 30
0.0
  9
$UCSORTHOREF
  2

  9
$UCSORTHOVIEW
 70
     0
  9
$UCSORGTOP
 10
0.0
 20
0.0
 30
0.0
  9
$UCSORGBOTTOM
 10
0.0
 20
0.0
 30
0.0
  9
$UCSORGLEFT
 10
0.0
 20
0.0
 30
0.0
  9
$UCSORGRIGHT
 10
0.0
 20
0.0
 30
0.0
  9
$UCSORGFRONT
 10
0.0
 20
0.0
 30
0.0
  9
$UCSORGBACK
 10
0.0
 20
0.0
 30
0.0
  9
$PUCSBASE
  2

  9
$PUCSNAME
  2

  9
$PUCSORG
 10
0.0
 20
0.0
 30
0.0
  9
$PUCSXDIR
 10
1.0
 20
0.0
 30
0.0
  9
$PUCSYDIR
 10
0.0
 20
1.0
 30
0.0
  9
$PUCSORTHOREF
  2

  9
$PUCSORTHOVIEW
 70
     0
  9
$PUCSORGTOP
 10
0.0
 20
0.0
 30
0.0
  9
$PUCSORGBOTTOM
 10
0.0
 20
0.0
 30
0.0
  9
$PUCSORGLEFT
 10
0.0
 20
0.0
 30
0.0
  9
$PUCSORGRIGHT
 10
0.0
 20
0.0
 30
0.0
  9
$PUCSORGFRONT
 10
0.0
 20
0.0
 30
0.0
  9
$PUCSORGBACK
 10
0.0
 20
0.0
 30
0.0
  9
$USERI1
 70
     0
  9
$USERI2
 70
     0
  9
$USERI3
 70
     0
  9
$USERI4
 70
     0
  9
$USERI5
 70
     0
  9
$USERR1
 40
0.0
  9
$USERR2
 40
0.0
  9
$USERR3
 40
0.0
  9
$USERR4
 40
0.0
  9
$USERR5
 40
0.0
  9
$WORLDVIEW
 70
     1
  9
$SHADEDGE
 70
     3
  9
$SHADEDIF
 70
    70
  9
$TILEMODE
 70
     1
  9
$MAXACTVP
 70
    64
  9
$PINSBASE
 10
0.0
 20
0.0
 30
0.0
  9
$PLIMCHECK
 70
     0
  9
$PEXTMIN
 10
1.000000000000000E+20
 20
1.000000000000000E+20
 30
1.000000000000000E+20
  9
$PEXTMAX
 10
-1.000000000000000E+20
 20
-1.000000000000000E+20
 30
-1.000000000000000E+20
  9
$PLIMMIN
 10
0.0
 20
0.0
  9
$PLIMMAX
 10
420.0
 20
297.0
  9
$UNITMODE
 70
     0
  9
$VISRETAIN
 70
     1
  9
$PLINEGEN
 70
     0
  9
$PSLTSCALE
 70
     1
  9
$TREEDEPTH
 70
  3020
  9
$CMLSTYLE
  2
Standard
  9
$CMLJUST
 70
     0
  9
$CMLSCALE
 40
20.0
  9
$PROXYGRAPHICS
 70
     1
  9
$MEASUREMENT
 70
     1
  9
$CELWEIGHT
370
    -1
  9
$ENDCAPS
280
     0
  9
$JOINSTYLE
280
     0
  9
$LWDISPLAY
290
     0
  9
$INSUNITS
 70
     4
  9
$HYPERLINKBASE
  1

  9
$STYLESHEET
  1

  9
$XEDIT
290
     1
  9
$CEPSNTYPE
380
     0
  9
$PSTYLEMODE
290
     1
  9
$FINGERPRINTGUID
  2
{449ef184-5c5d-4fad-83a2-e8d828e94ec0}
  9
$VERSIONGUID
  2
{FAEB1C32-E019-11D5-929B-00C0DF256EC4}
  9
$EXTNAMES
290
     1
  9
$PSVPSCALE
 40
0.0
  9
$OLESTARTUP
290
     0
  9
$SORTENTS
280
   127
  9
$INDEXCTL
280
     0
  9
$HIDETEXT
280
     1
  9
$XCLIPFRAME
280
     2
  9
$HALOGAP
280
     0
  9
$OBSCOLOR
 70
   257
  9
$OBSLTYPE
280
     0
  9
$INTERSECTIONDISPLAY
280
     0
  9
$INTERSECTIONCOLOR
 70
   257
  9
$DIMASSOC
280
     2
  9
$PROJECTNAME
  1

  9
$CAMERADISPLAY
290
     0
  9
$LENSLENGTH
 40
50.0
  9
$CAMERAHEIGHT
 40
0.0
  9
$STEPSPERSEC
 40
2.0
  9
$STEPSIZE
 40
6.0
  9
$3DDWFPREC
 40
2.0
  9
$PSOLWIDTH
 40
5.0
  9
$PSOLHEIGHT
 40
80.0
  9
$LOFTANG1
 40
1.570796326794897
  9
$LOFTANG2
 40
1.570796326794897
  9
$LOFTMAG1
 40
0.0
  9
$LOFTMAG2
 40
0.0
  9
$LOFTPARAM
 70
     7
  9
$LOFTNORMALS
280
     1
  9
$LATITUDE
 40
37.795
  9
$LONGITUDE
 40
-122.394
  9
$NORTHDIRECTION
 40
0.0
  9
$TIMEZONE
 70
 -8000
  9
$LIGHTGLYPHDISPLAY
280
     1
  9
$TILEMODELIGHTSYNCH
280
     1
  9
$CMATERIAL
347
44
  9
$SOLIDHIST
280
     0
  9
$SHOWHIST
280
     1
  9
$DWFFRAME
280
     2
  9
$DGNFRAME
280
     2
  9
$REALWORLDSCALE
290
     1
  9
$INTERFERECOLOR
 62
   256
  9
$CSHADOW
280
     0
  9
$SHADOWPLANELOCATION
 40
0.0
  0
ENDSEC
  0
SECTION
  2
CLASSES
  0
CLASS
  1
ACDBDICTIONARYWDFLT
  2
AcDbDictionaryWithDefault
  3
ObjectDBX Classes
 90
        0
 91
        3
280
     0
281
     0
  0
CLASS
  1
VISUALSTYLE
  2
AcDbVisualStyle
  3
ObjectDBX Classes
 90
     4095
 91
        3
280
     0
281
     0
  0
CLASS
  1
MATERIAL
  2
AcDbMaterial
  3
ObjectDBX Classes
 90
     1153
 91
        3
280
     0
281
     0
  0
CLASS
  1
SCALE
  2
AcDbScale
  3
ObjectDBX Classes
 90
     1153
 91
        3
280
     0
281
     0
  0
CLASS
  1
TABLESTYLE
  2
AcDbTableStyle
  3
ObjectDBX Classes
 90
     4095
 91
        3
280
     0
281
     0
  0
CLASS
  1
MLEADERSTYLE
  2
AcDbMLeaderStyle
  3
ACDB_MLEADERSTYLE_CLASS
 90
     4095
 91
        3
280
     0
281
     0
  0
CLASS
  1
SUN
  2
AcDbSun
  3
SCENEOE
 90
     1153
 91
        3
280
     0
281
     0
  0
CLASS
  1
WIPEOUTVARIABLES
  2
AcDbWipeoutVariables
  3
WipeOut|AutoCAD Express Tool|expresstools@autodesk.com
 90
        0
 91
        3
280
     0
281
     0
  0
CLASS
  1
DICTIONARYVAR
  2
AcDbDictionaryVar
  3
ObjectDBX Classes
 90
        0
 91
        3
280
     0
281
     0
  0
CLASS
  1
CELLSTYLEMAP
  2
AcDbCellStyleMap
  3
ObjectDBX Classes
 90
     1152
 91
        3
280
     0
281
     0
  0
ENDSEC
  0
SECTION
  2
TABLES
  0
TABLE
  2
VPORT
  5
8
330
0
100
AcDbSymbolTable
 70
     1
  0
VPORT
  5
29
330
8
100
AcDbSymbolTableRecord
100
AcDbViewportTableRecord
  2
*Active
 70
     0
 10
0.0
 20
0.0
 11
1.0
 21
1.0
 12
278.9837949448204
 22
-149.4251477394087
 13
0.0
 23
0.0
 14
0.5
 24
0.5
 15
0.5
 25
0.5
 16
0.0
 26
0.0
 36
1.0
 17
0.0
 27
0.0
 37
0.0
 40
1223.864150943396
 41
2.389937106918239
 42
50.0
 43
0.0
 44
0.0
 50
0.0
 51
0.0
 71
     0
 72
   100
 73
     1
 74
     3
 75
     0
 76
     0
 77
     0
 78
     0
281
     0
 65
     1
110
0.0
120
0.0
130
0.0
111
1.0
121
0.0
131
0.0
112
0.0
122
1.0
132
0.0
 79
     0
146
0.0
348
2F
 60
     3
 61
     5
292
     1
282
     1
141
0.0
142
0.0
 63
   250
361
5D
  0
ENDTAB
  0
TABLE
  2
LTYPE
  5
5
330
0
100
AcDbSymbolTable
 70
     4
  0
LTYPE
  5
14
330
5
100
AcDbSymbolTableRecord
100
AcDbLinetypeTableRecord
  2
ByBlock
 70
     0
  3

 72
    65
 73
     0
 40
0.0
  0
LTYPE
  5
15
330
5
100
AcDbSymbolTableRecord
100
AcDbLinetypeTableRecord
  2
ByLayer
 70
     0
  3

 72
    65
 73
     0
 40
0.0
  0
LTYPE
  5
16
330
5
100
AcDbSymbolTableRecord
100
AcDbLinetypeTableRecord
  2
Continuous
 70
     0
  3
Solid line
 72
    65
 73
     0
 40
0.0
  0
LTYPE
  5
D2
330
5
100
AcDbSymbolTableRecord
100
AcDbLinetypeTableRecord
  2
虚线
 70
     0
  3
虚线: __ __ __ __ __ __ __ __ __ __ __ __ __
 72
    65
 73
     4
 40
36.0
 49
18.0
 74
     0
 49
-9.0
 74
     0
 49
9.0
 74
     0
 49
0.0
 74
     0
  0
LTYPE
  5
D3
330
5
100
AcDbSymbolTableRecord
100
AcDbLinetypeTableRecord
  2
点画线
 70
     0
  3
点画线: ____ . ____ . ____ . ____ . ____ . ____
 72
    65
 73
     6
 40
324.0
 49
162.0
 74
     0
 49
-108.0
 74
     0
 49
18.0
 74
     0
 49
-18.0
 74
     0
 49
18.0
 74
     0
 49
0.0
 74
     0
  0
LTYPE
  5
D4
330
5
100
AcDbSymbolTableRecord
100
AcDbLinetypeTableRecord
  2
双点画线
 70
     0
  3
双点画线: ____ . . ____ . . ____ . . ____ . . ____ 
 72
    65
 73
     6
 40
22.0
 49
12.0
 74
     0
 49
-2.0
 74
     0
 49
2.0
 74
     0
 49
-2.0
 74
     0
 49
2.0
 74
     0
 49
-2.0
 74
     0
  0
ENDTAB
  0
TABLE
  2
LAYER
  5
2
330
0
100
AcDbSymbolTable
 70
     9
  0
LAYER
  5
10
330
2
100
AcDbSymbolTableRecord
100
AcDbLayerTableRecord
  2
0
 70
     0
 62
     7
  6
Continuous
370
    18
390
F
347
46
348
0
1001
AcAecLayerStandard
1000

1000

  0
LAYER
  5
D6
330
2
100
AcDbSymbolTableRecord
100
AcDbLayerTableRecord
  2
中心线层
 70
     0
 62
     1
  6
点画线
370
    18
390
F
347
46
348
0
1001
AcAecLayerStandard
1000

1000

  0
LAYER
  5
D7
330
2
100
AcDbSymbolTableRecord
100
AcDbLayerTableRecord
  2
虚线层
 70
     0
 62
     6
  6
虚线
370
    18
390
F
347
46
348
0
1001
AcAecLayerStandard
1000

1000

  0
LAYER
  5
D8
330
2
100
AcDbSymbolTableRecord
100
AcDbLayerTableRecord
  2
细实线层
 70
     0
 62
     7
  6
Continuous
370
    18
390
F
347
46
348
0
1001
AcAecLayerStandard
1000

1000

  0
LAYER
  5
D9
330
2
100
AcDbSymbolTableRecord
100
AcDbLayerTableRecord
  2
粗实线层
 70
     0
 62
     7
  6
Continuous
370
    35
390
F
347
46
348
0
1001
AcAecLayerStandard
1000

1000

  0
LAYER
  5
DA
330
2
100
AcDbSymbolTableRecord
100
AcDbLayerTableRecord
  2
尺寸线层
 70
     0
 62
     3
  6
Continuous
370
    18
390
F
347
46
348
0
1001
AcAecLayerStandard
1000

1000

  0
LAYER
  5
DB
330
2
100
AcDbSymbolTableRecord
100
AcDbLayerTableRecord
  2
剖面线层
 70
     0
 62
     4
  6
Continuous
370
    18
390
F
347
46
348
0
1001
AcAecLayerStandard
1000

1000

  0
LAYER
  5
DC
330
2
100
AcDbSymbolTableRecord
100
AcDbLayerTableRecord
  2
隐藏层
 70
     0
 62
    -7
  6
Continuous
370
    18
390
F
347
46
348
0
1001
AcAecLayerStandard
1000

1000

  0
LAYER
  5
DD
330
2
100
AcDbSymbolTableRecord
100
AcDbLayerTableRecord
  2
Defpoints
 70
     0
 62
     7
  6
Continuous
290
     0
370
    18
390
F
347
46
348
0
1001
AcAecLayerStandard
1000

1000

  0
ENDTAB
  0
TABLE
  2
STYLE
  5
3
330
0
100
AcDbSymbolTable
 70
     2
  0
STYLE
  5
11
330
3
100
AcDbSymbolTableRecord
100
AcDbTextStyleTableRecord
  2
Standard
 70
     0
 40
0.0
 41
1.0
 50
0.0
 71
     0
 42
3.5
  3
txt
  4

1001
CAXA_DRAFT_TXTSTYLE
1041
0.0
1041
1.667
1001
ACAD
1000
宋体
1071
    34306
  0
STYLE
  5
DE
330
3
100
AcDbSymbolTableRecord
100
AcDbTextStyleTableRecord
  2
标准
 70
     0
 40
0.0
 41
0.667
 50
0.0
 71
     0
 42
2.5
  3

  4

1001
CAXA_DRAFT_TXTSTYLE
1041
0.1
1041
1.918
1001
ACAD
1000
宋体
1071
    34306
  0
ENDTAB
  0
TABLE
  2
VIEW
  5
6
330
0
100
AcDbSymbolTable
 70
     0
  0
ENDTAB
  0
TABLE
  2
UCS
  5
7
330
0
100
AcDbSymbolTable
 70
     0
  0
ENDTAB
  0
TABLE
  2
APPID
  5
9
330
0
100
AcDbSymbolTable
 70
   117
  0
APPID
  5
12
330
9
100
AcDbSymbolTableRecord
100
AcDbRegAppTableRecord
  2
ACAD
 70
     0
  0
APPID
  5
5E
330
9
100
AcDbSymbolTableRecord
100
AcDbRegAppTableRecord
  2
CAXA_DRAFT_PAPERORDER
 70
     0
  0
APPID
  5
5F
330
9
100
AcDbSymbolTableRecord
100
AcDbRegAppTableRecord
  2
CAXA_DRAFT_ROUGH
 70
     0
  0
APPID
  5
60
330
9
100
AcDbSymbolTableRecord
100
AcDbRegAppTableRecord
  2
CAXA_DRAFT_ROUGH_STD
 70
     0
  0
APPID
  5
61
330
9
100
AcDbSymbolTableRecord
100
AcDbRegAppTableRecord
  2
CAXA_DRAFT_FORMATED_TXT
 70
     0
  0
APPID
  5
62
330
9
100
AcDbSymbolTableRecord
100
AcDbRegAppTableRecord
  2
CAXA_DRAFT_DATUM
 70
     0
  0
APPID
  5
63
330
9
100
AcDbSymbolTableRecord
100
AcDbRegAppTableRecord
  2
CAXA_DRAFT_WELD
 70
     0
  0
APPID
  5
64
330
9
100
AcDbSymbolTableRecord
100
AcDbRegAppTableRecord
  2
CAXA_DRAFT_GEOTOL
 70
     0
  0
APPID
  5
65
330
9
100
AcDbSymbolTableRecord
100
AcDbRegAppTableRecord
  2
CAXA_DRAFT_CUTS
 70
     0
  0
APPID
  5
66
330
9
100
AcDbSymbolTableRecord
100
AcDbRegAppTableRecord
  2
CAXA_DRAFT_DIMHALF
 70
     0
  0
APPID
  5
67
330
9
100
AcDbSymbolTableRecord
100
AcDbRegAppTableRecord
  2
CAXA_DRAFT_DIMRAY
 70
     0
  0
APPID
  5
68
330
9
100
AcDbSymbolTableRecord
100
AcDbRegAppTableRecord
  2
CAXA_DRAFT_DIMARCLEN
 70
     0
  0
APPID
  5
69
330
9
100
AcDbSymbolTableRecord
100
AcDbRegAppTableRecord
  2
CAXA_DRAFT_DIMTAPER
 70
     0
  0
APPID
  5
6A
330
9
100
AcDbSymbolTableRecord
100
AcDbRegAppTableRecord
  2
CAXA_DRAFT_DIMPITCH
 70
     0
  0
APPID
  5
6B
330
9
100
AcDbSymbolTableRecord
100
AcDbRegAppTableRecord
  2
CAXA_DRAFT_DIMCOORD
 70
     0
  0
APPID
  5
6C
330
9
100
AcDbSymbolTableRecord
100
AcDbRegAppTableRecord
  2
CAXA_DRAFT_DIMORIALIGN
 70
     0
  0
APPID
  5
6D
330
9
100
AcDbSymbolTableRecord
100
AcDbRegAppTableRecord
  2
CAXA_DRAFT_DIMHOLEPOS
 70
     0
  0
APPID
  5
6E
330
9
100
AcDbSymbolTableRecord
100
AcDbRegAppTableRecord
  2
CAXA_DRAFT_DIMCRDLEADER
 70
     0
  0
APPID
  5
6F
330
9
100
AcDbSymbolTableRecord
100
AcDbRegAppTableRecord
  2
CAXA_DRAFT_DIMCHAMFER
 70
     0
  0
APPID
  5
70
330
9
100
AcDbSymbolTableRecord
100
AcDbRegAppTableRecord
  2
CAXA_DRAFT_DIMCENTERHOLE
 70
     0
  0
APPID
  5
71
330
9
100
AcDbSymbolTableRecord
100
AcDbRegAppTableRecord
  2
CAXA_DRAFT_DIMLEADER
 70
     0
  0
APPID
  5
72
330
9
100
AcDbSymbolTableRecord
100
AcDbRegAppTableRecord
  2
CAXA_DRAFT_DIMCRDLIST
 70
     0
  0
APPID
  5
73
330
9
100
AcDbSymbolTableRecord
100
AcDbRegAppTableRecord
  2
CAXA_DRAFT_PAPERSCALE
 70
     0
  0
APPID
  5
74
330
9
100
AcDbSymbolTableRecord
100
AcDbRegAppTableRecord
  2
CAXA_DRAFT_FILEVERSION
 70
     0
  0
APPID
  5
75
330
9
100
AcDbSymbolTableRecord
100
AcDbRegAppTableRecord
  2
CAXA_DRAFT_PRODUCTVERSION
 70
     0
  0
APPID
  5
76
330
9
100
AcDbSymbolTableRecord
100
AcDbRegAppTableRecord
  2
CAXA_DRAFT_DATATABLE
 70
     0
  0
APPID
  5
77
330
9
100
AcDbSymbolTableRecord
100
AcDbRegAppTableRecord
  2
CAXA_DRAFT_PAPERINFO
 70
     0
  0
APPID
  5
78
330
9
100
AcDbSymbolTableRecord
100
AcDbRegAppTableRecord
  2
CAXA_DRAFT_PAPERFRAME
 70
     0
  0
APPID
  5
79
330
9
100
AcDbSymbolTableRecord
100
AcDbRegAppTableRecord
  2
CAXA_DRAFT_PAPERTITLE
 70
     0
  0
APPID
  5
7A
330
9
100
AcDbSymbolTableRecord
100
AcDbRegAppTableRecord
  2
CAXA_DRAFT_PAPERPAREATABLE
 70
     0
  0
APPID
  5
7B
330
9
100
AcDbSymbolTableRecord
100
AcDbRegAppTableRecord
  2
CAXA_DRAFT_PARTNO
 70
     0
  0
APPID
  5
7C
330
9
100
AcDbSymbolTableRecord
100
AcDbRegAppTableRecord
  2
CAXA_DRAFT_BOMTABLE
 70
     0
  0
APPID
  5
7D
330
9
100
AcDbSymbolTableRecord
100
AcDbRegAppTableRecord
  2
CAXA_DRAFT_BLKREF_EXTATT
 70
     0
  0
APPID
  5
7E
330
9
100
AcDbSymbolTableRecord
100
AcDbRegAppTableRecord
  2
CAXA_DRAFT_DBVIEWDATA
 70
     0
  0
APPID
  5
7F
330
9
100
AcDbSymbolTableRecord
100
AcDbRegAppTableRecord
  2
CAXA_DRAFT_DIMSYMTOL
 70
     0
  0
APPID
  5
80
330
9
100
AcDbSymbolTableRecord
100
AcDbRegAppTableRecord
  2
CAXA_DRAFT_DIMASSEMTOL
 70
     0
  0
APPID
  5
81
330
9
100
AcDbSymbolTableRecord
100
AcDbRegAppTableRecord
  2
CAXA_DRAFT_DIMANGLETOL
 70
     0
  0
APPID
  5
82
330
9
100
AcDbSymbolTableRecord
100
AcDbRegAppTableRecord
  2
CAXA_DRAFT_DRAFTDATA
 70
     0
  0
APPID
  5
83
330
9
100
AcDbSymbolTableRecord
100
AcDbRegAppTableRecord
  2
CAXA_DRAFT_DIMORIGIN
 70
     0
  0
APPID
  5
84
330
9
100
AcDbSymbolTableRecord
100
AcDbRegAppTableRecord
  2
CAXA_DRAFT_ENLARGE_EDGE
 70
     0
  0
APPID
  5
85
330
9
100
AcDbSymbolTableRecord
100
AcDbRegAppTableRecord
  2
CAXA_DRAFT_DIMSTY_T_VPOS
 70
     0
  0
APPID
  5
86
330
9
100
AcDbSymbolTableRecord
100
AcDbRegAppTableRecord
  2
CAXA_DRAFT_DIMSTY_AT_VPOS
 70
     0
  0
APPID
  5
87
330
9
100
AcDbSymbolTableRecord
100
AcDbRegAppTableRecord
  2
CAXA_DRAFT_BLKHIDE
 70
     0
  0
APPID
  5
88
330
9
100
AcDbSymbolTableRecord
100
AcDbRegAppTableRecord
  2
CAXA_DRAFT_DIMARROWREVERSE
 70
     0
  0
APPID
  5
89
330
9
100
AcDbSymbolTableRecord
100
AcDbRegAppTableRecord
  2
CAXA_DRAFT_TXTSTYLE
 70
     0
  0
APPID
  5
8A
330
9
100
AcDbSymbolTableRecord
100
AcDbRegAppTableRecord
  2
CAXA_DRAFT_ATTRIBUTE_2PT
 70
     0
  0
APPID
  5
8B
330
9
100
AcDbSymbolTableRecord
100
AcDbRegAppTableRecord
  2
CAXA_DRAFT_ATTDEF_2PT
 70
     0
  0
APPID
  5
8C
330
9
100
AcDbSymbolTableRecord
100
AcDbRegAppTableRecord
  2
CAXA_DRAFT_DIMBIGARC
 70
     0
  0
APPID
  5
8D
330
9
100
AcDbSymbolTableRecord
100
AcDbRegAppTableRecord
  2
CAXA_DRAFT_ISNEB09R3
 70
     0
  0
APPID
  5
8E
330
9
100
AcDbSymbolTableRecord
100
AcDbRegAppTableRecord
  2
CAXA_DRAFT_WIPEOUT_B_HIDE
 70
     0
  0
APPID
  5
8F
330
9
100
AcDbSymbolTableRecord
100
AcDbRegAppTableRecord
  2
CAXA_DRAFT_BLKREF_SYMBOL
 70
     0
  0
APPID
  5
90
330
9
100
AcDbSymbolTableRecord
100
AcDbRegAppTableRecord
  2
CAXA_DRAFT_ENL_COMMENTS
 70
     0
  0
APPID
  5
91
330
9
100
AcDbSymbolTableRecord
100
AcDbRegAppTableRecord
  2
CAXA_DRAFT_ENL_TSCALE
 70
     0
  0
APPID
  5
92
330
9
100
AcDbSymbolTableRecord
100
AcDbRegAppTableRecord
  2
CAXA_DRAFT_TXTSCALE
 70
     0
  0
APPID
  5
93
330
9
100
AcDbSymbolTableRecord
100
AcDbRegAppTableRecord
  2
CAXA_DRAFT_KEEPLTSEG_ZOOM
 70
     0
  0
APPID
  5
94
330
9
100
AcDbSymbolTableRecord
100
AcDbRegAppTableRecord
  2
CAXA_DRAFT_SPECLIB
 70
     0
  0
APPID
  5
95
330
9
100
AcDbSymbolTableRecord
100
AcDbRegAppTableRecord
  2
CAXA_DRAFT_DATUM_2011R2
 70
     0
  0
APPID
  5
96
330
9
100
AcDbSymbolTableRecord
100
AcDbRegAppTableRecord
  2
CAXA_DRAFT_ROUGH_2011R2
 70
     0
  0
APPID
  5
97
330
9
100
AcDbSymbolTableRecord
100
AcDbRegAppTableRecord
  2
CAXA_DRAFT_GEOTOL_2011R2
 70
     0
  0
APPID
  5
98
330
9
100
AcDbSymbolTableRecord
100
AcDbRegAppTableRecord
  2
CAXA_DRAFT_DMOVMAP_2011R3
 70
     0
  0
APPID
  5
99
330
9
100
AcDbSymbolTableRecord
100
AcDbRegAppTableRecord
  2
CAXA_DRAFT_DDTSTY_2011R3
 70
     0
  0
APPID
  5
9A
330
9
100
AcDbSymbolTableRecord
100
AcDbRegAppTableRecord
  2
CAXA_DRAFT_SDTSTY_2011R3
 70
     0
  0
APPID
  5
9B
330
9
100
AcDbSymbolTableRecord
100
AcDbRegAppTableRecord
  2
CDRAFT_TXTROT_2011R3
 70
     0
  0
APPID
  5
9C
330
9
100
AcDbSymbolTableRecord
100
AcDbRegAppTableRecord
  2
CDRAFT_TOLOUT_2011R3
 70
     0
  0
APPID
  5
9D
330
9
100
AcDbSymbolTableRecord
100
AcDbRegAppTableRecord
  2
CAXA_DRAFT_DIMARCLENSTYLE
 70
     0
  0
APPID
  5
9E
330
9
100
AcDbSymbolTableRecord
100
AcDbRegAppTableRecord
  2
CAXA_DRAFT_DMOVMAP_2013
 70
     0
  0
APPID
  5
9F
330
9
100
AcDbSymbolTableRecord
100
AcDbRegAppTableRecord
  2
CAXA_DRAFT_DS_DLLNTYPE
 70
     0
  0
APPID
  5
A0
330
9
100
AcDbSymbolTableRecord
100
AcDbRegAppTableRecord
  2
CAXA_DRAFT_DS_LBLLNTYPE
 70
     0
  0
APPID
  5
A1
330
9
100
AcDbSymbolTableRecord
100
AcDbRegAppTableRecord
  2
CAXA_DRAFT_DS_RBLLNTYPE
 70
     0
  0
APPID
  5
A2
330
9
100
AcDbSymbolTableRecord
100
AcDbRegAppTableRecord
  2
CAXA_DRAFT_DS_ISFILLDFM
 70
     0
  0
APPID
  5
A3
330
9
100
AcDbSymbolTableRecord
100
AcDbRegAppTableRecord
  2
CAXA_DRAFT_DS_DISPZTOOL
 70
     0
  0
APPID
  5
A4
330
9
100
AcDbSymbolTableRecord
100
AcDbRegAppTableRecord
  2
CAXA_DRAFT_DS_SYMCOLOR
 70
     0
  0
APPID
  5
A5
330
9
100
AcDbSymbolTableRecord
100
AcDbRegAppTableRecord
  2
CAXA_DRAFT_HATCH_SCALE_ANGLE
 70
     0
  0
APPID
  5
A6
330
9
100
AcDbSymbolTableRecord
100
AcDbRegAppTableRecord
  2
CAXA_DRAFT_GEOTOL_ISFROMDWG
 70
     0
  0
APPID
  5
A7
330
9
100
AcDbSymbolTableRecord
100
AcDbRegAppTableRecord
  2
CxDragDiaDimLnStyle
 70
     0
  0
APPID
  5
A8
330
9
100
AcDbSymbolTableRecord
100
AcDbRegAppTableRecord
  2
CxDragRadDimLnStyle
 70
     0
  0
APPID
  5
A9
330
9
100
AcDbSymbolTableRecord
100
AcDbRegAppTableRecord
  2
CX_DbAnnotate_SimDimOriTxt
 70
     0
  0
APPID
  5
AA
330
9
100
AcDbSymbolTableRecord
100
AcDbRegAppTableRecord
  2
CX_DbAnnotate_TxtLocPara
 70
     0
  0
APPID
  5
AB
330
9
100
AcDbSymbolTableRecord
100
AcDbRegAppTableRecord
  2
CX_DbAnnotate_DragTxtLoc
 70
     0
  0
APPID
  5
AC
330
9
100
AcDbSymbolTableRecord
100
AcDbRegAppTableRecord
  2
UserSetTxtLoc
 70
     0
  0
APPID
  5
AD
330
9
100
AcDbSymbolTableRecord
100
AcDbRegAppTableRecord
  2
UserSetTxtLocType
 70
     0
  0
APPID
  5
AE
330
9
100
AcDbSymbolTableRecord
100
AcDbRegAppTableRecord
  2
UserSetTxtLocPt
 70
     0
  0
APPID
  5
AF
330
9
100
AcDbSymbolTableRecord
100
AcDbRegAppTableRecord
  2
CAXA_DRAFT_IMAGE_BINARY
 70
     0
  0
APPID
  5
B0
330
9
100
AcDbSymbolTableRecord
100
AcDbRegAppTableRecord
  2
DimTxtFrmStyle_2015R1
 70
     0
  0
APPID
  5
B1
330
9
100
AcDbSymbolTableRecord
100
AcDbRegAppTableRecord
  2
CAXA_DRAFT_GEOTOL_ISSHX
 70
     0
  0
APPID
  5
B2
330
9
100
AcDbSymbolTableRecord
100
AcDbRegAppTableRecord
  2
CAXA_SUPGRAPHICDIM
 70
     0
  0
APPID
  5
B3
330
9
100
AcDbSymbolTableRecord
100
AcDbRegAppTableRecord
  2
CAXA_GRAPHICARCLEN_HASLN
 70
     0
  0
APPID
  5
B4
330
9
100
AcDbSymbolTableRecord
100
AcDbRegAppTableRecord
  2
CAXA_GRAPHICDIM_OUT
 70
     0
  0
APPID
  5
B5
330
9
100
AcDbSymbolTableRecord
100
AcDbRegAppTableRecord
  2
CAXA_DATUM_LEADLNBKMODE
 70
     0
  0
APPID
  5
B6
330
9
100
AcDbSymbolTableRecord
100
AcDbRegAppTableRecord
  2
CX_DbDim_CrdDimLineAndArrow
 70
     0
  0
APPID
  5
B7
330
9
100
AcDbSymbolTableRecord
100
AcDbRegAppTableRecord
  2
CX_DbDim_TaperAngleStd
 70
     0
  0
APPID
  5
B8
330
9
100
AcDbSymbolTableRecord
100
AcDbRegAppTableRecord
  2
CX_DbAttribDef_OptionalVal
 70
     0
  0
APPID
  5
B9
330
9
100
AcDbSymbolTableRecord
100
AcDbRegAppTableRecord
  2
CAXA_DRAFT_LEADER_MLEADERLINE
 70
     0
  0
APPID
  5
BA
330
9
100
AcDbSymbolTableRecord
100
AcDbRegAppTableRecord
  2
CAXA_DRAFT_WELD_MLEADERLINE
 70
     0
  0
APPID
  5
BB
330
9
100
AcDbSymbolTableRecord
100
AcDbRegAppTableRecord
  2
CAXA_DRAFT_GEOTOL_MLEADERLINE
 70
     0
  0
APPID
  5
BC
330
9
100
AcDbSymbolTableRecord
100
AcDbRegAppTableRecord
  2
CAXA_DRAFT_ROUGH_MLEADERLINE
 70
     0
  0
APPID
  5
BD
330
9
100
AcDbSymbolTableRecord
100
AcDbRegAppTableRecord
  2
CAXA_DRAFT_DATUM_MLEADERLINE
 70
     0
  0
APPID
  5
BE
330
9
100
AcDbSymbolTableRecord
100
AcDbRegAppTableRecord
  2
CAXA_DRAFT_ROUGH_STDSPTDATA
 70
     0
  0
APPID
  5
BF
330
9
100
AcDbSymbolTableRecord
100
AcDbRegAppTableRecord
  2
CAXA_DRAFT_CUTS_LABLEDATA
 70
     0
  0
APPID
  5
C0
330
9
100
AcDbSymbolTableRecord
100
AcDbRegAppTableRecord
  2
CAXA_DRAFT_LEADER_DISPREFLINE
 70
     0
  0
APPID
  5
C1
330
9
100
AcDbSymbolTableRecord
100
AcDbRegAppTableRecord
  2
CAXA_DRAFT_TAPER_TEXTTYPE
 70
     0
  0
APPID
  5
C2
330
9
100
AcDbSymbolTableRecord
100
AcDbRegAppTableRecord
  2
CAXA_DRAFT_TAPER_RATEFORMAT
 70
     0
  0
APPID
  5
C3
330
9
100
AcDbSymbolTableRecord
100
AcDbRegAppTableRecord
  2
CAXA_DRAFT_TAPER_RATESEPAR
 70
     0
  0
APPID
  5
C4
330
9
100
AcDbSymbolTableRecord
100
AcDbRegAppTableRecord
  2
CX_DIMSTYLE_TXTFRAME
 70
     0
  0
APPID
  5
C5
330
9
100
AcDbSymbolTableRecord
100
AcDbRegAppTableRecord
  2
CX_DBDIM_TXTFRAME
 70
     0
  0
APPID
  5
C6
330
9
100
AcDbSymbolTableRecord
100
AcDbRegAppTableRecord
  2
CAXA_DRAFT_TABLEENT
 70
     0
  0
APPID
  5
C7
330
9
100
AcDbSymbolTableRecord
100
AcDbRegAppTableRecord
  2
CDRAFT_DIM_STD_REV_NAME
 70
     0
  0
APPID
  5
C8
330
9
100
AcDbSymbolTableRecord
100
AcDbRegAppTableRecord
  2
CAXA_DRAFT_BOM_STDSPTDATA
 70
     0
  0
APPID
  5
C9
330
9
100
AcDbSymbolTableRecord
100
AcDbRegAppTableRecord
  2
CAXA_DRAFT_PARTNO_STDSPTDATA
 70
     0
  0
APPID
  5
CA
330
9
100
AcDbSymbolTableRecord
100
AcDbRegAppTableRecord
  2
CAXA_DRAFT_DATUM_LOCPTEDIT
 70
     0
  0
APPID
  5
CB
330
9
100
AcDbSymbolTableRecord
100
AcDbRegAppTableRecord
  2
CAXA_DRAFT_INFO_WMFLAG
 70
     0
  0
APPID
  5
CC
330
9
100
AcDbSymbolTableRecord
100
AcDbRegAppTableRecord
  2
CX_DbDim_CrdDimTypeAndData
 70
     0
  0
APPID
  5
CD
330
9
100
AcDbSymbolTableRecord
100
AcDbRegAppTableRecord
  2
CX_DbDim_DimOriginBiText
 70
     0
  0
APPID
  5
CE
330
9
100
AcDbSymbolTableRecord
100
AcDbRegAppTableRecord
  2
CX_DbDim_DimCrdLeaderPts
 70
     0
  0
APPID
  5
CF
330
9
100
AcDbSymbolTableRecord
100
AcDbRegAppTableRecord
  2
CAXA_SOLID_FLAG
 70
     0
  0
APPID
  5
D5
330
9
100
AcDbSymbolTableRecord
100
AcDbRegAppTableRecord
  2
AcAecLayerStandard
 70
     0
  0
APPID
  5
149
330
9
100
AcDbSymbolTableRecord
100
AcDbRegAppTableRecord
  2
ACAD_DSTYLE_DIMINSPECT
 70
     0
  0
ENDTAB
  0
TABLE
  2
DIMSTYLE
  5
A
330
0
100
AcDbSymbolTable
 70
     6
100
AcDbDimStyleTable
  0
DIMSTYLE
105
DF
330
A
100
AcDbSymbolTableRecord
100
AcDbDimStyleTableRecord
  2
标准
 70
     0
 41
4.0
 42
0.0
 43
10.0
 44
2.0
 46
6.0
 90
        1
 73
     0
 74
     0
 77
     1
 78
     8
 79
     2
140
3.5
141
0.0
143
1.0
146
0.7071067811865475
147
0.625
172
     1
178
     0
179
     2
271
     2
272
     3
274
     3
276
     2
279
     2
284
     8
340
DE
342
E0
345
15
346
15
347
15
1001
CAXA_DRAFT_DIMSTY_AT_VPOS
1070
     1
1001
CAXA_DRAFT_SDTSTY_2011R3
1070
     0
1001
CAXA_DRAFT_DS_ISFILLDFM
1070
     1
1001
CAXA_DRAFT_DS_DISPZTOOL
1070
     0
1001
CAXA_DRAFT_DS_SYMCOLOR
1071
1090519039
1001
DimTxtFrmStyle_2015R1
1070
     3
1001
CX_DIMSTYLE_TXTFRAME
1070
     0
1070
     0
  0
DIMSTYLE
105
E4
330
A
100
AcDbSymbolTableRecord
100
AcDbDimStyleTableRecord
  2
Standard
 70
     0
 41
2.5
 42
0.625
 43
3.75
 44
1.25
 46
5.0
 73
     0
 74
     0
 77
     1
 78
     8
 79
     3
140
2.5
141
2.5
143
0.03937007874
147
0.625
171
     3
172
     1
178
     0
179
     2
271
     2
272
     2
274
     3
278
    44
284
     8
340
11
345
16
346
16
347
16
1001
CAXA_DRAFT_DIMSTY_AT_VPOS
1070
     0
1001
CAXA_DRAFT_SDTSTY_2011R3
1070
     0
1001
CAXA_DRAFT_DS_ISFILLDFM
1070
     1
1001
CAXA_DRAFT_DS_DISPZTOOL
1070
     0
1001
CAXA_DRAFT_DS_SYMCOLOR
1071
1090519039
1001
DimTxtFrmStyle_2015R1
1070
     3
1001
CX_DIMSTYLE_TXTFRAME
1070
     0
1070
     0
  0
DIMSTYLE
105
E5
102
{ACAD_REACTORS
330
14A
330
153
330
15D
330
167
330
171
330
17B
102
}
330
A
100
AcDbSymbolTableRecord
100
AcDbDimStyleTableRecord
  2
CUSTOM_DIMSTYLE
 70
     0
 40
5.0
 41
3.0
 42
0.0
 43
3.75
 44
1.25
 46
6.0
 73
     0
 74
     0
 77
     1
 78
     8
 79
     3
140
3.5
141
2.5
143
0.03937007874
147
0.625
171
     3
172
     1
176
     3
178
     0
179
     3
271
     2
272
     2
274
     3
284
     8
340
11
345
16
346
16
347
16
1001
CAXA_DRAFT_DIMSTY_AT_VPOS
1070
     0
1001
CAXA_DRAFT_SDTSTY_2011R3
1070
     0
1001
CAXA_DRAFT_DS_ISFILLDFM
1070
     1
1001
CAXA_DRAFT_DS_DISPZTOOL
1070
     0
1001
CAXA_DRAFT_DS_SYMCOLOR
1071
1090519039
1001
DimTxtFrmStyle_2015R1
1070
     3
1001
CX_DIMSTYLE_TXTFRAME
1070
     0
1070
     0
  0
DIMSTYLE
105
E6
330
A
100
AcDbSymbolTableRecord
100
AcDbDimStyleTableRecord
  2
GB_尺寸
 70
     0
 41
4.0
 42
0.0
 43
10.0
 44
2.0
 46
6.0
 90
        1
 73
     0
 74
     0
 77
     1
 78
     8
 79
     2
140
3.5
141
0.0
143
1.0
146
0.7071067811865475
147
0.625
172
     1
178
     0
179
     2
271
     2
272
     3
274
     3
276
     2
279
     2
284
     8
340
DE
342
E0
345
15
346
15
347
15
1001
CAXA_DRAFT_DIMSTY_AT_VPOS
1070
     1
1001
CAXA_DRAFT_SDTSTY_2011R3
1070
     0
1001
CAXA_DRAFT_DS_ISFILLDFM
1070
     1
1001
CAXA_DRAFT_DS_DISPZTOOL
1070
     0
1001
CAXA_DRAFT_DS_SYMCOLOR
1071
1090519039
1001
DimTxtFrmStyle_2015R1
1070
     3
1001
CX_DIMSTYLE_TXTFRAME
1070
     0
1070
     0
  0
DIMSTYLE
105
E7
330
A
100
AcDbSymbolTableRecord
100
AcDbDimStyleTableRecord
  2
GB_引出说明(1984)
 70
     0
 41
4.0
 42
0.0
 43
10.0
 44
2.0
 46
6.0
 90
        1
 73
     0
 74
     0
 77
     1
 78
     8
 79
     2
140
3.5
141
0.0
143
1.0
146
0.7071067811865475
147
0.625
172
     1
178
     0
179
     2
271
     2
272
     3
274
     3
276
     2
279
     2
284
     8
340
DE
342
E0
345
15
346
15
347
15
1001
CAXA_DRAFT_DIMSTY_AT_VPOS
1070
     1
1001
CAXA_DRAFT_SDTSTY_2011R3
1070
     0
1001
CAXA_DRAFT_DS_ISFILLDFM
1070
     1
1001
CAXA_DRAFT_DS_DISPZTOOL
1070
     0
1001
CAXA_DRAFT_DS_SYMCOLOR
1071
1090519039
1001
DimTxtFrmStyle_2015R1
1070
     3
1001
CX_DIMSTYLE_TXTFRAME
1070
     0
1070
     0
  0
DIMSTYLE
105
E8
330
A
100
AcDbSymbolTableRecord
100
AcDbDimStyleTableRecord
  2
GB_锥度(2003)
 70
     0
 41
4.0
 42
0.0
 43
10.0
 44
2.0
 46
6.0
 90
        1
 73
     0
 74
     0
 77
     1
 78
     8
 79
     2
140
3.5
141
0.0
143
1.0
146
0.7071067811865475
147
0.625
172
     1
178
     0
179
     2
271
     2
272
     3
274
     3
276
     2
279
     2
284
     8
340
DE
342
E0
345
15
346
15
347
15
1001
CAXA_DRAFT_DIMSTY_AT_VPOS
1070
     1
1001
CAXA_DRAFT_SDTSTY_2011R3
1070
     0
1001
CAXA_DRAFT_DS_ISFILLDFM
1070
     1
1001
CAXA_DRAFT_DS_DISPZTOOL
1070
     0
1001
CAXA_DRAFT_DS_SYMCOLOR
1071
1090519039
1001
DimTxtFrmStyle_2015R1
1070
     3
1001
CX_DIMSTYLE_TXTFRAME
1070
     0
1070
     0
  0
ENDTAB
  0
TABLE
  2
BLOCK_RECORD
  5
1
330
0
100
AcDbSymbolTable
 70
    15
  0
BLOCK_RECORD
  5
1F
330
1
100
AcDbSymbolTableRecord
100
AcDbBlockTableRecord
  2
*Model_Space
340
22
 70
     0
280
     1
281
     0
1001
CAXA_DRAFT_PAPERSCALE
1041
1.0
1001
CAXA_DRAFT_PAPERINFO
1041
1680.0
1041
1188.0
1071
        0
1070
     1
1070
     0
1070
     1
1070
     0
1001
CAXA_DRAFT_KEEPLTSEG_ZOOM
1070
     1
  0
BLOCK_RECORD
  5
1B
330
1
100
AcDbSymbolTableRecord
100
AcDbBlockTableRecord
  2
*Paper_Space
340
1E
 70
     0
280
     1
281
     0
1001
CAXA_DRAFT_PAPERSCALE
1041
1.0
1001
CAXA_DRAFT_PAPERINFO
1041
0.0
1041
0.0
1071
        0
1070
     1
1070
     0
1070
     1
1070
     0
1001
CAXA_DRAFT_KEEPLTSEG_ZOOM
1070
     1
  0
BLOCK_RECORD
  5
E0
330
1
100
AcDbSymbolTableRecord
100
AcDbBlockTableRecord
  2
_CAXARROW
340
0
 70
     0
280
     1
281
     0
  0
BLOCK_RECORD
  5
119
330
1
100
AcDbSymbolTableRecord
100
AcDbBlockTableRecord
  2
$CAXA_FRAME_13B17AC1$
340
0
102
{BLKREFS
331
118
102
}
 70
     0
280
     1
281
     0
  0
BLOCK_RECORD
  5
13D
330
1
100
AcDbSymbolTableRecord
100
AcDbBlockTableRecord
  2
*X3
340
0
 70
     0
280
     1
281
     0
  0
BLOCK_RECORD
  5
141
330
1
100
AcDbSymbolTableRecord
100
AcDbBlockTableRecord
  2
_CLOSEDFILLED
340
0
102
{BLKREFS
331
140
331
14E
331
159
331
15A
331
163
331
164
331
16D
331
16E
331
177
331
178
102
}
 70
     0
280
     1
281
     0
  0
BLOCK_RECORD
  5
14B
330
1
100
AcDbSymbolTableRecord
100
AcDbBlockTableRecord
  2
*X5
340
0
 70
     0
280
     1
281
     0
  0
BLOCK_RECORD
  5
154
330
1
100
AcDbSymbolTableRecord
100
AcDbBlockTableRecord
  2
*X6
340
0
 70
     0
280
     1
281
     0
  0
BLOCK_RECORD
  5
15E
330
1
100
AcDbSymbolTableRecord
100
AcDbBlockTableRecord
  2
*X7
340
0
 70
     0
280
     1
281
     0
  0
BLOCK_RECORD
  5
168
330
1
100
AcDbSymbolTableRecord
100
AcDbBlockTableRecord
  2
*X8
340
0
 70
     0
280
     1
281
     0
  0
BLOCK_RECORD
  5
172
330
1
100
AcDbSymbolTableRecord
100
AcDbBlockTableRecord
  2
*X9
340
0
 70
     0
280
     1
281
     0
  0
BLOCK_RECORD
  5
17D
330
1
100
AcDbSymbolTableRecord
100
AcDbBlockTableRecord
  2
*X10
340
0
102
{BLKREFS
331
17C
102
}
 70
     0
280
     1
281
     0
  0
BLOCK_RECORD
  5
186
330
1
100
AcDbSymbolTableRecord
100
AcDbBlockTableRecord
  2
*X11
340
0
102
{BLKREFS
331
185
102
}
 70
     0
280
     1
281
     0
  0
BLOCK_RECORD
  5
18F
330
1
100
AcDbSymbolTableRecord
100
AcDbBlockTableRecord
  2
*X12
340
0
102
{BLKREFS
331
18E
102
}
 70
     0
280
     1
281
     0
  0
BLOCK_RECORD
  5
198
330
1
100
AcDbSymbolTableRecord
100
AcDbBlockTableRecord
  2
*X13
340
0
102
{BLKREFS
331
197
102
}
 70
     0
280
     1
281
     0
  0
BLOCK_RECORD
  5
1A1
330
1
100
AcDbSymbolTableRecord
100
AcDbBlockTableRecord
  2
表格
340
0
102
{BLKREFS
331
1A0
102
}
 70
     0
280
     1
281
     0
  0
BLOCK_RECORD
  5
1DD
330
1
100
AcDbSymbolTableRecord
100
AcDbBlockTableRecord
  2
防尘罩_1
340
0
102
{BLKREFS
331
1DC
102
}
 70
     0
280
     1
281
     0
  0
ENDTAB
  0
ENDSEC
  0
SECTION
  2
BLOCKS
  0
BLOCK
  5
20
330
1F
100
AcDbEntity
  8
0
100
AcDbBlockBegin
  2
*Model_Space
 70
     0
 10
0.0
 20
0.0
 30
0.0
  3
*Model_Space
  1

  0
ENDBLK
  5
21
330
1F
100
AcDbEntity
  8
0
100
AcDbBlockEnd
  0
BLOCK
  5
1C
330
1B
100
AcDbEntity
 67
     1
  8
0
100
AcDbBlockBegin
  2
*Paper_Space
 70
     0
 10
0.0
 20
0.0
 30
0.0
  3
*Paper_Space
  1

  0
ENDBLK
  5
1D
330
1B
100
AcDbEntity
 67
     1
  8
0
100
AcDbBlockEnd
  0
BLOCK
  5
E2
330
E0
100
AcDbEntity
  8
0
100
AcDbBlockBegin
  2
_CAXARROW
 70
     0
 10
0.0
 20
0.0
 30
0.0
  3
_CAXARROW
  1

  0
HATCH
  5
E1
330
E0
100
AcDbEntity
  8
0
 62
     0
100
AcDbHatch
 10
0.0
 20
0.0
 30
0.0
210
0.0
220
0.0
230
1.0
  2
SOLID
 70
     1
 71
     0
 91
        1
 92
        0
 93
        3
 72
     1
 10
0.0
 20
0.0
 11
-1.0
 21
0.125
 72
     1
 10
-1.0
 20
0.125
 11
-1.0
 21
-0.125
 72
     1
 10
-1.0
 20
-0.125
 11
0.0
 21
0.0
 97
        0
 75
     0
 76
     1
 98
        1
 10
0.0
 20
0.0
  0
ENDBLK
  5
E3
330
E0
100
AcDbEntity
  8
0
100
AcDbBlockEnd
  0
BLOCK
  5
122
330
119
100
AcDbEntity
  8
0
100
AcDbBlockBegin
  2
$CAXA_FRAME_13B17AC1$
 70
     0
 10
0.0
 20
0.0
 30
0.0
  3
$CAXA_FRAME_13B17AC1$
  1

  0
LINE
  5
11A
330
119
100
AcDbEntity
  8
细实线层
100
AcDbLine
 10
-840.0
 20
-594.0
 30
0.0
 11
840.0
 21
-594.0
 31
0.0
  0
LINE
  5
11B
330
119
100
AcDbEntity
  8
细实线层
100
AcDbLine
 10
840.0
 20
-594.0
 30
0.0
 11
840.0
 21
594.0
 31
0.0
  0
LINE
  5
11C
330
119
100
AcDbEntity
  8
细实线层
100
AcDbLine
 10
840.0
 20
594.0
 30
0.0
 11
-840.0
 21
594.0
 31
0.0
  0
LINE
  5
11D
330
119
100
AcDbEntity
  8
细实线层
100
AcDbLine
 10
-840.0
 20
594.0
 30
0.0
 11
-840.0
 21
-594.0
 31
0.0
  0
LINE
  5
11E
330
119
100
AcDbEntity
  8
粗实线层
100
AcDbLine
 10
-800.0
 20
554.0
 30
0.0
 11
-800.0
 21
-554.0
 31
0.0
  0
LINE
  5
11F
330
119
100
AcDbEntity
  8
粗实线层
100
AcDbLine
 10
-800.0
 20
-554.0
 30
0.0
 11
800.0
 21
-554.0
 31
0.0
  0
LINE
  5
120
330
119
100
AcDbEntity
  8
粗实线层
100
AcDbLine
 10
800.0
 20
-554.0
 30
0.0
 11
800.0
 21
554.0
 31
0.0
  0
LINE
  5
121
330
119
100
AcDbEntity
  8
粗实线层
100
AcDbLine
 10
800.0
 20
554.0
 30
0.0
 11
-800.0
 21
554.0
 31
0.0
  0
ENDBLK
  5
123
330
119
100
AcDbEntity
  8
0
100
AcDbBlockEnd
  0
BLOCK
  5
13E
330
13D
100
AcDbEntity
  8
0
100
AcDbBlockBegin
  2
*X3
 70
     1
 10
0.0
 20
0.0
 30
0.0
  3
*X3
  1

  0
INSERT
  5
140
330
13D
100
AcDbEntity
  8
尺寸线层
 62
     3
100
AcDbBlockReference
  2
_CLOSEDFILLED
 10
-524.0651218826063
 20
37.90268875218472
 30
0.0
 41
15.0
 42
15.0
 50
322.314
1001
CAXA_DRAFT_BLKHIDE
1070
     0
  0
LINE
  5
145
330
13D
100
AcDbEntity
  8
尺寸线层
 62
     3
370
     0
100
AcDbLine
 10
-475.0
 20
0.0
 30
0.0
 11
-524.0651218826063
 21
37.90268875218472
 31
0.0
  0
LINE
  5
146
330
13D
100
AcDbEntity
  8
尺寸线层
 62
     3
370
     0
100
AcDbLine
 10
-535.9357158864626
 20
47.07269409545521
 30
0.0
 11
-547.806309890319
 21
56.24269943872571
 31
0.0
  0
LINE
  5
147
330
13D
100
AcDbEntity
  8
尺寸线层
 62
     3
370
     0
100
AcDbLine
 10
-547.806309890319
 20
56.24269943872571
 30
0.0
 11
-582.806309890319
 21
56.24269943872571
 31
0.0
  0
MTEXT
  5
148
330
13D
100
AcDbEntity
  8
尺寸线层
100
AcDbMText
 10
-565.306309890319
 20
68.11769943872571
 30
0.0
 40
17.5
 41
44.58100558659225
 46
34.60893854748603
 71
     5
 72
     1
  1
62
 73
     1
 44
1.0
1001
CAXA_DRAFT_TXTSCALE
1041
1.0
  0
ENDBLK
  5
13F
330
13D
100
AcDbEntity
  8
0
100
AcDbBlockEnd
  0
BLOCK
  5
143
330
141
100
AcDbEntity
  8
0
100
AcDbBlockBegin
  2
_CLOSEDFILLED
 70
     0
 10
0.0
 20
0.0
 30
0.0
  3
_CLOSEDFILLED
  1

  0
HATCH
  5
142
330
141
100
AcDbEntity
  8
0
  6
ByBlock
 62
     0
100
AcDbHatch
 10
0.0
 20
0.0
 30
0.0
210
0.0
220
0.0
230
1.0
  2
SOLID
 70
     1
 71
     0
 91
        1
 92
        0
 93
        3
 72
     1
 10
-1.0
 20
0.1643989837240254
 11
0.0
 21
0.0
 72
     1
 10
0.0
 20
0.0
 11
-1.0
 21
-0.1643989837240254
 72
     1
 10
-1.0
 20
-0.1643989837240254
 11
-1.0
 21
0.1643989837240254
 97
        0
 75
     0
 76
     1
 98
        1
 10
0.0
 20
0.0
  0
ENDBLK
  5
144
330
141
100
AcDbEntity
  8
0
100
AcDbBlockEnd
  0
BLOCK
  5
14C
330
14B
100
AcDbEntity
  8
0
100
AcDbBlockBegin
  2
*X5
 70
     1
 10
0.0
 20
0.0
 30
0.0
  3
*X5
  1

  0
INSERT
  5
14E
330
14B
100
AcDbEntity
  8
尺寸线层
 62
     3
100
AcDbBlockReference
  2
_CLOSEDFILLED
 10
657.5967505275743
 20
32.82654160797502
 30
0.0
 41
15.0
 42
15.0
 50
211.969
1001
CAXA_DRAFT_BLKHIDE
1070
     0
  0
LINE
  5
14F
330
14B
100
AcDbEntity
  8
尺寸线层
 62
     3
370
     0
100
AcDbLine
 10
605.0
 20
0.0
 30
0.0
 11
657.5967505275743
 21
32.82654160797502
 31
0.0
  0
LINE
  5
150
330
14B
100
AcDbEntity
  8
尺寸线层
 62
     3
370
     0
100
AcDbLine
 10
670.3217708165035
 20
40.7684468357109
 30
0.0
 11
683.0467911054328
 21
48.7103520634468
 31
0.0
  0
LINE
  5
151
330
14B
100
AcDbEntity
  8
尺寸线层
 62
     3
370
     0
100
AcDbLine
 10
683.0467911054328
 20
48.7103520634468
 30
0.0
 11
718.0467911054328
 21
48.7103520634468
 31
0.0
  0
MTEXT
  5
152
330
14B
100
AcDbEntity
  8
尺寸线层
100
AcDbMText
 10
700.5467911054328
 20
60.5853520634468
 30
0.0
 40
17.5
 41
44.58100558659225
 46
34.60893854748603
 71
     5
 72
     1
  1
62
 73
     1
 44
1.0
1001
CAXA_DRAFT_TXTSCALE
1041
1.0
  0
ENDBLK
  5
14D
330
14B
100
AcDbEntity
  8
0
100
AcDbBlockEnd
  0
BLOCK
  5
155
330
154
100
AcDbEntity
  8
0
100
AcDbBlockBegin
  2
*X6
 70
     1
 10
0.0
 20
0.0
 30
0.0
  3
*X6
  1

  0
LINE
  5
157
330
154
100
AcDbEntity
  8
尺寸线层
100
AcDbLine
 10
-475.0
 20
72.0
 30
0.0
 11
-475.0
 21
120.0
 31
0.0
  0
LINE
  5
158
330
154
100
AcDbEntity
  8
尺寸线层
100
AcDbLine
 10
-355.0
 20
62.0
 30
0.0
 11
-355.0
 21
120.0
 31
0.0
  0
INSERT
  5
159
330
154
100
AcDbEntity
  8
尺寸线层
 62
     3
100
AcDbBlockReference
  2
_CLOSEDFILLED
 10
-475.0
 20
120.0
 30
0.0
 41
15.0
 42
15.0
 50
180.0
1001
CAXA_DRAFT_BLKHIDE
1070
     0
  0
INSERT
  5
15A
330
154
100
AcDbEntity
  8
尺寸线层
 62
     3
100
AcDbBlockReference
  2
_CLOSEDFILLED
 10
-355.0
 20
120.0
 30
0.0
 41
15.0
 42
15.0
1001
CAXA_DRAFT_BLKHIDE
1070
     0
  0
LINE
  5
15B
330
154
100
AcDbEntity
  8
尺寸线层
 62
     3
370
     0
100
AcDbLine
 10
-460.0
 20
120.0
 30
0.0
 11
-370.0
 21
120.0
 31
0.0
  0
MTEXT
  5
15C
330
154
100
AcDbEntity
  8
尺寸线层
100
AcDbMText
 10
-415.0
 20
131.875
 30
0.0
 40
17.5
 41
66.87150837988827
 46
34.80446927374302
 71
     5
 72
     1
  1
120
 73
     1
 44
1.0
1001
CAXA_DRAFT_TXTSCALE
1041
1.0
  0
ENDBLK
  5
156
330
154
100
AcDbEntity
  8
0
100
AcDbBlockEnd
  0
BLOCK
  5
15F
330
15E
100
AcDbEntity
  8
0
100
AcDbBlockBegin
  2
*X7
 70
     1
 10
0.0
 20
0.0
 30
0.0
  3
*X7
  1

  0
LINE
  5
161
330
15E
100
AcDbEntity
  8
尺寸线层
100
AcDbLine
 10
505.0
 20
0.0
 30
0.0
 11
505.0
 21
115.0
 31
0.0
  0
LINE
  5
162
330
15E
100
AcDbEntity
  8
尺寸线层
100
AcDbLine
 10
605.0
 20
0.0
 30
0.0
 11
605.0
 21
115.0
 31
0.0
  0
INSERT
  5
163
330
15E
100
AcDbEntity
  8
尺寸线层
 62
     3
100
AcDbBlockReference
  2
_CLOSEDFILLED
 10
505.0
 20
115.0
 30
0.0
 41
15.0
 42
15.0
 50
180.0
1001
CAXA_DRAFT_BLKHIDE
1070
     0
  0
INSERT
  5
164
330
15E
100
AcDbEntity
  8
尺寸线层
 62
     3
100
AcDbBlockReference
  2
_CLOSEDFILLED
 10
605.0
 20
115.0
 30
0.0
 41
15.0
 42
15.0
1001
CAXA_DRAFT_BLKHIDE
1070
     0
  0
LINE
  5
165
330
15E
100
AcDbEntity
  8
尺寸线层
 62
     3
370
     0
100
AcDbLine
 10
520.0
 20
115.0
 30
0.0
 11
590.0
 21
115.0
 31
0.0
  0
MTEXT
  5
166
330
15E
100
AcDbEntity
  8
尺寸线层
100
AcDbMText
 10
555.0
 20
126.875
 30
0.0
 40
17.5
 41
66.87150837988816
 46
34.80446927374302
 71
     5
 72
     1
  1
100
 73
     1
 44
1.0
1001
CAXA_DRAFT_TXTSCALE
1041
1.0
  0
ENDBLK
  5
160
330
15E
100
AcDbEntity
  8
0
100
AcDbBlockEnd
  0
BLOCK
  5
169
330
168
100
AcDbEntity
  8
0
100
AcDbBlockBegin
  2
*X8
 70
     1
 10
0.0
 20
0.0
 30
0.0
  3
*X8
  1

  0
LINE
  5
16B
330
168
100
AcDbEntity
  8
尺寸线层
100
AcDbLine
 10
-355.0
 20
62.0
 30
0.0
 11
-355.0
 21
120.0
 31
0.0
  0
LINE
  5
16C
330
168
100
AcDbEntity
  8
尺寸线层
100
AcDbLine
 10
-215.0
 20
84.0
 30
0.0
 11
-215.0
 21
120.0
 31
0.0
  0
INSERT
  5
16D
330
168
100
AcDbEntity
  8
尺寸线层
 62
     3
100
AcDbBlockReference
  2
_CLOSEDFILLED
 10
-355.0
 20
120.0
 30
0.0
 41
15.0
 42
15.0
 50
180.0
1001
CAXA_DRAFT_BLKHIDE
1070
     0
  0
INSERT
  5
16E
330
168
100
AcDbEntity
  8
尺寸线层
 62
     3
100
AcDbBlockReference
  2
_CLOSEDFILLED
 10
-215.0
 20
120.0
 30
0.0
 41
15.0
 42
15.0
1001
CAXA_DRAFT_BLKHIDE
1070
     0
  0
LINE
  5
16F
330
168
100
AcDbEntity
  8
尺寸线层
 62
     3
370
     0
100
AcDbLine
 10
-340.0
 20
120.0
 30
0.0
 11
-230.0
 21
120.0
 31
0.0
  0
MTEXT
  5
170
330
168
100
AcDbEntity
  8
尺寸线层
100
AcDbMText
 10
-285.0
 20
131.875
 30
0.0
 40
17.5
 41
66.87150837988827
 46
34.80446927374302
 71
     5
 72
     1
  1
140
 73
     1
 44
1.0
1001
CAXA_DRAFT_TXTSCALE
1041
1.0
  0
ENDBLK
  5
16A
330
168
100
AcDbEntity
  8
0
100
AcDbBlockEnd
  0
BLOCK
  5
173
330
172
100
AcDbEntity
  8
0
100
AcDbBlockBegin
  2
*X9
 70
     1
 10
0.0
 20
0.0
 30
0.0
  3
*X9
  1

  0
LINE
  5
175
330
172
100
AcDbEntity
  8
尺寸线层
100
AcDbLine
 10
-475.0
 20
-75.0
 30
0.0
 11
-475.0
 21
-175.807
 31
0.0
  0
LINE
  5
176
330
172
100
AcDbEntity
  8
尺寸线层
100
AcDbLine
 10
605.0
 20
-83.0
 30
0.0
 11
605.0
 21
-175.807
 31
0.0
  0
INSERT
  5
177
330
172
100
AcDbEntity
  8
尺寸线层
 62
     3
100
AcDbBlockReference
  2
_CLOSEDFILLED
 10
-475.0
 20
-175.807
 30
0.0
 41
15.0
 42
15.0
 50
180.0
1001
CAXA_DRAFT_BLKHIDE
1070
     0
  0
INSERT
  5
178
330
172
100
AcDbEntity
  8
尺寸线层
 62
     3
100
AcDbBlockReference
  2
_CLOSEDFILLED
 10
605.0
 20
-175.807
 30
0.0
 41
15.0
 42
15.0
1001
CAXA_DRAFT_BLKHIDE
1070
     0
  0
LINE
  5
179
330
172
100
AcDbEntity
  8
尺寸线层
 62
     3
370
     0
100
AcDbLine
 10
-460.0
 20
-175.807
 30
0.0
 11
590.0
 21
-175.807
 31
0.0
  0
MTEXT
  5
17A
330
172
100
AcDbEntity
  8
尺寸线层
100
AcDbMText
 10
65.0
 20
-163.932
 30
0.0
 40
17.5
 41
91.89944134078212
 46
34.804469273743
 71
     5
 72
     1
  1
1080
 73
     1
 44
1.0
1001
CAXA_DRAFT_TXTSCALE
1041
1.0
  0
ENDBLK
  5
174
330
172
100
AcDbEntity
  8
0
100
AcDbBlockEnd
  0
BLOCK
  5
183
330
17D
100
AcDbEntity
  8
0
100
AcDbBlockBegin
  2
*X10
 70
     1
 10
0.0
 20
0.0
 30
0.0
  3
*X10
  1

  0
LINE
  5
17E
330
17D
100
AcDbEntity
  8
尺寸线层
  6
Continuous
 62
     0
100
AcDbLine
 10
44.159
 20
-62.107
 30
0.0
 11
2.679
 21
0.0
 31
0.0
  0
LINE
  5
17F
330
17D
100
AcDbEntity
  8
尺寸线层
 62
     0
100
AcDbLine
 10
2.679
 20
0.0
 30
0.0
 11
0.0
 21
0.0
 31
0.0
  0
MTEXT
  5
180
330
17D
100
AcDbEntity
  8
尺寸线层
 62
     0
100
AcDbMText
 10
-100.891
 20
21.027
 30
0.0
 40
14.0
 41
206.3240223463687
 46
36.91620111731844
 71
     1
 72
     1
  1
{\T1.1;耳环厚度60}
 73
     1
 44
1.0
1001
CAXA_DRAFT_TXTSCALE
1041
1.0
  0
LINE
  5
181
330
17D
100
AcDbEntity
  8
尺寸线层
 62
     0
100
AcDbLine
 10
0.0
 20
0.0
 30
0.0
 11
-103.072
 21
0.0
 31
0.0
  0
LINE
  5
182
330
17D
100
AcDbEntity
  8
尺寸线层
 62
     0
100
AcDbLine
 10
0.0
 20
0.0
 30
0.0
 11
0.0
 21
0.0
 31
0.0
  0
ENDBLK
  5
184
330
17D
100
AcDbEntity
  8
0
100
AcDbBlockEnd
  0
BLOCK
  5
18C
330
186
100
AcDbEntity
  8
0
100
AcDbBlockBegin
  2
*X11
 70
     1
 10
0.0
 20
0.0
 30
0.0
  3
*X11
  1

  0
LINE
  5
187
330
186
100
AcDbEntity
  8
尺寸线层
  6
Continuous
 62
     0
100
AcDbLine
 10
23.4
 20
96.935
 30
0.0
 11
11.589
 21
0.0
 31
0.0
  0
LINE
  5
188
330
186
100
AcDbEntity
  8
尺寸线层
 62
     0
100
AcDbLine
 10
11.589
 20
0.0
 30
0.0
 11
0.0
 21
0.0
 31
0.0
  0
MTEXT
  5
189
330
186
100
AcDbEntity
  8
尺寸线层
 62
     0
100
AcDbMText
 10
-107.787
 20
20.586
 30
0.0
 40
14.0
 41
233.9798882681564
 46
37.07262569832402
 71
     1
 72
     1
  1
{\T1.1;内置销轴%%C50}
 73
     1
 44
1.0
1001
CAXA_DRAFT_TXTSCALE
1041
1.0
  0
LINE
  5
18A
330
186
100
AcDbEntity
  8
尺寸线层
 62
     0
100
AcDbLine
 10
0.0
 20
0.0
 30
0.0
 11
-109.383
 21
0.0
 31
0.0
  0
LINE
  5
18B
330
186
100
AcDbEntity
  8
尺寸线层
 62
     0
100
AcDbLine
 10
0.0
 20
0.0
 30
0.0
 11
0.0
 21
0.0
 31
0.0
  0
ENDBLK
  5
18D
330
186
100
AcDbEntity
  8
0
100
AcDbBlockEnd
  0
BLOCK
  5
195
330
18F
100
AcDbEntity
  8
0
100
AcDbBlockBegin
  2
*X12
 70
     1
 10
0.0
 20
0.0
 30
0.0
  3
*X12
  1

  0
LINE
  5
190
330
18F
100
AcDbEntity
  8
尺寸线层
  6
Continuous
 62
     0
100
AcDbLine
 10
-22.182
 20
-66.953
 30
0.0
 11
-8.191
 21
0.0
 31
0.0
  0
LINE
  5
191
330
18F
100
AcDbEntity
  8
尺寸线层
 62
     0
100
AcDbLine
 10
-8.191
 20
0.0
 30
0.0
 11
0.0
 21
0.0
 31
0.0
  0
MTEXT
  5
192
330
18F
100
AcDbEntity
  8
尺寸线层
 62
     0
100
AcDbMText
 10
-7.614
 20
20.834
 30
0.0
 40
14.0
 41
206.3240223463687
 46
36.91620111731844
 71
     1
 72
     1
  1
{\T1.1;耳环厚度60}
 73
     1
 44
1.0
1001
CAXA_DRAFT_TXTSCALE
1041
1.0
  0
LINE
  5
193
330
18F
100
AcDbEntity
  8
尺寸线层
 62
     0
100
AcDbLine
 10
0.0
 20
0.0
 30
0.0
 11
96.62
 21
0.0
 31
0.0
  0
LINE
  5
194
330
18F
100
AcDbEntity
  8
尺寸线层
 62
     0
100
AcDbLine
 10
0.0
 20
0.0
 30
0.0
 11
0.0
 21
0.0
 31
0.0
  0
ENDBLK
  5
196
330
18F
100
AcDbEntity
  8
0
100
AcDbBlockEnd
  0
BLOCK
  5
19E
330
198
100
AcDbEntity
  8
0
100
AcDbBlockBegin
  2
*X13
 70
     1
 10
0.0
 20
0.0
 30
0.0
  3
*X13
  1

  0
LINE
  5
199
330
198
100
AcDbEntity
  8
尺寸线层
  6
Continuous
 62
     0
100
AcDbLine
 10
-31.406
 20
82.942
 30
0.0
 11
-6.927
 21
0.0
 31
0.0
  0
LINE
  5
19A
330
198
100
AcDbEntity
  8
尺寸线层
 62
     0
100
AcDbLine
 10
-6.927
 20
0.0
 30
0.0
 11
0.0
 21
0.0
 31
0.0
  0
MTEXT
  5
19B
330
198
100
AcDbEntity
  8
尺寸线层
 62
     0
100
AcDbMText
 10
-3.629
 20
22.175
 30
0.0
 40
14.0
 41
233.9798882681564
 46
37.07262569832402
 71
     1
 72
     1
  1
{\T1.1;内置销轴%%C50}
 73
     1
 44
1.0
1001
CAXA_DRAFT_TXTSCALE
1041
1.0
  0
LINE
  5
19C
330
198
100
AcDbEntity
  8
尺寸线层
 62
     0
100
AcDbLine
 10
0.0
 20
0.0
 30
0.0
 11
110.942
 21
0.0
 31
0.0
  0
LINE
  5
19D
330
198
100
AcDbEntity
  8
尺寸线层
 62
     0
100
AcDbLine
 10
0.0
 20
0.0
 30
0.0
 11
0.0
 21
0.0
 31
0.0
  0
ENDBLK
  5
19F
330
198
100
AcDbEntity
  8
0
100
AcDbBlockEnd
  0
BLOCK
  5
1DA
330
1A1
100
AcDbEntity
  8
0
100
AcDbBlockBegin
  2
表格
 70
     0
 10
0.0
 20
0.0
 30
0.0
  3
表格
  1

  0
MTEXT
  5
1A2
330
1A1
100
AcDbEntity
  8
粗实线层
 62
     7
100
AcDbMText
 10
-476.0
 20
165.0
 30
0.0
 40
20.0
 41
460.6391061452513
 46
52.73743016759778
 71
     1
 72
     1
  1
{\W0.6;\T1.1;羿射旭减隔震张家口有限公司}
 73
     1
 44
1.0
1001
CAXA_DRAFT_TXTSCALE
1041
1.0
  0
LINE
  5
1A3
330
1A1
100
AcDbEntity
  8
粗实线层
100
AcDbLine
 10
-720.0
 20
200.0
 30
0.0
 11
0.0
 21
200.0
 31
0.0
  0
LINE
  5
1A4
330
1A1
100
AcDbEntity
  8
粗实线层
100
AcDbLine
 10
0.0
 20
200.0
 30
0.0
 11
0.0
 21
0.0
 31
0.0
  0
LINE
  5
1A5
330
1A1
100
AcDbEntity
  8
粗实线层
100
AcDbLine
 10
0.0
 20
0.0
 30
0.0
 11
-720.0
 21
0.0
 31
0.0
  0
LINE
  5
1A6
330
1A1
100
AcDbEntity
  8
粗实线层
100
AcDbLine
 10
-720.0
 20
0.0
 30
0.0
 11
-720.0
 21
200.0
 31
0.0
  0
LINE
  5
1A7
330
1A1
100
AcDbEntity
  8
粗实线层
100
AcDbLine
 10
-480.0
 20
0.0
 30
0.0
 11
-480.0
 21
200.0
 31
0.0
  0
LINE
  5
1A8
330
1A1
100
AcDbEntity
  8
粗实线层
100
AcDbLine
 10
-240.0
 20
0.0
 30
0.0
 11
-240.0
 21
200.0
 31
0.0
  0
LINE
  5
1A9
330
1A1
100
AcDbEntity
  8
粗实线层
100
AcDbLine
 10
-240.0
 20
60.0
 30
0.0
 11
-720.0
 21
60.0
 31
0.0
  0
LINE
  5
1AA
330
1A1
100
AcDbEntity
  8
粗实线层
100
AcDbLine
 10
-240.0
 20
100.0
 30
0.0
 11
-720.0
 21
100.0
 31
0.0
  0
LINE
  5
1AB
330
1A1
100
AcDbEntity
  8
粗实线层
100
AcDbLine
 10
-480.0
 20
180.0
 30
0.0
 11
-720.0
 21
180.0
 31
0.0
  0
LINE
  5
1AC
330
1A1
100
AcDbEntity
  8
粗实线层
100
AcDbLine
 10
-480.0
 20
160.0
 30
0.0
 11
-720.0
 21
160.0
 31
0.0
  0
LINE
  5
1AD
330
1A1
100
AcDbEntity
  8
粗实线层
100
AcDbLine
 10
-480.0
 20
140.0
 30
0.0
 11
-720.0
 21
140.0
 31
0.0
  0
LINE
  5
1AE
330
1A1
100
AcDbEntity
  8
粗实线层
100
AcDbLine
 10
-480.0
 20
120.0
 30
0.0
 11
-720.0
 21
120.0
 31
0.0
  0
LINE
  5
1AF
330
1A1
100
AcDbEntity
  8
粗实线层
100
AcDbLine
 10
-480.0
 20
80.0
 30
0.0
 11
-720.0
 21
80.0
 31
0.0
  0
LINE
  5
1B0
330
1A1
100
AcDbEntity
  8
粗实线层
100
AcDbLine
 10
-480.0
 20
40.0
 30
0.0
 11
-720.0
 21
40.0
 31
0.0
  0
LINE
  5
1B1
330
1A1
100
AcDbEntity
  8
粗实线层
100
AcDbLine
 10
-420.0
 20
20.0
 30
0.0
 11
-420.0
 21
100.0
 31
0.0
  0
LINE
  5
1B2
330
1A1
100
AcDbEntity
  8
粗实线层
100
AcDbLine
 10
-360.0
 20
0.0
 30
0.0
 11
-360.0
 21
100.0
 31
0.0
  0
LINE
  5
1B3
330
1A1
100
AcDbEntity
  8
粗实线层
100
AcDbLine
 10
-300.0
 20
20.0
 30
0.0
 11
-300.0
 21
100.0
 31
0.0
  0
LINE
  5
1B4
330
1A1
100
AcDbEntity
  8
粗实线层
100
AcDbLine
 10
0.0
 20
150.0
 30
0.0
 11
-240.0
 21
150.0
 31
0.0
  0
LINE
  5
1B5
330
1A1
100
AcDbEntity
  8
粗实线层
100
AcDbLine
 10
0.0
 20
100.0
 30
0.0
 11
-240.0
 21
100.0
 31
0.0
  0
LINE
  5
1B6
330
1A1
100
AcDbEntity
  8
粗实线层
100
AcDbLine
 10
0.0
 20
50.0
 30
0.0
 11
-240.0
 21
50.0
 31
0.0
  0
LINE
  5
1B7
330
1A1
100
AcDbEntity
  8
粗实线层
100
AcDbLine
 10
-684.0
 20
100.0
 30
0.0
 11
-684.0
 21
200.0
 31
0.0
  0
LINE
  5
1B8
330
1A1
100
AcDbEntity
  8
粗实线层
100
AcDbLine
 10
-576.0
 20
100.0
 30
0.0
 11
-576.0
 21
200.0
 31
0.0
  0
LINE
  5
1B9
330
1A1
100
AcDbEntity
  8
粗实线层
100
AcDbLine
 10
-600.0
 20
0.0
 30
0.0
 11
-600.0
 21
100.0
 31
0.0
  0
LINE
  5
1BA
330
1A1
100
AcDbEntity
  8
粗实线层
100
AcDbLine
 10
-660.0
 20
0.0
 30
0.0
 11
-660.0
 21
100.0
 31
0.0
  0
LINE
  5
1BB
330
1A1
100
AcDbEntity
  8
粗实线层
100
AcDbLine
 10
-648.0
 20
100.0
 30
0.0
 11
-648.0
 21
200.0
 31
0.0
  0
LINE
  5
1BC
330
1A1
100
AcDbEntity
  8
粗实线层
100
AcDbLine
 10
-520.0
 20
100.0
 30
0.0
 11
-520.0
 21
200.0
 31
0.0
  0
LINE
  5
1BD
330
1A1
100
AcDbEntity
  8
粗实线层
100
AcDbLine
 10
-540.0
 20
0.0
 30
0.0
 11
-540.0
 21
100.0
 31
0.0
  0
LINE
  5
1BE
330
1A1
100
AcDbEntity
  8
粗实线层
100
AcDbLine
 10
-160.0
 20
0.0
 30
0.0
 11
-160.0
 21
200.0
 31
0.0
  0
LINE
  5
1BF
330
1A1
100
AcDbEntity
  8
粗实线层
100
AcDbLine
 10
-720.0
 20
20.0
 30
0.0
 11
-240.0
 21
20.0
 31
0.0
  0
MTEXT
  5
1C0
330
1A1
100
AcDbEntity
  8
粗实线层
 62
     0
100
AcDbMText
 10
-714.0
 20
118.0
 30
0.0
 40
12.0
 41
47.09631284916213
 46
31.64245810055866
 71
     1
 72
     1
  1
{\W0.7;\T1.1;标记}
 73
     1
 44
1.0
1001
CAXA_DRAFT_TXTSCALE
1041
1.0
  0
MTEXT
  5
1C1
330
1A1
100
AcDbEntity
  8
粗实线层
 62
     0
100
AcDbMText
 10
-678.0
 20
118.0
 30
0.0
 40
12.0
 41
46.81474860335197
 46
31.64245810055866
 71
     1
 72
     1
  1
{\W0.7;\T1.1;处数}
 73
     1
 44
1.0
1001
CAXA_DRAFT_TXTSCALE
1041
1.0
  0
MTEXT
  5
1C2
330
1A1
100
AcDbEntity
  8
粗实线层
 62
     0
100
AcDbMText
 10
-642.0
 20
118.0
 30
0.0
 40
12.0
 41
120.6221229050279
 46
31.64245810055866
 71
     1
 72
     1
  1
{\W0.7;\T1.1;更改文件名}
 73
     1
 44
1.0
1001
CAXA_DRAFT_TXTSCALE
1041
1.0
  0
MTEXT
  5
1C3
330
1A1
100
AcDbEntity
  8
粗实线层
 62
     0
100
AcDbMText
 10
-557.0
 20
118.0
 30
0.0
 40
12.0
 41
45.21921787709493
 46
30.83798882681563
 71
     1
 72
     1
  1
{\W0.7;\T1.1;签名}
 73
     1
 44
1.0
1001
CAXA_DRAFT_TXTSCALE
1041
1.0
  0
MTEXT
  5
1C4
330
1A1
100
AcDbEntity
  8
粗实线层
 62
     0
100
AcDbMText
 10
-508.0
 20
118.0
 30
0.0
 40
12.0
 41
42.59128491620106
 46
31.10614525139664
 71
     1
 72
     1
  1
{\W0.7;\T1.1;日期}
 73
     1
 44
1.0
1001
CAXA_DRAFT_TXTSCALE
1041
1.0
  0
MTEXT
  5
1C5
330
1A1
100
AcDbEntity
  8
粗实线层
 62
     0
100
AcDbMText
 10
-700.0
 20
97.0
 30
0.0
 40
12.0
 41
46.90860335195521
 46
30.56983240223462
 71
     1
 72
     1
  1
{\W0.7;\T1.1;设计}
 73
     1
 44
1.0
1001
CAXA_DRAFT_TXTSCALE
1041
1.0
  0
MTEXT
  5
1C6
330
1A1
100
AcDbEntity
  8
粗实线层
 62
     0
100
AcDbMText
 10
-700.0
 20
77.0
 30
0.0
 40
12.0
 41
46.15776536312842
 46
31.37430167597765
 71
     1
 72
     1
  1
{\W0.7;\T1.1;制图}
 73
     1
 44
1.0
1001
CAXA_DRAFT_TXTSCALE
1041
1.0
  0
MTEXT
  5
1C7
330
1A1
100
AcDbEntity
  8
粗实线层
 62
     0
100
AcDbMText
 10
-700.0
 20
58.0
 30
0.0
 40
12.0
 41
45.68849162011179
 46
31.64245810055866
 71
     1
 72
     1
  1
{\W0.7;\T1.1;审核}
 73
     1
 44
1.0
1001
CAXA_DRAFT_TXTSCALE
1041
1.0
  0
MTEXT
  5
1C8
330
1A1
100
AcDbEntity
  8
粗实线层
 62
     0
100
AcDbMText
 10
-464.0
 20
90.0
 30
0.0
 40
14.0
 41
55.383687150838
 46
37.07262569832403
 71
     1
 72
     1
  1
{\W0.7;\T1.1;材料}
 73
     1
 44
1.0
1001
CAXA_DRAFT_TXTSCALE
1041
1.0
  0
MTEXT
  5
1C9
330
1A1
100
AcDbEntity
  8
粗实线层
 62
     0
100
AcDbMText
 10
-405.0
 20
89.0
 30
0.0
 40
14.0
 41
55.05519553072622
 46
36.91620111731845
 71
     1
 72
     1
  1
{\W0.7;\T1.1;数量}
 73
     1
 44
1.0
1001
CAXA_DRAFT_TXTSCALE
1041
1.0
  0
MTEXT
  5
1CA
330
1A1
100
AcDbEntity
  8
粗实线层
 62
     0
100
AcDbMText
 10
-345.0
 20
89.0
 30
0.0
 40
14.0
 41
55.16469273743019
 46
35.19553072625698
 71
     1
 72
     1
  1
{\W0.7;\T1.1;重量}
 73
     1
 44
1.0
1001
CAXA_DRAFT_TXTSCALE
1041
1.0
  0
MTEXT
  5
1CB
330
1A1
100
AcDbEntity
  8
粗实线层
 62
     0
100
AcDbMText
 10
-285.0
 20
89.0
 30
0.0
 40
14.0
 41
51.00379888268162
 46
36.2905027932961
 71
     1
 72
     1
  1
{\W0.7;\T1.1;比例}
 73
     1
 44
1.0
1001
CAXA_DRAFT_TXTSCALE
1041
1.0
  0
MTEXT
  5
1CC
330
1A1
100
AcDbEntity
  8
粗实线层
 62
     0
100
AcDbMText
 10
-232.0
 20
185.0
 30
0.0
 40
16.0
 41
129.5696089385475
 46
42.01117318435752
 71
     1
 72
     1
  1
{\W0.7;\T1.1;项目名称}
 73
     1
 44
1.0
1001
CAXA_DRAFT_TXTSCALE
1041
1.0
  0
MTEXT
  5
1CD
330
1A1
100
AcDbEntity
  8
粗实线层
 62
     0
100
AcDbMText
 10
-232.0
 20
135.0
 30
0.0
 40
16.0
 41
129.9450279329609
 46
42.18994413407822
 71
     1
 72
     1
  1
{\W0.7;\T1.1;零件名称}
 73
     1
 44
1.0
1001
CAXA_DRAFT_TXTSCALE
1041
1.0
  0
MTEXT
  5
1CE
330
1A1
100
AcDbEntity
  8
粗实线层
 62
     0
100
AcDbMText
 10
-232.0
 20
85.0
 30
0.0
 40
16.0
 41
129.694748603352
 46
42.18994413407822
 71
     1
 72
     1
  1
{\W0.7;\T1.1;产品型号}
 73
     1
 44
1.0
1001
CAXA_DRAFT_TXTSCALE
1041
1.0
  0
MTEXT
  5
1CF
330
1A1
100
AcDbEntity
  8
粗实线层
 62
     0
100
AcDbMText
 10
-230.0
 20
35.0
 30
0.0
 40
16.0
 41
126.5662569832402
 46
42.18994413407821
 71
     1
 72
     1
  1
{\W0.7;\T1.1;图纸编号}
 73
     1
 44
1.0
1001
CAXA_DRAFT_TXTSCALE
1041
1.0
  0
MTEXT
  5
1D0
330
1A1
100
AcDbEntity
  8
粗实线层
 62
     0
100
AcDbMText
 10
-580.0
 20
96.31
 30
0.0
 40
12.0
 41
42.59128491620118
 46
31.10614525139664
 71
     1
 72
     1
  1
{\W0.7;\T1.1;日期}
 73
     1
 44
1.0
1001
CAXA_DRAFT_TXTSCALE
1041
1.0
  0
MTEXT
  5
1D1
330
1A1
100
AcDbEntity
  8
粗实线层
 62
     0
100
AcDbMText
 10
-580.0
 20
76.896
 30
0.0
 40
12.0
 41
42.59128491620118
 46
31.10614525139664
 71
     1
 72
     1
  1
{\W0.7;\T1.1;日期}
 73
     1
 44
1.0
1001
CAXA_DRAFT_TXTSCALE
1041
1.0
  0
MTEXT
  5
1D2
330
1A1
100
AcDbEntity
  8
粗实线层
 62
     0
100
AcDbMText
 10
-580.0
 20
56.696
 30
0.0
 40
12.0
 41
42.59128491620118
 46
31.10614525139664
 71
     1
 72
     1
  1
{\W0.7;\T1.1;日期}
 73
     1
 44
1.0
1001
CAXA_DRAFT_TXTSCALE
1041
1.0
  0
MTEXT
  5
1D3
330
1A1
100
AcDbEntity
  8
粗实线层
 62
     0
100
AcDbMText
 10
-580.0
 20
16.926
 30
0.0
 40
12.0
 41
42.59128491620118
 46
31.10614525139665
 71
     1
 72
     1
  1
{\W0.7;\T1.1;日期}
 73
     1
 44
1.0
1001
CAXA_DRAFT_TXTSCALE
1041
1.0
  0
MTEXT
  5
1D4
330
1A1
100
AcDbEntity
  8
粗实线层
 62
     0
100
AcDbMText
 10
-450.0
 20
13.806
 30
0.0
 40
8.0
 41
110.1229050279329
 46
21.00558659217877
 71
     1
 72
     1
  1
{\W0.7;\T1.1;第         页}
 73
     1
 44
1.0
1001
CAXA_DRAFT_TXTSCALE
1041
1.0
  0
MTEXT
  5
1D5
330
1A1
100
AcDbEntity
  8
粗实线层
 62
     0
100
AcDbMText
 10
-325.0
 20
14.229
 30
0.0
 40
8.0
 41
110.1854748603351
 46
20.8268156424581
 71
     1
 72
     1
  1
{\W0.7;\T1.1;共         页}
 73
     1
 44
1.0
1001
CAXA_DRAFT_TXTSCALE
1041
1.0
  0
MTEXT
  5
1D6
330
1A1
100
AcDbEntity
  8
粗实线层
 62
     0
100
AcDbMText
 10
-160.0
 20
185.0
 30
0.0
 40
16.0
 41
111.524469273743
 46
41.65363128491617
 71
     1
 72
     1
  1
{\W0.7;\T1.1;XXX项目}
 73
     1
 44
1.0
1001
CAXA_DRAFT_TXTSCALE
1041
1.0
  0
MTEXT
  5
1D7
330
1A1
100
AcDbEntity
  8
粗实线层
 62
     0
100
AcDbMText
 10
-120.0
 20
135.0
 30
0.0
 40
16.0
 41
163.9579888268156
 46
42.01117318435755
 71
     1
 72
     1
  1
{\W0.7;\T1.1;粘滞阻尼器}
 73
     1
 44
1.0
1001
CAXA_DRAFT_TXTSCALE
1041
1.0
  0
MTEXT
  5
1D8
330
1A1
100
AcDbEntity
  8
粗实线层
 62
     0
100
AcDbMText
 10
-125.0
 20
83.0
 30
0.0
 40
16.0
 41
172.4674860335195
 46
31.64245810055866
 71
     1
 72
     1
  1
{\W0.7;\T1.1;VFD-300-30}
 73
     1
 44
1.0
1001
CAXA_DRAFT_TXTSCALE
1041
1.0
  0
MTEXT
  5
1D9
330
1A1
100
AcDbEntity
  8
粗实线层
 62
     0
100
AcDbMText
 10
-396.0
 20
50.0
 30
0.0
 40
14.0
 41
24.83396648044697
 46
27.84357541899442
 71
     1
 72
     1
  1
{\W0.7;\T1.1;16}
 73
     1
 44
1.0
1001
CAXA_DRAFT_TXTSCALE
1041
1.0
  0
ENDBLK
  5
1DB
330
1A1
100
AcDbEntity
  8
0
100
AcDbBlockEnd
  0
BLOCK
  5
1ED
330
1DD
100
AcDbEntity
  8
0
100
AcDbBlockBegin
  2
防尘罩_1
 70
     0
 10
0.0
 20
0.0
 30
0.0
  3
防尘罩_1
  1

  0
LINE
  5
1DE
330
1DD
100
AcDbEntity
  8
粗实线层
 62
     2
100
AcDbLine
 10
0.0
 20
-65.0
 30
0.0
 11
0.0
 21
65.0
 31
0.0
  0
LINE
  5
1DF
330
1DD
100
AcDbEntity
  8
粗实线层
 62
     2
100
AcDbLine
 10
0.0
 20
65.0
 30
0.0
 11
-3.0
 21
65.0
 31
0.0
  0
LINE
  5
1E0
330
1DD
100
AcDbEntity
  8
粗实线层
 62
     2
100
AcDbLine
 10
-3.0
 20
65.0
 30
0.0
 11
-3.0
 21
-65.0
 31
0.0
  0
LINE
  5
1E1
330
1DD
100
AcDbEntity
  8
粗实线层
 62
     2
100
AcDbLine
 10
-3.0
 20
-65.0
 30
0.0
 11
0.0
 21
-65.0
 31
0.0
  0
LINE
  5
1E2
330
1DD
100
AcDbEntity
  8
粗实线层
 62
     2
100
AcDbLine
 10
-125.0
 20
40.0
 30
0.0
 11
-3.0
 21
40.0
 31
0.0
  0
LINE
  5
1E3
330
1DD
100
AcDbEntity
  8
粗实线层
 62
     2
100
AcDbLine
 10
-125.0
 20
-40.0
 30
0.0
 11
-3.0
 21
-40.0
 31
0.0
  0
LINE
  5
1E4
330
1DD
100
AcDbEntity
  8
虚线层
100
AcDbLine
 10
-125.0
 20
30.0
 30
0.0
 11
-3.0
 21
30.0
 31
0.0
  0
LINE
  5
1E5
330
1DD
100
AcDbEntity
  8
虚线层
100
AcDbLine
 10
-125.0
 20
-30.0
 30
0.0
 11
-3.0
 21
-30.0
 31
0.0
  0
LINE
  5
1E6
330
1DD
100
AcDbEntity
  8
粗实线层
 62
     2
100
AcDbLine
 10
-125.0
 20
-40.0
 30
0.0
 11
-125.0
 21
40.0
 31
0.0
  0
LINE
  5
1E7
330
1DD
100
AcDbEntity
  8
粗实线层
 62
     2
100
AcDbLine
 10
-125.0
 20
28.5
 30
0.0
 11
-140.0
 21
28.5
 31
0.0
  0
LINE
  5
1E8
330
1DD
100
AcDbEntity
  8
粗实线层
 62
     2
100
AcDbLine
 10
-125.0
 20
-28.5
 30
0.0
 11
-140.0
 21
-28.5
 31
0.0
  0
LINE
  5
1E9
330
1DD
100
AcDbEntity
  8
粗实线层
 62
     2
100
AcDbLine
 10
-125.0
 20
27.5
 30
0.0
 11
-140.0
 21
27.5
 31
0.0
  0
LINE
  5
1EA
330
1DD
100
AcDbEntity
  8
粗实线层
 62
     2
100
AcDbLine
 10
-125.0
 20
-27.5
 30
0.0
 11
-140.0
 21
-27.5
 31
0.0
  0
LINE
  5
1EB
330
1DD
100
AcDbEntity
  8
中心线层
100
AcDbLine
 10
-10.833
 20
50.0
 30
0.0
 11
11.261
 21
50.0
 31
0.0
  0
LINE
  5
1EC
330
1DD
100
AcDbEntity
  8
中心线层
100
AcDbLine
 10
-10.833
 20
-50.0
 30
0.0
 11
11.261
 21
-50.0
 31
0.0
  0
ENDBLK
  5
1EE
330
1DD
100
AcDbEntity
  8
0
100
AcDbBlockEnd
  0
ENDSEC
  0
SECTION
  2
ENTITIES
  0
INSERT
  5
118
330
1F
100
AcDbEntity
  8
粗实线层
100
AcDbBlockReference
  2
$CAXA_FRAME_13B17AC1$
 10
65.0
 20
-206.0
 30
0.0
1001
CAXA_DRAFT_BLKHIDE
1070
     0
  0
LINE
  5
124
330
1F
100
AcDbEntity
  8
粗实线层
100
AcDbLine
 10
-208.0
 20
-84.0
 30
0.0
 11
-208.0
 21
84.0
 31
0.0
  0
LINE
  5
125
330
1F
100
AcDbEntity
  8
粗实线层
100
AcDbLine
 10
-215.0
 20
84.0
 30
0.0
 11
-215.0
 21
-84.0
 31
0.0
  0
LINE
  5
126
330
1F
100
AcDbEntity
  8
粗实线层
100
AcDbLine
 10
-355.0
 20
62.0
 30
0.0
 11
-355.0
 21
-62.0
 31
0.0
  0
LINE
  5
127
330
1F
100
AcDbEntity
  8
粗实线层
100
AcDbLine
 10
-475.0
 20
62.0
 30
0.0
 11
-355.0
 21
62.0
 31
0.0
  0
LINE
  5
128
330
1F
100
AcDbEntity
  8
粗实线层
100
AcDbLine
 10
-475.0
 20
-62.0
 30
0.0
 11
-355.0
 21
-62.0
 31
0.0
  0
ARC
  5
129
330
1F
100
AcDbEntity
  8
粗实线层
100
AcDbCircle
 10
-475.0
 20
0.0
 30
0.0
 40
62.0
100
AcDbArc
 50
90.0
 51
270.0
  0
CIRCLE
  5
12A
330
1F
100
AcDbEntity
  8
粗实线层
100
AcDbCircle
 10
-475.0
 20
0.0
 30
0.0
 40
37.5
  0
CIRCLE
  5
12B
330
1F
100
AcDbEntity
  8
粗实线层
100
AcDbCircle
 10
-475.0
 20
0.0
 30
0.0
 40
25.0
  0
LINE
  5
12C
330
1F
100
AcDbEntity
  8
粗实线层
100
AcDbLine
 10
250.0
 20
84.0
 30
0.0
 11
250.0
 21
-84.0
 31
0.0
  0
LINE
  5
12D
330
1F
100
AcDbEntity
  8
粗实线层
100
AcDbLine
 10
495.0
 20
81.0
 30
0.0
 11
495.0
 21
-81.0
 31
0.0
  0
LINE
  5
12E
330
1F
100
AcDbEntity
  8
粗实线层
100
AcDbLine
 10
505.0
 20
81.0
 30
0.0
 11
505.0
 21
-81.0
 31
0.0
  0
LINE
  5
12F
330
1F
100
AcDbEntity
  8
粗实线层
100
AcDbLine
 10
605.0
 20
62.0
 30
0.0
 11
505.0
 21
62.0
 31
0.0
  0
LINE
  5
130
330
1F
100
AcDbEntity
  8
粗实线层
100
AcDbLine
 10
605.0
 20
-62.0
 30
0.0
 11
505.0
 21
-62.0
 31
0.0
  0
ARC
  5
131
330
1F
100
AcDbEntity
  8
粗实线层
100
AcDbCircle
 10
605.0
 20
0.0
 30
0.0
 40
62.0
100
AcDbArc
 50
270.0
 51
90.0
  0
CIRCLE
  5
132
330
1F
100
AcDbEntity
  8
粗实线层
100
AcDbCircle
 10
605.0
 20
0.0
 30
0.0
 40
37.5
  0
CIRCLE
  5
133
330
1F
100
AcDbEntity
  8
粗实线层
100
AcDbCircle
 10
605.0
 20
0.0
 30
0.0
 40
25.0
  0
LINE
  5
134
330
1F
100
AcDbEntity
  8
粗实线层
100
AcDbLine
 10
-215.0
 20
84.0
 30
0.0
 11
250.0
 21
84.0
 31
0.0
  0
LINE
  5
135
330
1F
100
AcDbEntity
  8
粗实线层
100
AcDbLine
 10
-215.0
 20
-84.0
 30
0.0
 11
250.0
 21
-84.0
 31
0.0
  0
LINE
  5
136
330
1F
100
AcDbEntity
  8
粗实线层
100
AcDbLine
 10
250.0
 20
81.0
 30
0.0
 11
505.0
 21
81.0
 31
0.0
  0
LINE
  5
137
330
1F
100
AcDbEntity
  8
粗实线层
100
AcDbLine
 10
250.0
 20
-81.0
 30
0.0
 11
505.0
 21
-81.0
 31
0.0
  0
LINE
  5
138
330
1F
100
AcDbEntity
  8
粗实线层
100
AcDbLine
 10
-355.0
 20
25.0
 30
0.0
 11
-215.0
 21
25.0
 31
0.0
  0
LINE
  5
139
330
1F
100
AcDbEntity
  8
粗实线层
100
AcDbLine
 10
-355.0
 20
-25.0
 30
0.0
 11
-215.0
 21
-25.0
 31
0.0
  0
LINE
  5
13A
330
1F
100
AcDbEntity
  8
中心线层
100
AcDbLine
 10
-537.0
 20
0.0
 30
0.0
 11
667.0
 21
0.0
 31
0.0
  0
LINE
  5
13B
330
1F
100
AcDbEntity
  8
中心线层
100
AcDbLine
 10
-475.0
 20
-75.0
 30
0.0
 11
-475.0
 21
75.0
 31
0.0
  0
LINE
  5
13C
330
1F
100
AcDbEntity
  8
中心线层
100
AcDbLine
 10
605.0
 20
-75.0
 30
0.0
 11
605.0
 21
75.0
 31
0.0
  0
DIMENSION
  5
14A
330
1F
100
AcDbEntity
  8
尺寸线层
100
AcDbDimension
280
     0
  2
*X3
 10
-475.0
 20
0.0
 30
0.0
 11
-565.306309890319
 21
56.24269943872571
 31
0.0
 70
   164
  1
62
 71
     5
 42
-1.0
 73
     0
 74
     1
 75
     1
  3
CUSTOM_DIMSTYLE
100
AcDbRadialDimension
 15
-524.0651218826063
 25
37.90268875218472
 35
0.0
 40
0.0
1001
CAXA_DRAFT_ISNEB09R3
1070
     1
1001
CxDragRadDimLnStyle
1070
     0
1001
CAXA_DRAFT_DIMARROWREVERSE
1070
     1
1001
ACAD
1000
DSTYLE
1002
{
1070
     3
1000
R<>
1070
   173
1070
     1
1070
    74
1070
     1
1002
}
1001
CAXA_DRAFT_DIMARCLENSTYLE
1070
     1
1001
CAXA_DRAFT_DDTSTY_2011R3
1070
     0
1001
ACAD_DSTYLE_DIMINSPECT
1070
   396
1000

1070
   395
1000

1070
   394
1070
     0
1070
   393
1070
     0
1001
CX_DBDIM_TXTFRAME
1070
     0
1070
     0
1001
CDRAFT_DIM_STD_REV_NAME
1000
GB
1000
*DIMSTD
1000

  0
DIMENSION
  5
153
330
1F
100
AcDbEntity
  8
尺寸线层
100
AcDbDimension
280
     0
  2
*X5
 10
605.0
 20
0.0
 30
0.0
 11
700.5467911054328
 21
48.7103520634468
 31
0.0
 70
   164
  1
62
 71
     5
 42
-1.0
 73
     0
 74
     1
 75
     1
  3
CUSTOM_DIMSTYLE
100
AcDbRadialDimension
 15
657.5967505275743
 25
32.82654160797502
 35
0.0
 40
0.0
1001
CAXA_DRAFT_ISNEB09R3
1070
     1
1001
CxDragRadDimLnStyle
1070
     0
1001
CAXA_DRAFT_DIMARROWREVERSE
1070
     1
1001
ACAD
1000
DSTYLE
1002
{
1070
     3
1000
R<>
1070
   173
1070
     1
1070
    74
1070
     1
1002
}
1001
CAXA_DRAFT_DIMARCLENSTYLE
1070
     1
1001
CAXA_DRAFT_DDTSTY_2011R3
1070
     0
1001
ACAD_DSTYLE_DIMINSPECT
1070
   396
1000

1070
   395
1000

1070
   394
1070
     0
1070
   393
1070
     0
1001
CX_DBDIM_TXTFRAME
1070
     0
1070
     0
1001
CDRAFT_DIM_STD_REV_NAME
1000
GB
1000
*DIMSTD
1000

  0
DIMENSION
  5
15D
330
1F
100
AcDbEntity
  8
尺寸线层
100
AcDbDimension
280
     0
  2
*X6
 10
-355.0
 20
120.0
 30
0.0
 11
-415.0
 21
131.875
 31
0.0
 70
    32
  1
<>
 71
     5
 42
-1.0
 73
     0
 74
     0
 75
     0
  3
CUSTOM_DIMSTYLE
100
AcDbAlignedDimension
 13
-475.0
 23
72.0
 33
0.0
 14
-355.0
 24
62.0
 34
0.0
100
AcDbRotatedDimension
1001
CX_DbAnnotate_TxtLocPara
1041
0.0
1001
CX_DbAnnotate_SimDimOriTxt
1070
     0
1001
CAXA_DRAFT_DIMARROWREVERSE
1070
     0
1001
ACAD
1000
DSTYLE
1002
{
1070
   173
1070
     1
1002
}
1001
CAXA_DRAFT_DIMARCLENSTYLE
1070
     1
1001
CAXA_DRAFT_DDTSTY_2011R3
1070
     0
1001
ACAD_DSTYLE_DIMINSPECT
1070
   396
1000

1070
   395
1000

1070
   394
1070
     0
1070
   393
1070
     0
1001
CX_DBDIM_TXTFRAME
1070
     0
1070
     0
1001
CDRAFT_DIM_STD_REV_NAME
1000
GB
1000
*DIMSTD
1000

  0
DIMENSION
  5
167
330
1F
100
AcDbEntity
  8
尺寸线层
100
AcDbDimension
280
     0
  2
*X7
 10
605.0
 20
115.0
 30
0.0
 11
555.0
 21
126.875
 31
0.0
 70
    32
  1
<>
 71
     5
 42
-1.0
 73
     0
 74
     0
 75
     0
  3
CUSTOM_DIMSTYLE
100
AcDbAlignedDimension
 13
505.0
 23
0.0
 33
0.0
 14
605.0
 24
0.0
 34
0.0
100
AcDbRotatedDimension
1001
CX_DbAnnotate_TxtLocPara
1041
0.0
1001
CX_DbAnnotate_SimDimOriTxt
1070
     0
1001
CAXA_DRAFT_DIMARROWREVERSE
1070
     0
1001
ACAD
1000
DSTYLE
1002
{
1070
   173
1070
     1
1002
}
1001
CAXA_DRAFT_DIMARCLENSTYLE
1070
     1
1001
CAXA_DRAFT_DDTSTY_2011R3
1070
     0
1001
ACAD_DSTYLE_DIMINSPECT
1070
   396
1000

1070
   395
1000

1070
   394
1070
     0
1070
   393
1070
     0
1001
CX_DBDIM_TXTFRAME
1070
     0
1070
     0
1001
CDRAFT_DIM_STD_REV_NAME
1000
GB
1000
*DIMSTD
1000

  0
DIMENSION
  5
171
330
1F
100
AcDbEntity
  8
尺寸线层
100
AcDbDimension
280
     0
  2
*X8
 10
-215.0
 20
120.0
 30
0.0
 11
-285.0
 21
131.875
 31
0.0
 70
    32
  1
<>
 71
     5
 42
-1.0
 73
     0
 74
     0
 75
     0
  3
CUSTOM_DIMSTYLE
100
AcDbAlignedDimension
 13
-355.0
 23
62.0
 33
0.0
 14
-215.0
 24
84.0
 34
0.0
100
AcDbRotatedDimension
1001
CX_DbAnnotate_TxtLocPara
1041
0.0
1001
CX_DbAnnotate_SimDimOriTxt
1070
     0
1001
CAXA_DRAFT_DIMARROWREVERSE
1070
     0
1001
ACAD
1000
DSTYLE
1002
{
1070
   173
1070
     1
1002
}
1001
CAXA_DRAFT_DIMARCLENSTYLE
1070
     1
1001
CAXA_DRAFT_DDTSTY_2011R3
1070
     0
1001
ACAD_DSTYLE_DIMINSPECT
1070
   396
1000

1070
   395
1000

1070
   394
1070
     0
1070
   393
1070
     0
1001
CX_DBDIM_TXTFRAME
1070
     0
1070
     0
1001
CDRAFT_DIM_STD_REV_NAME
1000
GB
1000
*DIMSTD
1000

  0
DIMENSION
  5
17B
330
1F
100
AcDbEntity
  8
尺寸线层
100
AcDbDimension
280
     0
  2
*X9
 10
605.0
 20
-175.807
 30
0.0
 11
65.0
 21
-163.932
 31
0.0
 70
    32
  1
<>
 71
     5
 42
-1.0
 73
     0
 74
     0
 75
     0
  3
CUSTOM_DIMSTYLE
100
AcDbAlignedDimension
 13
-475.0
 23
-75.0
 33
0.0
 14
605.0
 24
-83.0
 34
0.0
100
AcDbRotatedDimension
1001
CX_DbAnnotate_TxtLocPara
1041
0.0
1001
CX_DbAnnotate_SimDimOriTxt
1070
     0
1001
CAXA_DRAFT_DIMARROWREVERSE
1070
     0
1001
ACAD
1000
DSTYLE
1002
{
1070
   173
1070
     1
1002
}
1001
CAXA_DRAFT_DIMARCLENSTYLE
1070
     1
1001
CAXA_DRAFT_DDTSTY_2011R3
1070
     0
1001
ACAD_DSTYLE_DIMINSPECT
1070
   396
1000

1070
   395
1000

1070
   394
1070
     0
1070
   393
1070
     0
1001
CX_DBDIM_TXTFRAME
1070
     0
1070
     0
1001
CDRAFT_DIM_STD_REV_NAME
1000
GB
1000
*DIMSTD
1000

  0
INSERT
  5
17C
330
1F
100
AcDbEntity
  8
尺寸线层
100
AcDbBlockReference
  2
*X10
 10
-545.0
 20
110.0
 30
0.0
1001
CAXA_DRAFT_BLKHIDE
1070
     0
  0
INSERT
  5
185
330
1F
100
AcDbEntity
  8
尺寸线层
100
AcDbBlockReference
  2
*X11
 10
-512.524
 20
-114.743
 30
0.0
1001
CAXA_DRAFT_BLKHIDE
1070
     0
  0
INSERT
  5
18E
330
1F
100
AcDbEntity
  8
尺寸线层
100
AcDbBlockReference
  2
*X12
 10
651.425
 20
114.996
 30
0.0
1001
CAXA_DRAFT_BLKHIDE
1070
     0
  0
INSERT
  5
197
330
1F
100
AcDbEntity
  8
尺寸线层
100
AcDbBlockReference
  2
*X13
 10
651.425
 20
-101.683
 30
0.0
1001
CAXA_DRAFT_BLKHIDE
1070
     0
  0
INSERT
  5
1A0
330
1F
100
AcDbEntity
  8
0
100
AcDbBlockReference
  2
表格
 10
865.0
 20
-760.0
 30
0.0
1001
CAXA_DRAFT_BLKHIDE
1070
     0
  0
INSERT
  5
1DC
330
1F
100
AcDbEntity
  8
0
100
AcDbBlockReference
  2
防尘罩_1
 10
-215.0
 20
0.0
 30
0.0
1001
CAXA_DRAFT_BLKHIDE
1070
     0
  0
VIEWPORT
  5
1F1
330
1B
100
AcDbEntity
 67
     1
  8
0
100
AcDbViewport
 10
0.0
 20
0.0
 30
0.0
 40
300.0
 41
220.0
 68
     1
 69
     1
 12
0.0
 22
0.0
 13
0.0
 23
0.0
 14
10.0
 24
10.0
 15
10.0
 25
10.0
 16
0.0
 26
0.0
 36
1.0
 17
0.0
 27
0.0
 37
0.0
 42
50.0
 43
0.0
 44
0.0
 45
1.0
 50
0.0
 51
0.0
 72
   100
 90
   557152
  1

281
     0
 71
     1
 74
     0
110
0.0
120
0.0
130
0.0
111
1.0
121
0.0
131
0.0
112
0.0
122
1.0
132
0.0
 79
     0
146
0.0
170
     0
 61
     5
348
2F
292
     1
282
     1
141
0.0
142
0.0
 63
   256
  0
ENDSEC
  0
SECTION
  2
OBJECTS
  0
DICTIONARY
  5
C
330
0
100
AcDbDictionary
281
     1
  3
ACAD_DETAILVIEWSTYLE
350
208
  3
ACAD_GROUP
350
D
  3
ACAD_LAYOUT
350
1A
  3
ACAD_MATERIAL
350
43
  3
ACAD_MLEADERSTYLE
350
5B
  3
ACAD_MLINESTYLE
350
17
  3
ACAD_PLOTSETTINGS
350
19
  3
ACAD_PLOTSTYLENAME
350
E
  3
ACAD_SCALELIST
350
47
  3
ACAD_SECTIONVIEWSTYLE
350
209
  3
ACAD_TABLESTYLE
350
59
  3
ACAD_VISUALSTYLE
350
2A
  3
ACAD_WIPEOUT_VARS
350
1F2
  3
ACDB_RECOMPOSE_DATA
350
205
  3
AcDbVariableDictionary
350
1FF
  3
CAXA_DRAFT_BOMSTYLE
350
110
  3
CAXA_DRAFT_CUTSSTYLE
350
104
  3
CAXA_DRAFT_CUTSSTYLEOVERRIDE
350
108
  3
CAXA_DRAFT_DATATABLE*Model_Space
350
116
  3
CAXA_DRAFT_DATATABLE*Paper_Space
350
1EF
  3
CAXA_DRAFT_DATUMSTYLE
350
FE
  3
CAXA_DRAFT_DATUMSTYLEOVERRIDE
350
102
  3
CAXA_DRAFT_DIMSTYLE_ANGTXTVPOS
350
1F3
  3
CAXA_DRAFT_DIMSTYLE_ISDISPZEROTOL
350
1F7
  3
CAXA_DRAFT_DIMSTYLE_ISFILLDFM
350
1F5
  3
CAXA_DRAFT_DIMSTYLE_SYMBOLCOLOR
350
1F9
  3
CAXA_DRAFT_DRAFTDATA
350
1FB
  3
CAXA_DRAFT_FILEVERSION
350
D0
  3
CAXA_DRAFT_GEOTOLSTYLE
350
F8
  3
CAXA_DRAFT_GEOTOLSTYLEOVERRIDE
350
FC
  3
CAXA_DRAFT_LEADERSTYLE
350
E9
  3
CAXA_DRAFT_PARTNOSTYLE
350
10A
  3
CAXA_DRAFT_PARTNOSTYLEOVERRIDE
350
10E
  3
CAXA_DRAFT_ROUGHSTYLE
350
F2
  3
CAXA_DRAFT_ROUGHSTYLEOVERRIDE
350
F6
  3
CAXA_DRAFT_STDDATA
350
1FD
  3
CAXA_DRAFT_WELDSTYLE
350
EC
  3
CAXA_DRAFT_WELDSTYLEOVERRIDE
350
F0
  0
SUN
  5
5D
330
29
100
AcDbSun
 90
        1
290
     0
 63
     7
421
 16777215
 40
1.0
291
     1
 91
  2455826
 92
 54000000
292
     0
 70
     2
 71
   256
280
     1
  0
DICTIONARY
  5
208
102
{ACAD_REACTORS
330
C
102
}
330
C
100
AcDbDictionary
281
     1
  0
DICTIONARY
  5
D
102
{ACAD_REACTORS
330
C
102
}
330
C
100
AcDbDictionary
281
     1
  0
DICTIONARY
  5
1A
102
{ACAD_REACTORS
330
C
102
}
330
C
100
AcDbDictionary
281
     1
  3
Layout1
350
1E
  3
Model
350
22
  0
DICTIONARY
  5
43
102
{ACAD_REACTORS
330
C
102
}
330
C
100
AcDbDictionary
281
     1
  3
ByBlock
350
45
  3
ByLayer
350
44
  3
Global
350
46
  0
DICTIONARY
  5
5B
102
{ACAD_REACTORS
330
C
102
}
330
C
100
AcDbDictionary
281
     1
  3
Standard
350
5C
  0
DICTIONARY
  5
17
102
{ACAD_REACTORS
330
C
102
}
330
C
100
AcDbDictionary
281
     1
  3
Standard
350
18
  3
标准
350
114
  0
DICTIONARY
  5
19
102
{ACAD_REACTORS
330
C
102
}
330
C
100
AcDbDictionary
281
     1
  0
ACDBDICTIONARYWDFLT
  5
E
102
{ACAD_REACTORS
330
C
102
}
330
C
100
AcDbDictionary
281
     1
  3
Normal
350
F
100
AcDbDictionaryWithDefault
340
F
  0
DICTIONARY
  5
47
102
{ACAD_REACTORS
330
C
102
}
330
C
100
AcDbDictionary
281
     1
  3
A0
350
48
  3
A1
350
49
  3
A2
350
4A
  3
A3
350
4B
  3
A4
350
4C
  3
A5
350
4D
  3
A6
350
4E
  3
A7
350
4F
  3
A8
350
50
  3
A9
350
51
  3
B0
350
52
  3
B1
350
53
  3
B2
350
54
  3
B3
350
55
  3
B4
350
56
  3
B5
350
57
  3
B6
350
58
  0
DICTIONARY
  5
209
102
{ACAD_REACTORS
330
C
102
}
330
C
100
AcDbDictionary
281
     1
  0
DICTIONARY
  5
59
102
{ACAD_REACTORS
330
C
102
}
330
C
100
AcDbDictionary
281
     1
  3
Standard
350
5A
  3
标准
350
115
  0
DICTIONARY
  5
2A
102
{ACAD_REACTORS
330
C
102
}
330
C
100
AcDbDictionary
281
     1
  3
2dWireframe
350
2F
  3
Basic
350
32
  3
Brighten
350
36
  3
ColorChange
350
3A
  3
Conceptual
350
34
  3
Dim
350
35
  3
EdgeColorOff
350
3D
  3
Facepattern
350
39
  3
Flat
350
2B
  3
FlatWithEdges
350
2C
  3
Gouraud
350
2D
  3
GouraudWithEdges
350
2E
  3
Hidden
350
31
  3
JitterOff
350
3B
  3
Linepattern
350
38
  3
OverhangOff
350
3C
  3
Realistic
350
33
  3
Shaded
350
42
  3
Shaded with edges
350
41
  3
Shades of Gray
350
3E
  3
Sketchy
350
3F
  3
Thicken
350
37
  3
Wireframe
350
30
  3
X-Ray
350
40
  0
WIPEOUTVARIABLES
  5
1F2
102
{ACAD_REACTORS
330
C
102
}
330
C
100
AcDbWipeoutVariables
 70
     1
  0
XRECORD
  5
205
102
{ACAD_REACTORS
330
C
102
}
330
C
100
AcDbXrecord
280
     1
 90
        1
330
115
330
5A
  0
DICTIONARY
  5
1FF
102
{ACAD_REACTORS
330
C
102
}
330
C
100
AcDbDictionary
281
     1
  3
CANNOSCALE
350
200
  3
CENTEREXE
350
20A
  3
CENTERLTYPEFILE
350
20B
  3
CMLEADERSTYLE
350
207
  3
CTABLESTYLE
350
206
  0
DICTIONARY
  5
110
102
{ACAD_REACTORS
330
C
102
}
330
C
100
AcDbDictionary
281
     1
  3
CAXA_DRAFT_CURRENTBOMSTYLE
350
111
  3
GB(4458.2-2003)
350
113
  3
标准
350
112
  0
DICTIONARY
  5
104
102
{ACAD_REACTORS
330
C
102
}
330
C
100
AcDbDictionary
281
     1
  3
CAXA_DRAFT_CURRENTCUTSSTYLE
350
105
  3
GB(17452-1998)
350
107
  3
标准
350
106
  0
DICTIONARY
  5
108
102
{ACAD_REACTORS
330
C
102
}
330
C
100
AcDbDictionary
281
     1
  3
CAXA_DRAFT_CUTSSTYLEOVERRIDE
350
109
  0
DICTIONARY
  5
116
102
{ACAD_REACTORS
330
C
102
}
330
C
100
AcDbDictionary
281
     1
  3
CAXA_DRAFT_DATATABLE*Model_Space
350
117
  0
DICTIONARY
  5
1EF
102
{ACAD_REACTORS
330
C
102
}
330
C
100
AcDbDictionary
281
     1
  3
CAXA_DRAFT_DATATABLE*Paper_Space
350
1F0
  0
DICTIONARY
  5
FE
102
{ACAD_REACTORS
330
C
102
}
330
C
100
AcDbDictionary
281
     1
  3
CAXA_DRAFT_CURRENTDATUMSTYLE
350
FF
  3
GB(1182-2008)
350
101
  3
标准
350
100
  0
DICTIONARY
  5
102
102
{ACAD_REACTORS
330
C
102
}
330
C
100
AcDbDictionary
281
     1
  3
CAXA_DRAFT_DATUMSTYLEOVERRIDE
350
103
  0
DICTIONARY
  5
1F3
102
{ACAD_REACTORS
330
C
102
}
330
C
100
AcDbDictionary
281
     1
  3
CAXA_DRAFT_DIMSTYLE_ANGTXTVPOS
350
1F4
  0
DICTIONARY
  5
1F7
102
{ACAD_REACTORS
330
C
102
}
330
C
100
AcDbDictionary
281
     1
  3
CAXA_DRAFT_DIMSTYLE_ISDISPZEROTOL
350
1F8
  0
DICTIONARY
  5
1F5
102
{ACAD_REACTORS
330
C
102
}
330
C
100
AcDbDictionary
281
     1
  3
CAXA_DRAFT_DIMSTYLE_ISFILLDFM
350
1F6
  0
DICTIONARY
  5
1F9
102
{ACAD_REACTORS
330
C
102
}
330
C
100
AcDbDictionary
281
     1
  3
CAXA_DRAFT_DIMSTYLE_SYMBOLCOLOR
350
1FA
  0
DICTIONARY
  5
1FB
102
{ACAD_REACTORS
330
C
102
}
330
C
100
AcDbDictionary
281
     1
  3
CAXA_DRAFT_DRAFTDATA
350
1FC
  0
DICTIONARY
  5
D0
102
{ACAD_REACTORS
330
C
102
}
330
C
100
AcDbDictionary
281
     1
  3
CAXA_DRAFT_FILEVERSION
350
D1
  0
DICTIONARY
  5
F8
102
{ACAD_REACTORS
330
C
102
}
330
C
100
AcDbDictionary
281
     1
  3
CAXA_DRAFT_CURRENTGEOTOLSTYLE
350
F9
  3
GB(1182-2008)
350
FB
  3
标准
350
FA
  0
DICTIONARY
  5
FC
102
{ACAD_REACTORS
330
C
102
}
330
C
100
AcDbDictionary
281
     1
  3
CAXA_DRAFT_GEOTOLSTYLEOVERRIDE
350
FD
  0
DICTIONARY
  5
E9
102
{ACAD_REACTORS
330
C
102
}
330
C
100
AcDbDictionary
281
     1
  3
CAXA_DRAFT_CURRENTLEADERSTYLE
350
EA
  3
标准
350
EB
  0
DICTIONARY
  5
10A
102
{ACAD_REACTORS
330
C
102
}
330
C
100
AcDbDictionary
281
     1
  3
CAXA_DRAFT_CURRENTPARTNOSTYLE
350
10B
  3
GB(4458.2-2003)
350
10D
  3
标准
350
10C
  0
DICTIONARY
  5
10E
102
{ACAD_REACTORS
330
C
102
}
330
C
100
AcDbDictionary
281
     1
  3
CAXA_DRAFT_PARTNOSTYLEOVERRIDE
350
10F
  0
DICTIONARY
  5
F2
102
{ACAD_REACTORS
330
C
102
}
330
C
100
AcDbDictionary
281
     1
  3
CAXA_DRAFT_CURRENTROUGHSTYLE
350
F3
  3
GB(131-93)
350
F5
  3
标准
350
F4
  0
DICTIONARY
  5
F6
102
{ACAD_REACTORS
330
C
102
}
330
C
100
AcDbDictionary
281
     1
  3
CAXA_DRAFT_ROUGHSTYLEOVERRIDE
350
F7
  0
DICTIONARY
  5
1FD
102
{ACAD_REACTORS
330
C
102
}
330
C
100
AcDbDictionary
281
     1
  3
CAXA_DRAFT_STDDATA
350
1FE
  0
DICTIONARY
  5
EC
102
{ACAD_REACTORS
330
C
102
}
330
C
100
AcDbDictionary
281
     1
  3
CAXA_DRAFT_CURRENTWELDSTYLE
350
ED
  3
GB(324-88)
350
EF
  3
标准
350
EE
  0
DICTIONARY
  5
F0
102
{ACAD_REACTORS
330
C
102
}
330
C
100
AcDbDictionary
281
     1
  3
CAXA_DRAFT_WELDSTYLEOVERRIDE
350
F1
  0
LAYOUT
  5
1E
102
{ACAD_REACTORS
330
1A
102
}
330
1A
100
AcDbPlotSettings
  1

  2
none_device
  4
ISO_A3_(297.00_x_420.00_MM)
  6

 40
7.5
 41
20.0
 42
7.5
 43
20.0
 44
297.0
 45
420.0
 46
0.0
 47
0.0
 48
0.0
 49
0.0
140
0.0
141
0.0
142
1.0
143
1.0
 70
   672
 72
     1
 73
     0
 74
     5
  7

 75
    16
 76
     0
 77
     2
 78
   300
147
1.0
148
0.0
149
0.0
100
AcDbLayout
  1
Layout1
 70
     1
 71
     1
 10
0.0
 20
0.0
 11
420.0
 21
297.0
 12
0.0
 22
0.0
 32
0.0
 14
1.000000000000000E+20
 24
1.000000000000000E+20
 34
1.000000000000000E+20
 15
-1.000000000000000E+20
 25
-1.000000000000000E+20
 35
-1.000000000000000E+20
146
0.0
 13
0.0
 23
0.0
 33
0.0
 16
1.0
 26
0.0
 36
0.0
 17
0.0
 27
1.0
 37
0.0
 76
     0
330
1B
331
1F1
  0
LAYOUT
  5
22
102
{ACAD_REACTORS
330
1A
102
}
330
1A
100
AcDbPlotSettings
  1

  2
none_device
  4
Letter_(8.50_x_11.00_Inches)
  6

 40
6.35
 41
6.35
 42
6.35000508
 43
6.35000508
 44
215.9
 45
279.4
 46
0.0
 47
0.0
 48
0.0
 49
0.0
140
0.0
141
0.0
142
1.0
143
1.0
 70
  1712
 72
     1
 73
     0
 74
     0
  7

 75
     0
 76
     0
 77
     2
 78
   300
147
1.0
148
0.0
149
0.0
100
AcDbLayout
  1
Model
 70
     1
 71
     0
 10
0.0
 20
0.0
 11
420.0
 21
297.0
 12
0.0
 22
0.0
 32
0.0
 14
-1183.495379138483
 24
-761.3572232111065
 34
0.0
 15
1741.462969028124
 25
462.5069277322892
 35
0.0
146
0.0
 13
0.0
 23
0.0
 33
0.0
 16
1.0
 26
0.0
 36
0.0
 17
0.0
 27
1.0
 37
0.0
 76
     0
330
1F
331
29
  0
MATERIAL
  5
45
102
{ACAD_REACTORS
330
43
102
}
330
43
100
AcDbMaterial
  1
ByBlock
 72
     1
 94
      127
  0
MATERIAL
  5
44
102
{ACAD_REACTORS
330
43
102
}
330
43
100
AcDbMaterial
  1
ByLayer
 72
     1
 94
      127
  0
MATERIAL
  5
46
102
{ACAD_REACTORS
330
43
102
}
330
43
100
AcDbMaterial
  1
Global
 72
     1
 94
      127
  0
MLEADERSTYLE
  5
5C
102
{ACAD_REACTORS
330
5B
102
}
330
5B
100
AcDbMLeaderStyle
179
     2
170
     2
171
     1
172
     0
 90
        2
 40
0.0
 41
0.0
173
     1
 91
-1056964608
340
14
 92
       -2
290
     1
 42
2.0
291
     1
 43
8.0
  3
Standard
341
0
 44
4.0
300

342
11
174
     1
178
     6
175
     1
176
     0
 93
-1056964608
 45
4.0
292
     0
297
     0
 46
4.0
343
0
 94
-1056964608
 47
1.0
 49
1.0
140
1.0
293
     1
141
0.0
294
     1
177
     0
142
1.0
295
     0
296
     0
143
3.75
271
     0
272
     9
273
     9
298
     0
  0
MLINESTYLE
  5
18
102
{ACAD_REACTORS
330
17
102
}
330
17
100
AcDbMlineStyle
  2
Standard
 70
     0
  3

 62
   256
 51
90.0
 52
90.0
 71
     2
 49
0.5
 62
   256
  6
BYLAYER
 49
-0.5
 62
   256
  6
BYLAYER
  0
MLINESTYLE
  5
114
102
{ACAD_REACTORS
330
17
102
}
330
17
100
AcDbMlineStyle
  2
标准
 70
     0
  3
标准
 62
   256
 51
90.0
 52
90.0
 71
     2
 49
0.5
 62
   256
  6
BYLAYER
 49
-0.5
 62
   256
  6
BYLAYER
  0
ACDBPLACEHOLDER
  5
F
102
{ACAD_REACTORS
330
E
102
}
330
E
  0
SCALE
  5
48
102
{ACAD_REACTORS
330
47
102
}
330
47
100
AcDbScale
 70
     0
300
1:1
140
1.0
141
1.0
290
     1
  0
SCALE
  5
49
102
{ACAD_REACTORS
330
47
102
}
330
47
100
AcDbScale
 70
     0
300
1:2
140
1.0
141
2.0
290
     0
  0
SCALE
  5
4A
102
{ACAD_REACTORS
330
47
102
}
330
47
100
AcDbScale
 70
     0
300
1:4
140
1.0
141
4.0
290
     0
  0
SCALE
  5
4B
102
{ACAD_REACTORS
330
47
102
}
330
47
100
AcDbScale
 70
     0
300
1:5
140
1.0
141
5.0
290
     0
  0
SCALE
  5
4C
102
{ACAD_REACTORS
330
47
102
}
330
47
100
AcDbScale
 70
     0
300
1:8
140
1.0
141
8.0
290
     0
  0
SCALE
  5
4D
102
{ACAD_REACTORS
330
47
102
}
330
47
100
AcDbScale
 70
     0
300
1:10
140
1.0
141
10.0
290
     0
  0
SCALE
  5
4E
102
{ACAD_REACTORS
330
47
102
}
330
47
100
AcDbScale
 70
     0
300
1:16
140
1.0
141
16.0
290
     0
  0
SCALE
  5
4F
102
{ACAD_REACTORS
330
47
102
}
330
47
100
AcDbScale
 70
     0
300
1:20
140
1.0
141
20.0
290
     0
  0
SCALE
  5
50
102
{ACAD_REACTORS
330
47
102
}
330
47
100
AcDbScale
 70
     0
300
1:30
140
1.0
141
30.0
290
     0
  0
SCALE
  5
51
102
{ACAD_REACTORS
330
47
102
}
330
47
100
AcDbScale
 70
     0
300
1:40
140
1.0
141
40.0
290
     0
  0
SCALE
  5
52
102
{ACAD_REACTORS
330
47
102
}
330
47
100
AcDbScale
 70
     0
300
1:50
140
1.0
141
50.0
290
     0
  0
SCALE
  5
53
102
{ACAD_REACTORS
330
47
102
}
330
47
100
AcDbScale
 70
     0
300
1:100
140
1.0
141
100.0
290
     0
  0
SCALE
  5
54
102
{ACAD_REACTORS
330
47
102
}
330
47
100
AcDbScale
 70
     0
300
2:1
140
2.0
141
1.0
290
     0
  0
SCALE
  5
55
102
{ACAD_REACTORS
330
47
102
}
330
47
100
AcDbScale
 70
     0
300
4:1
140
4.0
141
1.0
290
     0
  0
SCALE
  5
56
102
{ACAD_REACTORS
330
47
102
}
330
47
100
AcDbScale
 70
     0
300
8:1
140
8.0
141
1.0
290
     0
  0
SCALE
  5
57
102
{ACAD_REACTORS
330
47
102
}
330
47
100
AcDbScale
 70
     0
300
10:1
140
10.0
141
1.0
290
     0
  0
SCALE
  5
58
102
{ACAD_REACTORS
330
47
102
}
330
47
100
AcDbScale
 70
     0
300
100:1
140
100.0
141
1.0
290
     0
  0
TABLESTYLE
  5
5A
102
{ACAD_REACTORS
330
59
102
}
102
{ACAD_XDICTIONARY
360
201
102
}
330
59
100
AcDbTableStyle
  3
Standard
 70
     0
 71
     0
 40
0.06
 41
0.06
280
     0
281
     0
  7
Standard
140
4.5
170
     2
 62
     0
 63
   257
283
     0
 90
        0
 91
        0
  1

274
    -2
284
     1
 64
     0
275
    -2
285
     1
 65
     0
276
    -2
286
     1
 66
     0
277
    -2
287
     1
 67
     0
278
    -2
288
     1
 68
     0
279
    -2
289
     1
 69
     0
  7
Standard
140
6.0
170
     5
 62
     0
 63
   257
283
     0
 90
        0
 91
        0
  1

274
    -2
284
     1
 64
     0
275
    -2
285
     1
 65
     0
276
    -2
286
     1
 66
     0
277
    -2
287
     1
 67
     0
278
    -2
288
     1
 68
     0
279
    -2
289
     1
 69
     0
  7
Standard
140
4.5
170
     5
 62
     0
 63
   257
283
     0
 90
        0
 91
        0
  1

274
    -2
284
     1
 64
     0
275
    -2
285
     1
 65
     0
276
    -2
286
     1
 66
     0
277
    -2
287
     1
 67
     0
278
    -2
288
     1
 68
     0
279
    -2
289
     1
 69
     0
  0
TABLESTYLE
  5
115
102
{ACAD_REACTORS
330
59
102
}
102
{ACAD_XDICTIONARY
360
203
102
}
330
59
100
AcDbTableStyle
  3

 70
     0
 71
     1
 40
0.06
 41
0.06
280
     0
281
     0
  7
标准
140
4.5
170
     2
 62
     0
 63
   257
283
     0
 90
        0
 91
        0
  1

274
    -2
284
     1
 64
     0
275
    -2
285
     1
 65
     0
276
    -2
286
     1
 66
     0
277
    -2
287
     1
 67
     0
278
    -2
288
     1
 68
     0
279
    -2
289
     1
 69
     0
  7
标准
140
6.0
170
     5
 62
     0
 63
   257
283
     0
 90
        0
 91
        0
  1

274
    -2
284
     1
 64
     0
275
    -2
285
     1
 65
     0
276
    -2
286
     1
 66
     0
277
    -2
287
     1
 67
     0
278
    -2
288
     1
 68
     0
279
    -2
289
     1
 69
     0
  7
标准
140
4.5
170
     5
 62
     0
 63
   257
283
     0
 90
        0
 91
        0
  1

274
    -2
284
     1
 64
     0
275
    -2
285
     1
 65
     0
276
    -2
286
     1
 66
     0
277
    -2
287
     1
 67
     0
278
    -2
288
     1
 68
     0
279
    -2
289
     1
 69
     0
  0
VISUALSTYLE
  5
2F
102
{ACAD_REACTORS
330
2A
102
}
330
2A
100
AcDbVisualStyle
  2
2dWireframe
 70
     4
177
     3
291
     0
 70
    58
 90
        0
176
     1
 90
        2
176
     1
 90
        0
176
     1
 90
        0
176
     1
 40
0.6
176
     1
 40
30.0
176
     1
 62
     7
420
 16777215
176
     1
 90
        1
176
     1
 90
        4
176
     1
 62
     7
176
     1
 62
   257
176
     1
 90
        1
176
     1
 90
        1
176
     1
 40
1.0
176
     1
 90
        0
176
     1
 62
   257
176
     1
 40
1.0
176
     1
 90
        1
176
     1
 90
        6
176
     1
 90
        2
176
     1
 62
     7
176
     1
 90
        5
176
     1
 90
        0
176
     1
 90
        0
176
     1
290
     0
176
     1
 90
        1
176
     1
 40
0.0
176
     1
 90
        0
176
     1
290
     1
176
     1
290
     1
176
     1
290
     0
176
     1
290
     0
176
     1
290
     0
176
     1
290
     0
176
     1
290
     0
176
     1
290
     0
176
     1
290
     0
176
     1
 90
       50
176
     1
 40
0.0
176
     1
 40
1.0
176
     1
 90
        0
176
     1
 62
    18
420
        0
176
     1
 90
       50
176
     1
 90
        3
176
     1
 62
     5
420
      255
176
     1
290
     0
176
     1
 90
       50
176
     1
 90
       50
176
     1
 90
       50
176
     1
290
     0
176
     1
 90
       50
176
     1
 62
   256
176
     0
 40
1.0
176
     0
 90
        2
176
     1
  1
strokes_ogs.tif
176
     1
290
     0
176
     1
 40
1.0
176
     1
 40
1.0
176
     1
  0
VISUALSTYLE
  5
32
102
{ACAD_REACTORS
330
2A
102
}
330
2A
100
AcDbVisualStyle
  2
Basic
 70
     7
177
     3
291
     1
 70
    58
 90
        1
176
     1
 90
        0
176
     1
 90
        1
176
     1
 90
        0
176
     1
 40
0.6
176
     1
 40
30.0
176
     1
 62
     7
420
 16777215
176
     1
 90
        0
176
     1
 90
        4
176
     1
 62
     7
176
     1
 62
   257
176
     1
 90
        1
176
     1
 90
        1
176
     1
 40
1.0
176
     1
 90
        8
176
     1
 62
     7
176
     1
 40
1.0
176
     1
 90
        1
176
     1
 90
        6
176
     1
 90
        2
176
     1
 62
     7
176
     1
 90
        5
176
     1
 90
        0
176
     1
 90
        0
176
     1
290
     0
176
     1
 90
        1
176
     1
 40
0.0
176
     1
 90
        0
176
     1
290
     0
176
     1
290
     1
176
     1
290
     1
176
     1
290
     0
176
     1
290
     0
176
     1
290
     0
176
     1
290
     0
176
     1
290
     0
176
     1
290
     0
176
     1
 90
       50
176
     1
 40
0.0
176
     1
 40
1.0
176
     1
 90
        0
176
     1
 62
    18
420
        0
176
     1
 90
       50
176
     1
 90
        3
176
     1
 62
     5
420
      255
176
     1
290
     0
176
     1
 90
       50
176
     1
 90
       50
176
     1
 90
       50
176
     1
290
     0
176
     1
 90
       50
176
     1
 62
   256
176
     0
 40
1.0
176
     0
 90
        2
176
     1
  1
strokes_ogs.tif
176
     1
290
     0
176
     1
 40
1.0
176
     1
 40
1.0
176
     1
  0
VISUALSTYLE
  5
36
102
{ACAD_REACTORS
330
2A
102
}
330
2A
100
AcDbVisualStyle
  2
Brighten
 70
    12
177
     3
291
     1
 70
    58
 90
        2
176
     1
 90
        2
176
     1
 90
        0
176
     1
 90
        0
176
     1
 40
0.6
176
     1
 40
30.0
176
     1
 62
     7
420
 16777215
176
     1
 90
        1
176
     1
 90
        4
176
     1
 62
     7
176
     1
 62
   257
176
     1
 90
        1
176
     1
 90
        1
176
     1
 40
1.0
176
     1
 90
        8
176
     1
 62
     7
176
     1
 40
1.0
176
     1
 90
        1
176
     1
 90
        6
176
     1
 90
        2
176
     1
 62
     7
176
     1
 90
        5
176
     1
 90
        0
176
     1
 90
        0
176
     1
290
     0
176
     1
 90
        1
176
     1
 40
50.0
176
     1
 90
        0
176
     1
290
     0
176
     1
290
     1
176
     1
290
     1
176
     1
290
     0
176
     1
290
     0
176
     1
290
     0
176
     1
290
     0
176
     1
290
     0
176
     1
290
     0
176
     1
 90
       50
176
     1
 40
0.0
176
     1
 40
1.0
176
     1
 90
        0
176
     1
 62
    18
420
        0
176
     1
 90
       50
176
     1
 90
        3
176
     1
 62
     5
420
      255
176
     1
290
     0
176
     1
 90
       50
176
     1
 90
       50
176
     1
 90
       50
176
     1
290
     0
176
     1
 90
       50
176
     1
 62
   256
176
     0
 40
1.0
176
     0
 90
        2
176
     1
  1
strokes_ogs.tif
176
     1
290
     0
176
     1
 40
1.0
176
     1
 40
1.0
176
     1
  0
VISUALSTYLE
  5
3A
102
{ACAD_REACTORS
330
2A
102
}
330
2A
100
AcDbVisualStyle
  2
ColorChange
 70
    16
177
     3
291
     1
 70
    58
 90
        2
176
     1
 90
        2
176
     1
 90
        3
176
     1
 90
        0
176
     1
 40
0.6
176
     1
 40
30.0
176
     1
 62
     8
420
  8421504
176
     1
 90
        1
176
     1
 90
        4
176
     1
 62
     7
176
     1
 62
   257
176
     1
 90
        1
176
     1
 90
        1
176
     1
 40
1.0
176
     1
 90
        8
176
     1
 62
     8
420
  8421504
176
     1
 40
1.0
176
     1
 90
        1
176
     1
 90
        6
176
     1
 90
        2
176
     1
 62
     7
176
     1
 90
        5
176
     1
 90
        0
176
     1
 90
        0
176
     1
290
     0
176
     1
 90
        1
176
     1
 40
0.0
176
     1
 90
        0
176
     1
290
     0
176
     1
290
     1
176
     1
290
     1
176
     1
290
     0
176
     1
290
     0
176
     1
290
     0
176
     1
290
     0
176
     1
290
     0
176
     1
290
     0
176
     1
 90
       50
176
     1
 40
0.0
176
     1
 40
1.0
176
     1
 90
        0
176
     1
 62
    18
420
        0
176
     1
 90
       50
176
     1
 90
        3
176
     1
 62
     5
420
      255
176
     1
290
     0
176
     1
 90
       50
176
     1
 90
       50
176
     1
 90
       50
176
     1
290
     0
176
     1
 90
       50
176
     1
 62
   256
176
     0
 40
1.0
176
     0
 90
        2
176
     1
  1
strokes_ogs.tif
176
     1
290
     0
176
     1
 40
1.0
176
     1
 40
1.0
176
     1
  0
VISUALSTYLE
  5
34
102
{ACAD_REACTORS
330
2A
102
}
330
2A
100
AcDbVisualStyle
  2
Conceptual
 70
     9
177
     3
291
     0
 70
    58
 90
        3
176
     1
 90
        2
176
     1
 90
        0
176
     1
 90
        0
176
     1
 40
0.6
176
     1
 40
30.0
176
     1
 62
     7
420
 16777215
176
     1
 90
        2
176
     1
 90
        2
176
     1
 62
     7
176
     1
 62
   257
176
     1
 90
        1
176
     1
 90
        1
176
     1
 40
179.0
176
     1
 90
        8
176
     1
 62
     7
176
     1
 40
1.0
176
     1
 90
        1
176
     1
 90
        6
176
     1
 90
        2
176
     1
 62
     7
176
     1
 90
        3
176
     1
 90
        0
176
     1
 90
        0
176
     1
290
     0
176
     1
 90
        1
176
     1
 40
0.0
176
     1
 90
        0
176
     1
290
     0
176
     1
290
     1
176
     1
290
     1
176
     1
290
     0
176
     1
290
     0
176
     1
290
     0
176
     1
290
     0
176
     1
290
     0
176
     1
290
     0
176
     1
 90
       50
176
     1
 40
0.0
176
     1
 40
1.0
176
     1
 90
        0
176
     1
 62
    18
420
        0
176
     1
 90
       50
176
     1
 90
        3
176
     1
 62
     5
420
      255
176
     1
290
     0
176
     1
 90
       50
176
     1
 90
       50
176
     1
 90
       50
176
     1
290
     0
176
     1
 90
       50
176
     1
 62
   256
176
     0
 40
1.0
176
     0
 90
        2
176
     1
  1
strokes_ogs.tif
176
     1
290
     0
176
     1
 40
1.0
176
     1
 40
1.0
176
     1
  0
VISUALSTYLE
  5
35
102
{ACAD_REACTORS
330
2A
102
}
330
2A
100
AcDbVisualStyle
  2
Dim
 70
    11
177
     3
291
     1
 70
    58
 90
        2
176
     1
 90
        2
176
     1
 90
        0
176
     1
 90
        0
176
     1
 40
0.6
176
     1
 40
30.0
176
     1
 62
     7
420
 16777215
176
     1
 90
        1
176
     1
 90
        4
176
     1
 62
     7
176
     1
 62
   257
176
     1
 90
        1
176
     1
 90
        1
176
     1
 40
1.0
176
     1
 90
        8
176
     1
 62
     7
176
     1
 40
1.0
176
     1
 90
        1
176
     1
 90
        6
176
     1
 90
        2
176
     1
 62
     7
176
     1
 90
        5
176
     1
 90
        0
176
     1
 90
        0
176
     1
290
     0
176
     1
 90
        1
176
     1
 40
-50.0
176
     1
 90
        0
176
     1
290
     0
176
     1
290
     1
176
     1
290
     1
176
     1
290
     0
176
     1
290
     0
176
     1
290
     0
176
     1
290
     0
176
     1
290
     0
176
     1
290
     0
176
     1
 90
       50
176
     1
 40
0.0
176
     1
 40
1.0
176
     1
 90
        0
176
     1
 62
    18
420
        0
176
     1
 90
       50
176
     1
 90
        3
176
     1
 62
     5
420
      255
176
     1
290
     0
176
     1
 90
       50
176
     1
 90
       50
176
     1
 90
       50
176
     1
290
     0
176
     1
 90
       50
176
     1
 62
   256
176
     0
 40
1.0
176
     0
 90
        2
176
     1
  1
strokes_ogs.tif
176
     1
290
     0
176
     1
 40
1.0
176
     1
 40
1.0
176
     1
  0
VISUALSTYLE
  5
3D
102
{ACAD_REACTORS
330
2A
102
}
330
2A
100
AcDbVisualStyle
  2
EdgeColorOff
 70
    22
177
     3
291
     1
 70
    58
 90
        2
176
     0
 90
        2
176
     0
 90
        0
176
     0
 90
        0
176
     0
 40
0.6
176
     0
 40
30.0
176
     0
 62
     7
420
 16777215
176
     0
 90
        1
176
     0
 90
        4
176
     0
 62
     7
176
     0
 62
   257
176
     0
 90
        1
176
     0
 90
        1
176
     0
 40
1.0
176
     0
 90
        8
176
     2
 62
     7
176
     0
 40
1.0
176
     0
 90
        1
176
     0
 90
        6
176
     0
 90
        2
176
     0
 62
     7
176
     0
 90
        5
176
     0
 90
        0
176
     0
 90
        0
176
     0
290
     0
176
     0
 90
        1
176
     0
 40
0.0
176
     0
 90
        0
176
     0
290
     0
176
     0
290
     1
176
     0
290
     1
176
     0
290
     0
176
     0
290
     0
176
     0
290
     0
176
     0
290
     0
176
     0
290
     0
176
     0
290
     0
176
     0
 90
       50
176
     0
 40
0.0
176
     0
 40
1.0
176
     0
 90
        0
176
     0
 62
    18
420
        0
176
     0
 90
       50
176
     0
 90
        3
176
     0
 62
     5
420
      255
176
     0
290
     0
176
     0
 90
       50
176
     0
 90
       50
176
     0
 90
       50
176
     0
290
     0
176
     0
 90
       50
176
     0
 62
   256
176
     0
 40
1.0
176
     0
 90
        2
176
     0
  1
strokes_ogs.tif
176
     0
290
     0
176
     0
 40
1.0
176
     0
 40
1.0
176
     0
  0
VISUALSTYLE
  5
39
102
{ACAD_REACTORS
330
2A
102
}
330
2A
100
AcDbVisualStyle
  2
Facepattern
 70
    15
177
     3
291
     1
 70
    58
 90
        2
176
     1
 90
        2
176
     1
 90
        0
176
     1
 90
        0
176
     1
 40
0.6
176
     1
 40
30.0
176
     1
 62
     7
420
 16777215
176
     1
 90
        1
176
     1
 90
        4
176
     1
 62
     7
176
     1
 62
   257
176
     1
 90
        1
176
     1
 90
        1
176
     1
 40
1.0
176
     1
 90
        8
176
     1
 62
     7
176
     1
 40
1.0
176
     1
 90
        1
176
     1
 90
        6
176
     1
 90
        2
176
     1
 62
     7
176
     1
 90
        5
176
     1
 90
        0
176
     1
 90
        0
176
     1
290
     0
176
     1
 90
        1
176
     1
 40
0.0
176
     1
 90
        0
176
     1
290
     0
176
     1
290
     1
176
     1
290
     1
176
     1
290
     0
176
     1
290
     0
176
     1
290
     0
176
     1
290
     0
176
     1
290
     0
176
     1
290
     0
176
     1
 90
       50
176
     1
 40
0.0
176
     1
 40
1.0
176
     1
 90
        0
176
     1
 62
    18
420
        0
176
     1
 90
       50
176
     1
 90
        3
176
     1
 62
     5
420
      255
176
     1
290
     0
176
     1
 90
       50
176
     1
 90
       50
176
     1
 90
       50
176
     1
290
     0
176
     1
 90
       50
176
     1
 62
   256
176
     0
 40
1.0
176
     0
 90
        2
176
     1
  1
strokes_ogs.tif
176
     1
290
     0
176
     1
 40
1.0
176
     1
 40
1.0
176
     1
  0
VISUALSTYLE
  5
2B
102
{ACAD_REACTORS
330
2A
102
}
330
2A
100
AcDbVisualStyle
  2
Flat
 70
     0
177
     3
291
     1
 70
    58
 90
        2
176
     1
 90
        1
176
     1
 90
        1
176
     1
 90
        2
176
     1
 40
0.6
176
     1
 40
30.0
176
     1
 62
     7
420
 16777215
176
     1
 90
        0
176
     1
 90
        0
176
     1
 62
     7
176
     1
 62
   257
176
     1
 90
        1
176
     1
 90
        1
176
     1
 40
1.0
176
     1
 90
        8
176
     1
 62
     7
176
     1
 40
1.0
176
     1
 90
        1
176
     1
 90
        6
176
     1
 90
        2
176
     1
 62
     7
176
     1
 90
        5
176
     1
 90
        0
176
     1
 90
        0
176
     1
290
     0
176
     1
 90
       13
176
     1
 40
0.0
176
     1
 90
        0
176
     1
290
     0
176
     1
290
     1
176
     1
290
     1
176
     1
290
     0
176
     1
290
     0
176
     1
290
     0
176
     1
290
     0
176
     1
290
     0
176
     1
290
     0
176
     1
 90
       50
176
     1
 40
0.0
176
     1
 40
1.0
176
     1
 90
        0
176
     1
 62
    18
420
        0
176
     1
 90
       50
176
     1
 90
        3
176
     1
 62
     5
420
      255
176
     1
290
     0
176
     1
 90
       50
176
     1
 90
       50
176
     1
 90
       50
176
     1
290
     0
176
     1
 90
       50
176
     1
 62
   256
176
     0
 40
1.0
176
     0
 90
        2
176
     1
  1
strokes_ogs.tif
176
     1
290
     0
176
     1
 40
1.0
176
     1
 40
1.0
176
     1
  0
VISUALSTYLE
  5
2C
102
{ACAD_REACTORS
330
2A
102
}
330
2A
100
AcDbVisualStyle
  2
FlatWithEdges
 70
     1
177
     3
291
     1
 70
    58
 90
        2
176
     1
 90
        1
176
     1
 90
        1
176
     1
 90
        2
176
     1
 40
0.6
176
     1
 40
30.0
176
     1
 62
     7
420
 16777215
176
     1
 90
        1
176
     1
 90
        0
176
     1
 62
     7
176
     1
 62
   257
176
     1
 90
        1
176
     1
 90
        1
176
     1
 40
1.0
176
     1
 90
        0
176
     1
 62
   257
176
     1
 40
1.0
176
     1
 90
        1
176
     1
 90
        6
176
     1
 90
        2
176
     1
 62
     7
176
     1
 90
        5
176
     1
 90
        0
176
     1
 90
        0
176
     1
290
     0
176
     1
 90
       13
176
     1
 40
0.0
176
     1
 90
        0
176
     1
290
     0
176
     1
290
     1
176
     1
290
     1
176
     1
290
     0
176
     1
290
     0
176
     1
290
     0
176
     1
290
     0
176
     1
290
     0
176
     1
290
     0
176
     1
 90
       50
176
     1
 40
0.0
176
     1
 40
1.0
176
     1
 90
        0
176
     1
 62
    18
420
        0
176
     1
 90
       50
176
     1
 90
        3
176
     1
 62
     5
420
      255
176
     1
290
     0
176
     1
 90
       50
176
     1
 90
       50
176
     1
 90
       50
176
     1
290
     0
176
     1
 90
       50
176
     1
 62
   256
176
     0
 40
1.0
176
     0
 90
        2
176
     1
  1
strokes_ogs.tif
176
     1
290
     0
176
     1
 40
1.0
176
     1
 40
1.0
176
     1
  0
VISUALSTYLE
  5
2D
102
{ACAD_REACTORS
330
2A
102
}
330
2A
100
AcDbVisualStyle
  2
Gouraud
 70
     2
177
     3
291
     1
 70
    58
 90
        2
176
     1
 90
        2
176
     1
 90
        1
176
     1
 90
        2
176
     1
 40
0.6
176
     1
 40
30.0
176
     1
 62
     7
420
 16777215
176
     1
 90
        0
176
     1
 90
        0
176
     1
 62
     7
176
     1
 62
   257
176
     1
 90
        1
176
     1
 90
        1
176
     1
 40
1.0
176
     1
 90
        0
176
     1
 62
     7
176
     1
 40
1.0
176
     1
 90
        1
176
     1
 90
        6
176
     1
 90
        2
176
     1
 62
     7
176
     1
 90
        5
176
     1
 90
        0
176
     1
 90
        0
176
     1
290
     0
176
     1
 90
       13
176
     1
 40
0.0
176
     1
 90
        0
176
     1
290
     0
176
     1
290
     1
176
     1
290
     1
176
     1
290
     0
176
     1
290
     0
176
     1
290
     0
176
     1
290
     0
176
     1
290
     0
176
     1
290
     0
176
     1
 90
       50
176
     1
 40
0.0
176
     1
 40
1.0
176
     1
 90
        0
176
     1
 62
    18
420
        0
176
     1
 90
       50
176
     1
 90
        3
176
     1
 62
     5
420
      255
176
     1
290
     0
176
     1
 90
       50
176
     1
 90
       50
176
     1
 90
       50
176
     1
290
     0
176
     1
 90
       50
176
     1
 62
   256
176
     0
 40
1.0
176
     0
 90
        2
176
     1
  1
strokes_ogs.tif
176
     1
290
     0
176
     1
 40
1.0
176
     1
 40
1.0
176
     1
  0
VISUALSTYLE
  5
2E
102
{ACAD_REACTORS
330
2A
102
}
330
2A
100
AcDbVisualStyle
  2
GouraudWithEdges
 70
     3
177
     3
291
     1
 70
    58
 90
        2
176
     1
 90
        2
176
     1
 90
        1
176
     1
 90
        2
176
     1
 40
0.6
176
     1
 40
30.0
176
     1
 62
     7
420
 16777215
176
     1
 90
        1
176
     1
 90
        0
176
     1
 62
     7
176
     1
 62
   257
176
     1
 90
        1
176
     1
 90
        1
176
     1
 40
1.0
176
     1
 90
        0
176
     1
 62
   257
176
     1
 40
1.0
176
     1
 90
        1
176
     1
 90
        6
176
     1
 90
        2
176
     1
 62
     7
176
     1
 90
        5
176
     1
 90
        0
176
     1
 90
        0
176
     1
290
     0
176
     1
 90
       13
176
     1
 40
0.0
176
     1
 90
        0
176
     1
290
     0
176
     1
290
     1
176
     1
290
     1
176
     1
290
     0
176
     1
290
     0
176
     1
290
     0
176
     1
290
     0
176
     1
290
     0
176
     1
290
     0
176
     1
 90
       50
176
     1
 40
0.0
176
     1
 40
1.0
176
     1
 90
        0
176
     1
 62
    18
420
        0
176
     1
 90
       50
176
     1
 90
        3
176
     1
 62
     5
420
      255
176
     1
290
     0
176
     1
 90
       50
176
     1
 90
       50
176
     1
 90
       50
176
     1
290
     0
176
     1
 90
       50
176
     1
 62
   256
176
     0
 40
1.0
176
     0
 90
        2
176
     1
  1
strokes_ogs.tif
176
     1
290
     0
176
     1
 40
1.0
176
     1
 40
1.0
176
     1
  0
VISUALSTYLE
  5
31
102
{ACAD_REACTORS
330
2A
102
}
330
2A
100
AcDbVisualStyle
  2
Hidden
 70
     6
177
     3
291
     0
 70
    58
 90
        1
176
     1
 90
        2
176
     1
 90
        2
176
     1
 90
        0
176
     1
 40
0.6
176
     1
 40
30.0
176
     1
 62
     7
420
 16777215
176
     1
 90
        2
176
     1
 90
        2
176
     1
 62
     7
176
     1
 62
   257
176
     1
 90
        2
176
     1
 90
        1
176
     1
 40
40.0
176
     1
 90
        0
176
     1
 62
   257
176
     1
 40
1.0
176
     1
 90
        1
176
     1
 90
        6
176
     1
 90
        2
176
     1
 62
     7
176
     1
 90
        3
176
     1
 90
        0
176
     1
 90
        0
176
     1
290
     0
176
     1
 90
        1
176
     1
 40
0.0
176
     1
 90
        0
176
     1
290
     0
176
     1
290
     1
176
     1
290
     1
176
     1
290
     0
176
     1
290
     0
176
     1
290
     0
176
     1
290
     0
176
     1
290
     0
176
     1
290
     0
176
     1
 90
       50
176
     1
 40
0.0
176
     1
 40
1.0
176
     1
 90
        0
176
     1
 62
    18
420
        0
176
     1
 90
       50
176
     1
 90
        3
176
     1
 62
     5
420
      255
176
     1
290
     0
176
     1
 90
       50
176
     1
 90
       50
176
     1
 90
       50
176
     1
290
     0
176
     1
 90
       50
176
     1
 62
   256
176
     0
 40
1.0
176
     0
 90
        2
176
     1
  1
strokes_ogs.tif
176
     1
290
     0
176
     1
 40
1.0
176
     1
 40
1.0
176
     1
  0
VISUALSTYLE
  5
3B
102
{ACAD_REACTORS
330
2A
102
}
330
2A
100
AcDbVisualStyle
  2
JitterOff
 70
    20
177
     3
291
     1
 70
    58
 90
        2
176
     0
 90
        2
176
     0
 90
        0
176
     0
 90
        0
176
     0
 40
0.6
176
     0
 40
30.0
176
     0
 62
     7
420
 16777215
176
     0
 90
        1
176
     0
 90
        4
176
     0
 62
     7
176
     0
 62
   257
176
     0
 90
        1
176
     0
 90
        1
176
     0
 40
1.0
176
     0
 90
       10
176
     2
 62
     7
176
     0
 40
1.0
176
     0
 90
        1
176
     0
 90
        6
176
     0
 90
        2
176
     0
 62
     7
176
     0
 90
        5
176
     0
 90
        0
176
     0
 90
        0
176
     0
290
     0
176
     0
 90
        1
176
     0
 40
0.0
176
     0
 90
        0
176
     0
290
     0
176
     0
290
     1
176
     0
290
     1
176
     0
290
     0
176
     0
290
     0
176
     0
290
     0
176
     0
290
     0
176
     0
290
     0
176
     0
290
     0
176
     0
 90
       50
176
     0
 40
0.0
176
     0
 40
1.0
176
     0
 90
        0
176
     0
 62
    18
420
        0
176
     0
 90
       50
176
     0
 90
        3
176
     0
 62
     5
420
      255
176
     0
290
     0
176
     0
 90
       50
176
     0
 90
       50
176
     0
 90
       50
176
     0
290
     0
176
     0
 90
       50
176
     0
 62
   256
176
     0
 40
1.0
176
     0
 90
        2
176
     0
  1
strokes_ogs.tif
176
     0
290
     0
176
     0
 40
1.0
176
     0
 40
1.0
176
     0
  0
VISUALSTYLE
  5
38
102
{ACAD_REACTORS
330
2A
102
}
330
2A
100
AcDbVisualStyle
  2
Linepattern
 70
    14
177
     3
291
     1
 70
    58
 90
        2
176
     1
 90
        2
176
     1
 90
        0
176
     1
 90
        0
176
     1
 40
0.6
176
     1
 40
30.0
176
     1
 62
     7
420
 16777215
176
     1
 90
        1
176
     1
 90
        4
176
     1
 62
     7
176
     1
 62
   257
176
     1
 90
        7
176
     1
 90
        7
176
     1
 40
1.0
176
     1
 90
        8
176
     1
 62
     7
176
     1
 40
1.0
176
     1
 90
        1
176
     1
 90
        6
176
     1
 90
        2
176
     1
 62
     7
176
     1
 90
        5
176
     1
 90
        0
176
     1
 90
        0
176
     1
290
     0
176
     1
 90
        1
176
     1
 40
0.0
176
     1
 90
        0
176
     1
290
     0
176
     1
290
     1
176
     1
290
     1
176
     1
290
     0
176
     1
290
     0
176
     1
290
     0
176
     1
290
     0
176
     1
290
     0
176
     1
290
     0
176
     1
 90
       50
176
     1
 40
0.0
176
     1
 40
1.0
176
     1
 90
        0
176
     1
 62
    18
420
        0
176
     1
 90
       50
176
     1
 90
        3
176
     1
 62
     5
420
      255
176
     1
290
     0
176
     1
 90
       50
176
     1
 90
       50
176
     1
 90
       50
176
     1
290
     0
176
     1
 90
       50
176
     1
 62
   256
176
     0
 40
1.0
176
     0
 90
        2
176
     1
  1
strokes_ogs.tif
176
     1
290
     0
176
     1
 40
1.0
176
     1
 40
1.0
176
     1
  0
VISUALSTYLE
  5
3C
102
{ACAD_REACTORS
330
2A
102
}
330
2A
100
AcDbVisualStyle
  2
OverhangOff
 70
    21
177
     3
291
     1
 70
    58
 90
        2
176
     0
 90
        2
176
     0
 90
        0
176
     0
 90
        0
176
     0
 40
0.6
176
     0
 40
30.0
176
     0
 62
     7
420
 16777215
176
     0
 90
        1
176
     0
 90
        4
176
     0
 62
     7
176
     0
 62
   257
176
     0
 90
        1
176
     0
 90
        1
176
     0
 40
1.0
176
     0
 90
        9
176
     2
 62
     7
176
     0
 40
1.0
176
     0
 90
        1
176
     0
 90
        6
176
     0
 90
        2
176
     0
 62
     7
176
     0
 90
        5
176
     0
 90
        0
176
     0
 90
        0
176
     0
290
     0
176
     0
 90
        1
176
     0
 40
0.0
176
     0
 90
        0
176
     0
290
     0
176
     0
290
     1
176
     0
290
     1
176
     0
290
     0
176
     0
290
     0
176
     0
290
     0
176
     0
290
     0
176
     0
290
     0
176
     0
290
     0
176
     0
 90
       50
176
     0
 40
0.0
176
     0
 40
1.0
176
     0
 90
        0
176
     0
 62
    18
420
        0
176
     0
 90
       50
176
     0
 90
        3
176
     0
 62
     5
420
      255
176
     0
290
     0
176
     0
 90
       50
176
     0
 90
       50
176
     0
 90
       50
176
     0
290
     0
176
     0
 90
       50
176
     0
 62
   256
176
     0
 40
1.0
176
     0
 90
        2
176
     0
  1
strokes_ogs.tif
176
     0
290
     0
176
     0
 40
1.0
176
     0
 40
1.0
176
     0
  0
VISUALSTYLE
  5
33
102
{ACAD_REACTORS
330
2A
102
}
330
2A
100
AcDbVisualStyle
  2
Realistic
 70
     8
177
     3
291
     0
 70
    58
 90
        2
176
     1
 90
        3
176
     1
 90
        0
176
     1
 90
        2
176
     1
 40
0.6
176
     1
 40
30.0
176
     1
 62
     7
420
 16777215
176
     1
 90
        0
176
     1
 90
        0
176
     1
 62
     7
176
     1
 62
   257
176
     1
 90
        1
176
     1
 90
        1
176
     1
 40
1.0
176
     1
 90
        8
176
     1
 62
   257
176
     1
 40
1.0
176
     1
 90
        1
176
     1
 90
        6
176
     1
 90
        2
176
     1
 62
     7
176
     1
 90
        3
176
     1
 90
        0
176
     1
 90
        0
176
     1
290
     0
176
     1
 90
       13
176
     1
 40
0.0
176
     1
 90
        0
176
     1
290
     0
176
     1
290
     1
176
     1
290
     1
176
     1
290
     0
176
     1
290
     0
176
     1
290
     0
176
     1
290
     0
176
     1
290
     0
176
     1
290
     0
176
     1
 90
       50
176
     1
 40
0.0
176
     1
 40
1.0
176
     1
 90
        0
176
     1
 62
    18
420
        0
176
     1
 90
       50
176
     1
 90
        3
176
     1
 62
     5
420
      255
176
     1
290
     0
176
     1
 90
       50
176
     1
 90
       50
176
     1
 90
       50
176
     1
290
     0
176
     1
 90
       50
176
     1
 62
   256
176
     0
 40
1.0
176
     0
 90
        2
176
     1
  1
strokes_ogs.tif
176
     1
290
     0
176
     1
 40
1.0
176
     1
 40
1.0
176
     1
  0
VISUALSTYLE
  5
42
102
{ACAD_REACTORS
330
2A
102
}
330
2A
100
AcDbVisualStyle
  2
Shaded
 70
    27
177
     3
291
     0
 70
    58
 90
        2
176
     1
 90
        2
176
     1
 90
        1
176
     1
 90
        2
176
     1
 40
0.6
176
     1
 40
30.0
176
     1
 62
     7
420
 16777215
176
     1
 90
        0
176
     1
 90
        4
176
     1
 62
     7
176
     1
 62
   257
176
     1
 90
        1
176
     1
 90
        1
176
     1
 40
1.0
176
     1
 90
        8
176
     1
 62
   257
176
     1
 40
1.0
176
     1
 90
        1
176
     1
 90
        6
176
     1
 90
        2
176
     1
 62
     8
420
  7895160
176
     1
 90
        3
176
     1
 90
        0
176
     1
 90
        0
176
     1
290
     0
176
     1
 90
        5
176
     1
 40
0.0
176
     1
 90
        0
176
     1
290
     0
176
     1
290
     1
176
     1
290
     1
176
     1
290
     0
176
     1
290
     0
176
     1
290
     0
176
     1
290
     0
176
     1
290
     0
176
     1
290
     0
176
     1
 90
       50
176
     1
 40
0.0
176
     1
 40
1.0
176
     1
 90
        0
176
     1
 62
    18
420
        0
176
     1
 90
       50
176
     1
 90
        3
176
     1
 62
     5
420
      255
176
     1
290
     0
176
     1
 90
       50
176
     1
 90
       50
176
     1
 90
       50
176
     1
290
     0
176
     1
 90
       50
176
     1
 62
   256
176
     0
 40
1.0
176
     0
 90
        2
176
     1
  1
strokes_ogs.tif
176
     1
290
     0
176
     1
 40
1.0
176
     1
 40
1.0
176
     1
  0
VISUALSTYLE
  5
41
102
{ACAD_REACTORS
330
2A
102
}
330
2A
100
AcDbVisualStyle
  2
Shaded with edges
 70
    26
177
     3
291
     0
 70
    58
 90
        2
176
     1
 90
        2
176
     1
 90
        1
176
     1
 90
        2
176
     1
 40
0.6
176
     1
 40
30.0
176
     1
 62
     7
420
 16777215
176
     1
 90
        1
176
     1
 90
       10
176
     1
 62
     7
176
     1
 62
   257
176
     1
 90
        2
176
     1
 90
        1
176
     1
 40
1.0
176
     1
 90
        8
176
     1
 62
   257
176
     1
 40
1.0
176
     1
 90
        1
176
     1
 90
        6
176
     1
 90
        2
176
     1
 62
     7
176
     1
 90
        3
176
     1
 90
        0
176
     1
 90
        0
176
     1
290
     0
176
     1
 90
        5
176
     1
 40
0.0
176
     1
 90
        0
176
     1
290
     0
176
     1
290
     1
176
     1
290
     1
176
     1
290
     0
176
     1
290
     0
176
     1
290
     0
176
     1
290
     0
176
     1
290
     0
176
     1
290
     0
176
     1
 90
       50
176
     1
 40
0.0
176
     1
 40
1.0
176
     1
 90
        0
176
     1
 62
    18
420
        0
176
     1
 90
       50
176
     1
 90
        3
176
     1
 62
     5
420
      255
176
     1
290
     0
176
     1
 90
       50
176
     1
 90
       50
176
     1
 90
       50
176
     1
290
     0
176
     1
 90
       50
176
     1
 62
   256
176
     0
 40
1.0
176
     0
 90
        2
176
     1
  1
strokes_ogs.tif
176
     1
290
     0
176
     1
 40
1.0
176
     1
 40
1.0
176
     1
  0
VISUALSTYLE
  5
3E
102
{ACAD_REACTORS
330
2A
102
}
330
2A
100
AcDbVisualStyle
  2
Shades of Gray
 70
    23
177
     3
291
     0
 70
    58
 90
        2
176
     1
 90
        2
176
     1
 90
        3
176
     1
 90
        0
176
     1
 40
0.6
176
     1
 40
30.0
176
     1
 62
     7
420
 16777215
176
     1
 90
        2
176
     1
 90
        2
176
     1
 62
     7
176
     1
 62
     7
176
     1
 90
        1
176
     1
 90
        1
176
     1
 40
40.0
176
     1
 90
        8
176
     1
 62
     7
176
     1
 40
1.0
176
     1
 90
        1
176
     1
 90
        6
176
     1
 90
        2
176
     1
 62
     7
176
     1
 90
        3
176
     1
 90
        0
176
     1
 90
        0
176
     1
290
     0
176
     1
 90
        1
176
     1
 40
0.0
176
     1
 90
        0
176
     1
290
     0
176
     1
290
     1
176
     1
290
     1
176
     1
290
     0
176
     1
290
     0
176
     1
290
     0
176
     1
290
     0
176
     1
290
     0
176
     1
290
     0
176
     1
 90
       50
176
     1
 40
0.0
176
     1
 40
1.0
176
     1
 90
        0
176
     1
 62
    18
420
        0
176
     1
 90
       50
176
     1
 90
        3
176
     1
 62
     5
420
      255
176
     1
290
     0
176
     1
 90
       50
176
     1
 90
       50
176
     1
 90
       50
176
     1
290
     0
176
     1
 90
       50
176
     1
 62
   256
176
     0
 40
1.0
176
     0
 90
        2
176
     1
  1
strokes_ogs.tif
176
     1
290
     0
176
     1
 40
1.0
176
     1
 40
1.0
176
     1
  0
VISUALSTYLE
  5
3F
102
{ACAD_REACTORS
330
2A
102
}
330
2A
100
AcDbVisualStyle
  2
Sketchy
 70
    24
177
     3
291
     0
 70
    58
 90
        1
176
     1
 90
        2
176
     1
 90
        2
176
     1
 90
        0
176
     1
 40
0.6
176
     1
 40
30.0
176
     1
 62
     7
420
 16777215
176
     1
 90
        2
176
     1
 90
        2
176
     1
 62
     7
176
     1
 62
     7
176
     1
 90
        1
176
     1
 90
        1
176
     1
 40
40.0
176
     1
 90
       11
176
     1
 62
     7
176
     1
 40
1.0
176
     1
 90
        1
176
     1
 90
        6
176
     1
 90
        2
176
     1
 62
     7
176
     1
 90
        6
176
     1
 90
        0
176
     1
 90
        0
176
     1
290
     0
176
     1
 90
        1
176
     1
 40
0.0
176
     1
 90
        0
176
     1
290
     0
176
     1
290
     1
176
     1
290
     1
176
     1
290
     0
176
     1
290
     0
176
     1
290
     0
176
     1
290
     0
176
     1
290
     0
176
     1
290
     0
176
     1
 90
       50
176
     1
 40
0.0
176
     1
 40
1.0
176
     1
 90
        0
176
     1
 62
    18
420
        0
176
     1
 90
       50
176
     1
 90
        3
176
     1
 62
     5
420
      255
176
     1
290
     0
176
     1
 90
       50
176
     1
 90
       50
176
     1
 90
       50
176
     1
290
     0
176
     1
 90
       50
176
     1
 62
   256
176
     0
 40
1.0
176
     0
 90
        2
176
     1
  1
strokes_ogs.tif
176
     1
290
     0
176
     1
 40
1.0
176
     1
 40
1.0
176
     1
  0
VISUALSTYLE
  5
37
102
{ACAD_REACTORS
330
2A
102
}
330
2A
100
AcDbVisualStyle
  2
Thicken
 70
    13
177
     3
291
     1
 70
    58
 90
        2
176
     1
 90
        2
176
     1
 90
        0
176
     1
 90
        0
176
     1
 40
0.6
176
     1
 40
30.0
176
     1
 62
     7
420
 16777215
176
     1
 90
        1
176
     1
 90
        4
176
     1
 62
     7
176
     1
 62
   257
176
     1
 90
        1
176
     1
 90
        1
176
     1
 40
1.0
176
     1
 90
       12
176
     1
 62
     7
176
     1
 40
1.0
176
     1
 90
        1
176
     1
 90
        6
176
     1
 90
        2
176
     1
 62
     7
176
     1
 90
        5
176
     1
 90
        0
176
     1
 90
        0
176
     1
290
     0
176
     1
 90
        1
176
     1
 40
0.0
176
     1
 90
        0
176
     1
290
     0
176
     1
290
     1
176
     1
290
     1
176
     1
290
     0
176
     1
290
     0
176
     1
290
     0
176
     1
290
     0
176
     1
290
     0
176
     1
290
     0
176
     1
 90
       50
176
     1
 40
0.0
176
     1
 40
1.0
176
     1
 90
        0
176
     1
 62
    18
420
        0
176
     1
 90
       50
176
     1
 90
        3
176
     1
 62
     5
420
      255
176
     1
290
     0
176
     1
 90
       50
176
     1
 90
       50
176
     1
 90
       50
176
     1
290
     0
176
     1
 90
       50
176
     1
 62
   256
176
     0
 40
1.0
176
     0
 90
        2
176
     1
  1
strokes_ogs.tif
176
     1
290
     0
176
     1
 40
1.0
176
     1
 40
1.0
176
     1
  0
VISUALSTYLE
  5
30
102
{ACAD_REACTORS
330
2A
102
}
330
2A
100
AcDbVisualStyle
  2
Wireframe
 70
     5
177
     3
291
     0
 70
    58
 90
        0
176
     1
 90
        2
176
     1
 90
        0
176
     1
 90
        0
176
     1
 40
0.6
176
     1
 40
30.0
176
     1
 62
     7
420
 16777215
176
     1
 90
        1
176
     1
 90
        4
176
     1
 62
     7
176
     1
 62
   257
176
     1
 90
        1
176
     1
 90
        1
176
     1
 40
1.0
176
     1
 90
        0
176
     1
 62
   257
176
     1
 40
1.0
176
     1
 90
        1
176
     1
 90
        6
176
     1
 90
        2
176
     1
 62
     7
176
     1
 90
        3
176
     1
 90
        0
176
     1
 90
        0
176
     1
290
     0
176
     1
 90
        1
176
     1
 40
0.0
176
     1
 90
        0
176
     1
290
     0
176
     1
290
     1
176
     1
290
     1
176
     1
290
     0
176
     1
290
     0
176
     1
290
     0
176
     1
290
     0
176
     1
290
     0
176
     1
290
     0
176
     1
 90
       50
176
     1
 40
0.0
176
     1
 40
1.0
176
     1
 90
        0
176
     1
 62
    18
420
        0
176
     1
 90
       50
176
     1
 90
        3
176
     1
 62
     5
420
      255
176
     1
290
     0
176
     1
 90
       50
176
     1
 90
       50
176
     1
 90
       50
176
     1
290
     0
176
     1
 90
       50
176
     1
 62
   256
176
     0
 40
1.0
176
     0
 90
        2
176
     1
  1
strokes_ogs.tif
176
     1
290
     0
176
     1
 40
1.0
176
     1
 40
1.0
176
     1
  0
VISUALSTYLE
  5
40
102
{ACAD_REACTORS
330
2A
102
}
330
2A
100
AcDbVisualStyle
  2
X-Ray
 70
    25
177
     3
291
     0
 70
    58
 90
        2
176
     1
 90
        2
176
     1
 90
        1
176
     1
 90
        1
176
     1
 40
0.5
176
     1
 40
30.0
176
     1
 62
     7
420
 16777215
176
     1
 90
        1
176
     1
 90
        0
176
     1
 62
     7
176
     1
 62
   257
176
     1
 90
        1
176
     1
 90
        1
176
     1
 40
1.0
176
     1
 90
        8
176
     1
 62
     7
176
     1
 40
1.0
176
     1
 90
        1
176
     1
 90
        6
176
     1
 90
        2
176
     1
 62
     7
176
     1
 90
        3
176
     1
 90
        0
176
     1
 90
        0
176
     1
290
     0
176
     1
 90
       13
176
     1
 40
0.0
176
     1
 90
        0
176
     1
290
     0
176
     1
290
     1
176
     1
290
     1
176
     1
290
     0
176
     1
290
     0
176
     1
290
     0
176
     1
290
     0
176
     1
290
     0
176
     1
290
     0
176
     1
 90
       50
176
     1
 40
0.0
176
     1
 40
1.0
176
     1
 90
        0
176
     1
 62
    18
420
        0
176
     1
 90
       50
176
     1
 90
        3
176
     1
 62
     5
420
      255
176
     1
290
     0
176
     1
 90
       50
176
     1
 90
       50
176
     1
 90
       50
176
     1
290
     0
176
     1
 90
       50
176
     1
 62
   256
176
     0
 40
1.0
176
     0
 90
        2
176
     1
  1
strokes_ogs.tif
176
     1
290
     0
176
     1
 40
1.0
176
     1
 40
1.0
176
     1
  0
DICTIONARYVAR
  5
200
102
{ACAD_REACTORS
330
1FF
102
}
330
1FF
100
DictionaryVariables
280
     0
  1
1:1
  0
DICTIONARYVAR
  5
20A
102
{ACAD_REACTORS
330
1FF
102
}
330
1FF
100
DictionaryVariables
280
     0
  1
3.500000
  0
DICTIONARYVAR
  5
20B
102
{ACAD_REACTORS
330
1FF
102
}
330
1FF
100
DictionaryVariables
280
     0
  1
acadiso.lin
  0
DICTIONARYVAR
  5
207
102
{ACAD_REACTORS
330
1FF
102
}
330
1FF
100
DictionaryVariables
280
     0
  1
Standard
  0
DICTIONARYVAR
  5
206
102
{ACAD_REACTORS
330
1FF
102
}
330
1FF
100
DictionaryVariables
280
     0
  1
Standard
  0
XRECORD
  5
111
102
{ACAD_REACTORS
330
110
102
}
330
110
100
AcDbXrecord
280
     1
1000

1000
CAXA_DRAFT_CURRENTBOMSTYLE
1000
标准
  0
XRECORD
  5
113
102
{ACAD_REACTORS
330
110
102
}
330
110
100
AcDbXrecord
280
     1
1000

1000
CAXA_DRAFT_BOMSTYLE
1000
GB(4458.2-2003)
1000

1041
7.0
1071
        0
1071
     1011
1041
1.66
1041
0.5
1071
1090519039
1071
1090519039
1071
1090519039
1071
1090519039
1041
3.5
1000
标准
1000
Continuous
1041
0.5
1071
        4
1041
0.5
1071
        4
1041
0.5
1071
        4
1041
0.5
1071
        4
1041
0.5
1071
        4
1041
0.25
1071
        3
1041
0.5
1071
        4
1041
0.5
1071
        4
1041
0.5
1071
        4
1041
0.5
1071
        4
1041
0.5
1071
        4
1041
0.25
1071
        3
1070
     0
1071
       10
1000
序号
1000
IndexID
1000

1071
       10
1071
       16
1070
     2
1070
     0
1041
0.0
1041
0.0
1041
0.0
1041
8.0
1041
14.0
1041
1.66
1041
0.5
1041
5.0
1000
标准
1071
        4
1070
     3
1071
     1001
1000
代号
1000
PCPNo
1000

1071
       10
1071
       32
1070
     2
1070
     0
1041
8.0
1041
0.0
1041
0.0
1041
40.0
1041
14.0
1041
1.66
1041
0.5
1041
5.0
1000
标准
1071
        4
1070
     3
1071
     1002
1000
名称
1000
PCPName
1000

1071
       10
1071
       32
1070
     2
1070
     0
1041
48.0
1041
0.0
1041
0.0
1041
44.0
1041
14.0
1041
1.66
1041
0.5
1041
5.0
1000
标准
1071
        4
1070
     3
1071
     1003
1000
数量
1000
Amount
1000

1071
        3
1071
       32
1070
     2
1070
     0
1041
92.0
1041
0.0
1041
0.0
1041
8.0
1041
14.0
1041
1.66
1041
0.5
1041
5.0
1000
标准
1071
        4
1070
     3
1071
     1004
1000
材料
1000
MaterialName
1000

1071
       10
1071
       32
1070
     2
1070
     0
1041
100.0
1041
0.0
1041
0.0
1041
38.0
1041
14.0
1041
1.66
1041
0.5
1041
5.0
1000
标准
1071
        4
1070
     3
1071
     1005
1000
重量
1000

1000

1071
        7
1071
       32
1070
     2
1070
     0
1041
138.0
1041
0.0
1041
0.0
1041
22.0
1041
7.0
1041
1.66
1041
0.5
1041
3.5
1000
标准
1071
        4
1070
     3
1071
     1006
1000
单件
1000
Weight
1000

1071
        7
1071
       32
1070
     2
1070
     1
1041
138.0
1041
7.0
1041
0.0
1041
10.0
1041
7.0
1041
1.66
1041
0.5
1041
3.5
1000
标准
1071
        4
1070
     3
1071
     1007
1000
总计
1000
TWeight
1000

1071
        7
1071
       32
1070
     2
1070
     1
1041
148.0
1041
7.0
1041
0.0
1041
12.0
1041
7.0
1041
1.66
1041
0.5
1041
3.5
1000
标准
1071
        4
1070
     3
1071
     1008
1000
备注
1000
Remark
1000

1071
       10
1071
       50
1070
     2
1070
     0
1041
160.0
1041
0.0
1041
0.0
1041
20.0
1041
14.0
1041
1.66
1041
0.5
1041
5.0
1000
标准
1071
        4
1070
     3
1071
     1009
1000
来源
1000
Source
1000

1071
       10
1071
       32
1070
     2
1070
     0
1041
180.0
1041
0.0
1041
0.0
1041
0.0
1041
14.0
1041
1.66
1041
0.5
1041
5.0
1000
标准
1071
        4
1070
     3
1071
     1010
1071
1090519039
1071
1090519039
1071
1090519039
1071
        1
1071
        7
1000
代号
1000
名称
1000
材料
1000
单件
1000
总计
1000
备注
1000
来源
1071
        1
1000
数量
1071
1090519039
1041
1.75
1041
0.875
1041
1.2
1041
1.2
1041
1.75
1041
0.875
1041
1.2
1041
1.2
  0
XRECORD
  5
112
102
{ACAD_REACTORS
330
110
102
}
330
110
100
AcDbXrecord
280
     1
1000

1000
CAXA_DRAFT_BOMSTYLE
1000
标准
1000

1041
7.0
1071
        0
1071
     1011
1041
1.66
1041
0.5
1071
1090519039
1071
1090519039
1071
1090519039
1071
1090519039
1041
3.5
1000
标准
1000
Continuous
1041
0.5
1071
        4
1041
0.5
1071
        4
1041
0.5
1071
        4
1041
0.5
1071
        4
1041
0.5
1071
        4
1041
0.25
1071
        3
1041
0.5
1071
        4
1041
0.5
1071
        4
1041
0.5
1071
        4
1041
0.5
1071
        4
1041
0.5
1071
        4
1041
0.25
1071
        3
1070
     0
1071
       10
1000
序号
1000
IndexID
1000

1071
       10
1071
       16
1070
     2
1070
     0
1041
0.0
1041
0.0
1041
0.0
1041
8.0
1041
14.0
1041
1.66
1041
0.5
1041
5.0
1000
标准
1071
        4
1070
     3
1071
     1001
1000
代号
1000
PCPNo
1000

1071
       10
1071
       32
1070
     2
1070
     0
1041
8.0
1041
0.0
1041
0.0
1041
40.0
1041
14.0
1041
1.66
1041
0.5
1041
5.0
1000
标准
1071
        4
1070
     3
1071
     1002
1000
名称
1000
PCPName
1000

1071
       10
1071
       32
1070
     2
1070
     0
1041
48.0
1041
0.0
1041
0.0
1041
44.0
1041
14.0
1041
1.66
1041
0.5
1041
5.0
1000
标准
1071
        4
1070
     3
1071
     1003
1000
数量
1000
Amount
1000

1071
        3
1071
       32
1070
     2
1070
     0
1041
92.0
1041
0.0
1041
0.0
1041
8.0
1041
14.0
1041
1.66
1041
0.5
1041
5.0
1000
标准
1071
        4
1070
     3
1071
     1004
1000
材料
1000
MaterialName
1000

1071
       10
1071
       32
1070
     2
1070
     0
1041
100.0
1041
0.0
1041
0.0
1041
38.0
1041
14.0
1041
1.66
1041
0.5
1041
5.0
1000
标准
1071
        4
1070
     3
1071
     1005
1000
重量
1000

1000

1071
        7
1071
       32
1070
     2
1070
     0
1041
138.0
1041
0.0
1041
0.0
1041
22.0
1041
7.0
1041
1.66
1041
0.5
1041
3.5
1000
标准
1071
        4
1070
     3
1071
     1006
1000
单件
1000
Weight
1000

1071
        7
1071
       32
1070
     2
1070
     1
1041
138.0
1041
7.0
1041
0.0
1041
10.0
1041
7.0
1041
1.66
1041
0.5
1041
3.5
1000
标准
1071
        4
1070
     3
1071
     1007
1000
总计
1000
TWeight
1000

1071
        7
1071
       32
1070
     2
1070
     1
1041
148.0
1041
7.0
1041
0.0
1041
12.0
1041
7.0
1041
1.66
1041
0.5
1041
3.5
1000
标准
1071
        4
1070
     3
1071
     1008
1000
备注
1000
Remark
1000

1071
       10
1071
       50
1070
     2
1070
     0
1041
160.0
1041
0.0
1041
0.0
1041
20.0
1041
14.0
1041
1.66
1041
0.5
1041
5.0
1000
标准
1071
        4
1070
     3
1071
     1009
1000
来源
1000
Source
1000

1071
       10
1071
       32
1070
     2
1070
     0
1041
180.0
1041
0.0
1041
0.0
1041
0.0
1041
14.0
1041
1.66
1041
0.5
1041
5.0
1000
标准
1071
        4
1070
     3
1071
     1010
1071
1090519039
1071
1090519039
1071
1090519039
1071
        1
1071
        7
1000
代号
1000
名称
1000
材料
1000
单件
1000
总计
1000
备注
1000
来源
1071
        1
1000
数量
1071
1090519039
1041
1.75
1041
0.875
1041
1.2
1041
1.2
1041
1.75
1041
0.875
1041
1.2
1041
1.2
  0
XRECORD
  5
105
102
{ACAD_REACTORS
330
104
102
}
330
104
100
AcDbXrecord
280
     1
1000

1000
CAXA_DRAFT_CURRENTCUTSSTYLE
1000
标准
  0
XRECORD
  5
107
102
{ACAD_REACTORS
330
104
102
}
330
104
100
AcDbXrecord
280
     1
1000

1000
CAXA_DRAFT_CUTSSTYLE
1000
GB(17452-1998)
1000

1071
1090519039
1041
0.3499999940395355
1041
5.0
1000
标准
1070
     1
1041
4.0
1071
1090519039
1070
     0
1070
     0
1071
1090519039
1041
3.5
1070
     1
1041
1.0
1070
     0
1000
Dash Dot
1071
        1
  0
XRECORD
  5
106
102
{ACAD_REACTORS
330
104
102
}
330
104
100
AcDbXrecord
280
     1
1000

1000
CAXA_DRAFT_CUTSSTYLE
1000
标准
1000

1071
1090519039
1041
0.3499999940395355
1041
5.0
1000
标准
1070
     1
1041
4.0
1071
1090519039
1070
     0
1070
     0
1071
1090519039
1041
3.5
1070
     1
1041
1.0
1070
     0
1000
Dash Dot
1071
        1
  0
XRECORD
  5
109
102
{ACAD_REACTORS
330
108
102
}
330
108
100
AcDbXrecord
280
     1
1000

1000
CAXA_DRAFT_CUTSSTYLEOVERRIDE
1070
     0
1070
     0
1070
     0
1070
     0
1070
     0
1070
     0
1070
     0
1070
     0
1070
     0
1070
     0
1070
     0
1070
     0
1070
     0
1070
     0
1070
     0
1070
     0
1070
     0
  0
XRECORD
  5
117
102
{ACAD_REACTORS
330
116
102
}
330
116
100
AcDbXrecord
280
     1
1000

1000
CAXA_DRAFT_DATATABLE*Model_Space
1071
      101
1071
        2
1071
        0
1071
        0
1071
        0
1071
        9
1000
序号
1071
     1001
1000
代号
1071
     1002
1000
名称
1071
     1003
1000
数量
1071
     1004
1000
材料
1071
     1005
1000
单件
1071
     1007
1000
总计
1071
     1008
1000
备注
1071
     1009
1000
来源
1071
     1010
1000
序号
1070
     1
1000

1070
     1
1000

1070
     1
1000

1070
     1
1000

1070
     1
1071
        0
1071
        7
1000
代号
1000
名称
1000
材料
1000
单件
1000
总计
1000
备注
1000
来源
1071
        1
1000
数量
1071
        0
1000

1000

1070
     1
1000
标准
1071
        0
1071
        0
  0
XRECORD
  5
1F0
102
{ACAD_REACTORS
330
1EF
102
}
330
1EF
100
AcDbXrecord
280
     1
1000

1000
CAXA_DRAFT_DATATABLE*Paper_Space
1071
      101
1071
        2
1071
        0
1071
        0
1071
        0
1071
        9
1000
序号
1071
     1001
1000
代号
1071
     1002
1000
名称
1071
     1003
1000
数量
1071
     1004
1000
材料
1071
     1005
1000
单件
1071
     1007
1000
总计
1071
     1008
1000
备注
1071
     1009
1000
来源
1071
     1010
1000
序号
1070
     1
1000

1070
     1
1000

1070
     1
1000

1070
     1
1000

1070
     1
1071
        0
1071
        7
1000
代号
1000
名称
1000
材料
1000
单件
1000
总计
1000
备注
1000
来源
1071
        1
1000
数量
1071
        0
1000

1000

1070
     1
1000
标准
1071
        0
1071
        0
  0
XRECORD
  5
FF
102
{ACAD_REACTORS
330
FE
102
}
330
FE
100
AcDbXrecord
280
     1
1000

1000
CAXA_DRAFT_CURRENTDATUMSTYLE
1000
标准
  0
XRECORD
  5
101
102
{ACAD_REACTORS
330
FE
102
}
330
FE
100
AcDbXrecord
280
     1
1000

1000
CAXA_DRAFT_DATUMSTYLE
1000
GB(1182-2008)
1000

1070
     2
1071
1090519039
1071
1090519039
1041
3.5
1041
1.0
1000
标准
1000
标准
1071
1090519039
1070
     0
1041
0.0
1071
        1
1071
1090519039
1070
     1
1071
        1
  0
XRECORD
  5
100
102
{ACAD_REACTORS
330
FE
102
}
330
FE
100
AcDbXrecord
280
     1
1000

1000
CAXA_DRAFT_DATUMSTYLE
1000
标准
1000

1070
     2
1071
1090519039
1071
1090519039
1041
3.5
1041
1.0
1000
标准
1000
标准
1071
1090519039
1070
     0
1041
0.0
1071
        1
1071
1090519039
1070
     1
1071
        1
  0
XRECORD
  5
103
102
{ACAD_REACTORS
330
102
102
}
330
102
100
AcDbXrecord
280
     1
1000

1000
CAXA_DRAFT_DATUMSTYLEOVERRIDE
1070
     0
1070
     0
1070
     0
1070
     0
1070
     0
1070
     0
1070
     0
1070
     0
1070
     0
1070
     0
1070
     0
1070
     0
1070
     0
1070
     0
1070
     0
1070
     0
  0
XRECORD
  5
1F4
102
{ACAD_REACTORS
330
1F3
102
}
330
1F3
100
AcDbXrecord
280
     1
1000

1000
CAXA_DRAFT_DIMSTYLE_ANGTXTVPOS
1070
     0
  0
XRECORD
  5
1F8
102
{ACAD_REACTORS
330
1F7
102
}
330
1F7
100
AcDbXrecord
280
     1
1000

1000
CAXA_DRAFT_DIMSTYLE_ISDISPZEROTOL
1070
     0
  0
XRECORD
  5
1F6
102
{ACAD_REACTORS
330
1F5
102
}
330
1F5
100
AcDbXrecord
280
     1
1000

1000
CAXA_DRAFT_DIMSTYLE_ISFILLDFM
1070
     1
  0
XRECORD
  5
1FA
102
{ACAD_REACTORS
330
1F9
102
}
330
1F9
100
AcDbXrecord
280
     1
1000

1000
CAXA_DRAFT_DIMSTYLE_SYMBOLCOLOR
1071
1090519039
  0
XRECORD
  5
1FC
102
{ACAD_REACTORS
330
1FB
102
}
330
1FB
100
AcDbXrecord
280
     1
1000
CAXA_DRAFT_DRAFTDATA
1071
     1085
1004
0800000030002E003000000026000000430061007800610044007200610066007400200044006F00630075006D0065006E00740000001A000000310037002E0030002E0030002E003100340030003000390000005C00000043006F007000790072006900670068007400200028006300290020003200300032003100200043
1004
004100580041002E00200041006C006C0020007200690067006800740073002000720065007300650072007600650064002E000000A7BCA7538571EC4F96F7CF97F45DBB9E0000000000000000000000000000000000000000EA07090002000F00090020003500740301000000000000000000000000000000000000000000
1004
00
1004
00000000000000000000000000000000000000000000000000000000000000000000000000000000000000000000000000000000000000000000000000000000000000000000000000000000000000000000000000000000000000000000000000000000000000000000000000000000000000000000000000000000000000
1004
00000000000000000000004E0000008F00E6002300F200C30091005300F200C300FE0027008200CC00E6003D008700B200960053009E00CD00E50056008400D900900056008A00C300950024008600B000910052008A00B100AE000000020000000E00000041007500740068006F00720000000C0000007700660065006900
1004
30
1004
0000001E000000500072006F006400750063007400560065007200730069006F006E0000000A000000320032002E0030000000000000000800000030002E0030000000000000000000000000000000000000000000000000000000000000000000000000000000000000000000000000000000000000000000000000000000
1004
00000000000000000000000000000000000000000000000000000000000000000000000000000000000000000000000000000000000000000000000000000000000000000000000000000000000000000000000000000000000000000000000000000000000000000800000030002E00300000000000000000000000000000
1004
00
1004
00000000000000000000000000000000000000000000000000000000000000000000000000000000000000000000000000000000000000000000000000000000000000000000000000000000000000000000000000000000000000000000000000000000000000000000000000000000000000000000000000000000000000
1004
0000000000000000000000000000000000000000000800000030002E003000000000000000000000000000000000000000000000000000000000000000000000000000000000000000000000000000000000000000000000000000000000000000000000000000000000000000000000000000000000000000000000000000
1004
00
1004
0000000000000000000000000000000000000000000000000000000000000000000000000000000000000000000000000000000000000000000000000000000000
  0
XRECORD
  5
D1
102
{ACAD_REACTORS
330
D0
102
}
330
D0
100
AcDbXrecord
280
     1
1000
CAXA_DRAFT_FILEVERSION
1000
17.0.0.14009
1000
10.1.0.000
1000
18.0.0.000.20170220
  0
XRECORD
  5
F9
102
{ACAD_REACTORS
330
F8
102
}
330
F8
100
AcDbXrecord
280
     1
1000

1000
CAXA_DRAFT_CURRENTGEOTOLSTYLE
1000
标准
  0
XRECORD
  5
FB
102
{ACAD_REACTORS
330
F8
102
}
330
F8
100
AcDbXrecord
280
     1
1000

1000
CAXA_DRAFT_GEOTOLSTYLE
1000
GB(1182-2008)
1000

1000
标准
1000
标准
1070
     1
1070
     0
1070
     0
1070
     0
1070
     1
1070
     0
1070
     3
1000
.
1070
     0
1070
     1
1070
     0
1070
     0
1070
     0
1070
     3
1041
1.0
1000
.
1070
     0
1070
     1
1070
     0
1000
Continuous
1071
1090519039
1071
1090519039
1041
3.5
1071
1090519039
1041
1.0
1071
1090519039
1071
        1
1070
     0
1070
     0
  0
XRECORD
  5
FA
102
{ACAD_REACTORS
330
F8
102
}
330
F8
100
AcDbXrecord
280
     1
1000

1000
CAXA_DRAFT_GEOTOLSTYLE
1000
标准
1000

1000
标准
1000
标准
1070
     1
1070
     0
1070
     0
1070
     0
1070
     1
1070
     0
1070
     3
1000
.
1070
     0
1070
     1
1070
     0
1070
     0
1070
     0
1070
     3
1041
1.0
1000
.
1070
     0
1070
     1
1070
     0
1000
Continuous
1071
1090519039
1071
1090519039
1041
3.5
1071
1090519039
1041
1.0
1071
1090519039
1071
        1
1070
     0
1070
     0
  0
XRECORD
  5
FD
102
{ACAD_REACTORS
330
FC
102
}
330
FC
100
AcDbXrecord
280
     1
1000

1000
CAXA_DRAFT_GEOTOLSTYLEOVERRIDE
1070
     0
1070
     0
1070
     0
1070
     0
1070
     0
1070
     0
1070
     0
1070
     0
1070
     0
1070
     0
1070
     0
1070
     0
1070
     0
1070
     0
1070
     0
1070
     0
1070
     0
1070
     0
1070
     0
1070
     0
1070
     0
1070
     0
1070
     0
1070
     0
1070
     0
1070
     0
1070
     0
1070
     0
1070
     0
1070
     0
  0
XRECORD
  5
EA
102
{ACAD_REACTORS
330
E9
102
}
330
E9
100
AcDbXrecord
280
     1
1000

1000
CAXA_DRAFT_CURRENTLEADERSTYLE
1000
标准
  0
XRECORD
  5
EB
102
{ACAD_REACTORS
330
E9
102
}
330
E9
100
AcDbXrecord
280
     1
1000

1000
CAXA_DRAFT_LEADERSTYLE
1000
标准
1000

1070
     1
1041
4.0
1041
0.0
1041
0.0
1041
3.5
1000
Continuous
1071
1090519039
1041
3.5
1070
     1
  0
XRECORD
  5
10B
102
{ACAD_REACTORS
330
10A
102
}
330
10A
100
AcDbXrecord
280
     1
1000

1000
CAXA_DRAFT_CURRENTPARTNOSTYLE
1000
标准
  0
XRECORD
  5
10D
102
{ACAD_REACTORS
330
10A
102
}
330
10A
100
AcDbXrecord
280
     1
1000

1000
CAXA_DRAFT_PARTNOSTYLE
1000
GB(4458.2-2003)
1000

1071
        0
1000
标准
1000
ByLayer
1041
5.0
1041
0.5
1071
        3
1041
2.0
1041
5.0
1041
10.0
1041
1.2
1041
1.1
1041
1.1
1071
        0
1000

1071
       -1
1071
       -1
1041
4.0
1041
1.0
1041
0.7
1041
0.9
1071
        1
1071
        1
1000
序号
1071
        1
1071
        2
1000

1000

1041
1.0
1071
        1
  0
XRECORD
  5
10C
102
{ACAD_REACTORS
330
10A
102
}
330
10A
100
AcDbXrecord
280
     1
1000

1000
CAXA_DRAFT_PARTNOSTYLE
1000
标准
1000

1071
        0
1000
标准
1000
ByLayer
1041
5.0
1041
0.5
1071
        3
1041
2.0
1041
5.0
1041
10.0
1041
1.2
1041
1.1
1041
1.1
1071
        0
1000

1071
       -1
1071
       -1
1041
4.0
1041
1.0
1041
0.7
1041
0.9
1071
        1
1071
        1
1000
序号
1071
        1
1071
        2
1000

1000

1041
1.0
1071
        1
  0
XRECORD
  5
10F
102
{ACAD_REACTORS
330
10E
102
}
330
10E
100
AcDbXrecord
280
     1
1000

1000
CAXA_DRAFT_PARTNOSTYLEOVERRIDE
1070
     0
1070
     0
1070
     0
1070
     0
1070
     0
1070
     0
1070
     0
1070
     0
1070
     0
1070
     0
1070
     0
1070
     0
1070
     0
1070
     0
1070
     0
1070
     0
  0
XRECORD
  5
F3
102
{ACAD_REACTORS
330
F2
102
}
330
F2
100
AcDbXrecord
280
     1
1000

1000
CAXA_DRAFT_CURRENTROUGHSTYLE
1000
标准
  0
XRECORD
  5
F5
102
{ACAD_REACTORS
330
F2
102
}
330
F2
100
AcDbXrecord
280
     1
1000

1000
CAXA_DRAFT_ROUGHSTYLE
1000
GB(131-93)
1000

1000
标准
1000
标准
1000
Continuous
1071
1090519039
1071
1090519039
1041
3.5
1041
1.0
1041
0.0
1071
        0
1041
0.0
1071
        0
1071
        1
1070
     1
1070
     0
1070
     0
  0
XRECORD
  5
F4
102
{ACAD_REACTORS
330
F2
102
}
330
F2
100
AcDbXrecord
280
     1
1000

1000
CAXA_DRAFT_ROUGHSTYLE
1000
标准
1000

1000
标准
1000
标准
1000
Continuous
1071
1090519039
1071
1090519039
1041
3.5
1041
1.0
1041
0.0
1071
        0
1041
0.0
1071
        0
1071
        1
1070
     1
1070
     0
1070
     0
  0
XRECORD
  5
F7
102
{ACAD_REACTORS
330
F6
102
}
330
F6
100
AcDbXrecord
280
     1
1000

1000
CAXA_DRAFT_ROUGHSTYLEOVERRIDE
1070
     0
1070
     0
1070
     0
1070
     0
1070
     0
1070
     0
1070
     0
1070
     0
1070
     0
1070
     0
1070
     0
1070
     0
  0
XRECORD
  5
1FE
102
{ACAD_REACTORS
330
1FD
102
}
330
1FD
100
AcDbXrecord
280
     1
1000
CAXA_DRAFT_STDDATA
1071
     5732
1004
1A000000310037002E0030002E0030002E003100340030003000390000001A0000002A005300740061006E0064006100720064004D006700720000003700000001000000000000000000F03F000000000100000006000000470042000000080000002A004700420000003800000006000000470042000000FFFF0000000080
1004
002D00000000008000E3FFFFFF0000000000000C40FFFFFF40010000000000000000001040FFFFFF4004000000FFFFFF40FFFF000000000C000000470042005F003A5CF85B0000060000000768C65100000D00000062180AC173A1D341AC13A517A280BD85100000002A00440049004D005300540044000000390000000100
1004
00
1004
00259DF64A6F542643BFC74B8B1F6D71FA020000000000020000000000000080002D0000000000010000000000010000000000010000000000010000000000020000000000010000000000010000000000010000000000010000000000020000000000FFFF000000000000244000000000000028400C000000470042005F00
1004
3A5CF85B0000020000000000C6214C6C6E2B124B990DDA77D01DDBDA140000002A0052004F0055004700480053005400440000003B00000001000000708C6003FCA6F84FA01B1854F3AD4C2918000000470042002F00540020003100330031002D0039003300000018000000470042002F00540020003100330031002D0039
1004
00
1004
33000000000080002E00000002000000020000000200000001000000020000000000FFFF09000000000000000400000030000000010000000100000004000000300000000100000002000000040000003000000001000000030000000400000030000000010000000400000004000000300000000100000006000000040000
1004
00300000000100000007000000040000003000000001000000080000000400000030000000010000000A000000040000003000000001000000160000004700420028003100330031002D00390033002900000018000000470042002F00540020003100330031002D003900330000005F702C7848A26047AA45EF6977F15D81
1004
12
1004
0000002A00570045004C00440053005400440000003D0000000100000009176A59B4AD5D40A81D3C0A9D8CD0312C0000004700420020003300320034002D00380038002C00200047004200200035003100380035002D003800350000002C0000004700420020003300320034002D00380038002C0020004700420020003500
1004
3100380035002D00380035000000000080002F0000000400000001000000190000000000000001000000FFFF0A0000007753B98F0A711D7F0000000000000100000001000000FFFF0A0000004900625F0A711D7F0000000000000200000001000000FFFF0A0000005600625F0A711D7F0000000000000300000001000000FF
1004
FF
1004
0E0000005553B98F5600625F0A711D7F0000000000000400000001000000FFFF10000000265E9D94B98F5600625F0A711D7F0000000000000500000001000000FFFF14000000265E9D94B98F5553B98F5600625F0A711D7F0000000000000600000001000000FFFF10000000265E9D94B98F5500625F0A711D7F0000000000
1004
000700000001000000FFFF10000000265E9D94B98F4A00625F0A711D7F0000000000000800000001000000FFFF0A000000015C955E0A711D7F0000000000000900000001000000FFFF08000000D2890A711D7F0000000000000A00000001000000FFFF100000005E580A711D7F1662FD690A711D7F0000000000000B000000
1004
01
1004
000000FFFF08000000B9700A711D7F0000000000000C00000001000000FFFF14000000B9700A711D7F28004F50BB792D4EC35F29000000000000000D00000001000000FFFF080000001D7F0A711D7F0000000000000E00000001000000FFFF140000001D7F0A711D7F28004F50BB792D4EC35F2900000000000000E8030000
1004
01000000FFFF120000006196A74F56008B576157E35306580A71000000000000E903000001000000FFFF160000005553B98F6196A74F56008B576157E35306580A71000000000000EA03000001000000FFFF0A000000EF7AA5630A711D7F000000000000EB03000001000000FFFF0A0000009862E053A563E3530000000000
1004
00
1004
EC03000001000000FFFF0A0000003E509C650A711D7F000000000000ED03000001000000FFFF0A00000006580A71A5633459000000000000EE03000001000000FFFF0A0000003E509C65A5633459000000000000F203000001000000FFFF0C000000EF53FB7964966C88AB57000000000000F303000001000000FFFF0A0000
1004
000163454E6C88AB57000000000000F403000001000000FFFF0C000000EF53FB7964966C88AB5700000000000002000000090000000000000001000000FFFF100000002C7B004ECD79735E6297267BF7530000000000000100000001000000FFFF100000002C7B8C4ECD79735E6297267BF753000000000000020000000100
1004
00
1004
00FFFF100000002C7B094ECD79735E6297267BF7530000000000000300000001000000FFFF100000002C7B004ECD79F9516297267BF7530000000000000400000001000000FFFF100000002C7B8C4ECD79F9516297267BF7530000000000000500000001000000FFFF100000002C7B004ECD79F8516297267BF75300000000
1004
00000600000001000000FFFF100000002C7B8C4ECD79F8516297267BF753000000000000F003000001000000FFFF0E000000BE8DE890735ED16EC78F216E000000000000F103000001000000FFFF0A0000004A52735E0A711D7F00000000000020000000090000000100000001000000FFFF0C000000265EAB577F67267BF7
1004
53
1004
0000000000000200000001000000FFFF0E000000094E62970A711D7F267BF7530000000000000400000001000000FFFF0E0000006854F4560A711D7F267BF7530000000000000800000001000000FFFF0A000000B0733A57267BF7530000000000001000000001000000FFFF0A0000003E5CE890267BF75300000000000020
1004
00000001000000FFFF12000000A44E1995AD65ED7E0A71A563267BF7530000000000004000000001000000FFFF0E000000094E62970A711D7F267BF7530000000000008000000001000000FFFF0E000000094E62970A711D7F267BF7530000000000000001000001000000FFFF0E000000094E62970A711D7F267BF7530000
1004
00
1004
00000040000000050000001000000001000000FFFF0C0000008755ED53625F0A711D7F0000000000001100000001000000FFFF100000005553B98F8755ED53625F0A711D7F0000000000001200000001000000FFFF0800000006580A711D7F0000000000001300000001000000FFFF0A0000000195B98F0A711D7F00000000
1004
00001400000001000000FFFF0A0000000195B98F6157E353000000000000160000004700420028003300320034002D0038003800290000002C0000004700420020003300320034002D00380038002C00200047004200200035003100380035002D0038003500000082D93BE9997F4041881A19EB1C8F9D46160000002A0047
1004
00
1004
45004F0054004F004C0053005400440000003F00000001000000DA579D9AD23AC242B38B91F0E32D71C81E000000470042002F005400200031003100380032002D00320030003000380000001E000000470042002F005400200031003100380032002D0032003000300038000000000080003000000002000000010000000E
1004
0000000000000001000000FFFF08000000F476BF7EA65E00000200000000000100000001000000FFFF08000000735E6297A65E00000200000000000200000001000000FFFF060000000657A65E00000200000000000300000001000000FFFF080000000657F167A65E00000200000000000400000001000000FFFF0A000000
1004
BF
1004
7E6E8FD35EA65E00000200000000000500000001000000FFFF0A00000062976E8FD35EA65E00000200000000000600000001000000FFFF08000000735E4C88A65E00000200000000000700000001000000FFFF080000008257F476A65E00000200000000000800000001000000FFFF080000003E509C65A65E000002000000
1004
00000900000001000000FFFF060000004D4F6E7F00000200000000000A00000001000000FFFF080000000C54748FA65E00000200000000000B00000001000000FFFF08000000F95BF079A65E00000200000000000C00000001000000FFFF080000000657F38DA85200000200000000000D00000001000000FFFF0800000068
1004
51
1004
F38DA85200000200000000000200000006000000FFFFFFFF01000000FFFF0E000000006727599E5B534F8189426C0000040000006D000000FFFFFFFF01000000FFFF0C000000F65E384F6C51EE5D265E00000400000070000000FFFFFFFF01000000FFFF0E00000000670F5C9E5B534F8189426C0000040000006C000000FF
1004
FFFFFF01000000FFFF0E000000EA813175B67201606167F64E00000400000066000000FFFFFFFF01000000FFFF0A0000000553B95B8189426C00000400000065000000FFFFFFFF01000000FFFF100000000D4E038051867972815F3A5CF85B000004000000720000001C00000047004200280031003100380032002D003200
1004
30
1004
0030003800290000001E000000470042002F005400200031003100380032002D00320030003000380000009C9ED3E9A127ED45BC38BDB2527851D1140000002A0044004100540055004D0053005400440000004100000001000000ABFD65BDD14B5A469C00E35FDA50A4141E000000470042002F0054002000310031003800
1004
32002D00320030003000380000001E000000470042002F005400200031003100380032002D003200300030003800000000008000310000001C00000047004200280031003100380032002D003200300030003800290000001E000000470042002F005400200031003100380032002D0032003000300038000000F527A1CFE2
1004
A4
1004
C24B8D50B0822447D51C120000002A004300550054005300530054004400000043000000010000000230145DFF6B0A4FAD5D7DE6F4E1A14220000000470042002F0054002000310037003400350032002D003100390039003800000020000000470042002F0054002000310037003400350032002D00310039003900380000
1004
00FFFF000000000000000000008000320000001E000000470042002800310037003400350032002D0031003900390038002900000020000000470042002F0054002000310037003400350032002D0031003900390038000000B4471AD2BD196342BD5B37F15E7019F5160000002A0050004100520054004E004F0053005400
1004
44
1004
0000004500000001000000C538618EBE14A64387B54D2A0BE42DC522000000470042002F005400200034003400350038002E0032002D003200300030003300000022000000470042002F005400200034003400350038002E0032002D0032003000300033000000FFFF02000000000080003300000020000000470042002800
1004
34003400350038002E0032002D0032003000300033002900000022000000470042002F005400200034003400350038002E0032002D0032003000300033000000B283886E965F1540BDADBD78F4779C6C100000002A0042004F004D00530054004400000047000000010000009E16704288DD1145BE6AD6C7BD512A9D220000
1004
00
1004
470042002F005400200034003400350038002E0032002D003200300030003300000022000000470042002F005400200034003400350038002E0032002D0032003000300033000000040000000100000001000000010000000100000001000000FFFF0100000000000100000001000000010000000100000001000000010000
1004
0001000000010000000100000000008000340000002000000047004200280034003400350038002E0032002D0032003000300033002900000022000000470042002F005400200034003400350038002E0032002D00320030003000330000004D03C971A7683844874BB3EDB2ECE4A11E0000002A00430045004E0054004500
1004
52
1004
004C0049004E00450053005400440000004900000001000000239CCD5064AB684FAAFCCD0171048ABB22000000470042002F005400200034003400350037002E0034002D003200300030003200000022000000470042002F005400200034003400350037002E0034002D003200300030003200000000000000000000000000
1004
0840333333333333F33FFFFF22000000470042002F005400200034003400350037002E0034002D003200300030003200000060E27056119B2C499C7549322AC316521E0000002A00440045005400410049004C00560049004500570053005400440000004B00000001000000FD693F42D5F0B04C9524885E6901AEBF1C0000
1004
00
1004
470042002F0054002000310034003600390030002D003900330000001C000000470042002F0054002000310034003600390030002D003900330000000000000000008000E3FFFFFF020000000000000000000C40FFFFFF4000008000F3FFFFFFFFFFFFFF0100000000000000000000000000104000000000060000000768C6
1004
51000010000000420079004C00610079006500720000001C000000470042002F0054002000310034003600390030002D00390033000000378324DF0EC65241979A18E3709AB2491A0000002A0048004F004C0045004C0049005300540053005400440000004D000000010000009FAC568DC972D34C8EDE1697EA2C4F3B0200
1004
00
1004
00000002000000000000000000000000000000000000000000000000000000000000000000000000000000040000000000000005000000020000000000010000000000000000002440000000000000010000000000000000000000020000000500000004000000580000000200000000000000000034400000000000000100
1004
0000010000000000000002000000050000000400000059000000030000000000000000003440000000000000010000000100000000000000020000000500000006000000545B845F0000040000000000000000003940000000000000010000000100000000000000020000000000589549FE22248744AF67DF08A8858E931C
1004
00
1004
00002A00440049004D004C004500410044004500520053005400440000004F000000010000009CB4A305A33EE242B7971B4FE93D0C5122000000470042002F005400200034003400350038002E0034002D003100390038003400000022000000470042002F005400200034003400350038002E0034002D0031003900380034
1004
000000FFFF010000000000000000001040FFFFFF400000000000000840FFFFFF400000000000008000350000001C000000470042005F00155FFA51F48B0E66280031003900380034002900000022000000470042002F005400200034003400350038002E0034002D003100390038003400000081C6337BDA0E9143B488CF0D
1004
53
1004
7FA318140000002A0054004100500045005200530054004400000051000000010000004AE75D8F20808C438F29EBD0D2D3A2CB44000000470042002F005400200034003400350038002E0034002D0032003000300033002C002000470042002F0054002000310035003700350034002D003100390039003500000044000000
1004
470042002F005400200034003400350038002E0034002D0032003000300033002C002000470042002F0054002000310035003700350034002D00310039003900350000000000000000000000040000003A000000010000000000000000001040FFFFFF400000000000000840FFFFFF40000080003600000018000000470042
1004
00
1004
5F002595A65E280032003000300033002900000044000000470042002F005400200034003400350038002E0034002D0032003000300033002C002000470042002F0054002000310035003700350034002D0031003900390035000000100000002A00440049004D00530054004400000006000000470042000000
  0
XRECORD
  5
ED
102
{ACAD_REACTORS
330
EC
102
}
330
EC
100
AcDbXrecord
280
     1
1000

1000
CAXA_DRAFT_CURRENTWELDSTYLE
1000
标准
  0
XRECORD
  5
EF
102
{ACAD_REACTORS
330
EC
102
}
330
EC
100
AcDbXrecord
280
     1
1000

1000
CAXA_DRAFT_WELDSTYLE
1000
GB(324-88)
1000

1000
标准
1000
标准
1041
0.3
1070
     0
1041
1.0
1041
0.5
1041
3.5
1041
1.0
1071
1090519039
1071
1090519039
1000
Dash
1041
0.0
1071
        0
1071
        1
1071
1090519039
  0
XRECORD
  5
EE
102
{ACAD_REACTORS
330
EC
102
}
330
EC
100
AcDbXrecord
280
     1
1000

1000
CAXA_DRAFT_WELDSTYLE
1000
标准
1000

1000
标准
1000
标准
1041
0.3
1070
     0
1041
1.0
1041
0.5
1041
3.5
1041
1.0
1071
1090519039
1071
1090519039
1000
Dash
1041
0.0
1071
        0
1071
        1
1071
1090519039
  0
XRECORD
  5
F1
102
{ACAD_REACTORS
330
F0
102
}
330
F0
100
AcDbXrecord
280
     1
1000

1000
CAXA_DRAFT_WELDSTYLEOVERRIDE
1070
     0
1070
     0
1070
     0
1070
     0
1070
     0
1070
     0
1070
     0
1070
     0
1070
     0
1070
     0
1070
     0
1070
     0
1070
     0
1070
     0
  0
DICTIONARY
  5
201
330
5A
100
AcDbDictionary
280
     1
281
     1
  3
ACAD_ROUNDTRIP_2008_TABLESTYLE_CELLSTYLEMAP
360
202
  0
DICTIONARY
  5
203
330
115
100
AcDbDictionary
280
     1
281
     1
  3
ACAD_ROUNDTRIP_2008_TABLESTYLE_CELLSTYLEMAP
360
204
  0
CELLSTYLEMAP
  5
202
102
{ACAD_REACTORS
330
201
102
}
330
201
100
AcDbCellStyleMap
 90
        3
300
CELLSTYLE
  1
TABLEFORMAT_BEGIN
 90
        5
170
     1
 91
        0
 92
    32768
 62
   257
 93
        1
300
CONTENTFORMAT
  1
CONTENTFORMAT_BEGIN
 90
        0
 91
        0
 92
        0
 93
        0
300

 40
0.0
140
1.0
 94
        5
 62
     0
340
11
144
6.0
309
CONTENTFORMAT_END
171
     1
301
MARGIN
  1
CELLMARGIN_BEGIN
 40
1.5
 40
1.5
 40
1.5
 40
1.5
 40
1.5
 40
1.5
309
CELLMARGIN_END
 94
        6
 95
        1
302
GRIDFORMAT
  1
GRIDFORMAT_BEGIN
 90
        0
 91
        1
 62
     0
 92
       -2
340
14
 93
        0
 40
0.045
309
GRIDFORMAT_END
 95
        2
302
GRIDFORMAT
  1
GRIDFORMAT_BEGIN
 90
        0
 91
        1
 62
     0
 92
       -2
340
14
 93
        0
 40
0.045
309
GRIDFORMAT_END
 95
        4
302
GRIDFORMAT
  1
GRIDFORMAT_BEGIN
 90
        0
 91
        1
 62
     0
 92
       -2
340
14
 93
        0
 40
0.045
309
GRIDFORMAT_END
 95
        8
302
GRIDFORMAT
  1
GRIDFORMAT_BEGIN
 90
        0
 91
        1
 62
     0
 92
       -2
340
14
 93
        0
 40
0.045
309
GRIDFORMAT_END
 95
       16
302
GRIDFORMAT
  1
GRIDFORMAT_BEGIN
 90
        0
 91
        1
 62
     0
 92
       -2
340
14
 93
        0
 40
0.045
309
GRIDFORMAT_END
 95
       32
302
GRIDFORMAT
  1
GRIDFORMAT_BEGIN
 90
        0
 91
        1
 62
     0
 92
       -2
340
14
 93
        0
 40
0.045
309
GRIDFORMAT_END
309
TABLEFORMAT_END
  1
CELLSTYLE_BEGIN
 90
        1
 91
        1
300
_TITLE
309
CELLSTYLE_END
300
CELLSTYLE
  1
TABLEFORMAT_BEGIN
 90
        5
170
     1
 91
        0
 92
        0
 62
   257
 93
        1
300
CONTENTFORMAT
  1
CONTENTFORMAT_BEGIN
 90
        0
 91
        0
 92
        0
 93
        0
300

 40
0.0
140
1.0
 94
        5
 62
     0
340
11
144
4.5
309
CONTENTFORMAT_END
171
     1
301
MARGIN
  1
CELLMARGIN_BEGIN
 40
1.5
 40
1.5
 40
1.5
 40
1.5
 40
1.5
 40
1.5
309
CELLMARGIN_END
 94
        6
 95
        1
302
GRIDFORMAT
  1
GRIDFORMAT_BEGIN
 90
        0
 91
        1
 62
     0
 92
       -2
340
14
 93
        0
 40
0.045
309
GRIDFORMAT_END
 95
        2
302
GRIDFORMAT
  1
GRIDFORMAT_BEGIN
 90
        0
 91
        1
 62
     0
 92
       -2
340
14
 93
        0
 40
0.045
309
GRIDFORMAT_END
 95
        4
302
GRIDFORMAT
  1
GRIDFORMAT_BEGIN
 90
        0
 91
        1
 62
     0
 92
       -2
340
14
 93
        0
 40
0.045
309
GRIDFORMAT_END
 95
        8
302
GRIDFORMAT
  1
GRIDFORMAT_BEGIN
 90
        0
 91
        1
 62
     0
 92
       -2
340
14
 93
        0
 40
0.045
309
GRIDFORMAT_END
 95
       16
302
GRIDFORMAT
  1
GRIDFORMAT_BEGIN
 90
        0
 91
        1
 62
     0
 92
       -2
340
14
 93
        0
 40
0.045
309
GRIDFORMAT_END
 95
       32
302
GRIDFORMAT
  1
GRIDFORMAT_BEGIN
 90
        0
 91
        1
 62
     0
 92
       -2
340
14
 93
        0
 40
0.045
309
GRIDFORMAT_END
309
TABLEFORMAT_END
  1
CELLSTYLE_BEGIN
 90
        2
 91
        1
300
_HEADER
309
CELLSTYLE_END
300
CELLSTYLE
  1
TABLEFORMAT_BEGIN
 90
        5
170
     1
 91
        0
 92
        0
 62
   257
 93
        1
300
CONTENTFORMAT
  1
CONTENTFORMAT_BEGIN
 90
        0
 91
        0
 92
        0
 93
        0
300

 40
0.0
140
1.0
 94
        2
 62
     0
340
11
144
4.5
309
CONTENTFORMAT_END
171
     1
301
MARGIN
  1
CELLMARGIN_BEGIN
 40
1.5
 40
1.5
 40
1.5
 40
1.5
 40
1.5
 40
1.5
309
CELLMARGIN_END
 94
        6
 95
        1
302
GRIDFORMAT
  1
GRIDFORMAT_BEGIN
 90
        0
 91
        1
 62
     0
 92
       -2
340
14
 93
        0
 40
0.045
309
GRIDFORMAT_END
 95
        2
302
GRIDFORMAT
  1
GRIDFORMAT_BEGIN
 90
        0
 91
        1
 62
     0
 92
       -2
340
14
 93
        0
 40
0.045
309
GRIDFORMAT_END
 95
        4
302
GRIDFORMAT
  1
GRIDFORMAT_BEGIN
 90
        0
 91
        1
 62
     0
 92
       -2
340
14
 93
        0
 40
0.045
309
GRIDFORMAT_END
 95
        8
302
GRIDFORMAT
  1
GRIDFORMAT_BEGIN
 90
        0
 91
        1
 62
     0
 92
       -2
340
14
 93
        0
 40
0.045
309
GRIDFORMAT_END
 95
       16
302
GRIDFORMAT
  1
GRIDFORMAT_BEGIN
 90
        0
 91
        1
 62
     0
 92
       -2
340
14
 93
        0
 40
0.045
309
GRIDFORMAT_END
 95
       32
302
GRIDFORMAT
  1
GRIDFORMAT_BEGIN
 90
        0
 91
        1
 62
     0
 92
       -2
340
14
 93
        0
 40
0.045
309
GRIDFORMAT_END
309
TABLEFORMAT_END
  1
CELLSTYLE_BEGIN
 90
        3
 91
        2
300
_DATA
309
CELLSTYLE_END
  0
CELLSTYLEMAP
  5
204
102
{ACAD_REACTORS
330
203
102
}
330
203
100
AcDbCellStyleMap
 90
        3
300
CELLSTYLE
  1
TABLEFORMAT_BEGIN
 90
        5
170
     1
 91
        0
 92
    32768
 62
   257
 93
        1
300
CONTENTFORMAT
  1
CONTENTFORMAT_BEGIN
 90
        0
 91
        0
 92
        0
 93
        0
300

 40
0.0
140
1.0
 94
        5
 62
     0
340
DE
144
6.0
309
CONTENTFORMAT_END
171
     1
301
MARGIN
  1
CELLMARGIN_BEGIN
 40
1.5
 40
1.5
 40
1.5
 40
1.5
 40
0.06
 40
0.06
309
CELLMARGIN_END
 94
        6
 95
        1
302
GRIDFORMAT
  1
GRIDFORMAT_BEGIN
 90
        0
 91
        1
 62
     0
 92
       -2
340
14
 93
        0
 40
0.045
309
GRIDFORMAT_END
 95
        2
302
GRIDFORMAT
  1
GRIDFORMAT_BEGIN
 90
        0
 91
        1
 62
     0
 92
       -2
340
14
 93
        0
 40
0.045
309
GRIDFORMAT_END
 95
        4
302
GRIDFORMAT
  1
GRIDFORMAT_BEGIN
 90
        0
 91
        1
 62
     0
 92
       -2
340
14
 93
        0
 40
0.045
309
GRIDFORMAT_END
 95
        8
302
GRIDFORMAT
  1
GRIDFORMAT_BEGIN
 90
        0
 91
        1
 62
     0
 92
       -2
340
14
 93
        0
 40
0.045
309
GRIDFORMAT_END
 95
       16
302
GRIDFORMAT
  1
GRIDFORMAT_BEGIN
 90
        0
 91
        1
 62
     0
 92
       -2
340
14
 93
        0
 40
0.045
309
GRIDFORMAT_END
 95
       32
302
GRIDFORMAT
  1
GRIDFORMAT_BEGIN
 90
        0
 91
        1
 62
     0
 92
       -2
340
14
 93
        0
 40
0.045
309
GRIDFORMAT_END
309
TABLEFORMAT_END
  1
CELLSTYLE_BEGIN
 90
        1
 91
        0
300
_TITLE
309
CELLSTYLE_END
300
CELLSTYLE
  1
TABLEFORMAT_BEGIN
 90
        5
170
     1
 91
        0
 92
        0
 62
   257
 93
        1
300
CONTENTFORMAT
  1
CONTENTFORMAT_BEGIN
 90
        0
 91
        0
 92
        0
 93
        0
300

 40
0.0
140
1.0
 94
        5
 62
     0
340
DE
144
4.5
309
CONTENTFORMAT_END
171
     1
301
MARGIN
  1
CELLMARGIN_BEGIN
 40
1.5
 40
1.5
 40
1.5
 40
1.5
 40
0.06
 40
0.06
309
CELLMARGIN_END
 94
        6
 95
        1
302
GRIDFORMAT
  1
GRIDFORMAT_BEGIN
 90
        0
 91
        1
 62
     0
 92
       -2
340
14
 93
        0
 40
0.045
309
GRIDFORMAT_END
 95
        2
302
GRIDFORMAT
  1
GRIDFORMAT_BEGIN
 90
        0
 91
        1
 62
     0
 92
       -2
340
14
 93
        0
 40
0.045
309
GRIDFORMAT_END
 95
        4
302
GRIDFORMAT
  1
GRIDFORMAT_BEGIN
 90
        0
 91
        1
 62
     0
 92
       -2
340
14
 93
        0
 40
0.045
309
GRIDFORMAT_END
 95
        8
302
GRIDFORMAT
  1
GRIDFORMAT_BEGIN
 90
        0
 91
        1
 62
     0
 92
       -2
340
14
 93
        0
 40
0.045
309
GRIDFORMAT_END
 95
       16
302
GRIDFORMAT
  1
GRIDFORMAT_BEGIN
 90
        0
 91
        1
 62
     0
 92
       -2
340
14
 93
        0
 40
0.045
309
GRIDFORMAT_END
 95
       32
302
GRIDFORMAT
  1
GRIDFORMAT_BEGIN
 90
        0
 91
        1
 62
     0
 92
       -2
340
14
 93
        0
 40
0.045
309
GRIDFORMAT_END
309
TABLEFORMAT_END
  1
CELLSTYLE_BEGIN
 90
        2
 91
        0
300
_HEADER
309
CELLSTYLE_END
300
CELLSTYLE
  1
TABLEFORMAT_BEGIN
 90
        5
170
     1
 91
        0
 92
        0
 62
   257
 93
        1
300
CONTENTFORMAT
  1
CONTENTFORMAT_BEGIN
 90
        0
 91
        0
 92
        0
 93
        0
300

 40
0.0
140
1.0
 94
        2
 62
     0
340
DE
144
4.5
309
CONTENTFORMAT_END
171
     1
301
MARGIN
  1
CELLMARGIN_BEGIN
 40
1.5
 40
1.5
 40
1.5
 40
1.5
 40
0.06
 40
0.06
309
CELLMARGIN_END
 94
        6
 95
        1
302
GRIDFORMAT
  1
GRIDFORMAT_BEGIN
 90
        0
 91
        1
 62
     0
 92
       -2
340
14
 93
        0
 40
0.045
309
GRIDFORMAT_END
 95
        2
302
GRIDFORMAT
  1
GRIDFORMAT_BEGIN
 90
        0
 91
        1
 62
     0
 92
       -2
340
14
 93
        0
 40
0.045
309
GRIDFORMAT_END
 95
        4
302
GRIDFORMAT
  1
GRIDFORMAT_BEGIN
 90
        0
 91
        1
 62
     0
 92
       -2
340
14
 93
        0
 40
0.045
309
GRIDFORMAT_END
 95
        8
302
GRIDFORMAT
  1
GRIDFORMAT_BEGIN
 90
        0
 91
        1
 62
     0
 92
       -2
340
14
 93
        0
 40
0.045
309
GRIDFORMAT_END
 95
       16
302
GRIDFORMAT
  1
GRIDFORMAT_BEGIN
 90
        0
 91
        1
 62
     0
 92
       -2
340
14
 93
        0
 40
0.045
309
GRIDFORMAT_END
 95
       32
302
GRIDFORMAT
  1
GRIDFORMAT_BEGIN
 90
        0
 91
        1
 62
     0
 92
       -2
340
14
 93
        0
 40
0.045
309
GRIDFORMAT_END
309
TABLEFORMAT_END
  1
CELLSTYLE_BEGIN
 90
        3
 91
        0
300
_DATA
309
CELLSTYLE_END
  0
ENDSEC
  0
EOF
