  0
SECTION
  2
HEADER
  9
$ACADVER
  1
AC1032
  9
$ACADMAINTVER
 90
       55
  9
$DWGCODEPAGE
  3
ANSI_936
  9
$LASTSAVEDBY
  1
wfei0
  9
$REQUIREDVERSIONS
160
                 0
  9
$INSBASE
 10
0.0
 20
0.0
 30
0.0
  9
$EXTMIN
 10
-3565.871957540433
 20
-1836.489392802966
 30
0.0
  9
$EXTMAX
 10
3496.269348442625
 20
1085.518279831294
 30
0.0
  9
$LIMMIN
 10
0.0
 20
0.0
  9
$LIMMAX
 10
420.0
 20
297.0
  9
$ORTHOMODE
 70
     0
  9
$REGENMODE
 70
     1
  9
$FILLMODE
 70
     1
  9
$QTEXTMODE
 70
     0
  9
$MIRRTEXT
 70
     1
  9
$LTSCALE
 40
1.0
  9
$ATTMODE
 70
     1
  9
$TEXTSIZE
 40
2.5
  9
$TRACEWID
 40
1.0
  9
$TEXTSTYLE
  7
Standard
  9
$CLAYER
  8
0
  9
$CELTYPE
  6
ByLayer
  9
$CECOLOR
 62
   256
  9
$CELTSCALE
 40
1.0
  9
$DISPSILH
 70
     0
  9
$DIMSCALE
 40
1.0
  9
$DIMASZ
 40
2.5
  9
$DIMEXO
 40
0.625
  9
$DIMDLI
 40
3.75
  9
$DIMRND
 40
0.0
  9
$DIMDLE
 40
5.0
  9
$DIMEXE
 40
1.25
  9
$DIMTP
 40
0.0
  9
$DIMTM
 40
0.0
  9
$DIMTXT
 40
2.5
  9
$DIMCEN
 40
2.5
  9
$DIMTSZ
 40
0.0
  9
$DIMTOL
 70
     0
  9
$DIMLIM
 70
     0
  9
$DIMTIH
 70
     0
  9
$DIMTOH
 70
     0
  9
$DIMSE1
 70
     0
  9
$DIMSE2
 70
     0
  9
$DIMTAD
 70
     1
  9
$DIMZIN
 70
     8
  9
$DIMBLK
  1

  9
$DIMASO
 70
     1
  9
$DIMSHO
 70
     1
  9
$DIMPOST
  1

  9
$DIMAPOST
  1

  9
$DIMALT
 70
     0
  9
$DIMALTD
 70
     3
  9
$DIMALTF
 40
0.03937007874
  9
$DIMLFAC
 40
1.0
  9
$DIMTOFL
 70
     1
  9
$DIMTVP
 40
0.0
  9
$DIMTIX
 70
     0
  9
$DIMSOXD
 70
     0
  9
$DIMSAH
 70
     0
  9
$DIMBLK1
  1

  9
$DIMBLK2
  1

  9
$DIMSTYLE
  2
Standard
  9
$DIMCLRD
 70
     0
  9
$DIMCLRE
 70
     0
  9
$DIMCLRT
 70
     0
  9
$DIMTFAC
 40
1.0
  9
$DIMGAP
 40
0.625
  9
$DIMJUST
 70
     0
  9
$DIMSD1
 70
     0
  9
$DIMSD2
 70
     0
  9
$DIMTOLJ
 70
     1
  9
$DIMTZIN
 70
     8
  9
$DIMALTZ
 70
     0
  9
$DIMALTTZ
 70
     0
  9
$DIMUPT
 70
     0
  9
$DIMDEC
 70
     2
  9
$DIMTDEC
 70
     2
  9
$DIMALTU
 70
     2
  9
$DIMALTTD
 70
     3
  9
$DIMTXSTY
  7
Standard
  9
$DIMAUNIT
 70
     0
  9
$DIMADEC
 70
     0
  9
$DIMALTRND
 40
0.0
  9
$DIMAZIN
 70
     0
  9
$DIMDSEP
 70
    44
  9
$DIMATFIT
 70
     3
  9
$DIMFRAC
 70
     0
  9
$DIMLDRBLK
  1

  9
$DIMLUNIT
 70
     2
  9
$DIMLWD
 70
    -2
  9
$DIMLWE
 70
    -2
  9
$DIMTMOVE
 70
     0
  9
$DIMFXL
 40
1.0
  9
$DIMFXLON
 70
     0
  9
$DIMJOGANG
 40
0.7853981633974483
  9
$DIMTFILL
 70
     0
  9
$DIMTFILLCLR
 70
     0
  9
$DIMARCSYM
 70
     0
  9
$DIMLTYPE
  6
Continuous
  9
$DIMLTEX1
  6
Continuous
  9
$DIMLTEX2
  6
Continuous
  9
$DIMTXTDIRECTION
 70
     0
  9
$LUNITS
 70
     2
  9
$LUPREC
 70
     4
  9
$SKETCHINC
 40
1.0
  9
$FILLETRAD
 40
0.0
  9
$AUNITS
 70
     0
  9
$AUPREC
 70
     0
  9
$MENU
  1
.
  9
$ELEVATION
 40
0.0
  9
$PELEVATION
 40
0.0
  9
$THICKNESS
 40
0.0
  9
$LIMCHECK
 70
     0
  9
$CHAMFERA
 40
0.0
  9
$CHAMFERB
 40
0.0
  9
$CHAMFERC
 40
0.0
  9
$CHAMFERD
 40
0.0
  9
$SKPOLY
 70
     0
  9
$TDCREATE
 40
2461026.581292315
  9
$TDUCREATE
 40
2461026.247958981
  9
$TDUPDATE
 40
2461026.581292662
  9
$TDUUPDATE
 40
2461026.247959329
  9
$TDINDWG
 40
0.0000000116
  9
$TDUSRTIMER
 40
0.0000000116
  9
$USRTIMER
 70
     1
  9
$ANGBASE
 50
0.0
  9
$ANGDIR
 70
     0
  9
$PDMODE
 70
     0
  9
$PDSIZE
 40
-5.0
  9
$PLINEWID
 40
0.0
  9
$SPLFRAME
 70
     0
  9
$SPLINETYPE
 70
     6
  9
$SPLINESEGS
 70
     8
  9
$HANDSEED
  5
343
  9
$SURFTAB1
 70
     6
  9
$SURFTAB2
 70
     6
  9
$SURFTYPE
 70
     6
  9
$SURFU
 70
     6
  9
$SURFV
 70
     6
  9
$UCSBASE
  2

  9
$UCSNAME
  2

  9
$UCSORG
 10
0.0
 20
0.0
 30
0.0
  9
$UCSXDIR
 10
1.0
 20
0.0
 30
0.0
  9
$UCSYDIR
 10
0.0
 20
1.0
 30
0.0
  9
$UCSORTHOREF
  2

  9
$UCSORTHOVIEW
 70
     0
  9
$UCSORGTOP
 10
0.0
 20
0.0
 30
0.0
  9
$UCSORGBOTTOM
 10
0.0
 20
0.0
 30
0.0
  9
$UCSORGLEFT
 10
0.0
 20
0.0
 30
0.0
  9
$UCSORGRIGHT
 10
0.0
 20
0.0
 30
0.0
  9
$UCSORGFRONT
 10
0.0
 20
0.0
 30
0.0
  9
$UCSORGBACK
 10
0.0
 20
0.0
 30
0.0
  9
$PUCSBASE
  2

  9
$PUCSNAME
  2

  9
$PUCSORG
 10
0.0
 20
0.0
 30
0.0
  9
$PUCSXDIR
 10
1.0
 20
0.0
 30
0.0
  9
$PUCSYDIR
 10
0.0
 20
1.0
 30
0.0
  9
$PUCSORTHOREF
  2

  9
$PUCSORTHOVIEW
 70
     0
  9
$PUCSORGTOP
 10
0.0
 20
0.0
 30
0.0
  9
$PUCSORGBOTTOM
 10
0.0
 20
0.0
 30
0.0
  9
$PUCSORGLEFT
 10
0.0
 20
0.0
 30
0.0
  9
$PUCSORGRIGHT
 10
0.0
 20
0.0
 30
0.0
  9
$PUCSORGFRONT
 10
0.0
 20
0.0
 30
0.0
  9
$PUCSORGBACK
 10
0.0
 20
0.0
 30
0.0
  9
$USERI1
 70
     0
  9
$USERI2
 70
     0
  9
$USERI3
 70
     0
  9
$USERI4
 70
     0
  9
$USERI5
 70
     0
  9
$USERR1
 40
0.0
  9
$USERR2
 40
0.0
  9
$USERR3
 40
0.0
  9
$USERR4
 40
0.0
  9
$USERR5
 40
0.0
  9
$WORLDVIEW
 70
     1
  9
$SHADEDGE
 70
     3
  9
$SHADEDIF
 70
    70
  9
$TILEMODE
 70
     1
  9
$MAXACTVP
 70
    64
  9
$PINSBASE
 10
0.0
 20
0.0
 30
0.0
  9
$PLIMCHECK
 70
     0
  9
$PEXTMIN
 10
1.000000000000000E+20
 20
1.000000000000000E+20
 30
1.000000000000000E+20
  9
$PEXTMAX
 10
-1.000000000000000E+20
 20
-1.000000000000000E+20
 30
-1.000000000000000E+20
  9
$PLIMMIN
 10
0.0
 20
0.0
  9
$PLIMMAX
 10
420.0
 20
297.0
  9
$UNITMODE
 70
     0
  9
$VISRETAIN
 70
     1
  9
$PLINEGEN
 70
     0
  9
$PSLTSCALE
 70
     1
  9
$TREEDEPTH
 70
  3020
  9
$CMLSTYLE
  2
Standard
  9
$CMLJUST
 70
     0
  9
$CMLSCALE
 40
20.0
  9
$PROXYGRAPHICS
 70
     1
  9
$MEASUREMENT
 70
     1
  9
$CELWEIGHT
370
    -1
  9
$ENDCAPS
280
     0
  9
$JOINSTYLE
280
     0
  9
$LWDISPLAY
290
     0
  9
$INSUNITS
 70
     4
  9
$HYPERLINKBASE
  1

  9
$STYLESHEET
  1

  9
$XEDIT
290
     1
  9
$CEPSNTYPE
380
     0
  9
$PSTYLEMODE
290
     1
  9
$FINGERPRINTGUID
  2
{d76f7d33-3aa2-448f-82ac-b98693249c5d}
  9
$VERSIONGUID
  2
{FAEB1C32-E019-11D5-929B-00C0DF256EC4}
  9
$EXTNAMES
290
     1
  9
$PSVPSCALE
 40
0.0
  9
$OLESTARTUP
290
     0
  9
$SORTENTS
280
   127
  9
$INDEXCTL
280
     0
  9
$HIDETEXT
280
     1
  9
$XCLIPFRAME
280
     2
  9
$HALOGAP
280
     0
  9
$OBSCOLOR
 70
   257
  9
$OBSLTYPE
280
     0
  9
$INTERSECTIONDISPLAY
280
     0
  9
$INTERSECTIONCOLOR
 70
   257
  9
$DIMASSOC
280
     2
  9
$PROJECTNAME
  1

  9
$CAMERADISPLAY
290
     0
  9
$LENSLENGTH
 40
50.0
  9
$CAMERAHEIGHT
 40
0.0
  9
$STEPSPERSEC
 40
2.0
  9
$STEPSIZE
 40
6.0
  9
$3DDWFPREC
 40
2.0
  9
$PSOLWIDTH
 40
5.0
  9
$PSOLHEIGHT
 40
80.0
  9
$LOFTANG1
 40
1.570796326794897
  9
$LOFTANG2
 40
1.570796326794897
  9
$LOFTMAG1
 40
0.0
  9
$LOFTMAG2
 40
0.0
  9
$LOFTPARAM
 70
     7
  9
$LOFTNORMALS
280
     1
  9
$LATITUDE
 40
37.795
  9
$LONGITUDE
 40
-122.394
  9
$NORTHDIRECTION
 40
0.0
  9
$TIMEZONE
 70
 -8000
  9
$LIGHTGLYPHDISPLAY
280
     1
  9
$TILEMODELIGHTSYNCH
280
     1
  9
$CMATERIAL
347
44
  9
$SOLIDHIST
280
     0
  9
$SHOWHIST
280
     1
  9
$DWFFRAME
280
     2
  9
$DGNFRAME
280
     2
  9
$REALWORLDSCALE
290
     1
  9
$INTERFERECOLOR
 62
   256
  9
$CSHADOW
280
     0
  9
$SHADOWPLANELOCATION
 40
0.0
  0
ENDSEC
  0
SECTION
  2
CLASSES
  0
CLASS
  1
ACDBDICTIONARYWDFLT
  2
AcDbDictionaryWithDefault
  3
ObjectDBX Classes
 90
        0
 91
        3
280
     0
281
     0
  0
CLASS
  1
VISUALSTYLE
  2
AcDbVisualStyle
  3
ObjectDBX Classes
 90
     4095
 91
        3
280
     0
281
     0
  0
CLASS
  1
MATERIAL
  2
AcDbMaterial
  3
ObjectDBX Classes
 90
     1153
 91
        3
280
     0
281
     0
  0
CLASS
  1
SCALE
  2
AcDbScale
  3
ObjectDBX Classes
 90
     1153
 91
        3
280
     0
281
     0
  0
CLASS
  1
TABLESTYLE
  2
AcDbTableStyle
  3
ObjectDBX Classes
 90
     4095
 91
        3
280
     0
281
     0
  0
CLASS
  1
MLEADERSTYLE
  2
AcDbMLeaderStyle
  3
ACDB_MLEADERSTYLE_CLASS
 90
     4095
 91
        3
280
     0
281
     0
  0
CLASS
  1
SUN
  2
AcDbSun
  3
SCENEOE
 90
     1153
 91
        3
280
     0
281
     0
  0
CLASS
  1
WIPEOUTVARIABLES
  2
AcDbWipeoutVariables
  3
WipeOut|AutoCAD Express Tool|expresstools@autodesk.com
 90
        0
 91
        3
280
     0
281
     0
  0
CLASS
  1
DICTIONARYVAR
  2
AcDbDictionaryVar
  3
ObjectDBX Classes
 90
        0
 91
        3
280
     0
281
     0
  0
CLASS
  1
CELLSTYLEMAP
  2
AcDbCellStyleMap
  3
ObjectDBX Classes
 90
     1152
 91
        3
280
     0
281
     0
  0
ENDSEC
  0
SECTION
  2
TABLES
  0
TABLE
  2
VPORT
  5
8
330
0
100
AcDbSymbolTable
 70
     1
  0
VPORT
  5
29
330
8
100
AcDbSymbolTableRecord
100
AcDbViewportTableRecord
  2
*Active
 70
     0
 10
0.0
 20
0.0
 11
1.0
 21
1.0
 12
-34.80130454890377
 22
-375.4855564858362
 13
0.0
 23
0.0
 14
0.5
 24
0.5
 15
0.5
 25
0.5
 16
0.0
 26
0.0
 36
1.0
 17
0.0
 27
0.0
 37
0.0
 40
2922.00767263426
 41
2.41687979539642
 42
50.0
 43
0.0
 44
0.0
 50
0.0
 51
0.0
 71
     0
 72
   100
 73
     1
 74
     3
 75
     0
 76
     0
 77
     0
 78
     0
281
     0
 65
     1
110
0.0
120
0.0
130
0.0
111
1.0
121
0.0
131
0.0
112
0.0
122
1.0
132
0.0
 79
     0
146
0.0
348
2F
 60
     3
 61
     5
292
     1
282
     1
141
0.0
142
0.0
 63
   250
361
5D
  0
ENDTAB
  0
TABLE
  2
LTYPE
  5
5
330
0
100
AcDbSymbolTable
 70
     4
  0
LTYPE
  5
14
330
5
100
AcDbSymbolTableRecord
100
AcDbLinetypeTableRecord
  2
ByBlock
 70
     0
  3

 72
    65
 73
     0
 40
0.0
  0
LTYPE
  5
15
330
5
100
AcDbSymbolTableRecord
100
AcDbLinetypeTableRecord
  2
ByLayer
 70
     0
  3

 72
    65
 73
     0
 40
0.0
  0
LTYPE
  5
16
330
5
100
AcDbSymbolTableRecord
100
AcDbLinetypeTableRecord
  2
Continuous
 70
     0
  3
Solid line
 72
    65
 73
     0
 40
0.0
  0
LTYPE
  5
D2
330
5
100
AcDbSymbolTableRecord
100
AcDbLinetypeTableRecord
  2
虚线
 70
     0
  3
虚线: __ __ __ __ __ __ __ __ __ __ __ __ __
 72
    65
 73
     4
 40
18.0
 49
9.0
 74
     0
 49
-9.0
 74
     0
 49
0.0
 74
     0
 49
0.0
 74
     0
  0
LTYPE
  5
D3
330
5
100
AcDbSymbolTableRecord
100
AcDbLinetypeTableRecord
  2
点画线
 70
     0
  3
点画线: ____ . ____ . ____ . ____ . ____ . ____
 72
    65
 73
     6
 40
162.0
 49
108.0
 74
     0
 49
-18.0
 74
     0
 49
18.0
 74
     0
 49
-18.0
 74
     0
 49
0.0
 74
     0
 49
0.0
 74
     0
  0
LTYPE
  5
D4
330
5
100
AcDbSymbolTableRecord
100
AcDbLinetypeTableRecord
  2
双点画线
 70
     0
  3
双点画线: ____ . . ____ . . ____ . . ____ . . ____ 
 72
    65
 73
     6
 40
22.0
 49
12.0
 74
     0
 49
-2.0
 74
     0
 49
2.0
 74
     0
 49
-2.0
 74
     0
 49
2.0
 74
     0
 49
-2.0
 74
     0
  0
ENDTAB
  0
TABLE
  2
LAYER
  5
2
330
0
100
AcDbSymbolTable
 70
     9
  0
LAYER
  5
10
330
2
100
AcDbSymbolTableRecord
100
AcDbLayerTableRecord
  2
0
 70
     0
 62
     7
  6
Continuous
370
    18
390
F
347
46
348
0
1001
AcAecLayerStandard
1000

1000

  0
LAYER
  5
D6
330
2
100
AcDbSymbolTableRecord
100
AcDbLayerTableRecord
  2
中心线层
 70
     0
 62
     1
  6
点画线
370
    18
390
F
347
46
348
0
1001
AcAecLayerStandard
1000

1000

  0
LAYER
  5
D7
330
2
100
AcDbSymbolTableRecord
100
AcDbLayerTableRecord
  2
虚线层
 70
     0
 62
     6
  6
虚线
370
    18
390
F
347
46
348
0
1001
AcAecLayerStandard
1000

1000

  0
LAYER
  5
D8
330
2
100
AcDbSymbolTableRecord
100
AcDbLayerTableRecord
  2
细实线层
 70
     0
 62
     7
  6
Continuous
370
    18
390
F
347
46
348
0
1001
AcAecLayerStandard
1000

1000

  0
LAYER
  5
D9
330
2
100
AcDbSymbolTableRecord
100
AcDbLayerTableRecord
  2
粗实线层
 70
     0
 62
     7
  6
Continuous
370
    35
390
F
347
46
348
0
1001
AcAecLayerStandard
1000

1000

  0
LAYER
  5
DA
330
2
100
AcDbSymbolTableRecord
100
AcDbLayerTableRecord
  2
尺寸线层
 70
     0
 62
     3
  6
Continuous
370
    18
390
F
347
46
348
0
1001
AcAecLayerStandard
1000

1000

  0
LAYER
  5
DB
330
2
100
AcDbSymbolTableRecord
100
AcDbLayerTableRecord
  2
剖面线层
 70
     0
 62
     4
  6
Continuous
370
    18
390
F
347
46
348
0
1001
AcAecLayerStandard
1000

1000

  0
LAYER
  5
DC
330
2
100
AcDbSymbolTableRecord
100
AcDbLayerTableRecord
  2
隐藏层
 70
     0
 62
    -7
  6
Continuous
370
    18
390
F
347
46
348
0
1001
AcAecLayerStandard
1000

1000

  0
LAYER
  5
DD
330
2
100
AcDbSymbolTableRecord
100
AcDbLayerTableRecord
  2
Defpoints
 70
     0
 62
     7
  6
Continuous
290
     0
370
    18
390
F
347
46
348
0
1001
AcAecLayerStandard
1000

1000

  0
ENDTAB
  0
TABLE
  2
STYLE
  5
3
330
0
100
AcDbSymbolTable
 70
     2
  0
STYLE
  5
11
330
3
100
AcDbSymbolTableRecord
100
AcDbTextStyleTableRecord
  2
Standard
 70
     0
 40
0.0
 41
1.0
 50
0.0
 71
     0
 42
3.5
  3
txt
  4

1001
CAXA_DRAFT_TXTSTYLE
1041
0.0
1041
1.667
1001
ACAD
1000
宋体
1071
    34306
  0
STYLE
  5
DE
330
3
100
AcDbSymbolTableRecord
100
AcDbTextStyleTableRecord
  2
标准
 70
     0
 40
0.0
 41
0.667
 50
0.0
 71
     0
 42
2.5
  3

  4

1001
CAXA_DRAFT_TXTSTYLE
1041
0.1
1041
1.918
1001
ACAD
1000
宋体
1071
    34306
  0
ENDTAB
  0
TABLE
  2
VIEW
  5
6
330
0
100
AcDbSymbolTable
 70
     0
  0
ENDTAB
  0
TABLE
  2
UCS
  5
7
330
0
100
AcDbSymbolTable
 70
     0
  0
ENDTAB
  0
TABLE
  2
APPID
  5
9
330
0
100
AcDbSymbolTable
 70
   117
  0
APPID
  5
12
330
9
100
AcDbSymbolTableRecord
100
AcDbRegAppTableRecord
  2
ACAD
 70
     0
  0
APPID
  5
5E
330
9
100
AcDbSymbolTableRecord
100
AcDbRegAppTableRecord
  2
CAXA_DRAFT_PAPERORDER
 70
     0
  0
APPID
  5
5F
330
9
100
AcDbSymbolTableRecord
100
AcDbRegAppTableRecord
  2
CAXA_DRAFT_ROUGH
 70
     0
  0
APPID
  5
60
330
9
100
AcDbSymbolTableRecord
100
AcDbRegAppTableRecord
  2
CAXA_DRAFT_ROUGH_STD
 70
     0
  0
APPID
  5
61
330
9
100
AcDbSymbolTableRecord
100
AcDbRegAppTableRecord
  2
CAXA_DRAFT_FORMATED_TXT
 70
     0
  0
APPID
  5
62
330
9
100
AcDbSymbolTableRecord
100
AcDbRegAppTableRecord
  2
CAXA_DRAFT_DATUM
 70
     0
  0
APPID
  5
63
330
9
100
AcDbSymbolTableRecord
100
AcDbRegAppTableRecord
  2
CAXA_DRAFT_WELD
 70
     0
  0
APPID
  5
64
330
9
100
AcDbSymbolTableRecord
100
AcDbRegAppTableRecord
  2
CAXA_DRAFT_GEOTOL
 70
     0
  0
APPID
  5
65
330
9
100
AcDbSymbolTableRecord
100
AcDbRegAppTableRecord
  2
CAXA_DRAFT_CUTS
 70
     0
  0
APPID
  5
66
330
9
100
AcDbSymbolTableRecord
100
AcDbRegAppTableRecord
  2
CAXA_DRAFT_DIMHALF
 70
     0
  0
APPID
  5
67
330
9
100
AcDbSymbolTableRecord
100
AcDbRegAppTableRecord
  2
CAXA_DRAFT_DIMRAY
 70
     0
  0
APPID
  5
68
330
9
100
AcDbSymbolTableRecord
100
AcDbRegAppTableRecord
  2
CAXA_DRAFT_DIMARCLEN
 70
     0
  0
APPID
  5
69
330
9
100
AcDbSymbolTableRecord
100
AcDbRegAppTableRecord
  2
CAXA_DRAFT_DIMTAPER
 70
     0
  0
APPID
  5
6A
330
9
100
AcDbSymbolTableRecord
100
AcDbRegAppTableRecord
  2
CAXA_DRAFT_DIMPITCH
 70
     0
  0
APPID
  5
6B
330
9
100
AcDbSymbolTableRecord
100
AcDbRegAppTableRecord
  2
CAXA_DRAFT_DIMCOORD
 70
     0
  0
APPID
  5
6C
330
9
100
AcDbSymbolTableRecord
100
AcDbRegAppTableRecord
  2
CAXA_DRAFT_DIMORIALIGN
 70
     0
  0
APPID
  5
6D
330
9
100
AcDbSymbolTableRecord
100
AcDbRegAppTableRecord
  2
CAXA_DRAFT_DIMHOLEPOS
 70
     0
  0
APPID
  5
6E
330
9
100
AcDbSymbolTableRecord
100
AcDbRegAppTableRecord
  2
CAXA_DRAFT_DIMCRDLEADER
 70
     0
  0
APPID
  5
6F
330
9
100
AcDbSymbolTableRecord
100
AcDbRegAppTableRecord
  2
CAXA_DRAFT_DIMCHAMFER
 70
     0
  0
APPID
  5
70
330
9
100
AcDbSymbolTableRecord
100
AcDbRegAppTableRecord
  2
CAXA_DRAFT_DIMCENTERHOLE
 70
     0
  0
APPID
  5
71
330
9
100
AcDbSymbolTableRecord
100
AcDbRegAppTableRecord
  2
CAXA_DRAFT_DIMLEADER
 70
     0
  0
APPID
  5
72
330
9
100
AcDbSymbolTableRecord
100
AcDbRegAppTableRecord
  2
CAXA_DRAFT_DIMCRDLIST
 70
     0
  0
APPID
  5
73
330
9
100
AcDbSymbolTableRecord
100
AcDbRegAppTableRecord
  2
CAXA_DRAFT_PAPERSCALE
 70
     0
  0
APPID
  5
74
330
9
100
AcDbSymbolTableRecord
100
AcDbRegAppTableRecord
  2
CAXA_DRAFT_FILEVERSION
 70
     0
  0
APPID
  5
75
330
9
100
AcDbSymbolTableRecord
100
AcDbRegAppTableRecord
  2
CAXA_DRAFT_PRODUCTVERSION
 70
     0
  0
APPID
  5
76
330
9
100
AcDbSymbolTableRecord
100
AcDbRegAppTableRecord
  2
CAXA_DRAFT_DATATABLE
 70
     0
  0
APPID
  5
77
330
9
100
AcDbSymbolTableRecord
100
AcDbRegAppTableRecord
  2
CAXA_DRAFT_PAPERINFO
 70
     0
  0
APPID
  5
78
330
9
100
AcDbSymbolTableRecord
100
AcDbRegAppTableRecord
  2
CAXA_DRAFT_PAPERFRAME
 70
     0
  0
APPID
  5
79
330
9
100
AcDbSymbolTableRecord
100
AcDbRegAppTableRecord
  2
CAXA_DRAFT_PAPERTITLE
 70
     0
  0
APPID
  5
7A
330
9
100
AcDbSymbolTableRecord
100
AcDbRegAppTableRecord
  2
CAXA_DRAFT_PAPERPAREATABLE
 70
     0
  0
APPID
  5
7B
330
9
100
AcDbSymbolTableRecord
100
AcDbRegAppTableRecord
  2
CAXA_DRAFT_PARTNO
 70
     0
  0
APPID
  5
7C
330
9
100
AcDbSymbolTableRecord
100
AcDbRegAppTableRecord
  2
CAXA_DRAFT_BOMTABLE
 70
     0
  0
APPID
  5
7D
330
9
100
AcDbSymbolTableRecord
100
AcDbRegAppTableRecord
  2
CAXA_DRAFT_BLKREF_EXTATT
 70
     0
  0
APPID
  5
7E
330
9
100
AcDbSymbolTableRecord
100
AcDbRegAppTableRecord
  2
CAXA_DRAFT_DBVIEWDATA
 70
     0
  0
APPID
  5
7F
330
9
100
AcDbSymbolTableRecord
100
AcDbRegAppTableRecord
  2
CAXA_DRAFT_DIMSYMTOL
 70
     0
  0
APPID
  5
80
330
9
100
AcDbSymbolTableRecord
100
AcDbRegAppTableRecord
  2
CAXA_DRAFT_DIMASSEMTOL
 70
     0
  0
APPID
  5
81
330
9
100
AcDbSymbolTableRecord
100
AcDbRegAppTableRecord
  2
CAXA_DRAFT_DIMANGLETOL
 70
     0
  0
APPID
  5
82
330
9
100
AcDbSymbolTableRecord
100
AcDbRegAppTableRecord
  2
CAXA_DRAFT_DRAFTDATA
 70
     0
  0
APPID
  5
83
330
9
100
AcDbSymbolTableRecord
100
AcDbRegAppTableRecord
  2
CAXA_DRAFT_DIMORIGIN
 70
     0
  0
APPID
  5
84
330
9
100
AcDbSymbolTableRecord
100
AcDbRegAppTableRecord
  2
CAXA_DRAFT_ENLARGE_EDGE
 70
     0
  0
APPID
  5
85
330
9
100
AcDbSymbolTableRecord
100
AcDbRegAppTableRecord
  2
CAXA_DRAFT_DIMSTY_T_VPOS
 70
     0
  0
APPID
  5
86
330
9
100
AcDbSymbolTableRecord
100
AcDbRegAppTableRecord
  2
CAXA_DRAFT_DIMSTY_AT_VPOS
 70
     0
  0
APPID
  5
87
330
9
100
AcDbSymbolTableRecord
100
AcDbRegAppTableRecord
  2
CAXA_DRAFT_BLKHIDE
 70
     0
  0
APPID
  5
88
330
9
100
AcDbSymbolTableRecord
100
AcDbRegAppTableRecord
  2
CAXA_DRAFT_DIMARROWREVERSE
 70
     0
  0
APPID
  5
89
330
9
100
AcDbSymbolTableRecord
100
AcDbRegAppTableRecord
  2
CAXA_DRAFT_TXTSTYLE
 70
     0
  0
APPID
  5
8A
330
9
100
AcDbSymbolTableRecord
100
AcDbRegAppTableRecord
  2
CAXA_DRAFT_ATTRIBUTE_2PT
 70
     0
  0
APPID
  5
8B
330
9
100
AcDbSymbolTableRecord
100
AcDbRegAppTableRecord
  2
CAXA_DRAFT_ATTDEF_2PT
 70
     0
  0
APPID
  5
8C
330
9
100
AcDbSymbolTableRecord
100
AcDbRegAppTableRecord
  2
CAXA_DRAFT_DIMBIGARC
 70
     0
  0
APPID
  5
8D
330
9
100
AcDbSymbolTableRecord
100
AcDbRegAppTableRecord
  2
CAXA_DRAFT_ISNEB09R3
 70
     0
  0
APPID
  5
8E
330
9
100
AcDbSymbolTableRecord
100
AcDbRegAppTableRecord
  2
CAXA_DRAFT_WIPEOUT_B_HIDE
 70
     0
  0
APPID
  5
8F
330
9
100
AcDbSymbolTableRecord
100
AcDbRegAppTableRecord
  2
CAXA_DRAFT_BLKREF_SYMBOL
 70
     0
  0
APPID
  5
90
330
9
100
AcDbSymbolTableRecord
100
AcDbRegAppTableRecord
  2
CAXA_DRAFT_ENL_COMMENTS
 70
     0
  0
APPID
  5
91
330
9
100
AcDbSymbolTableRecord
100
AcDbRegAppTableRecord
  2
CAXA_DRAFT_ENL_TSCALE
 70
     0
  0
APPID
  5
92
330
9
100
AcDbSymbolTableRecord
100
AcDbRegAppTableRecord
  2
CAXA_DRAFT_TXTSCALE
 70
     0
  0
APPID
  5
93
330
9
100
AcDbSymbolTableRecord
100
AcDbRegAppTableRecord
  2
CAXA_DRAFT_KEEPLTSEG_ZOOM
 70
     0
  0
APPID
  5
94
330
9
100
AcDbSymbolTableRecord
100
AcDbRegAppTableRecord
  2
CAXA_DRAFT_SPECLIB
 70
     0
  0
APPID
  5
95
330
9
100
AcDbSymbolTableRecord
100
AcDbRegAppTableRecord
  2
CAXA_DRAFT_DATUM_2011R2
 70
     0
  0
APPID
  5
96
330
9
100
AcDbSymbolTableRecord
100
AcDbRegAppTableRecord
  2
CAXA_DRAFT_ROUGH_2011R2
 70
     0
  0
APPID
  5
97
330
9
100
AcDbSymbolTableRecord
100
AcDbRegAppTableRecord
  2
CAXA_DRAFT_GEOTOL_2011R2
 70
     0
  0
APPID
  5
98
330
9
100
AcDbSymbolTableRecord
100
AcDbRegAppTableRecord
  2
CAXA_DRAFT_DMOVMAP_2011R3
 70
     0
  0
APPID
  5
99
330
9
100
AcDbSymbolTableRecord
100
AcDbRegAppTableRecord
  2
CAXA_DRAFT_DDTSTY_2011R3
 70
     0
  0
APPID
  5
9A
330
9
100
AcDbSymbolTableRecord
100
AcDbRegAppTableRecord
  2
CAXA_DRAFT_SDTSTY_2011R3
 70
     0
  0
APPID
  5
9B
330
9
100
AcDbSymbolTableRecord
100
AcDbRegAppTableRecord
  2
CDRAFT_TXTROT_2011R3
 70
     0
  0
APPID
  5
9C
330
9
100
AcDbSymbolTableRecord
100
AcDbRegAppTableRecord
  2
CDRAFT_TOLOUT_2011R3
 70
     0
  0
APPID
  5
9D
330
9
100
AcDbSymbolTableRecord
100
AcDbRegAppTableRecord
  2
CAXA_DRAFT_DIMARCLENSTYLE
 70
     0
  0
APPID
  5
9E
330
9
100
AcDbSymbolTableRecord
100
AcDbRegAppTableRecord
  2
CAXA_DRAFT_DMOVMAP_2013
 70
     0
  0
APPID
  5
9F
330
9
100
AcDbSymbolTableRecord
100
AcDbRegAppTableRecord
  2
CAXA_DRAFT_DS_DLLNTYPE
 70
     0
  0
APPID
  5
A0
330
9
100
AcDbSymbolTableRecord
100
AcDbRegAppTableRecord
  2
CAXA_DRAFT_DS_LBLLNTYPE
 70
     0
  0
APPID
  5
A1
330
9
100
AcDbSymbolTableRecord
100
AcDbRegAppTableRecord
  2
CAXA_DRAFT_DS_RBLLNTYPE
 70
     0
  0
APPID
  5
A2
330
9
100
AcDbSymbolTableRecord
100
AcDbRegAppTableRecord
  2
CAXA_DRAFT_DS_ISFILLDFM
 70
     0
  0
APPID
  5
A3
330
9
100
AcDbSymbolTableRecord
100
AcDbRegAppTableRecord
  2
CAXA_DRAFT_DS_DISPZTOOL
 70
     0
  0
APPID
  5
A4
330
9
100
AcDbSymbolTableRecord
100
AcDbRegAppTableRecord
  2
CAXA_DRAFT_DS_SYMCOLOR
 70
     0
  0
APPID
  5
A5
330
9
100
AcDbSymbolTableRecord
100
AcDbRegAppTableRecord
  2
CAXA_DRAFT_HATCH_SCALE_ANGLE
 70
     0
  0
APPID
  5
A6
330
9
100
AcDbSymbolTableRecord
100
AcDbRegAppTableRecord
  2
CAXA_DRAFT_GEOTOL_ISFROMDWG
 70
     0
  0
APPID
  5
A7
330
9
100
AcDbSymbolTableRecord
100
AcDbRegAppTableRecord
  2
CxDragDiaDimLnStyle
 70
     0
  0
APPID
  5
A8
330
9
100
AcDbSymbolTableRecord
100
AcDbRegAppTableRecord
  2
CxDragRadDimLnStyle
 70
     0
  0
APPID
  5
A9
330
9
100
AcDbSymbolTableRecord
100
AcDbRegAppTableRecord
  2
CX_DbAnnotate_SimDimOriTxt
 70
     0
  0
APPID
  5
AA
330
9
100
AcDbSymbolTableRecord
100
AcDbRegAppTableRecord
  2
CX_DbAnnotate_TxtLocPara
 70
     0
  0
APPID
  5
AB
330
9
100
AcDbSymbolTableRecord
100
AcDbRegAppTableRecord
  2
CX_DbAnnotate_DragTxtLoc
 70
     0
  0
APPID
  5
AC
330
9
100
AcDbSymbolTableRecord
100
AcDbRegAppTableRecord
  2
UserSetTxtLoc
 70
     0
  0
APPID
  5
AD
330
9
100
AcDbSymbolTableRecord
100
AcDbRegAppTableRecord
  2
UserSetTxtLocType
 70
     0
  0
APPID
  5
AE
330
9
100
AcDbSymbolTableRecord
100
AcDbRegAppTableRecord
  2
UserSetTxtLocPt
 70
     0
  0
APPID
  5
AF
330
9
100
AcDbSymbolTableRecord
100
AcDbRegAppTableRecord
  2
CAXA_DRAFT_IMAGE_BINARY
 70
     0
  0
APPID
  5
B0
330
9
100
AcDbSymbolTableRecord
100
AcDbRegAppTableRecord
  2
DimTxtFrmStyle_2015R1
 70
     0
  0
APPID
  5
B1
330
9
100
AcDbSymbolTableRecord
100
AcDbRegAppTableRecord
  2
CAXA_DRAFT_GEOTOL_ISSHX
 70
     0
  0
APPID
  5
B2
330
9
100
AcDbSymbolTableRecord
100
AcDbRegAppTableRecord
  2
CAXA_SUPGRAPHICDIM
 70
     0
  0
APPID
  5
B3
330
9
100
AcDbSymbolTableRecord
100
AcDbRegAppTableRecord
  2
CAXA_GRAPHICARCLEN_HASLN
 70
     0
  0
APPID
  5
B4
330
9
100
AcDbSymbolTableRecord
100
AcDbRegAppTableRecord
  2
CAXA_GRAPHICDIM_OUT
 70
     0
  0
APPID
  5
B5
330
9
100
AcDbSymbolTableRecord
100
AcDbRegAppTableRecord
  2
CAXA_DATUM_LEADLNBKMODE
 70
     0
  0
APPID
  5
B6
330
9
100
AcDbSymbolTableRecord
100
AcDbRegAppTableRecord
  2
CX_DbDim_CrdDimLineAndArrow
 70
     0
  0
APPID
  5
B7
330
9
100
AcDbSymbolTableRecord
100
AcDbRegAppTableRecord
  2
CX_DbDim_TaperAngleStd
 70
     0
  0
APPID
  5
B8
330
9
100
AcDbSymbolTableRecord
100
AcDbRegAppTableRecord
  2
CX_DbAttribDef_OptionalVal
 70
     0
  0
APPID
  5
B9
330
9
100
AcDbSymbolTableRecord
100
AcDbRegAppTableRecord
  2
CAXA_DRAFT_LEADER_MLEADERLINE
 70
     0
  0
APPID
  5
BA
330
9
100
AcDbSymbolTableRecord
100
AcDbRegAppTableRecord
  2
CAXA_DRAFT_WELD_MLEADERLINE
 70
     0
  0
APPID
  5
BB
330
9
100
AcDbSymbolTableRecord
100
AcDbRegAppTableRecord
  2
CAXA_DRAFT_GEOTOL_MLEADERLINE
 70
     0
  0
APPID
  5
BC
330
9
100
AcDbSymbolTableRecord
100
AcDbRegAppTableRecord
  2
CAXA_DRAFT_ROUGH_MLEADERLINE
 70
     0
  0
APPID
  5
BD
330
9
100
AcDbSymbolTableRecord
100
AcDbRegAppTableRecord
  2
CAXA_DRAFT_DATUM_MLEADERLINE
 70
     0
  0
APPID
  5
BE
330
9
100
AcDbSymbolTableRecord
100
AcDbRegAppTableRecord
  2
CAXA_DRAFT_ROUGH_STDSPTDATA
 70
     0
  0
APPID
  5
BF
330
9
100
AcDbSymbolTableRecord
100
AcDbRegAppTableRecord
  2
CAXA_DRAFT_CUTS_LABLEDATA
 70
     0
  0
APPID
  5
C0
330
9
100
AcDbSymbolTableRecord
100
AcDbRegAppTableRecord
  2
CAXA_DRAFT_LEADER_DISPREFLINE
 70
     0
  0
APPID
  5
C1
330
9
100
AcDbSymbolTableRecord
100
AcDbRegAppTableRecord
  2
CAXA_DRAFT_TAPER_TEXTTYPE
 70
     0
  0
APPID
  5
C2
330
9
100
AcDbSymbolTableRecord
100
AcDbRegAppTableRecord
  2
CAXA_DRAFT_TAPER_RATEFORMAT
 70
     0
  0
APPID
  5
C3
330
9
100
AcDbSymbolTableRecord
100
AcDbRegAppTableRecord
  2
CAXA_DRAFT_TAPER_RATESEPAR
 70
     0
  0
APPID
  5
C4
330
9
100
AcDbSymbolTableRecord
100
AcDbRegAppTableRecord
  2
CX_DIMSTYLE_TXTFRAME
 70
     0
  0
APPID
  5
C5
330
9
100
AcDbSymbolTableRecord
100
AcDbRegAppTableRecord
  2
CX_DBDIM_TXTFRAME
 70
     0
  0
APPID
  5
C6
330
9
100
AcDbSymbolTableRecord
100
AcDbRegAppTableRecord
  2
CAXA_DRAFT_TABLEENT
 70
     0
  0
APPID
  5
C7
330
9
100
AcDbSymbolTableRecord
100
AcDbRegAppTableRecord
  2
CDRAFT_DIM_STD_REV_NAME
 70
     0
  0
APPID
  5
C8
330
9
100
AcDbSymbolTableRecord
100
AcDbRegAppTableRecord
  2
CAXA_DRAFT_BOM_STDSPTDATA
 70
     0
  0
APPID
  5
C9
330
9
100
AcDbSymbolTableRecord
100
AcDbRegAppTableRecord
  2
CAXA_DRAFT_PARTNO_STDSPTDATA
 70
     0
  0
APPID
  5
CA
330
9
100
AcDbSymbolTableRecord
100
AcDbRegAppTableRecord
  2
CAXA_DRAFT_DATUM_LOCPTEDIT
 70
     0
  0
APPID
  5
CB
330
9
100
AcDbSymbolTableRecord
100
AcDbRegAppTableRecord
  2
CAXA_DRAFT_INFO_WMFLAG
 70
     0
  0
APPID
  5
CC
330
9
100
AcDbSymbolTableRecord
100
AcDbRegAppTableRecord
  2
CX_DbDim_CrdDimTypeAndData
 70
     0
  0
APPID
  5
CD
330
9
100
AcDbSymbolTableRecord
100
AcDbRegAppTableRecord
  2
CX_DbDim_DimOriginBiText
 70
     0
  0
APPID
  5
CE
330
9
100
AcDbSymbolTableRecord
100
AcDbRegAppTableRecord
  2
CX_DbDim_DimCrdLeaderPts
 70
     0
  0
APPID
  5
CF
330
9
100
AcDbSymbolTableRecord
100
AcDbRegAppTableRecord
  2
CAXA_SOLID_FLAG
 70
     0
  0
APPID
  5
D5
330
9
100
AcDbSymbolTableRecord
100
AcDbRegAppTableRecord
  2
AcAecLayerStandard
 70
     0
  0
APPID
  5
133
330
9
100
AcDbSymbolTableRecord
100
AcDbRegAppTableRecord
  2
ACAD_DSTYLE_DIMINSPECT
 70
     0
  0
ENDTAB
  0
TABLE
  2
DIMSTYLE
  5
A
330
0
100
AcDbSymbolTable
 70
     6
100
AcDbDimStyleTable
  0
DIMSTYLE
105
DF
330
A
100
AcDbSymbolTableRecord
100
AcDbDimStyleTableRecord
  2
标准
 70
     0
 41
4.0
 42
0.0
 43
10.0
 44
2.0
 46
8.0
 90
        1
 73
     0
 74
     0
 77
     1
 78
     8
 79
     2
140
3.5
141
0.0
143
1.0
146
0.7071067811865475
147
0.625
172
     1
178
     0
179
     2
271
     2
272
     3
274
     3
276
     2
279
     2
284
     8
340
DE
342
E0
345
15
346
15
347
15
1001
CAXA_DRAFT_DIMSTY_AT_VPOS
1070
     1
1001
CAXA_DRAFT_SDTSTY_2011R3
1070
     0
1001
CAXA_DRAFT_DS_ISFILLDFM
1070
     1
1001
CAXA_DRAFT_DS_DISPZTOOL
1070
     0
1001
CAXA_DRAFT_DS_SYMCOLOR
1071
1090519039
1001
DimTxtFrmStyle_2015R1
1070
     3
1001
CX_DIMSTYLE_TXTFRAME
1070
     0
1070
     0
  0
DIMSTYLE
105
E4
330
A
100
AcDbSymbolTableRecord
100
AcDbDimStyleTableRecord
  2
Standard
 70
     0
 41
2.5
 42
0.625
 43
3.75
 44
1.25
 46
5.0
 73
     0
 74
     0
 77
     1
 78
     8
 79
     3
140
2.5
141
2.5
143
0.03937007874
147
0.625
171
     3
172
     1
178
     0
179
     2
271
     2
272
     2
274
     3
278
    44
284
     8
340
11
345
16
346
16
347
16
1001
CAXA_DRAFT_DIMSTY_AT_VPOS
1070
     0
1001
CAXA_DRAFT_SDTSTY_2011R3
1070
     0
1001
CAXA_DRAFT_DS_ISFILLDFM
1070
     1
1001
CAXA_DRAFT_DS_DISPZTOOL
1070
     0
1001
CAXA_DRAFT_DS_SYMCOLOR
1071
1090519039
1001
DimTxtFrmStyle_2015R1
1070
     3
1001
CX_DIMSTYLE_TXTFRAME
1070
     0
1070
     0
  0
DIMSTYLE
105
E5
102
{ACAD_REACTORS
330
134
330
142
330
14C
330
16D
330
177
330
191
330
19D
330
1A8
330
1B5
330
1E8
330
20A
330
214
330
21E
330
228
330
232
330
23C
330
262
330
26C
330
283
330
28D
330
29E
330
2A8
330
2B2
330
2BE
330
2C8
330
2D4
330
2DE
102
}
330
A
100
AcDbSymbolTableRecord
100
AcDbDimStyleTableRecord
  2
CUSTOM_DIMSTYLE
 70
     0
 40
5.0
 41
5.0
 42
0.0
 43
3.75
 44
1.25
 46
10.0
 73
     0
 74
     0
 77
     1
 78
     8
 79
     3
140
3.5
141
2.5
143
0.03937007874
147
0.625
171
     3
172
     1
176
     3
178
     0
179
     3
271
     2
272
     2
274
     3
284
     8
340
11
345
16
346
16
347
16
1001
CAXA_DRAFT_DIMSTY_AT_VPOS
1070
     0
1001
CAXA_DRAFT_SDTSTY_2011R3
1070
     0
1001
CAXA_DRAFT_DS_ISFILLDFM
1070
     1
1001
CAXA_DRAFT_DS_DISPZTOOL
1070
     0
1001
CAXA_DRAFT_DS_SYMCOLOR
1071
1090519039
1001
DimTxtFrmStyle_2015R1
1070
     3
1001
CX_DIMSTYLE_TXTFRAME
1070
     0
1070
     0
  0
DIMSTYLE
105
E6
330
A
100
AcDbSymbolTableRecord
100
AcDbDimStyleTableRecord
  2
GB_尺寸
 70
     0
 41
4.0
 42
0.0
 43
10.0
 44
2.0
 46
8.0
 90
        1
 73
     0
 74
     0
 77
     1
 78
     8
 79
     2
140
3.5
141
0.0
143
1.0
146
0.7071067811865475
147
0.625
172
     1
178
     0
179
     2
271
     2
272
     3
274
     3
276
     2
279
     2
284
     8
340
DE
342
E0
345
15
346
15
347
15
1001
CAXA_DRAFT_DIMSTY_AT_VPOS
1070
     1
1001
CAXA_DRAFT_SDTSTY_2011R3
1070
     0
1001
CAXA_DRAFT_DS_ISFILLDFM
1070
     1
1001
CAXA_DRAFT_DS_DISPZTOOL
1070
     0
1001
CAXA_DRAFT_DS_SYMCOLOR
1071
1090519039
1001
DimTxtFrmStyle_2015R1
1070
     3
1001
CX_DIMSTYLE_TXTFRAME
1070
     0
1070
     0
  0
DIMSTYLE
105
E7
330
A
100
AcDbSymbolTableRecord
100
AcDbDimStyleTableRecord
  2
GB_引出说明(1984)
 70
     0
 41
4.0
 42
0.0
 43
10.0
 44
2.0
 46
8.0
 90
        1
 73
     0
 74
     0
 77
     1
 78
     8
 79
     2
140
3.5
141
0.0
143
1.0
146
0.7071067811865475
147
0.625
172
     1
178
     0
179
     2
271
     2
272
     3
274
     3
276
     2
279
     2
284
     8
340
DE
342
E0
345
15
346
15
347
15
1001
CAXA_DRAFT_DIMSTY_AT_VPOS
1070
     1
1001
CAXA_DRAFT_SDTSTY_2011R3
1070
     0
1001
CAXA_DRAFT_DS_ISFILLDFM
1070
     1
1001
CAXA_DRAFT_DS_DISPZTOOL
1070
     0
1001
CAXA_DRAFT_DS_SYMCOLOR
1071
1090519039
1001
DimTxtFrmStyle_2015R1
1070
     3
1001
CX_DIMSTYLE_TXTFRAME
1070
     0
1070
     0
  0
DIMSTYLE
105
E8
330
A
100
AcDbSymbolTableRecord
100
AcDbDimStyleTableRecord
  2
GB_锥度(2003)
 70
     0
 41
4.0
 42
0.0
 43
10.0
 44
2.0
 46
8.0
 90
        1
 73
     0
 74
     0
 77
     1
 78
     8
 79
     2
140
3.5
141
0.0
143
1.0
146
0.7071067811865475
147
0.625
172
     1
178
     0
179
     2
271
     2
272
     3
274
     3
276
     2
279
     2
284
     8
340
DE
342
E0
345
15
346
15
347
15
1001
CAXA_DRAFT_DIMSTY_AT_VPOS
1070
     1
1001
CAXA_DRAFT_SDTSTY_2011R3
1070
     0
1001
CAXA_DRAFT_DS_ISFILLDFM
1070
     1
1001
CAXA_DRAFT_DS_DISPZTOOL
1070
     0
1001
CAXA_DRAFT_DS_SYMCOLOR
1071
1090519039
1001
DimTxtFrmStyle_2015R1
1070
     3
1001
CX_DIMSTYLE_TXTFRAME
1070
     0
1070
     0
  0
ENDTAB
  0
TABLE
  2
BLOCK_RECORD
  5
1
330
0
100
AcDbSymbolTable
 70
    40
  0
BLOCK_RECORD
  5
1F
330
1
100
AcDbSymbolTableRecord
100
AcDbBlockTableRecord
  2
*Model_Space
340
22
 70
     0
280
     1
281
     0
1001
CAXA_DRAFT_PAPERSCALE
1041
1.0
1001
CAXA_DRAFT_PAPERINFO
1041
2673.0
1041
1890.0
1071
        0
1070
     1
1070
     0
1070
     1
1070
     0
1001
CAXA_DRAFT_KEEPLTSEG_ZOOM
1070
     1
  0
BLOCK_RECORD
  5
1B
330
1
100
AcDbSymbolTableRecord
100
AcDbBlockTableRecord
  2
*Paper_Space
340
1E
 70
     0
280
     1
281
     0
1001
CAXA_DRAFT_PAPERSCALE
1041
1.0
1001
CAXA_DRAFT_PAPERINFO
1041
0.0
1041
0.0
1071
        0
1070
     1
1070
     0
1070
     1
1070
     0
1001
CAXA_DRAFT_KEEPLTSEG_ZOOM
1070
     1
  0
BLOCK_RECORD
  5
E0
330
1
100
AcDbSymbolTableRecord
100
AcDbBlockTableRecord
  2
_CAXARROW
340
0
 70
     0
280
     1
281
     0
  0
BLOCK_RECORD
  5
11A
330
1
100
AcDbSymbolTableRecord
100
AcDbBlockTableRecord
  2
图框
340
0
102
{BLKREFS
331
119
102
}
 70
     0
280
     1
281
     0
  0
BLOCK_RECORD
  5
126
330
1
100
AcDbSymbolTableRecord
100
AcDbBlockTableRecord
  2
主视图
340
0
102
{BLKREFS
331
125
102
}
 70
     0
280
     1
281
     0
  0
BLOCK_RECORD
  5
12A
330
1
100
AcDbSymbolTableRecord
100
AcDbBlockTableRecord
  2
*X4
340
0
 70
     0
280
     1
281
     0
  0
BLOCK_RECORD
  5
135
330
1
100
AcDbSymbolTableRecord
100
AcDbBlockTableRecord
  2
*X5
340
0
 70
     0
280
     1
281
     0
  0
BLOCK_RECORD
  5
13B
330
1
100
AcDbSymbolTableRecord
100
AcDbBlockTableRecord
  2
_CLOSEDFILLED
340
0
102
{BLKREFS
331
13A
331
13F
331
169
331
16A
331
173
331
174
331
18B
331
18C
331
197
331
198
331
27F
331
280
331
2A3
102
}
 70
     0
280
     1
281
     0
  0
BLOCK_RECORD
  5
143
330
1
100
AcDbSymbolTableRecord
100
AcDbBlockTableRecord
  2
*X7
340
0
 70
     0
280
     1
281
     0
  0
BLOCK_RECORD
  5
164
330
1
100
AcDbSymbolTableRecord
100
AcDbBlockTableRecord
  2
*X8
340
0
 70
     0
280
     1
281
     0
  0
BLOCK_RECORD
  5
16E
330
1
100
AcDbSymbolTableRecord
100
AcDbBlockTableRecord
  2
*X9
340
0
 70
     0
280
     1
281
     0
  0
BLOCK_RECORD
  5
186
330
1
100
AcDbSymbolTableRecord
100
AcDbBlockTableRecord
  2
*X10
340
0
 70
     0
280
     1
281
     0
  0
BLOCK_RECORD
  5
192
330
1
100
AcDbSymbolTableRecord
100
AcDbBlockTableRecord
  2
*X11
340
0
 70
     0
280
     1
281
     0
  0
BLOCK_RECORD
  5
19F
330
1
100
AcDbSymbolTableRecord
100
AcDbBlockTableRecord
  2
*X12
340
0
 70
     0
280
     1
281
     0
  0
BLOCK_RECORD
  5
1AD
330
1
100
AcDbSymbolTableRecord
100
AcDbBlockTableRecord
  2
*X13
340
0
 70
     0
280
     1
281
     0
  0
BLOCK_RECORD
  5
1BE
330
1
100
AcDbSymbolTableRecord
100
AcDbBlockTableRecord
  2
*X14
340
0
102
{BLKREFS
331
1BD
102
}
 70
     0
280
     1
281
     0
  0
BLOCK_RECORD
  5
1C8
330
1
100
AcDbSymbolTableRecord
100
AcDbBlockTableRecord
  2
*X15
340
0
102
{BLKREFS
331
1C7
102
}
 70
     0
280
     1
281
     0
  0
BLOCK_RECORD
  5
1D1
330
1
100
AcDbSymbolTableRecord
100
AcDbBlockTableRecord
  2
*X16
340
0
102
{BLKREFS
331
1D0
102
}
 70
     0
280
     1
281
     0
  0
BLOCK_RECORD
  5
1DA
330
1
100
AcDbSymbolTableRecord
100
AcDbBlockTableRecord
  2
端面
340
0
102
{BLKREFS
331
1D9
102
}
 70
     0
280
     1
281
     0
  0
BLOCK_RECORD
  5
1DF
330
1
100
AcDbSymbolTableRecord
100
AcDbBlockTableRecord
  2
*X18
340
0
 70
     0
280
     1
281
     0
  0
BLOCK_RECORD
  5
201
330
1
100
AcDbSymbolTableRecord
100
AcDbBlockTableRecord
  2
*X19
340
0
 70
     0
280
     1
281
     0
  0
BLOCK_RECORD
  5
20B
330
1
100
AcDbSymbolTableRecord
100
AcDbBlockTableRecord
  2
*X20
340
0
 70
     0
280
     1
281
     0
  0
BLOCK_RECORD
  5
215
330
1
100
AcDbSymbolTableRecord
100
AcDbBlockTableRecord
  2
*X21
340
0
 70
     0
280
     1
281
     0
  0
BLOCK_RECORD
  5
21F
330
1
100
AcDbSymbolTableRecord
100
AcDbBlockTableRecord
  2
*X22
340
0
 70
     0
280
     1
281
     0
  0
BLOCK_RECORD
  5
229
330
1
100
AcDbSymbolTableRecord
100
AcDbBlockTableRecord
  2
*X23
340
0
 70
     0
280
     1
281
     0
  0
BLOCK_RECORD
  5
233
330
1
100
AcDbSymbolTableRecord
100
AcDbBlockTableRecord
  2
*X24
340
0
 70
     0
280
     1
281
     0
  0
BLOCK_RECORD
  5
240
330
1
100
AcDbSymbolTableRecord
100
AcDbBlockTableRecord
  2
*X25
340
0
102
{BLKREFS
331
23F
102
}
 70
     0
280
     1
281
     0
  0
BLOCK_RECORD
  5
24F
330
1
100
AcDbSymbolTableRecord
100
AcDbBlockTableRecord
  2
耗能面
340
0
102
{BLKREFS
331
24E
102
}
 70
     0
280
     1
281
     0
  0
BLOCK_RECORD
  5
259
330
1
100
AcDbSymbolTableRecord
100
AcDbBlockTableRecord
  2
*X27
340
0
 70
     0
280
     1
281
     0
  0
BLOCK_RECORD
  5
263
330
1
100
AcDbSymbolTableRecord
100
AcDbBlockTableRecord
  2
*X28
340
0
 70
     0
280
     1
281
     0
  0
BLOCK_RECORD
  5
274
330
1
100
AcDbSymbolTableRecord
100
AcDbBlockTableRecord
  2
连接板
340
0
102
{BLKREFS
331
273
102
}
 70
     0
280
     1
281
     0
  0
BLOCK_RECORD
  5
27A
330
1
100
AcDbSymbolTableRecord
100
AcDbBlockTableRecord
  2
*X30
340
0
 70
     0
280
     1
281
     0
  0
BLOCK_RECORD
  5
284
330
1
100
AcDbSymbolTableRecord
100
AcDbBlockTableRecord
  2
*X31
340
0
 70
     0
280
     1
281
     0
  0
BLOCK_RECORD
  5
291
330
1
100
AcDbSymbolTableRecord
100
AcDbBlockTableRecord
  2
挡板
340
0
102
{BLKREFS
331
290
102
}
 70
     0
280
     1
281
     0
  0
BLOCK_RECORD
  5
295
330
1
100
AcDbSymbolTableRecord
100
AcDbBlockTableRecord
  2
*X33
340
0
 70
     0
280
     1
281
     0
  0
BLOCK_RECORD
  5
2A0
330
1
100
AcDbSymbolTableRecord
100
AcDbBlockTableRecord
  2
*X34
340
0
 70
     0
280
     1
281
     0
  0
BLOCK_RECORD
  5
2A9
330
1
100
AcDbSymbolTableRecord
100
AcDbBlockTableRecord
  2
*X35
340
0
 70
     0
280
     1
281
     0
  0
BLOCK_RECORD
  5
2B5
330
1
100
AcDbSymbolTableRecord
100
AcDbBlockTableRecord
  2
*X36
340
0
 70
     0
280
     1
281
     0
  0
BLOCK_RECORD
  5
2BF
330
1
100
AcDbSymbolTableRecord
100
AcDbBlockTableRecord
  2
*X37
340
0
 70
     0
280
     1
281
     0
  0
BLOCK_RECORD
  5
2CB
330
1
100
AcDbSymbolTableRecord
100
AcDbBlockTableRecord
  2
*X38
340
0
 70
     0
280
     1
281
     0
  0
BLOCK_RECORD
  5
2D5
330
1
100
AcDbSymbolTableRecord
100
AcDbBlockTableRecord
  2
*X39
340
0
 70
     0
280
     1
281
     0
  0
BLOCK_RECORD
  5
2F1
330
1
100
AcDbSymbolTableRecord
100
AcDbBlockTableRecord
  2
标题
340
0
102
{BLKREFS
331
2F0
102
}
 70
     0
280
     1
281
     0
  0
ENDTAB
  0
ENDSEC
  0
SECTION
  2
BLOCKS
  0
BLOCK
  5
20
330
1F
100
AcDbEntity
  8
0
100
AcDbBlockBegin
  2
*Model_Space
 70
     0
 10
0.0
 20
0.0
 30
0.0
  3
*Model_Space
  1

  0
ENDBLK
  5
21
330
1F
100
AcDbEntity
  8
0
100
AcDbBlockEnd
  0
BLOCK
  5
1C
330
1B
100
AcDbEntity
 67
     1
  8
0
100
AcDbBlockBegin
  2
*Paper_Space
 70
     0
 10
0.0
 20
0.0
 30
0.0
  3
*Paper_Space
  1

  0
ENDBLK
  5
1D
330
1B
100
AcDbEntity
 67
     1
  8
0
100
AcDbBlockEnd
  0
BLOCK
  5
E2
330
E0
100
AcDbEntity
  8
0
100
AcDbBlockBegin
  2
_CAXARROW
 70
     0
 10
0.0
 20
0.0
 30
0.0
  3
_CAXARROW
  1

  0
HATCH
  5
E1
330
E0
100
AcDbEntity
  8
0
 62
     0
100
AcDbHatch
 10
0.0
 20
0.0
 30
0.0
210
0.0
220
0.0
230
1.0
  2
SOLID
 70
     1
 71
     0
 91
        1
 92
        0
 93
        3
 72
     1
 10
0.0
 20
0.0
 11
-1.0
 21
0.125
 72
     1
 10
-1.0
 20
0.125
 11
-1.0
 21
-0.125
 72
     1
 10
-1.0
 20
-0.125
 11
0.0
 21
0.0
 97
        0
 75
     0
 76
     1
 98
        1
 10
0.0
 20
0.0
  0
ENDBLK
  5
E3
330
E0
100
AcDbEntity
  8
0
100
AcDbBlockEnd
  0
BLOCK
  5
123
330
11A
100
AcDbEntity
  8
0
100
AcDbBlockBegin
  2
图框
 70
     0
 10
0.0
 20
0.0
 30
0.0
  3
图框
  1

  0
LINE
  5
11B
330
11A
100
AcDbEntity
  8
细实线层
100
AcDbLine
 10
0.0
 20
0.0
 30
0.0
 11
2673.0
 21
0.0
 31
0.0
  0
LINE
  5
11C
330
11A
100
AcDbEntity
  8
细实线层
100
AcDbLine
 10
0.0
 20
1890.0
 30
0.0
 11
0.0
 21
0.0
 31
0.0
  0
LINE
  5
11D
330
11A
100
AcDbEntity
  8
粗实线层
100
AcDbLine
 10
90.0
 20
1800.0
 30
0.0
 11
90.0
 21
90.0
 31
0.0
  0
LINE
  5
11E
330
11A
100
AcDbEntity
  8
粗实线层
100
AcDbLine
 10
90.0
 20
90.0
 30
0.0
 11
2583.0
 21
90.0
 31
0.0
  0
LINE
  5
11F
330
11A
100
AcDbEntity
  8
细实线层
100
AcDbLine
 10
2673.0
 20
0.0
 30
0.0
 11
2673.0
 21
1890.0
 31
0.0
  0
LINE
  5
120
330
11A
100
AcDbEntity
  8
粗实线层
100
AcDbLine
 10
2583.0
 20
90.0
 30
0.0
 11
2583.0
 21
1800.0
 31
0.0
  0
LINE
  5
121
330
11A
100
AcDbEntity
  8
细实线层
100
AcDbLine
 10
2673.0
 20
1890.0
 30
0.0
 11
0.0
 21
1890.0
 31
0.0
  0
LINE
  5
122
330
11A
100
AcDbEntity
  8
粗实线层
100
AcDbLine
 10
2583.0
 20
1800.0
 30
0.0
 11
90.0
 21
1800.0
 31
0.0
  0
ENDBLK
  5
124
330
11A
100
AcDbEntity
  8
0
100
AcDbBlockEnd
  0
BLOCK
  5
1BB
330
126
100
AcDbEntity
  8
0
100
AcDbBlockBegin
  2
主视图
 70
     0
 10
0.0
 20
0.0
 30
0.0
  3
主视图
  1

  0
LINE
  5
127
330
126
100
AcDbEntity
  8
粗实线层
100
AcDbLine
 10
0.0
 20
80.0
 30
0.0
 11
0.0
 21
-80.0
 31
0.0
  0
LWPOLYLINE
  5
128
330
126
100
AcDbEntity
  8
粗实线层
100
AcDbPolyline
 90
        4
 70
     1
 43
0.0
 10
1085.01
 20
100.0
 10
1085.01
 20
-100.0
 10
150.0
 20
-100.0
 10
150.0
 20
100.0
  0
LINE
  5
129
330
126
100
AcDbEntity
  8
中心线层
100
AcDbLine
 10
-30.5
 20
0.0
 30
0.0
 11
1242.0
 21
0.0
 31
0.0
  0
DIMENSION
  5
134
330
126
100
AcDbEntity
  8
尺寸线层
100
AcDbDimension
280
     0
  2
*X4
 10
1235.0
 20
185.325
 30
0.0
 11
617.5000005
 21
209.8361731843575
 31
0.0
 70
    32
  1
{\H2.5x;L}
 71
     5
 42
-1.0
 73
     0
 74
     0
 75
     0
  3
CUSTOM_DIMSTYLE
100
AcDbAlignedDimension
 13
0.0
 23
79.99999999999999
 33
0.0
 14
1235.0
 24
80.0
 34
0.0
100
AcDbRotatedDimension
1001
CX_DbAnnotate_TxtLocPara
1041
0.0
1001
CX_DbAnnotate_SimDimOriTxt
1070
     0
1001
CAXA_DRAFT_DIMARROWREVERSE
1070
     0
1001
ACAD
1000
DSTYLE
1002
{
1070
   173
1070
     1
1002
}
1001
CAXA_DRAFT_DIMARCLENSTYLE
1070
     1
1001
CAXA_DRAFT_DDTSTY_2011R3
1070
     0
1001
ACAD_DSTYLE_DIMINSPECT
1070
   396
1000

1070
   395
1000

1070
   394
1070
     0
1070
   393
1070
     0
1001
CX_DBDIM_TXTFRAME
1070
     0
1070
     0
1001
CDRAFT_DIM_STD_REV_NAME
1000
GB
1000
*DIMSTD
1000

  0
DIMENSION
  5
142
330
126
100
AcDbEntity
  8
尺寸线层
100
AcDbDimension
280
     0
  2
*X5
 10
1085.0
 20
136.694
 30
0.0
 11
617.5
 21
148.569
 31
0.0
 70
    32
  1
L-300
 71
     5
 42
-1.0
 73
     0
 74
     0
 75
     0
  3
CUSTOM_DIMSTYLE
100
AcDbAlignedDimension
 13
150.0
 23
110.0
 33
0.0
 14
1085.0
 24
100.0
 34
0.0
100
AcDbRotatedDimension
1001
CX_DbAnnotate_TxtLocPara
1041
0.0
1001
CX_DbAnnotate_SimDimOriTxt
1070
     0
1001
CAXA_DRAFT_DIMARROWREVERSE
1070
     0
1001
ACAD
1000
DSTYLE
1002
{
1070
   173
1070
     1
1002
}
1001
CAXA_DRAFT_DIMARCLENSTYLE
1070
     1
1001
CAXA_DRAFT_DDTSTY_2011R3
1070
     0
1001
ACAD_DSTYLE_DIMINSPECT
1070
   396
1000

1070
   395
1000

1070
   394
1070
     0
1070
   393
1070
     0
1001
CX_DBDIM_TXTFRAME
1070
     0
1070
     0
1001
CDRAFT_DIM_STD_REV_NAME
1000
GB
1000
*DIMSTD
1000

  0
DIMENSION
  5
14C
330
126
100
AcDbEntity
  8
尺寸线层
100
AcDbDimension
280
     0
  2
*X7
 10
1235.0
 20
136.694
 30
0.0
 11
1163.0000005
 21
148.5201173184358
 31
0.0
 70
    32
  1
<>
 71
     5
 42
-1.0
 73
     0
 74
     0
 75
     0
  3
CUSTOM_DIMSTYLE
100
AcDbAlignedDimension
 13
1091.0
 23
110.0
 33
0.0
 14
1235.0
 24
80.0
 34
0.0
100
AcDbRotatedDimension
1001
CX_DbAnnotate_TxtLocPara
1041
0.0
1001
CX_DbAnnotate_SimDimOriTxt
1070
     0
1001
CAXA_DRAFT_DIMARROWREVERSE
1070
     0
1001
ACAD
1000
DSTYLE
1002
{
1070
   173
1070
     1
1002
}
1001
CAXA_DRAFT_DIMARCLENSTYLE
1070
     1
1001
CAXA_DRAFT_DDTSTY_2011R3
1070
     0
1001
ACAD_DSTYLE_DIMINSPECT
1070
   396
1000

1070
   395
1000

1070
   394
1070
     0
1070
   393
1070
     0
1001
CX_DBDIM_TXTFRAME
1070
     0
1070
     0
1001
CDRAFT_DIM_STD_REV_NAME
1000
GB
1000
*DIMSTD
1000

  0
LINE
  5
14D
330
126
100
AcDbEntity
  8
粗实线层
100
AcDbLine
 10
150.0
 20
100.0
 30
0.0
 11
150.0
 21
110.194
 31
0.0
  0
LINE
  5
14E
330
126
100
AcDbEntity
  8
粗实线层
100
AcDbLine
 10
150.0
 20
110.0
 30
0.0
 11
144.0
 21
110.0
 31
0.0
  0
LINE
  5
14F
330
126
100
AcDbEntity
  8
粗实线层
100
AcDbLine
 10
144.0
 20
110.0
 30
0.0
 11
144.0
 21
-110.0
 31
0.0
  0
LINE
  5
150
330
126
100
AcDbEntity
  8
虚线层
  6
虚线
100
AcDbLine
 10
1085.01
 20
-94.0
 30
0.0
 11
150.0
 21
-94.0
 31
0.0
  0
LINE
  5
151
330
126
100
AcDbEntity
  8
虚线层
  6
虚线
100
AcDbLine
 10
150.0
 20
94.0
 30
0.0
 11
1085.01
 21
94.0
 31
0.0
  0
LINE
  5
152
330
126
100
AcDbEntity
  8
粗实线层
100
AcDbLine
 10
150.0
 20
-100.0
 30
0.0
 11
150.0
 21
-110.194
 31
0.0
  0
LINE
  5
153
330
126
100
AcDbEntity
  8
粗实线层
100
AcDbLine
 10
150.0
 20
-110.0
 30
0.0
 11
144.0
 21
-110.0
 31
0.0
  0
LINE
  5
154
330
126
100
AcDbEntity
  8
粗实线层
100
AcDbLine
 10
150.0
 20
110.194
 30
0.0
 11
160.5
 21
100.0
 31
0.0
  0
LINE
  5
155
330
126
100
AcDbEntity
  8
粗实线层
100
AcDbLine
 10
150.0
 20
-110.194
 30
0.0
 11
160.5
 21
-100.0
 31
0.0
  0
LINE
  5
156
330
126
100
AcDbEntity
  8
粗实线层
100
AcDbLine
 10
1085.0
 20
100.0
 30
0.0
 11
1085.0
 21
110.0
 31
0.0
  0
LINE
  5
157
330
126
100
AcDbEntity
  8
粗实线层
100
AcDbLine
 10
1085.0
 20
110.0
 30
0.0
 11
1091.0
 21
110.0
 31
0.0
  0
LINE
  5
158
330
126
100
AcDbEntity
  8
粗实线层
100
AcDbLine
 10
1091.0
 20
110.0
 30
0.0
 11
1091.0
 21
-110.0
 31
0.0
  0
LINE
  5
159
330
126
100
AcDbEntity
  8
粗实线层
100
AcDbLine
 10
1085.0
 20
-100.0
 30
0.0
 11
1085.0
 21
-110.0
 31
0.0
  0
LINE
  5
15A
330
126
100
AcDbEntity
  8
粗实线层
100
AcDbLine
 10
1085.0
 20
-110.0
 30
0.0
 11
1091.0
 21
-110.0
 31
0.0
  0
LINE
  5
15B
330
126
100
AcDbEntity
  8
粗实线层
100
AcDbLine
 10
1085.0
 20
110.0
 30
0.0
 11
1075.0
 21
100.0
 31
0.0
  0
LINE
  5
15C
330
126
100
AcDbEntity
  8
粗实线层
100
AcDbLine
 10
1085.0
 20
-110.0
 30
0.0
 11
1075.0
 21
-100.0
 31
0.0
  0
LINE
  5
15D
330
126
100
AcDbEntity
  8
粗实线层
100
AcDbLine
 10
144.0
 20
79.99999999999999
 30
0.0
 11
0.0
 21
79.99999999999999
 31
0.0
  0
LINE
  5
15E
330
126
100
AcDbEntity
  8
粗实线层
100
AcDbLine
 10
1235.0
 20
80.0
 30
0.0
 11
1091.0
 21
80.0
 31
0.0
  0
LINE
  5
15F
330
126
100
AcDbEntity
  8
虚线层
  6
虚线
100
AcDbLine
 10
1085.01
 20
79.99999999999999
 30
0.0
 11
150.0
 21
79.99999999999999
 31
0.0
  0
LINE
  5
160
330
126
100
AcDbEntity
  8
粗实线层
100
AcDbLine
 10
1091.0
 20
-80.0
 30
0.0
 11
1235.0
 21
-80.0
 31
0.0
  0
CIRCLE
  5
161
330
126
100
AcDbEntity
  8
虚线层
  6
虚线
100
AcDbCircle
 10
617.505
 20
0.0
 30
0.0
 40
12.5
  0
LINE
  5
162
330
126
100
AcDbEntity
  8
粗实线层
100
AcDbLine
 10
144.0
 20
-80.0
 30
0.0
 11
0.0
 21
-80.0
 31
0.0
  0
LINE
  5
163
330
126
100
AcDbEntity
  8
虚线层
  6
虚线
100
AcDbLine
 10
1085.01
 20
-80.0
 30
0.0
 11
150.0
 21
-80.0
 31
0.0
  0
DIMENSION
  5
16D
330
126
100
AcDbEntity
  8
尺寸线层
100
AcDbDimension
280
     0
  2
*X8
 10
386.0
 20
31.597
 30
0.0
 11
336.0
 21
43.472
 31
0.0
 70
    32
  1
<>
 71
     5
 42
-1.0
 73
     0
 74
     0
 75
     0
  3
CUSTOM_DIMSTYLE
100
AcDbAlignedDimension
 13
286.0
 23
12.5
 33
0.0
 14
386.0
 24
12.5
 34
0.0
100
AcDbRotatedDimension
1001
CX_DbAnnotate_TxtLocPara
1041
0.0
1001
CX_DbAnnotate_SimDimOriTxt
1070
     0
1001
CAXA_DRAFT_DIMARROWREVERSE
1070
     0
1001
ACAD
1000
DSTYLE
1002
{
1070
   173
1070
     1
1002
}
1001
CAXA_DRAFT_DIMARCLENSTYLE
1070
     1
1001
CAXA_DRAFT_DDTSTY_2011R3
1070
     0
1001
ACAD_DSTYLE_DIMINSPECT
1070
   396
1000

1070
   395
1000

1070
   394
1070
     0
1070
   393
1070
     0
1001
CX_DBDIM_TXTFRAME
1070
     0
1070
     0
1001
CDRAFT_DIM_STD_REV_NAME
1000
GB
1000
*DIMSTD
1000

  0
DIMENSION
  5
177
330
126
100
AcDbEntity
  8
尺寸线层
100
AcDbDimension
280
     0
  2
*X9
 10
956.0
 20
31.597
 30
0.0
 11
906.0
 21
43.472
 31
0.0
 70
    32
  1
<>
 71
     5
 42
-1.0
 73
     0
 74
     0
 75
     0
  3
CUSTOM_DIMSTYLE
100
AcDbAlignedDimension
 13
856.0
 23
12.5
 33
0.0
 14
956.0
 24
12.5
 34
0.0
100
AcDbRotatedDimension
1001
CX_DbAnnotate_TxtLocPara
1041
0.0
1001
CX_DbAnnotate_SimDimOriTxt
1070
     0
1001
CAXA_DRAFT_DIMARROWREVERSE
1070
     0
1001
ACAD
1000
DSTYLE
1002
{
1070
   173
1070
     1
1002
}
1001
CAXA_DRAFT_DIMARCLENSTYLE
1070
     1
1001
CAXA_DRAFT_DDTSTY_2011R3
1070
     0
1001
ACAD_DSTYLE_DIMINSPECT
1070
   396
1000

1070
   395
1000

1070
   394
1070
     0
1070
   393
1070
     0
1001
CX_DBDIM_TXTFRAME
1070
     0
1070
     0
1001
CDRAFT_DIM_STD_REV_NAME
1000
GB
1000
*DIMSTD
1000

  0
LINE
  5
178
330
126
100
AcDbEntity
  8
粗实线层
100
AcDbLine
 10
0.0
 20
12.5
 30
0.0
 11
144.0
 21
12.5
 31
0.0
  0
LINE
  5
179
330
126
100
AcDbEntity
  8
虚线层
  6
虚线
100
AcDbLine
 10
150.0
 20
12.5
 30
0.0
 11
286.0
 21
12.5
 31
0.0
  0
LINE
  5
17A
330
126
100
AcDbEntity
  8
粗实线层
100
AcDbLine
 10
0.0
 20
-12.5
 30
0.0
 11
144.0
 21
-12.5
 31
0.0
  0
LINE
  5
17B
330
126
100
AcDbEntity
  8
虚线层
  6
虚线
100
AcDbLine
 10
150.0
 20
-12.5
 30
0.0
 11
286.0
 21
-12.5
 31
0.0
  0
LINE
  5
17C
330
126
100
AcDbEntity
  8
虚线层
  6
虚线
100
AcDbLine
 10
286.0
 20
12.5
 30
0.0
 11
386.0
 21
12.5
 31
0.0
  0
LINE
  5
17D
330
126
100
AcDbEntity
  8
虚线层
  6
虚线
100
AcDbLine
 10
386.0
 20
12.5
 30
0.0
 11
386.0
 21
-12.5
 31
0.0
  0
LINE
  5
17E
330
126
100
AcDbEntity
  8
虚线层
  6
虚线
100
AcDbLine
 10
286.0
 20
-12.5
 30
0.0
 11
386.0
 21
-12.5
 31
0.0
  0
LINE
  5
17F
330
126
100
AcDbEntity
  8
粗实线层
100
AcDbLine
 10
1235.0
 20
12.5
 30
0.0
 11
1091.0
 21
12.5
 31
0.0
  0
LINE
  5
180
330
126
100
AcDbEntity
  8
虚线层
  6
虚线
100
AcDbLine
 10
1085.01
 20
12.5
 30
0.0
 11
956.0
 21
12.5
 31
0.0
  0
LINE
  5
181
330
126
100
AcDbEntity
  8
粗实线层
100
AcDbLine
 10
1235.0
 20
-12.5
 30
0.0
 11
1091.0
 21
-12.5
 31
0.0
  0
LINE
  5
182
330
126
100
AcDbEntity
  8
虚线层
  6
虚线
100
AcDbLine
 10
1085.01
 20
-12.5
 30
0.0
 11
956.0
 21
-12.5
 31
0.0
  0
LINE
  5
183
330
126
100
AcDbEntity
  8
虚线层
  6
虚线
100
AcDbLine
 10
956.0
 20
12.5
 30
0.0
 11
856.0
 21
12.5
 31
0.0
  0
LINE
  5
184
330
126
100
AcDbEntity
  8
虚线层
  6
虚线
100
AcDbLine
 10
856.0
 20
12.5
 30
0.0
 11
856.0
 21
-12.5
 31
0.0
  0
LINE
  5
185
330
126
100
AcDbEntity
  8
虚线层
  6
虚线
100
AcDbLine
 10
956.0
 20
-12.5
 30
0.0
 11
856.0
 21
-12.5
 31
0.0
  0
DIMENSION
  5
191
330
126
100
AcDbEntity
  8
尺寸线层
100
AcDbDimension
280
     0
  2
*X10
 10
150.0
 20
136.694
 30
0.0
 11
147.0
 21
148.569
 31
0.0
 70
    32
  1
<>
 71
     5
 42
-1.0
 73
     0
 74
     0
 75
     0
  3
CUSTOM_DIMSTYLE
100
AcDbAlignedDimension
 13
144.0
 23
110.0
 33
0.0
 14
150.0
 24
110.194
 34
0.0
100
AcDbRotatedDimension
1001
CX_DbAnnotate_TxtLocPara
1041
0.0
1001
CX_DbAnnotate_SimDimOriTxt
1070
     0
1001
CAXA_DRAFT_DIMARROWREVERSE
1070
     0
1001
ACAD
1000
DSTYLE
1002
{
1070
   173
1070
     1
1002
}
1001
CAXA_DRAFT_DIMARCLENSTYLE
1070
     1
1001
CAXA_DRAFT_DDTSTY_2011R3
1070
     0
1001
ACAD_DSTYLE_DIMINSPECT
1070
   396
1000

1070
   395
1000

1070
   394
1070
     0
1070
   393
1070
     0
1001
CX_DBDIM_TXTFRAME
1070
     0
1070
     0
1001
CDRAFT_DIM_STD_REV_NAME
1000
GB
1000
*DIMSTD
1000

  0
DIMENSION
  5
19D
330
126
100
AcDbEntity
  8
尺寸线层
100
AcDbDimension
280
     0
  2
*X11
 10
1091.0
 20
136.694
 30
0.0
 11
1088.0
 21
148.569
 31
0.0
 70
    32
  1
<>
 71
     5
 42
-1.0
 73
     0
 74
     0
 75
     0
  3
CUSTOM_DIMSTYLE
100
AcDbAlignedDimension
 13
1085.0
 23
110.0
 33
0.0
 14
1091.0
 24
110.0
 34
0.0
100
AcDbRotatedDimension
1001
CX_DbAnnotate_TxtLocPara
1041
0.0
1001
CX_DbAnnotate_SimDimOriTxt
1070
     0
1001
CAXA_DRAFT_DIMARROWREVERSE
1070
     0
1001
ACAD
1000
DSTYLE
1002
{
1070
   173
1070
     1
1002
}
1001
CAXA_DRAFT_DIMARCLENSTYLE
1070
     1
1001
CAXA_DRAFT_DDTSTY_2011R3
1070
     0
1001
ACAD_DSTYLE_DIMINSPECT
1070
   396
1000

1070
   395
1000

1070
   394
1070
     0
1070
   393
1070
     0
1001
CX_DBDIM_TXTFRAME
1070
     0
1070
     0
1001
CDRAFT_DIM_STD_REV_NAME
1000
GB
1000
*DIMSTD
1000

  0
LINE
  5
19E
330
126
100
AcDbEntity
  8
粗实线层
100
AcDbLine
 10
1235.0
 20
-79.99999999999999
 30
0.0
 11
1235.0
 21
80.0
 31
0.0
  0
DIMENSION
  5
1A8
330
126
100
AcDbEntity
  8
尺寸线层
100
AcDbDimension
280
     0
  2
*X12
 10
144.0
 20
136.694
 30
0.0
 11
72.0000005
 21
148.5201173184358
 31
0.0
 70
    32
  1
<>
 71
     5
 42
-1.0
 73
     0
 74
     0
 75
     0
  3
CUSTOM_DIMSTYLE
100
AcDbAlignedDimension
 13
0.0
 23
79.99999999999999
 33
0.0
 14
144.0
 24
85.0
 34
0.0
100
AcDbRotatedDimension
1001
CX_DbAnnotate_TxtLocPara
1041
0.0
1001
CX_DbAnnotate_SimDimOriTxt
1070
     0
1001
CAXA_DRAFT_DIMARROWREVERSE
1070
     0
1001
ACAD
1000
DSTYLE
1002
{
1070
   173
1070
     1
1002
}
1001
CAXA_DRAFT_DIMARCLENSTYLE
1070
     1
1001
CAXA_DRAFT_DDTSTY_2011R3
1070
     0
1001
ACAD_DSTYLE_DIMINSPECT
1070
   396
1000

1070
   395
1000

1070
   394
1070
     0
1070
   393
1070
     0
1001
CX_DBDIM_TXTFRAME
1070
     0
1070
     0
1001
CDRAFT_DIM_STD_REV_NAME
1000
GB
1000
*DIMSTD
1000

  0
LINE
  5
1A9
330
126
100
AcDbEntity
  8
虚线层
  6
虚线
100
AcDbLine
 10
286.0
 20
12.5
 30
0.0
 11
286.0
 21
-12.5
 31
0.0
  0
LINE
  5
1AA
330
126
100
AcDbEntity
  8
虚线层
  6
虚线
100
AcDbLine
 10
956.0
 20
12.5
 30
0.0
 11
956.0
 21
-12.5
 31
0.0
  0
HATCH
  5
1AB
330
126
100
AcDbEntity
  8
剖面线层
100
AcDbHatch
 10
0.0
 20
0.0
 30
0.0
210
0.0
220
0.0
230
1.0
  2
AR-CONC
 70
     0
 71
     0
 91
        1
 92
        0
 93
        4
 72
     1
 10
150.0
 20
79.99999999999999
 11
150.0
 21
94.0
 72
     1
 10
150.0
 20
94.0
 11
1085.01
 21
94.0
 72
     1
 10
1085.01
 20
94.0
 11
1085.01
 21
79.99999999999999
 72
     1
 10
1085.01
 20
79.99999999999999
 11
150.0
 21
79.99999999999999
 97
        0
 75
     0
 76
     0
 52
0.0
 41
1.0
 77
     0
 78
    13
 53
50.0
 43
0.0
 44
0.0
 45
-18.2184668996
 46
1.5939085539
 79
     2
 49
1.905
 49
-20.955
 53
355.0
 43
0.0
 44
0.0
 45
6.788466766856168
 46
18.20343065522218
 79
     2
 49
1.524
 49
-16.764058417
 53
100.4514447
 43
1.5182007
 44
-0.13282535
 45
-14.694124709
 46
-17.51177519120001
 79
     2
 49
1.61900088
 49
-17.80902446
 53
46.1842
 43
0.0
 44
5.08
 45
-27.10790408920001
 46
4.204232793299999
 79
     2
 49
2.8575
 49
-31.4325
 53
96.63555760999999
 43
2.25899
 44
4.72965
 45
-23.74041340520001
 46
-24.7426124598
 79
     2
 49
2.428502314
 49
-26.713560816
 53
351.18415117
 43
0.0
 44
5.08
 45
-15.13069829930561
 46
30.77118894288022
 79
     2
 49
2.285996707
 49
-25.145973192
 53
21.0
 43
2.54
 44
3.81
 45
4.424267626718624
 46
17.74476824216444
 79
     2
 49
1.905
 49
-20.955
 53
325.9999999999999
 43
2.54
 44
3.81
 45
14.76246610881751
 46
12.62998694009122
 79
     2
 49
1.524
 49
-16.764
 53
71.45144499999999
 43
3.80345326
 44
2.95779001
 45
-21.3416419279
 46
-8.192276888599999
 79
     2
 49
1.61900088
 49
-17.80899376
 53
37.5
 43
0.0
 44
0.0
 45
-8.247328513443119
 46
1.89010927724151
 79
     6
 49
0.01
 49
-16.5608
 49
0.01
 49
-17.018
 49
0.01
 49
-16.8275
 53
7.5
 43
0.0
 44
0.0
 45
-9.047147843454482
 46
7.947280326427958
 79
     6
 49
0.01
 49
-9.7028
 49
0.01
 49
-16.1798
 49
0.01
 49
-6.4135
 53
-32.5
 43
-5.6642
 44
0.0
 45
-6.249506692865986
 46
12.04657404205069
 79
     6
 49
0.01
 49
-6.35
 49
0.01
 49
-19.812
 49
0.01
 49
-26.289
 53
-42.50000000000001
 43
-8.2042
 44
0.0
 45
1.241942673185259
 46
14.97815698408515
 79
     6
 49
0.01
 49
-8.255
 49
0.01
 49
-13.1572
 49
0.01
 49
-18.669
 98
        1
 10
0.0
 20
0.0
1001
CAXA_DRAFT_HATCH_SCALE_ANGLE
1041
0.1
1041
0.0
  0
HATCH
  5
1AC
330
126
100
AcDbEntity
  8
剖面线层
100
AcDbHatch
 10
0.0
 20
0.0
 30
0.0
210
0.0
220
0.0
230
1.0
  2
AR-CONC
 70
     0
 71
     0
 91
        1
 92
        0
 93
        4
 72
     1
 10
150.0
 20
-94.0
 11
150.0
 21
-80.0
 72
     1
 10
150.0
 20
-80.0
 11
1085.01
 21
-80.0
 72
     1
 10
1085.01
 20
-80.0
 11
1085.01
 21
-94.0
 72
     1
 10
1085.01
 20
-94.0
 11
150.0
 21
-94.0
 97
        0
 75
     0
 76
     0
 52
0.0
 41
1.0
 77
     0
 78
    13
 53
50.0
 43
0.0
 44
0.0
 45
-18.2184668996
 46
1.5939085539
 79
     2
 49
1.905
 49
-20.955
 53
355.0
 43
0.0
 44
0.0
 45
6.788466766856168
 46
18.20343065522218
 79
     2
 49
1.524
 49
-16.764058417
 53
100.4514447
 43
1.5182007
 44
-0.13282535
 45
-14.694124709
 46
-17.51177519120001
 79
     2
 49
1.61900088
 49
-17.80902446
 53
46.1842
 43
0.0
 44
5.08
 45
-27.10790408920001
 46
4.204232793299999
 79
     2
 49
2.8575
 49
-31.4325
 53
96.63555760999999
 43
2.25899
 44
4.72965
 45
-23.74041340520001
 46
-24.7426124598
 79
     2
 49
2.428502314
 49
-26.713560816
 53
351.18415117
 43
0.0
 44
5.08
 45
-15.13069829930561
 46
30.77118894288022
 79
     2
 49
2.285996707
 49
-25.145973192
 53
21.0
 43
2.54
 44
3.81
 45
4.424267626718624
 46
17.74476824216444
 79
     2
 49
1.905
 49
-20.955
 53
325.9999999999999
 43
2.54
 44
3.81
 45
14.76246610881751
 46
12.62998694009122
 79
     2
 49
1.524
 49
-16.764
 53
71.45144499999999
 43
3.80345326
 44
2.95779001
 45
-21.3416419279
 46
-8.192276888599999
 79
     2
 49
1.61900088
 49
-17.80899376
 53
37.5
 43
0.0
 44
0.0
 45
-8.247328513443119
 46
1.89010927724151
 79
     6
 49
0.01
 49
-16.5608
 49
0.01
 49
-17.018
 49
0.01
 49
-16.8275
 53
7.5
 43
0.0
 44
0.0
 45
-9.047147843454482
 46
7.947280326427958
 79
     6
 49
0.01
 49
-9.7028
 49
0.01
 49
-16.1798
 49
0.01
 49
-6.4135
 53
-32.5
 43
-5.6642
 44
0.0
 45
-6.249506692865986
 46
12.04657404205069
 79
     6
 49
0.01
 49
-6.35
 49
0.01
 49
-19.812
 49
0.01
 49
-26.289
 53
-42.50000000000001
 43
-8.2042
 44
0.0
 45
1.241942673185259
 46
14.97815698408515
 79
     6
 49
0.01
 49
-8.255
 49
0.01
 49
-13.1572
 49
0.01
 49
-18.669
 98
        1
 10
0.0
 20
0.0
1001
CAXA_DRAFT_HATCH_SCALE_ANGLE
1041
0.1
1041
0.0
  0
DIMENSION
  5
1B5
330
126
100
AcDbEntity
  8
尺寸线层
100
AcDbDimension
280
     0
  2
*X13
 10
628.4270182924034
 20
-6.07943388979637
 30
0.0
 11
568.3017964592462
 21
27.38757755974997
 31
0.0
 70
   163
  1
<>*40
 71
     5
 42
-1.0
 73
     0
 74
     0
 75
     0
  3
CUSTOM_DIMSTYLE
100
AcDbDiametricDimension
 15
606.5829817075966
 25
6.07943388979637
 35
0.0
 40
0.0
1001
CxDragDiaDimLnStyle
1070
     1
1001
CAXA_DRAFT_DIMARROWREVERSE
1070
     0
1001
ACAD
1000
DSTYLE
1002
{
1070
     3
1000
%%C<>
1070
   173
1070
     1
1070
     4
1000
%c[]
1070
    74
1070
     1
1002
}
1001
CAXA_DRAFT_DIMARCLENSTYLE
1070
     1
1001
CAXA_DRAFT_DDTSTY_2011R3
1070
     0
1001
ACAD_DSTYLE_DIMINSPECT
1070
   396
1000

1070
   395
1000

1070
   394
1070
     0
1070
   393
1070
     0
1001
CX_DBDIM_TXTFRAME
1070
     0
1070
     0
1001
CDRAFT_DIM_STD_REV_NAME
1000
GB
1000
*DIMSTD
1000

  0
MTEXT
  5
1B6
330
126
100
AcDbEntity
  8
尺寸线层
100
AcDbMText
 10
83.68483003621306
 20
-157.3641978758273
 30
0.0
 40
45.0
 41
685.5083798882683
 46
284.2789273743018
 71
     1
 72
     1
  1
{\W0.7;\T1.1;L=3100-4件\P共计4件\P\P\P\P\H1.42943x;\W1; }
 73
     1
 44
1.0
1001
CAXA_DRAFT_TXTSCALE
1041
1.0
  0
HATCH
  5
1B7
330
126
100
AcDbEntity
  8
0
100
AcDbHatch
 10
0.0
 20
0.0
 30
0.0
210
0.0
220
0.0
230
1.0
  2
SOLID
 70
     1
 71
     0
 91
        1
 92
        0
 93
        4
 72
     1
 10
150.0
 20
100.0
 11
150.0
 21
110.0
 72
     1
 10
150.0
 20
110.0
 11
150.0
 21
110.194
 72
     1
 10
150.0
 20
110.194
 11
160.5
 21
100.0
 72
     1
 10
160.5
 20
100.0
 11
150.0
 21
100.0
 97
        0
 75
     0
 76
     1
 98
        1
 10
153.6483676194633
 20
102.9772872760703
  0
HATCH
  5
1B8
330
126
100
AcDbEntity
  8
0
100
AcDbHatch
 10
0.0
 20
0.0
 30
0.0
210
0.0
220
0.0
230
1.0
  2
SOLID
 70
     1
 71
     0
 91
        1
 92
        0
 93
        4
 72
     1
 10
150.0
 20
-110.0
 11
150.0
 21
-100.0
 72
     1
 10
150.0
 20
-100.0
 11
160.5
 21
-100.0
 72
     1
 10
160.5
 20
-100.0
 11
150.0
 21
-110.194
 72
     1
 10
150.0
 20
-110.194
 11
150.0
 21
-110.0
 97
        0
 75
     0
 76
     1
 98
        1
 10
151.5292164716265
 20
-105.3475301083776
  0
HATCH
  5
1B9
330
126
100
AcDbEntity
  8
0
100
AcDbHatch
 10
0.0
 20
0.0
 30
0.0
210
0.0
220
0.0
230
1.0
  2
SOLID
 70
     1
 71
     0
 91
        1
 92
        0
 93
        3
 72
     1
 10
1075.0
 20
100.0
 11
1085.0
 21
110.0
 72
     1
 10
1085.0
 20
110.0
 11
1085.0
 21
100.0
 72
     1
 10
1085.0
 20
100.0
 11
1075.0
 21
100.0
 97
        0
 75
     0
 76
     1
 98
        1
 10
1079.065035916216
 20
103.1677481746877
  0
HATCH
  5
1BA
330
126
100
AcDbEntity
  8
0
100
AcDbHatch
 10
0.0
 20
0.0
 30
0.0
210
0.0
220
0.0
230
1.0
  2
SOLID
 70
     1
 71
     0
 91
        1
 92
        0
 93
        3
 72
     1
 10
1085.0
 20
-110.0
 11
1075.0
 21
-100.0
 72
     1
 10
1075.0
 20
-100.0
 11
1085.0
 21
-100.0
 72
     1
 10
1085.0
 20
-100.0
 11
1085.0
 21
-110.0
 97
        0
 75
     0
 76
     1
 98
        1
 10
1082.423277507933
 20
-105.0300952773483
  0
ENDBLK
  5
1BC
330
126
100
AcDbEntity
  8
0
100
AcDbBlockEnd
  0
BLOCK
  5
12B
330
12A
100
AcDbEntity
  8
0
100
AcDbBlockBegin
  2
*X4
 70
     1
 10
0.0
 20
0.0
 30
0.0
  3
*X4
  1

  0
LINE
  5
12D
330
12A
100
AcDbEntity
  8
尺寸线层
  6
Continuous
 62
     3
100
AcDbLine
 10
0.0
 20
185.325
 30
0.0
 11
1235.0
 21
185.325
 31
0.0
  0
HATCH
  5
12E
330
12A
100
AcDbEntity
  8
尺寸线层
  6
Continuous
 62
     3
100
AcDbHatch
 10
0.0
 20
0.0
 30
0.0
210
0.0
220
0.0
230
1.0
  2
SOLID
 70
     1
 71
     0
 91
        1
 92
        0
 93
        3
 72
     1
 10
0.0
 20
185.325
 11
25.0
 21
189.4916666666666
 72
     1
 10
25.0
 20
189.4916666666666
 11
25.0
 21
181.1583333333333
 72
     1
 10
25.0
 20
181.1583333333333
 11
0.0
 21
185.325
 97
        0
 75
     0
 76
     1
 98
        1
 10
0.0
 20
0.0
  0
HATCH
  5
12F
330
12A
100
AcDbEntity
  8
尺寸线层
  6
Continuous
 62
     3
100
AcDbHatch
 10
0.0
 20
0.0
 30
0.0
210
0.0
220
0.0
230
1.0
  2
SOLID
 70
     1
 71
     0
 91
        1
 92
        0
 93
        3
 72
     1
 10
1235.0
 20
185.325
 11
1210.0
 21
189.4916666666666
 72
     1
 10
1210.0
 20
189.4916666666666
 11
1210.0
 21
181.1583333333333
 72
     1
 10
1210.0
 20
181.1583333333333
 11
1235.0
 21
185.325
 97
        0
 75
     0
 76
     1
 98
        1
 10
0.0
 20
0.0
  0
LINE
  5
130
330
12A
100
AcDbEntity
  8
尺寸线层
  6
Continuous
 62
     0
100
AcDbLine
 10
0.0
 20
79.99999999999999
 30
0.0
 11
0.0
 21
191.575
 31
0.0
  0
LINE
  5
131
330
12A
100
AcDbEntity
  8
尺寸线层
  6
Continuous
 62
     0
100
AcDbLine
 10
1235.0
 20
80.0
 30
0.0
 11
1235.0
 21
191.575
 31
0.0
  0
MTEXT
  5
132
330
12A
100
AcDbEntity
  8
尺寸线层
 62
     0
100
AcDbMText
 10
617.5000005
 20
209.8361731843575
 30
0.0
 40
17.5
 41
54.74860335195535
 46
35.0
 71
     5
 72
     1
  1
{\H2.5x;L}
 73
     1
 44
1.0
1001
CAXA_DRAFT_TXTSCALE
1041
1.0
  0
ENDBLK
  5
12C
330
12A
100
AcDbEntity
  8
0
100
AcDbBlockEnd
  0
BLOCK
  5
136
330
135
100
AcDbEntity
  8
0
100
AcDbBlockBegin
  2
*X5
 70
     1
 10
0.0
 20
0.0
 30
0.0
  3
*X5
  1

  0
LINE
  5
138
330
135
100
AcDbEntity
  8
尺寸线层
100
AcDbLine
 10
150.0
 20
110.0
 30
0.0
 11
150.0
 21
136.694
 31
0.0
  0
LINE
  5
139
330
135
100
AcDbEntity
  8
尺寸线层
100
AcDbLine
 10
1085.0
 20
100.0
 30
0.0
 11
1085.0
 21
136.694
 31
0.0
  0
INSERT
  5
13A
330
135
100
AcDbEntity
  8
尺寸线层
 62
     3
100
AcDbBlockReference
  2
_CLOSEDFILLED
 10
150.0
 20
136.694
 30
0.0
 41
25.0
 42
25.0
 50
180.0
1001
CAXA_DRAFT_BLKHIDE
1070
     0
  0
INSERT
  5
13F
330
135
100
AcDbEntity
  8
尺寸线层
 62
     3
100
AcDbBlockReference
  2
_CLOSEDFILLED
 10
1085.0
 20
136.694
 30
0.0
 41
25.0
 42
25.0
1001
CAXA_DRAFT_BLKHIDE
1070
     0
  0
LINE
  5
140
330
135
100
AcDbEntity
  8
尺寸线层
 62
     3
370
     0
100
AcDbLine
 10
175.0
 20
136.694
 30
0.0
 11
1060.0
 21
136.694
 31
0.0
  0
MTEXT
  5
141
330
135
100
AcDbEntity
  8
尺寸线层
100
AcDbMText
 10
617.5
 20
148.569
 30
0.0
 40
17.5
 41
121.0335195530727
 46
34.60893854748605
 71
     5
 72
     1
  1
L-300
 73
     1
 44
1.0
1001
CAXA_DRAFT_TXTSCALE
1041
1.0
  0
ENDBLK
  5
137
330
135
100
AcDbEntity
  8
0
100
AcDbBlockEnd
  0
BLOCK
  5
13D
330
13B
100
AcDbEntity
  8
0
100
AcDbBlockBegin
  2
_CLOSEDFILLED
 70
     0
 10
0.0
 20
0.0
 30
0.0
  3
_CLOSEDFILLED
  1

  0
HATCH
  5
13C
330
13B
100
AcDbEntity
  8
0
  6
ByBlock
 62
     0
100
AcDbHatch
 10
0.0
 20
0.0
 30
0.0
210
0.0
220
0.0
230
1.0
  2
SOLID
 70
     1
 71
     0
 91
        1
 92
        0
 93
        3
 72
     1
 10
-1.0
 20
0.1643989837240254
 11
0.0
 21
0.0
 72
     1
 10
0.0
 20
0.0
 11
-1.0
 21
-0.1643989837240254
 72
     1
 10
-1.0
 20
-0.1643989837240254
 11
-1.0
 21
0.1643989837240254
 97
        0
 75
     0
 76
     1
 98
        1
 10
0.0
 20
0.0
  0
ENDBLK
  5
13E
330
13B
100
AcDbEntity
  8
0
100
AcDbBlockEnd
  0
BLOCK
  5
144
330
143
100
AcDbEntity
  8
0
100
AcDbBlockBegin
  2
*X7
 70
     1
 10
0.0
 20
0.0
 30
0.0
  3
*X7
  1

  0
LINE
  5
146
330
143
100
AcDbEntity
  8
尺寸线层
  6
Continuous
 62
     3
100
AcDbLine
 10
1091.0
 20
136.694
 30
0.0
 11
1235.0
 21
136.694
 31
0.0
  0
HATCH
  5
147
330
143
100
AcDbEntity
  8
尺寸线层
  6
Continuous
 62
     3
100
AcDbHatch
 10
0.0
 20
0.0
 30
0.0
210
0.0
220
0.0
230
1.0
  2
SOLID
 70
     1
 71
     0
 91
        1
 92
        0
 93
        3
 72
     1
 10
1091.0
 20
136.694
 11
1116.0
 21
140.8606666666667
 72
     1
 10
1116.0
 20
140.8606666666667
 11
1116.0
 21
132.5273333333334
 72
     1
 10
1116.0
 20
132.5273333333334
 11
1091.0
 21
136.694
 97
        0
 75
     0
 76
     1
 98
        1
 10
0.0
 20
0.0
  0
HATCH
  5
148
330
143
100
AcDbEntity
  8
尺寸线层
  6
Continuous
 62
     3
100
AcDbHatch
 10
0.0
 20
0.0
 30
0.0
210
0.0
220
0.0
230
1.0
  2
SOLID
 70
     1
 71
     0
 91
        1
 92
        0
 93
        3
 72
     1
 10
1235.0
 20
136.694
 11
1210.0
 21
140.8606666666667
 72
     1
 10
1210.0
 20
140.8606666666667
 11
1210.0
 21
132.5273333333334
 72
     1
 10
1210.0
 20
132.5273333333334
 11
1235.0
 21
136.694
 97
        0
 75
     0
 76
     1
 98
        1
 10
0.0
 20
0.0
  0
LINE
  5
149
330
143
100
AcDbEntity
  8
尺寸线层
  6
Continuous
 62
     0
100
AcDbLine
 10
1091.0
 20
110.0
 30
0.0
 11
1091.0
 21
142.944
 31
0.0
  0
LINE
  5
14A
330
143
100
AcDbEntity
  8
尺寸线层
  6
Continuous
 62
     0
100
AcDbLine
 10
1235.0
 20
80.0
 30
0.0
 11
1235.0
 21
142.944
 31
0.0
  0
MTEXT
  5
14B
330
143
100
AcDbEntity
  8
尺寸线层
 62
     0
100
AcDbMText
 10
1163.0000005
 20
148.5201173184358
 30
0.0
 40
17.5
 41
67.65363128491617
 46
35.0
 71
     5
 72
     1
  1
144
 73
     1
 44
1.0
1001
CAXA_DRAFT_TXTSCALE
1041
1.0
  0
ENDBLK
  5
145
330
143
100
AcDbEntity
  8
0
100
AcDbBlockEnd
  0
BLOCK
  5
165
330
164
100
AcDbEntity
  8
0
100
AcDbBlockBegin
  2
*X8
 70
     1
 10
0.0
 20
0.0
 30
0.0
  3
*X8
  1

  0
LINE
  5
167
330
164
100
AcDbEntity
  8
尺寸线层
100
AcDbLine
 10
286.0
 20
12.5
 30
0.0
 11
286.0
 21
31.597
 31
0.0
  0
LINE
  5
168
330
164
100
AcDbEntity
  8
尺寸线层
100
AcDbLine
 10
386.0
 20
12.5
 30
0.0
 11
386.0
 21
31.597
 31
0.0
  0
INSERT
  5
169
330
164
100
AcDbEntity
  8
尺寸线层
 62
     3
100
AcDbBlockReference
  2
_CLOSEDFILLED
 10
286.0
 20
31.597
 30
0.0
 41
25.0
 42
25.0
 50
180.0
1001
CAXA_DRAFT_BLKHIDE
1070
     0
  0
INSERT
  5
16A
330
164
100
AcDbEntity
  8
尺寸线层
 62
     3
100
AcDbBlockReference
  2
_CLOSEDFILLED
 10
386.0
 20
31.597
 30
0.0
 41
25.0
 42
25.0
1001
CAXA_DRAFT_BLKHIDE
1070
     0
  0
LINE
  5
16B
330
164
100
AcDbEntity
  8
尺寸线层
 62
     3
370
     0
100
AcDbLine
 10
311.0
 20
31.597
 30
0.0
 11
361.0
 21
31.597
 31
0.0
  0
MTEXT
  5
16C
330
164
100
AcDbEntity
  8
尺寸线层
100
AcDbMText
 10
336.0
 20
43.472
 30
0.0
 40
17.5
 41
66.87150837988827
 46
34.80446927374302
 71
     5
 72
     1
  1
100
 73
     1
 44
1.0
1001
CAXA_DRAFT_TXTSCALE
1041
1.0
  0
ENDBLK
  5
166
330
164
100
AcDbEntity
  8
0
100
AcDbBlockEnd
  0
BLOCK
  5
16F
330
16E
100
AcDbEntity
  8
0
100
AcDbBlockBegin
  2
*X9
 70
     1
 10
0.0
 20
0.0
 30
0.0
  3
*X9
  1

  0
LINE
  5
171
330
16E
100
AcDbEntity
  8
尺寸线层
100
AcDbLine
 10
856.0
 20
12.5
 30
0.0
 11
856.0
 21
31.597
 31
0.0
  0
LINE
  5
172
330
16E
100
AcDbEntity
  8
尺寸线层
100
AcDbLine
 10
956.0
 20
12.5
 30
0.0
 11
956.0
 21
31.597
 31
0.0
  0
INSERT
  5
173
330
16E
100
AcDbEntity
  8
尺寸线层
 62
     3
100
AcDbBlockReference
  2
_CLOSEDFILLED
 10
856.0
 20
31.597
 30
0.0
 41
25.0
 42
25.0
 50
180.0
1001
CAXA_DRAFT_BLKHIDE
1070
     0
  0
INSERT
  5
174
330
16E
100
AcDbEntity
  8
尺寸线层
 62
     3
100
AcDbBlockReference
  2
_CLOSEDFILLED
 10
956.0
 20
31.597
 30
0.0
 41
25.0
 42
25.0
1001
CAXA_DRAFT_BLKHIDE
1070
     0
  0
LINE
  5
175
330
16E
100
AcDbEntity
  8
尺寸线层
 62
     3
370
     0
100
AcDbLine
 10
881.0
 20
31.597
 30
0.0
 11
931.0
 21
31.597
 31
0.0
  0
MTEXT
  5
176
330
16E
100
AcDbEntity
  8
尺寸线层
100
AcDbMText
 10
906.0
 20
43.472
 30
0.0
 40
17.5
 41
66.87150837988816
 46
34.80446927374302
 71
     5
 72
     1
  1
100
 73
     1
 44
1.0
1001
CAXA_DRAFT_TXTSCALE
1041
1.0
  0
ENDBLK
  5
170
330
16E
100
AcDbEntity
  8
0
100
AcDbBlockEnd
  0
BLOCK
  5
187
330
186
100
AcDbEntity
  8
0
100
AcDbBlockBegin
  2
*X10
 70
     1
 10
0.0
 20
0.0
 30
0.0
  3
*X10
  1

  0
LINE
  5
189
330
186
100
AcDbEntity
  8
尺寸线层
100
AcDbLine
 10
144.0
 20
110.0
 30
0.0
 11
144.0
 21
136.694
 31
0.0
  0
LINE
  5
18A
330
186
100
AcDbEntity
  8
尺寸线层
100
AcDbLine
 10
150.0
 20
110.194
 30
0.0
 11
150.0
 21
136.694
 31
0.0
  0
INSERT
  5
18B
330
186
100
AcDbEntity
  8
尺寸线层
 62
     3
100
AcDbBlockReference
  2
_CLOSEDFILLED
 10
144.0
 20
136.694
 30
0.0
 41
25.0
 42
25.0
1001
CAXA_DRAFT_BLKHIDE
1070
     0
  0
INSERT
  5
18C
330
186
100
AcDbEntity
  8
尺寸线层
 62
     3
100
AcDbBlockReference
  2
_CLOSEDFILLED
 10
150.0
 20
136.694
 30
0.0
 41
25.0
 42
25.0
 50
180.0
1001
CAXA_DRAFT_BLKHIDE
1070
     0
  0
LINE
  5
18D
330
186
100
AcDbEntity
  8
尺寸线层
 62
     3
370
     0
100
AcDbLine
 10
119.0
 20
136.694
 30
0.0
 11
94.0
 21
136.694
 31
0.0
  0
LINE
  5
18E
330
186
100
AcDbEntity
  8
尺寸线层
 62
     3
370
     0
100
AcDbLine
 10
175.0
 20
136.694
 30
0.0
 11
200.0
 21
136.694
 31
0.0
  0
LINE
  5
18F
330
186
100
AcDbEntity
  8
尺寸线层
 62
     3
370
     0
100
AcDbLine
 10
144.0
 20
136.694
 30
0.0
 11
150.0
 21
136.694
 31
0.0
  0
MTEXT
  5
190
330
186
100
AcDbEntity
  8
尺寸线层
100
AcDbMText
 10
147.0
 20
148.569
 30
0.0
 40
17.5
 41
20.13966480446925
 46
34.60893854748605
 71
     5
 72
     1
  1
6
 73
     1
 44
1.0
1001
CAXA_DRAFT_TXTSCALE
1041
1.0
  0
ENDBLK
  5
188
330
186
100
AcDbEntity
  8
0
100
AcDbBlockEnd
  0
BLOCK
  5
193
330
192
100
AcDbEntity
  8
0
100
AcDbBlockBegin
  2
*X11
 70
     1
 10
0.0
 20
0.0
 30
0.0
  3
*X11
  1

  0
LINE
  5
195
330
192
100
AcDbEntity
  8
尺寸线层
100
AcDbLine
 10
1085.0
 20
110.0
 30
0.0
 11
1085.0
 21
136.694
 31
0.0
  0
LINE
  5
196
330
192
100
AcDbEntity
  8
尺寸线层
100
AcDbLine
 10
1091.0
 20
110.0
 30
0.0
 11
1091.0
 21
136.694
 31
0.0
  0
INSERT
  5
197
330
192
100
AcDbEntity
  8
尺寸线层
 62
     3
100
AcDbBlockReference
  2
_CLOSEDFILLED
 10
1085.0
 20
136.694
 30
0.0
 41
25.0
 42
25.0
1001
CAXA_DRAFT_BLKHIDE
1070
     0
  0
INSERT
  5
198
330
192
100
AcDbEntity
  8
尺寸线层
 62
     3
100
AcDbBlockReference
  2
_CLOSEDFILLED
 10
1091.0
 20
136.694
 30
0.0
 41
25.0
 42
25.0
 50
180.0
1001
CAXA_DRAFT_BLKHIDE
1070
     0
  0
LINE
  5
199
330
192
100
AcDbEntity
  8
尺寸线层
 62
     3
370
     0
100
AcDbLine
 10
1060.0
 20
136.694
 30
0.0
 11
1035.0
 21
136.694
 31
0.0
  0
LINE
  5
19A
330
192
100
AcDbEntity
  8
尺寸线层
 62
     3
370
     0
100
AcDbLine
 10
1116.0
 20
136.694
 30
0.0
 11
1141.0
 21
136.694
 31
0.0
  0
LINE
  5
19B
330
192
100
AcDbEntity
  8
尺寸线层
 62
     3
370
     0
100
AcDbLine
 10
1085.0
 20
136.694
 30
0.0
 11
1091.0
 21
136.694
 31
0.0
  0
MTEXT
  5
19C
330
192
100
AcDbEntity
  8
尺寸线层
100
AcDbMText
 10
1088.0
 20
148.569
 30
0.0
 40
17.5
 41
20.13966480446925
 46
34.60893854748605
 71
     5
 72
     1
  1
6
 73
     1
 44
1.0
1001
CAXA_DRAFT_TXTSCALE
1041
1.0
  0
ENDBLK
  5
194
330
192
100
AcDbEntity
  8
0
100
AcDbBlockEnd
  0
BLOCK
  5
1A0
330
19F
100
AcDbEntity
  8
0
100
AcDbBlockBegin
  2
*X12
 70
     1
 10
0.0
 20
0.0
 30
0.0
  3
*X12
  1

  0
LINE
  5
1A2
330
19F
100
AcDbEntity
  8
尺寸线层
  6
Continuous
 62
     3
100
AcDbLine
 10
0.0
 20
136.694
 30
0.0
 11
144.0
 21
136.694
 31
0.0
  0
HATCH
  5
1A3
330
19F
100
AcDbEntity
  8
尺寸线层
  6
Continuous
 62
     3
100
AcDbHatch
 10
0.0
 20
0.0
 30
0.0
210
0.0
220
0.0
230
1.0
  2
SOLID
 70
     1
 71
     0
 91
        1
 92
        0
 93
        3
 72
     1
 10
0.0
 20
136.694
 11
25.0
 21
140.8606666666667
 72
     1
 10
25.0
 20
140.8606666666667
 11
25.0
 21
132.5273333333334
 72
     1
 10
25.0
 20
132.5273333333334
 11
0.0
 21
136.694
 97
        0
 75
     0
 76
     1
 98
        1
 10
0.0
 20
0.0
  0
HATCH
  5
1A4
330
19F
100
AcDbEntity
  8
尺寸线层
  6
Continuous
 62
     3
100
AcDbHatch
 10
0.0
 20
0.0
 30
0.0
210
0.0
220
0.0
230
1.0
  2
SOLID
 70
     1
 71
     0
 91
        1
 92
        0
 93
        3
 72
     1
 10
144.0
 20
136.694
 11
119.0
 21
140.8606666666667
 72
     1
 10
119.0
 20
140.8606666666667
 11
119.0
 21
132.5273333333334
 72
     1
 10
119.0
 20
132.5273333333334
 11
144.0
 21
136.694
 97
        0
 75
     0
 76
     1
 98
        1
 10
0.0
 20
0.0
  0
LINE
  5
1A5
330
19F
100
AcDbEntity
  8
尺寸线层
  6
Continuous
 62
     0
100
AcDbLine
 10
0.0
 20
79.99999999999999
 30
0.0
 11
0.0
 21
142.944
 31
0.0
  0
LINE
  5
1A6
330
19F
100
AcDbEntity
  8
尺寸线层
  6
Continuous
 62
     0
100
AcDbLine
 10
144.0
 20
85.0
 30
0.0
 11
144.0
 21
142.944
 31
0.0
  0
MTEXT
  5
1A7
330
19F
100
AcDbEntity
  8
尺寸线层
 62
     0
100
AcDbMText
 10
72.0000005
 20
148.5201173184358
 30
0.0
 40
17.5
 41
67.65363128491617
 46
35.0
 71
     5
 72
     1
  1
144
 73
     1
 44
1.0
1001
CAXA_DRAFT_TXTSCALE
1041
1.0
  0
ENDBLK
  5
1A1
330
19F
100
AcDbEntity
  8
0
100
AcDbBlockEnd
  0
BLOCK
  5
1AE
330
1AD
100
AcDbEntity
  8
0
100
AcDbBlockBegin
  2
*X13
 70
     1
 10
0.0
 20
0.0
 30
0.0
  3
*X13
  1

  0
MTEXT
  5
1B0
330
1AD
100
AcDbEntity
  8
尺寸线层
 62
     0
100
AcDbMText
 10
512.4777741128776
 20
39.16481219662148
 30
0.0
 40
17.5
 41
153.2960893854748
 46
35.0
 71
     5
 72
     1
  1
%%C25*40
 73
     1
 44
1.0
1001
CAXA_DRAFT_TXTSCALE
1041
1.0
  0
LINE
  5
1B1
330
1AD
100
AcDbEntity
  8
尺寸线层
  6
Continuous
 62
     3
100
AcDbLine
 10
568.3017964592462
 20
27.38757755974997
 30
0.0
 11
672.1150914620172
 21
-30.39716944898186
 31
0.0
  0
LINE
  5
1B2
330
1AD
100
AcDbEntity
  8
尺寸线层
  6
Continuous
 62
     3
100
AcDbLine
 10
568.3017964592462
 20
27.38757755974997
 30
0.0
 11
474.1537517665088
 21
27.38757755974997
 31
0.0
  0
HATCH
  5
1B3
330
1AD
100
AcDbEntity
  8
尺寸线层
  6
Continuous
 62
     3
100
AcDbHatch
 10
0.0
 20
0.0
 30
0.0
210
0.0
220
0.0
230
1.0
  2
SOLID
 70
     1
 71
     0
 91
        1
 92
        0
 93
        3
 72
     1
 10
606.5829817075966
 20
6.07943388979637
 11
586.7654230860551
 21
21.8789744335236
 72
     1
 10
586.7654230860551
 20
21.8789744335236
 11
582.7124671595242
 21
14.59762890525463
 72
     1
 10
582.7124671595242
 20
14.59762890525463
 11
606.5829817075966
 21
6.07943388979637
 97
        0
 75
     0
 76
     1
 98
        1
 10
0.0
 20
0.0
  0
HATCH
  5
1B4
330
1AD
100
AcDbEntity
  8
尺寸线层
  6
Continuous
 62
     3
100
AcDbHatch
 10
0.0
 20
0.0
 30
0.0
210
0.0
220
0.0
230
1.0
  2
SOLID
 70
     1
 71
     0
 91
        1
 92
        0
 93
        3
 72
     1
 10
628.4270182924034
 20
-6.07943388979637
 11
652.2975328404758
 21
-14.59762890525463
 72
     1
 10
652.2975328404758
 20
-14.59762890525463
 11
648.2445769139449
 21
-21.8789744335236
 72
     1
 10
648.2445769139449
 20
-21.8789744335236
 11
628.4270182924034
 21
-6.07943388979637
 97
        0
 75
     0
 76
     1
 98
        1
 10
0.0
 20
0.0
  0
ENDBLK
  5
1AF
330
1AD
100
AcDbEntity
  8
0
100
AcDbBlockEnd
  0
BLOCK
  5
1C5
330
1BE
100
AcDbEntity
  8
0
100
AcDbBlockBegin
  2
*X14
 70
     1
 10
0.0
 20
0.0
 30
0.0
  3
*X14
  1

  0
LINE
  5
1BF
330
1BE
100
AcDbEntity
  8
尺寸线层
  6
Continuous
 62
     0
370
    -2
100
AcDbLine
 10
0.0
 20
0.0
 30
0.0
 11
26.02057688517933
 21
-26.76159517608618
 31
0.0
  0
LINE
  5
1C0
330
1BE
100
AcDbEntity
  8
尺寸线层
  6
Continuous
 62
     0
100
AcDbLine
 10
56.08568881078197
 20
-26.76159517608618
 30
0.0
 11
83.08568881078197
 21
-26.76159517608618
 31
0.0
  0
LINE
  5
1C1
330
1BE
100
AcDbEntity
  8
尺寸线层
  6
Continuous
 62
     0
100
AcDbLine
 10
56.08568881078197
 20
-26.76159517608618
 30
0.0
 11
56.08568881078197
 21
-6.561167320893226
 31
0.0
  0
LINE
  5
1C2
330
1BE
100
AcDbEntity
  8
尺寸线层
  6
Continuous
 62
     0
100
AcDbLine
 10
76.28611666597494
 20
-26.76159517608619
 30
0.0
 11
56.08568881078197
 21
-6.561167320893226
 31
0.0
  0
MTEXT
  5
1C3
330
1BE
100
AcDbEntity
  8
尺寸线层
 62
     0
100
AcDbMText
 10
31.50230058160898
 20
-6.057069104679325
 30
0.0
 40
15.0
 41
68.42011173184359
 46
53.69832402234637
 71
     1
 72
     1
  1
{\T1.1;10}
 73
     1
 44
1.0
1001
CAXA_DRAFT_TXTSCALE
1041
1.0
  0
LINE
  5
1C4
330
1BE
100
AcDbEntity
  8
尺寸线层
  6
Continuous
 62
     0
370
    -2
100
AcDbLine
 10
26.02057688517933
 20
-26.76159517608618
 30
0.0
 11
88.50186876590362
 21
-26.76159517608618
 31
0.0
  0
ENDBLK
  5
1C6
330
1BE
100
AcDbEntity
  8
0
100
AcDbBlockEnd
  0
BLOCK
  5
1CE
330
1C8
100
AcDbEntity
  8
0
100
AcDbBlockBegin
  2
*X15
 70
     1
 10
0.0
 20
0.0
 30
0.0
  3
*X15
  1

  0
LINE
  5
1C9
330
1C8
100
AcDbEntity
  8
尺寸线层
  6
Continuous
 62
     0
100
AcDbLine
 10
0.0
 20
0.0
 30
0.0
 11
35.285
 21
-52.806
 31
0.0
  0
LINE
  5
1CA
330
1C8
100
AcDbEntity
  8
尺寸线层
 62
     0
100
AcDbLine
 10
35.285
 20
-52.806
 30
0.0
 11
37.5
 21
-52.806
 31
0.0
  0
MTEXT
  5
1CB
330
1C8
100
AcDbEntity
  8
尺寸线层
 62
     0
100
AcDbMText
 10
33.209
 20
-18.669
 30
0.0
 40
25.0
 41
216.0893854748604
 46
65.64245810055866
 71
     1
 72
     1
  1
{\T1.1;位移块}
 73
     1
 44
1.0
1001
CAXA_DRAFT_TXTSCALE
1041
1.0
  0
LINE
  5
1CC
330
1C8
100
AcDbEntity
  8
尺寸线层
 62
     0
100
AcDbLine
 10
37.5
 20
-52.806
 30
0.0
 11
144.053
 21
-52.806
 31
0.0
  0
LINE
  5
1CD
330
1C8
100
AcDbEntity
  8
尺寸线层
 62
     0
100
AcDbLine
 10
37.5
 20
-52.806
 30
0.0
 11
37.5
 21
-52.806
 31
0.0
  0
ENDBLK
  5
1CF
330
1C8
100
AcDbEntity
  8
0
100
AcDbBlockEnd
  0
BLOCK
  5
1D7
330
1D1
100
AcDbEntity
  8
0
100
AcDbBlockBegin
  2
*X16
 70
     1
 10
0.0
 20
0.0
 30
0.0
  3
*X16
  1

  0
LINE
  5
1D2
330
1D1
100
AcDbEntity
  8
尺寸线层
  6
Continuous
 62
     0
100
AcDbLine
 10
0.0
 20
0.0
 30
0.0
 11
35.285
 21
17.069
 31
0.0
  0
LINE
  5
1D3
330
1D1
100
AcDbEntity
  8
尺寸线层
 62
     0
100
AcDbLine
 10
35.285
 20
17.069
 30
0.0
 11
37.5
 21
17.069
 31
0.0
  0
MTEXT
  5
1D4
330
1D1
100
AcDbEntity
  8
尺寸线层
 62
     0
100
AcDbMText
 10
36.379
 20
52.176
 30
0.0
 40
25.0
 41
214.4134078212291
 46
65.64245810055866
 71
     1
 72
     1
  1
{\T1.1;定位块}
 73
     1
 44
1.0
1001
CAXA_DRAFT_TXTSCALE
1041
1.0
  0
LINE
  5
1D5
330
1D1
100
AcDbEntity
  8
尺寸线层
 62
     0
100
AcDbLine
 10
37.5
 20
17.069
 30
0.0
 11
143.349
 21
17.069
 31
0.0
  0
LINE
  5
1D6
330
1D1
100
AcDbEntity
  8
尺寸线层
 62
     0
100
AcDbLine
 10
37.5
 20
17.069
 30
0.0
 11
37.5
 21
17.069
 31
0.0
  0
ENDBLK
  5
1D8
330
1D1
100
AcDbEntity
  8
0
100
AcDbBlockEnd
  0
BLOCK
  5
23D
330
1DA
100
AcDbEntity
  8
0
100
AcDbBlockBegin
  2
端面
 70
     0
 10
0.0
 20
0.0
 30
0.0
  3
端面
  1

  0
LWPOLYLINE
  5
1DB
330
1DA
100
AcDbEntity
  8
粗实线层
100
AcDbPolyline
 90
        8
 70
     1
 43
0.0
 10
-95.0
 20
100.0
 10
95.0
 20
100.0
 42
-0.414
 10
100.0
 20
95.0
 10
100.0
 20
-95.0
 42
-0.414
 10
95.0
 20
-100.0
 10
-95.0
 20
-100.0
 42
-0.414
 10
-100.0
 20
-95.0
 10
-100.0
 20
95.0
 42
-0.414
  0
LINE
  5
1DC
330
1DA
100
AcDbEntity
  8
中心线层
100
AcDbLine
 10
-114.766
 20
0.0
 30
0.0
 11
114.766
 21
0.0
 31
0.0
  0
LINE
  5
1DD
330
1DA
100
AcDbEntity
  8
中心线层
100
AcDbLine
 10
0.0
 20
119.5
 30
0.0
 11
0.0
 21
-119.5
 31
0.0
  0
MTEXT
  5
1DE
330
1DA
100
AcDbEntity
  8
尺寸线层
100
AcDbMText
 10
120.069
 20
89.14700000000002
 30
0.0
 40
20.0
 41
54.25698324022349
 46
39.55307262569832
 71
     1
 72
     1
  1
{\T1.1;16}
 73
     1
 44
1.0
1001
CAXA_DRAFT_TXTSCALE
1041
1.0
  0
DIMENSION
  5
1E8
330
1DA
100
AcDbEntity
  8
尺寸线层
100
AcDbDimension
280
     0
  2
*X18
 10
100.0
 20
115.1662957607814
 30
0.0
 11
116.4746713965591
 21
126.9435303976529
 31
0.0
 70
   160
  1
<>
 71
     5
 42
-1.0
 73
     0
 74
     0
 75
     0
  3
CUSTOM_DIMSTYLE
100
AcDbAlignedDimension
 13
96.0
 23
-61.806
 33
0.0
 14
100.0
 24
-61.806
 34
0.0
100
AcDbRotatedDimension
1001
CX_DbAnnotate_TxtLocPara
1041
0.0
1001
CX_DbAnnotate_SimDimOriTxt
1070
     0
1001
CAXA_DRAFT_DIMARROWREVERSE
1070
     0
1001
ACAD
1000
DSTYLE
1002
{
1070
   173
1070
     1
1002
}
1001
CAXA_DRAFT_DIMARCLENSTYLE
1070
     1
1001
CAXA_DRAFT_DDTSTY_2011R3
1070
     0
1001
ACAD_DSTYLE_DIMINSPECT
1070
   396
1000

1070
   395
1000

1070
   394
1070
     0
1070
   393
1070
     0
1001
CX_DBDIM_TXTFRAME
1070
     0
1070
     0
1001
CDRAFT_DIM_STD_REV_NAME
1000
GB
1000
*DIMSTD
1000

  0
LINE
  5
1E9
330
1DA
100
AcDbEntity
  8
粗实线层
100
AcDbLine
 10
-10.0
 20
80.0
 30
0.0
 11
10.0
 21
80.0
 31
0.0
  0
LINE
  5
1EA
330
1DA
100
AcDbEntity
  8
粗实线层
100
AcDbLine
 10
-10.0
 20
-80.0
 30
0.0
 11
10.0
 21
-80.0
 31
0.0
  0
LINE
  5
1EB
330
1DA
100
AcDbEntity
  8
粗实线层
100
AcDbLine
 10
10.0
 20
80.0
 30
0.0
 11
10.0
 21
-80.0
 31
0.0
  0
LINE
  5
1EC
330
1DA
100
AcDbEntity
  8
粗实线层
100
AcDbLine
 10
-10.0
 20
80.0
 30
0.0
 11
-10.0
 21
-80.0
 31
0.0
  0
LINE
  5
1ED
330
1DA
100
AcDbEntity
  8
粗实线层
100
AcDbLine
 10
-80.00000000000001
 20
10.00000000000001
 30
0.0
 11
-80.0
 21
-10.0
 31
0.0
  0
LINE
  5
1EE
330
1DA
100
AcDbEntity
  8
粗实线层
100
AcDbLine
 10
-10.0
 20
-10.0
 30
0.0
 11
-80.0
 21
-10.0
 31
0.0
  0
LINE
  5
1EF
330
1DA
100
AcDbEntity
  8
粗实线层
100
AcDbLine
 10
-10.0
 20
10.00000000000001
 30
0.0
 11
-80.00000000000001
 21
10.00000000000001
 31
0.0
  0
LINE
  5
1F0
330
1DA
100
AcDbEntity
  8
粗实线层
100
AcDbLine
 10
79.99999999999999
 20
10.00000000000001
 30
0.0
 11
80.0
 21
-10.0
 31
0.0
  0
LINE
  5
1F1
330
1DA
100
AcDbEntity
  8
粗实线层
100
AcDbLine
 10
10.0
 20
-10.0
 30
0.0
 11
80.0
 21
-10.0
 31
0.0
  0
LWPOLYLINE
  5
1F2
330
1DA
100
AcDbEntity
  8
粗实线层
100
AcDbPolyline
 90
        8
 70
     1
 43
0.0
 10
-89.0
 20
96.0
 10
89.0
 20
96.0
 42
-0.414
 10
96.0
 20
89.0
 10
96.0
 20
-89.0
 42
-0.414
 10
89.0
 20
-96.0
 10
-89.0
 20
-96.0
 42
-0.414
 10
-96.0
 20
-89.0
 10
-96.0
 20
89.0
 42
-0.414
  0
LINE
  5
1F3
330
1DA
100
AcDbEntity
  8
粗实线层
100
AcDbLine
 10
10.0
 20
10.00000000000001
 30
0.0
 11
79.99999999999999
 21
10.00000000000001
 31
0.0
  0
MTEXT
  5
1F4
330
1DA
100
AcDbEntity
  8
尺寸线层
100
AcDbMText
 10
-100.0
 20
-150.0
 30
0.0
 40
45.0
 41
652.7262569832403
 46
118.659217877095
 71
     1
 72
     1
  1
{\W0.7;\T1.1;端部断面图}
 73
     1
 44
1.0
1001
CAXA_DRAFT_TXTSCALE
1041
1.0
  0
LINE
  5
1F5
330
1DA
100
AcDbEntity
  8
0
100
AcDbLine
 10
26.0
 20
10.00000000000001
 30
0.0
 11
10.0
 21
26.00000000000001
 31
0.0
  0
LINE
  5
1F6
330
1DA
100
AcDbEntity
  8
0
100
AcDbLine
 10
-26.0
 20
9.999999999999993
 30
0.0
 11
-10.0
 21
25.99999999999999
 31
0.0
  0
LINE
  5
1F7
330
1DA
100
AcDbEntity
  8
0
100
AcDbLine
 10
-26.0
 20
-9.999999999999993
 30
0.0
 11
-9.999999999999998
 21
-25.99999999999999
 31
0.0
  0
LINE
  5
1F8
330
1DA
100
AcDbEntity
  8
0
100
AcDbLine
 10
26.0
 20
-10.00000000000001
 30
0.0
 11
9.999999999999998
 21
-26.00000000000001
 31
0.0
  0
HATCH
  5
1F9
330
1DA
100
AcDbEntity
  8
0
100
AcDbHatch
 10
0.0
 20
0.0
 30
0.0
210
0.0
220
0.0
230
1.0
  2
SOLID
 70
     1
 71
     0
 91
        1
 92
        0
 93
        3
 72
     1
 10
-26.0
 20
9.999999999999993
 11
-10.0
 21
25.99999999999999
 72
     1
 10
-10.0
 20
25.99999999999999
 11
-10.0
 21
10.0
 72
     1
 10
-10.0
 20
10.0
 11
-25.99999999999999
 21
10.00000000000001
 97
        0
 75
     0
 76
     1
 98
        1
 10
-14.79007365874427
 20
13.59772227471193
  0
HATCH
  5
1FA
330
1DA
100
AcDbEntity
  8
0
100
AcDbHatch
 10
0.0
 20
0.0
 30
0.0
210
0.0
220
0.0
230
1.0
  2
SOLID
 70
     1
 71
     0
 91
        1
 92
        0
 93
        3
 72
     1
 10
10.0
 20
10.00000000000001
 11
10.0
 21
26.0
 72
     1
 10
10.0
 20
26.0
 11
26.0
 21
10.00000000000001
 72
     1
 10
26.0
 20
10.00000000000001
 11
10.0
 21
10.00000000000001
 97
        0
 75
     0
 76
     1
 98
        1
 10
15.48110185717692
 20
12.26222923724482
  0
HATCH
  5
1FB
330
1DA
100
AcDbEntity
  8
0
100
AcDbHatch
 10
0.0
 20
0.0
 30
0.0
210
0.0
220
0.0
230
1.0
  2
SOLID
 70
     1
 71
     0
 91
        1
 92
        0
 93
        3
 72
     1
 10
-9.999999999999998
 20
-25.99999999999999
 11
-26.0
 21
-9.999999999999993
 72
     1
 10
-26.0
 20
-9.999999999999993
 11
-10.0
 21
-10.0
 72
     1
 10
-10.0
 20
-10.0
 11
-10.0
 21
-25.99999999999999
 97
        0
 75
     0
 76
     1
 98
        1
 10
-11.45134106507649
 20
-17.34119975994281
  0
HATCH
  5
1FC
330
1DA
100
AcDbEntity
  8
0
100
AcDbHatch
 10
0.0
 20
0.0
 30
0.0
210
0.0
220
0.0
230
1.0
  2
SOLID
 70
     1
 71
     0
 91
        1
 92
        0
 93
        3
 72
     1
 10
10.0
 20
-26.0
 11
10.0
 21
-10.0
 72
     1
 10
10.0
 20
-10.0
 11
26.0
 21
-10.0
 72
     1
 10
26.0
 20
-10.0
 11
10.0
 21
-26.00000000000001
 97
        0
 75
     0
 76
     1
 98
        1
 10
12.58753360933151
 20
-13.77988499336385
  0
HATCH
  5
1FD
330
1DA
100
AcDbEntity
  8
剖面线层
100
AcDbHatch
 10
0.0
 20
0.0
 30
0.0
210
0.0
220
0.0
230
1.0
  2
AR-CONC
 70
     0
 71
     0
 91
        1
 92
        0
 93
       13
 72
     1
 10
-96.0
 20
0.0
 11
-96.0
 21
89.0
 72
     2
 10
-88.9974472334919
 20
88.99744723349154
 40
7.002553231811033
 50
180.0208870601072
 51
269.9791129397756
 73
     0
 72
     1
 10
-89.00000000001468
 20
95.99999999999964
 11
0.0
 21
96.0
 72
     1
 10
0.0
 20
96.0
 11
0.0
 21
80.0
 72
     1
 10
0.0
 20
80.0
 11
-10.0
 21
80.0
 72
     1
 10
-10.0
 20
80.0
 11
-10.0
 21
60.0
 72
     1
 10
-10.0
 20
60.0
 11
-10.0
 21
60.0
 72
     1
 10
-10.0
 20
60.0
 11
-10.0
 21
43.99999999999999
 72
     1
 10
-10.0
 20
43.99999999999999
 11
-10.0
 21
25.99999999999999
 72
     1
 10
-10.0
 20
25.99999999999999
 11
-26.0
 21
9.999999999999993
 72
     1
 10
-26.0
 20
9.999999999999993
 11
-80.00000000000001
 21
10.00000000000001
 72
     1
 10
-80.00000000000001
 20
10.00000000000001
 11
-80.0
 21
-0.0000000000000036
 72
     1
 10
-80.0
 20
-0.0000000000000036
 11
-96.0
 21
0.0
 97
        0
 75
     0
 76
     0
 52
0.0
 41
1.0
 77
     0
 78
    13
 53
50.0
 43
0.0
 44
0.0
 45
-18.21840863805914
 46
1.593904228557914
 79
     2
 49
1.905
 49
-20.955
 53
355.0
 43
0.0
 44
0.0
 45
6.788408631823936
 46
18.20343651131206
 79
     2
 49
1.524
 49
-16.764
 53
100.4514
 43
1.518200672
 44
-0.132825236
 45
-14.69413829553615
 46
-17.51176436834822
 79
     2
 49
1.619000826
 49
-17.8090096448
 53
46.1842
 43
0.0
 44
5.08
 45
-27.10792263509137
 46
4.204182963957056
 79
     2
 49
2.8575
 49
-31.4325
 53
96.63560000000001
 43
2.258993323
 44
4.7296500022
 45
-23.74043272093706
 46
-24.74259392087122
 79
     2
 49
2.4285013152
 49
-26.7135102
 53
351.1842
 43
0.0
 44
5.08
 45
-15.13075074680646
 46
30.7711631574697
 79
     2
 49
2.286
 49
-25.146
 53
21.0
 43
2.54
 44
3.81
 45
4.424267621611428
 46
17.74476824321702
 79
     2
 49
1.905
 49
-20.955
 53
325.9999999999999
 43
2.54
 44
3.81
 45
14.76247711173591
 46
12.62999849958281
 79
     2
 49
1.524
 49
-16.764
 53
71.4514
 43
3.8034527182
 44
2.9577892076
 45
-21.34165476596985
 46
-8.19227461643279
 79
     2
 49
1.619000826
 49
-17.8090096448
 53
37.5
 43
0.0
 44
0.0
 45
-8.247328513447343
 46
1.890109277284904
 79
     6
 49
0.0254
 49
-16.5608
 49
0.0254
 49
-17.018
 49
0.0254
 49
-16.8275
 53
7.5
 43
0.0
 44
0.0
 45
-9.047147843487105
 46
7.947280326431587
 79
     6
 49
0.0254
 49
-9.7028
 49
0.0254
 49
-16.1798
 49
0.0254
 49
-6.4135
 53
327.5
 43
-5.6642
 44
0.0
 45
-6.249537054922904
 46
12.04659338483874
 79
     6
 49
0.0254
 49
-6.35
 49
0.0254
 49
-19.812
 49
0.0254
 49
-26.289
 53
317.5
 43
-8.2042
 44
0.0
 45
1.241959134131777
 46
14.97816902727575
 79
     6
 49
0.0254
 49
-8.255
 49
0.0254
 49
-13.1572
 49
0.0254
 49
-18.669
 98
        1
 10
-52.1541547560377
 20
41.29040932089941
1001
CAXA_DRAFT_HATCH_SCALE_ANGLE
1041
0.1
1041
0.0
  0
HATCH
  5
1FE
330
1DA
100
AcDbEntity
  8
剖面线层
100
AcDbHatch
 10
0.0
 20
0.0
 30
0.0
210
0.0
220
0.0
230
1.0
  2
AR-CONC
 70
     0
 71
     0
 91
        1
 92
        0
 93
       13
 72
     1
 10
10.0
 20
26.00000000000001
 11
10.0
 21
44.00000000000001
 72
     1
 10
10.0
 20
44.00000000000001
 11
10.0
 21
60.0
 72
     1
 10
10.0
 20
60.0
 11
10.0
 21
60.0
 72
     1
 10
10.0
 20
60.0
 11
10.0
 21
80.0
 72
     1
 10
10.0
 20
80.0
 11
0.0
 21
80.0
 72
     1
 10
0.0
 20
80.0
 11
0.0
 21
96.0
 72
     1
 10
0.0
 20
96.0
 11
89.0
 21
96.0
 72
     2
 10
88.9974472334913
 20
88.99744723349147
 40
7.00255323181146
 50
270.0208870601091
 51
359.9791129398992
 73
     0
 72
     1
 10
95.99999999999983
 20
88.99999999999915
 11
96.0
 21
0.0000000000000142
 72
     1
 10
96.0
 20
0.0000000000000142
 11
80.00000000000001
 21
0.0
 72
     1
 10
80.00000000000001
 20
0.0
 11
79.99999999999999
 21
10.00000000000001
 72
     1
 10
79.99999999999999
 20
10.00000000000001
 11
25.99999999999999
 21
10.00000000000001
 72
     1
 10
25.99999999999999
 20
10.00000000000001
 11
10.0
 21
26.00000000000001
 97
        0
 75
     0
 76
     0
 52
0.0
 41
1.0
 77
     0
 78
    13
 53
50.0
 43
0.0
 44
0.0
 45
-18.21840863805914
 46
1.593904228557914
 79
     2
 49
1.905
 49
-20.955
 53
355.0
 43
0.0
 44
0.0
 45
6.788408631823936
 46
18.20343651131206
 79
     2
 49
1.524
 49
-16.764
 53
100.4514
 43
1.518200672
 44
-0.132825236
 45
-14.69413829553615
 46
-17.51176436834822
 79
     2
 49
1.619000826
 49
-17.8090096448
 53
46.1842
 43
0.0
 44
5.08
 45
-27.10792263509137
 46
4.204182963957056
 79
     2
 49
2.8575
 49
-31.4325
 53
96.63560000000001
 43
2.258993323
 44
4.7296500022
 45
-23.74043272093706
 46
-24.74259392087122
 79
     2
 49
2.4285013152
 49
-26.7135102
 53
351.1842
 43
0.0
 44
5.08
 45
-15.13075074680646
 46
30.7711631574697
 79
     2
 49
2.286
 49
-25.146
 53
21.0
 43
2.54
 44
3.81
 45
4.424267621611428
 46
17.74476824321702
 79
     2
 49
1.905
 49
-20.955
 53
325.9999999999999
 43
2.54
 44
3.81
 45
14.76247711173591
 46
12.62999849958281
 79
     2
 49
1.524
 49
-16.764
 53
71.4514
 43
3.8034527182
 44
2.9577892076
 45
-21.34165476596985
 46
-8.19227461643279
 79
     2
 49
1.619000826
 49
-17.8090096448
 53
37.5
 43
0.0
 44
0.0
 45
-8.247328513447343
 46
1.890109277284904
 79
     6
 49
0.0254
 49
-16.5608
 49
0.0254
 49
-17.018
 49
0.0254
 49
-16.8275
 53
7.5
 43
0.0
 44
0.0
 45
-9.047147843487105
 46
7.947280326431587
 79
     6
 49
0.0254
 49
-9.7028
 49
0.0254
 49
-16.1798
 49
0.0254
 49
-6.4135
 53
327.5
 43
-5.6642
 44
0.0
 45
-6.249537054922904
 46
12.04659338483874
 79
     6
 49
0.0254
 49
-6.35
 49
0.0254
 49
-19.812
 49
0.0254
 49
-26.289
 53
317.5
 43
-8.2042
 44
0.0
 45
1.241959134131777
 46
14.97816902727575
 79
     6
 49
0.0254
 49
-8.255
 49
0.0254
 49
-13.1572
 49
0.0254
 49
-18.669
 98
        1
 10
29.43267569711585
 20
43.35589869946026
1001
CAXA_DRAFT_HATCH_SCALE_ANGLE
1041
0.1
1041
0.0
  0
HATCH
  5
1FF
330
1DA
100
AcDbEntity
  8
剖面线层
100
AcDbHatch
 10
0.0
 20
0.0
 30
0.0
210
0.0
220
0.0
230
1.0
  2
AR-CONC
 70
     0
 71
     0
 91
        1
 92
        0
 93
       13
 72
     1
 10
10.0
 20
-44.0
 11
10.0
 21
-26.0
 72
     1
 10
10.0
 20
-26.0
 11
26.0
 21
-10.00000000000001
 72
     1
 10
26.0
 20
-10.00000000000001
 11
80.0
 21
-10.0
 72
     1
 10
80.0
 20
-10.0
 11
80.0
 21
0.0
 72
     1
 10
80.0
 20
0.0
 11
96.0
 21
0.0
 72
     1
 10
96.0
 20
0.0
 11
96.0
 21
-89.0
 72
     2
 10
88.99744723349177
 20
-88.9974472334919
 40
7.002553231811161
 50
0.0208870601042596
 51
89.97911293980036
 73
     0
 72
     1
 10
89.00000000001153
 20
-96.00000000000013
 11
0.0000000000000142
 21
-96.0
 72
     1
 10
0.0000000000000142
 20
-96.0
 11
0.0
 21
-80.00000000000001
 72
     1
 10
0.0
 20
-80.00000000000001
 11
10.0
 21
-80.0
 72
     1
 10
10.0
 20
-80.0
 11
10.0
 21
-60.0
 72
     1
 10
10.0
 20
-60.0
 11
10.0
 21
-60.0
 72
     1
 10
10.0
 20
-60.0
 11
10.0
 21
-44.0
 97
        0
 75
     0
 76
     0
 52
0.0
 41
1.0
 77
     0
 78
    13
 53
50.0
 43
0.0
 44
0.0
 45
-18.21840863805914
 46
1.593904228557914
 79
     2
 49
1.905
 49
-20.955
 53
355.0
 43
0.0
 44
0.0
 45
6.788408631823936
 46
18.20343651131206
 79
     2
 49
1.524
 49
-16.764
 53
100.4514
 43
1.518200672
 44
-0.132825236
 45
-14.69413829553615
 46
-17.51176436834822
 79
     2
 49
1.619000826
 49
-17.8090096448
 53
46.1842
 43
0.0
 44
5.08
 45
-27.10792263509137
 46
4.204182963957056
 79
     2
 49
2.8575
 49
-31.4325
 53
96.63560000000001
 43
2.258993323
 44
4.7296500022
 45
-23.74043272093706
 46
-24.74259392087122
 79
     2
 49
2.4285013152
 49
-26.7135102
 53
351.1842
 43
0.0
 44
5.08
 45
-15.13075074680646
 46
30.7711631574697
 79
     2
 49
2.286
 49
-25.146
 53
21.0
 43
2.54
 44
3.81
 45
4.424267621611428
 46
17.74476824321702
 79
     2
 49
1.905
 49
-20.955
 53
325.9999999999999
 43
2.54
 44
3.81
 45
14.76247711173591
 46
12.62999849958281
 79
     2
 49
1.524
 49
-16.764
 53
71.4514
 43
3.8034527182
 44
2.9577892076
 45
-21.34165476596985
 46
-8.19227461643279
 79
     2
 49
1.619000826
 49
-17.8090096448
 53
37.5
 43
0.0
 44
0.0
 45
-8.247328513447343
 46
1.890109277284904
 79
     6
 49
0.0254
 49
-16.5608
 49
0.0254
 49
-17.018
 49
0.0254
 49
-16.8275
 53
7.5
 43
0.0
 44
0.0
 45
-9.047147843487105
 46
7.947280326431587
 79
     6
 49
0.0254
 49
-9.7028
 49
0.0254
 49
-16.1798
 49
0.0254
 49
-6.4135
 53
327.5
 43
-5.6642
 44
0.0
 45
-6.249537054922904
 46
12.04659338483874
 79
     6
 49
0.0254
 49
-6.35
 49
0.0254
 49
-19.812
 49
0.0254
 49
-26.289
 53
317.5
 43
-8.2042
 44
0.0
 45
1.241959134131777
 46
14.97816902727575
 79
     6
 49
0.0254
 49
-8.255
 49
0.0254
 49
-13.1572
 49
0.0254
 49
-18.669
 98
        1
 10
37.17826086671903
 20
-27.90348486088904
1001
CAXA_DRAFT_HATCH_SCALE_ANGLE
1041
0.1
1041
0.0
  0
HATCH
  5
200
330
1DA
100
AcDbEntity
  8
剖面线层
100
AcDbHatch
 10
0.0
 20
0.0
 30
0.0
210
0.0
220
0.0
230
1.0
  2
AR-CONC
 70
     0
 71
     0
 91
        1
 92
        0
 93
       13
 72
     1
 10
-96.0
 20
-89.0
 11
-96.0
 21
0.0
 72
     1
 10
-96.0
 20
0.0
 11
-80.00000000000001
 21
0.0
 72
     1
 10
-80.00000000000001
 20
0.0
 11
-80.0
 21
-10.0
 72
     1
 10
-80.0
 20
-10.0
 11
-25.99999999999997
 21
-10.0
 72
     1
 10
-25.99999999999997
 20
-10.0
 11
-9.999999999999998
 21
-25.99999999999999
 72
     1
 10
-9.999999999999998
 20
-25.99999999999999
 11
-10.0
 21
-43.99999999999999
 72
     1
 10
-10.0
 20
-43.99999999999999
 11
-10.0
 21
-60.0
 72
     1
 10
-10.0
 20
-60.0
 11
-10.0
 21
-60.0
 72
     1
 10
-10.0
 20
-60.0
 11
-10.0
 21
-80.0
 72
     1
 10
-10.0
 20
-80.0
 11
0.0
 21
-80.0
 72
     1
 10
0.0
 20
-80.0
 11
0.0
 21
-96.0
 72
     1
 10
0.0
 20
-96.0
 11
-89.0
 21
-96.0
 72
     2
 10
-88.99744723349184
 20
-88.99744723349185
 40
7.002553231811076
 50
90.02088706010473
 51
179.9791129398993
 73
     0
 97
        0
 75
     0
 76
     0
 52
0.0
 41
1.0
 77
     0
 78
    13
 53
50.0
 43
0.0
 44
0.0
 45
-18.21840863805914
 46
1.593904228557914
 79
     2
 49
1.905
 49
-20.955
 53
355.0
 43
0.0
 44
0.0
 45
6.788408631823936
 46
18.20343651131206
 79
     2
 49
1.524
 49
-16.764
 53
100.4514
 43
1.518200672
 44
-0.132825236
 45
-14.69413829553615
 46
-17.51176436834822
 79
     2
 49
1.619000826
 49
-17.8090096448
 53
46.1842
 43
0.0
 44
5.08
 45
-27.10792263509137
 46
4.204182963957056
 79
     2
 49
2.8575
 49
-31.4325
 53
96.63560000000001
 43
2.258993323
 44
4.7296500022
 45
-23.74043272093706
 46
-24.74259392087122
 79
     2
 49
2.4285013152
 49
-26.7135102
 53
351.1842
 43
0.0
 44
5.08
 45
-15.13075074680646
 46
30.7711631574697
 79
     2
 49
2.286
 49
-25.146
 53
21.0
 43
2.54
 44
3.81
 45
4.424267621611428
 46
17.74476824321702
 79
     2
 49
1.905
 49
-20.955
 53
325.9999999999999
 43
2.54
 44
3.81
 45
14.76247711173591
 46
12.62999849958281
 79
     2
 49
1.524
 49
-16.764
 53
71.4514
 43
3.8034527182
 44
2.9577892076
 45
-21.34165476596985
 46
-8.19227461643279
 79
     2
 49
1.619000826
 49
-17.8090096448
 53
37.5
 43
0.0
 44
0.0
 45
-8.247328513447343
 46
1.890109277284904
 79
     6
 49
0.0254
 49
-16.5608
 49
0.0254
 49
-17.018
 49
0.0254
 49
-16.8275
 53
7.5
 43
0.0
 44
0.0
 45
-9.047147843487105
 46
7.947280326431587
 79
     6
 49
0.0254
 49
-9.7028
 49
0.0254
 49
-16.1798
 49
0.0254
 49
-6.4135
 53
327.5
 43
-5.6642
 44
0.0
 45
-6.249537054922904
 46
12.04659338483874
 79
     6
 49
0.0254
 49
-6.35
 49
0.0254
 49
-19.812
 49
0.0254
 49
-26.289
 53
317.5
 43
-8.2042
 44
0.0
 45
1.241959134131777
 46
14.97816902727575
 79
     6
 49
0.0254
 49
-8.255
 49
0.0254
 49
-13.1572
 49
0.0254
 49
-18.669
 98
        1
 10
-50.60503772211707
 20
-28.93622955016946
1001
CAXA_DRAFT_HATCH_SCALE_ANGLE
1041
0.1
1041
0.0
  0
DIMENSION
  5
20A
330
1DA
100
AcDbEntity
  8
尺寸线层
100
AcDbDimension
280
     0
  2
*X19
 10
10.00000000000003
 20
126.3381378726186
 30
0.0
 11
0.1057976079510485
 21
138.1153725094901
 31
0.0
 70
   160
  1
20
 71
     5
 42
-1.0
 73
     0
 74
     0
 75
     0
  3
CUSTOM_DIMSTYLE
100
AcDbAlignedDimension
 13
-10.0
 23
34.06119649593645
 33
0.0
 14
10.0
 24
33.7169482661763
 34
0.0
 50
360.0
100
AcDbRotatedDimension
1001
CX_DbAnnotate_TxtLocPara
1041
0.0
1001
CX_DbAnnotate_SimDimOriTxt
1070
     0
1001
CAXA_DRAFT_DIMARROWREVERSE
1070
     0
1001
ACAD
1000
DSTYLE
1002
{
1070
   173
1070
     1
1002
}
1001
CAXA_DRAFT_DIMARCLENSTYLE
1070
     1
1001
CAXA_DRAFT_DDTSTY_2011R3
1070
     0
1001
ACAD_DSTYLE_DIMINSPECT
1070
   396
1000

1070
   395
1000

1070
   394
1070
     0
1070
   393
1070
     0
1001
CX_DBDIM_TXTFRAME
1070
     0
1070
     0
1001
CDRAFT_DIM_STD_REV_NAME
1000
GB
1000
*DIMSTD
1000

  0
DIMENSION
  5
214
330
1DA
100
AcDbEntity
  8
尺寸线层
100
AcDbDimension
280
     0
  2
*X20
 10
80.0
 20
155.243531414387
 30
0.0
 11
0.0064663586666143
 21
167.0696487328227
 31
0.0
 70
   160
  1
160
 71
     5
 42
-1.0
 73
     0
 74
     0
 75
     0
  3
CUSTOM_DIMSTYLE
100
AcDbAlignedDimension
 13
-80.00000000000001
 23
10.00000000000001
 33
0.0
 14
79.99999999999999
 24
10.00000000000001
 34
0.0
100
AcDbRotatedDimension
1001
CX_DbAnnotate_TxtLocPara
1041
0.0
1001
CX_DbAnnotate_SimDimOriTxt
1070
     0
1001
CAXA_DRAFT_DIMARROWREVERSE
1070
     0
1001
ACAD
1000
DSTYLE
1002
{
1070
   173
1070
     1
1002
}
1001
CAXA_DRAFT_DIMARCLENSTYLE
1070
     1
1001
CAXA_DRAFT_DDTSTY_2011R3
1070
     0
1001
ACAD_DSTYLE_DIMINSPECT
1070
   396
1000

1070
   395
1000

1070
   394
1070
     0
1070
   393
1070
     0
1001
CX_DBDIM_TXTFRAME
1070
     0
1070
     0
1001
CDRAFT_DIM_STD_REV_NAME
1000
GB
1000
*DIMSTD
1000

  0
DIMENSION
  5
21E
330
1DA
100
AcDbEntity
  8
尺寸线层
100
AcDbDimension
280
     0
  2
*X21
 10
-134.5442310786316
 20
-79.99999999999999
 30
0.0
 11
-146.3703483970674
 21
3.709977572083972
 31
0.0
 70
   160
  1
160
 71
     5
 42
-1.0
 73
     0
 74
     0
 75
     0
  3
CUSTOM_DIMSTYLE
100
AcDbAlignedDimension
 13
-10.0
 23
80.0
 33
0.0
 14
-10.0
 24
-80.0
 34
0.0
 50
90.0
100
AcDbRotatedDimension
1001
CX_DbAnnotate_TxtLocPara
1041
0.0
1001
CX_DbAnnotate_SimDimOriTxt
1070
     0
1001
CAXA_DRAFT_DIMARROWREVERSE
1070
     0
1001
ACAD
1000
DSTYLE
1002
{
1070
   173
1070
     1
1002
}
1001
CAXA_DRAFT_DIMARCLENSTYLE
1070
     1
1001
CAXA_DRAFT_DDTSTY_2011R3
1070
     0
1001
ACAD_DSTYLE_DIMINSPECT
1070
   396
1000

1070
   395
1000

1070
   394
1070
     0
1070
   393
1070
     0
1001
CX_DBDIM_TXTFRAME
1070
     0
1070
     0
1001
CDRAFT_DIM_STD_REV_NAME
1000
GB
1000
*DIMSTD
1000

  0
DIMENSION
  5
228
330
1DA
100
AcDbEntity
  8
尺寸线层
100
AcDbDimension
280
     0
  2
*X22
 10
138.1296725902031
 20
-10.00000000000001
 30
0.0
 11
126.3524379533315
 21
-0.4240567220114677
 31
0.0
 70
   160
  1
20
 71
     5
 42
-1.0
 73
     0
 74
     0
 75
     0
  3
CUSTOM_DIMSTYLE
100
AcDbAlignedDimension
 13
79.99999999999999
 23
10.00000000000001
 33
0.0
 14
80.0
 24
-10.0
 34
0.0
 50
90.0
100
AcDbRotatedDimension
1001
CX_DbAnnotate_TxtLocPara
1041
0.0
1001
CX_DbAnnotate_SimDimOriTxt
1070
     0
1001
CAXA_DRAFT_DIMARROWREVERSE
1070
     0
1001
ACAD
1000
DSTYLE
1002
{
1070
   173
1070
     1
1002
}
1001
CAXA_DRAFT_DIMARCLENSTYLE
1070
     1
1001
CAXA_DRAFT_DDTSTY_2011R3
1070
     0
1001
ACAD_DSTYLE_DIMINSPECT
1070
   396
1000

1070
   395
1000

1070
   394
1070
     0
1070
   393
1070
     0
1001
CX_DBDIM_TXTFRAME
1070
     0
1070
     0
1001
CDRAFT_DIM_STD_REV_NAME
1000
GB
1000
*DIMSTD
1000

  0
DIMENSION
  5
232
330
1DA
100
AcDbEntity
  8
尺寸线层
100
AcDbDimension
280
     0
  2
*X23
 10
-175.8816435077919
 20
-100.0
 30
0.0
 11
-187.6588781446634
 21
-0.3232516876984164
 31
0.0
 70
   160
  1
200
 71
     5
 42
-1.0
 73
     0
 74
     0
 75
     0
  3
CUSTOM_DIMSTYLE
100
AcDbAlignedDimension
 13
-95.00000000000034
 23
100.0
 33
0.0
 14
-95.00000000000036
 24
-100.0
 34
0.0
 50
90.0
100
AcDbRotatedDimension
1001
CX_DbAnnotate_TxtLocPara
1041
0.0
1001
CX_DbAnnotate_SimDimOriTxt
1070
     0
1001
CAXA_DRAFT_DIMARROWREVERSE
1070
     0
1001
ACAD
1000
DSTYLE
1002
{
1070
   173
1070
     1
1002
}
1001
CAXA_DRAFT_DIMARCLENSTYLE
1070
     1
1001
CAXA_DRAFT_DDTSTY_2011R3
1070
     0
1001
ACAD_DSTYLE_DIMINSPECT
1070
   396
1000

1070
   395
1000

1070
   394
1070
     0
1070
   393
1070
     0
1001
CX_DBDIM_TXTFRAME
1070
     0
1070
     0
1001
CDRAFT_DIM_STD_REV_NAME
1000
GB
1000
*DIMSTD
1000

  0
DIMENSION
  5
23C
330
1DA
100
AcDbEntity
  8
尺寸线层
100
AcDbDimension
280
     0
  2
*X24
 10
99.99999999999997
 20
185.6264772892611
 30
0.0
 11
0.3075642080600574
 21
197.4037119261326
 31
0.0
 70
   160
  1
200
 71
     5
 42
-1.0
 73
     0
 74
     0
 75
     0
  3
CUSTOM_DIMSTYLE
100
AcDbAlignedDimension
 13
-100.0
 23
95.0
 33
0.0
 14
100.0
 24
95.0
 34
0.0
100
AcDbRotatedDimension
1001
CX_DbAnnotate_TxtLocPara
1041
0.0
1001
CX_DbAnnotate_SimDimOriTxt
1070
     0
1001
CAXA_DRAFT_DIMARROWREVERSE
1070
     0
1001
ACAD
1000
DSTYLE
1002
{
1070
   173
1070
     1
1002
}
1001
CAXA_DRAFT_DIMARCLENSTYLE
1070
     1
1001
CAXA_DRAFT_DDTSTY_2011R3
1070
     0
1001
ACAD_DSTYLE_DIMINSPECT
1070
   396
1000

1070
   395
1000

1070
   394
1070
     0
1070
   393
1070
     0
1001
CX_DBDIM_TXTFRAME
1070
     0
1070
     0
1001
CDRAFT_DIM_STD_REV_NAME
1000
GB
1000
*DIMSTD
1000

  0
ENDBLK
  5
23E
330
1DA
100
AcDbEntity
  8
0
100
AcDbBlockEnd
  0
BLOCK
  5
1E0
330
1DF
100
AcDbEntity
  8
0
100
AcDbBlockBegin
  2
*X18
 70
     1
 10
0.0
 20
0.0
 30
0.0
  3
*X18
  1

  0
LINE
  5
1E2
330
1DF
100
AcDbEntity
  8
尺寸线层
  6
Continuous
 62
     3
100
AcDbLine
 10
46.00000000000001
 20
115.1662957607814
 30
0.0
 11
150.0
 21
115.1662957607814
 31
0.0
  0
HATCH
  5
1E3
330
1DF
100
AcDbEntity
  8
尺寸线层
  6
Continuous
 62
     3
100
AcDbHatch
 10
0.0
 20
0.0
 30
0.0
210
0.0
220
0.0
230
1.0
  2
SOLID
 70
     1
 71
     0
 91
        1
 92
        0
 93
        3
 72
     1
 10
96.00000000000001
 20
115.1662957607814
 11
71.00000000000001
 21
119.332962427448
 72
     1
 10
71.00000000000001
 20
119.332962427448
 11
71.00000000000001
 21
110.9996290941147
 72
     1
 10
71.00000000000001
 20
110.9996290941147
 11
96.00000000000001
 21
115.1662957607814
 97
        0
 75
     0
 76
     1
 98
        1
 10
0.0
 20
0.0
  0
HATCH
  5
1E4
330
1DF
100
AcDbEntity
  8
尺寸线层
  6
Continuous
 62
     3
100
AcDbHatch
 10
0.0
 20
0.0
 30
0.0
210
0.0
220
0.0
230
1.0
  2
SOLID
 70
     1
 71
     0
 91
        1
 92
        0
 93
        3
 72
     1
 10
100.0
 20
115.1662957607814
 11
125.0
 21
119.332962427448
 72
     1
 10
125.0
 20
119.332962427448
 11
125.0
 21
110.9996290941147
 72
     1
 10
125.0
 20
110.9996290941147
 11
100.0
 21
115.1662957607814
 97
        0
 75
     0
 76
     1
 98
        1
 10
0.0
 20
0.0
  0
LINE
  5
1E5
330
1DF
100
AcDbEntity
  8
尺寸线层
  6
Continuous
 62
     0
100
AcDbLine
 10
96.0
 20
-61.806
 30
0.0
 11
96.00000000000001
 21
121.4162957607814
 31
0.0
  0
LINE
  5
1E6
330
1DF
100
AcDbEntity
  8
尺寸线层
  6
Continuous
 62
     0
100
AcDbLine
 10
100.0
 20
-61.806
 30
0.0
 11
100.0
 21
121.4162957607814
 31
0.0
  0
MTEXT
  5
1E7
330
1DF
100
AcDbEntity
  8
尺寸线层
 62
     0
100
AcDbMText
 10
116.4746713965591
 20
126.9435303976529
 30
0.0
 40
17.5
 41
35.0
 46
35.0
 71
     5
 72
     1
  1
4
 73
     1
 44
1.0
1001
CAXA_DRAFT_TXTSCALE
1041
1.0
  0
ENDBLK
  5
1E1
330
1DF
100
AcDbEntity
  8
0
100
AcDbBlockEnd
  0
BLOCK
  5
202
330
201
100
AcDbEntity
  8
0
100
AcDbBlockBegin
  2
*X19
 70
     1
 10
0.0
 20
0.0
 30
0.0
  3
*X19
  1

  0
LINE
  5
204
330
201
100
AcDbEntity
  8
尺寸线层
  6
Continuous
 62
     3
100
AcDbLine
 10
-59.99999999999997
 20
126.3381378726186
 30
0.0
 11
60.00000000000003
 21
126.3381378726186
 31
0.0
  0
HATCH
  5
205
330
201
100
AcDbEntity
  8
尺寸线层
  6
Continuous
 62
     3
100
AcDbHatch
 10
0.0
 20
0.0
 30
0.0
210
0.0
220
0.0
230
1.0
  2
SOLID
 70
     1
 71
     0
 91
        1
 92
        0
 93
        3
 72
     1
 10
-9.999999999999972
 20
126.3381378726186
 11
-34.99999999999997
 21
130.5048045392853
 72
     1
 10
-34.99999999999997
 20
130.5048045392853
 11
-34.99999999999997
 21
122.1714712059519
 72
     1
 10
-34.99999999999997
 20
122.1714712059519
 11
-9.999999999999972
 21
126.3381378726186
 97
        0
 75
     0
 76
     1
 98
        1
 10
0.0
 20
0.0
  0
HATCH
  5
206
330
201
100
AcDbEntity
  8
尺寸线层
  6
Continuous
 62
     3
100
AcDbHatch
 10
0.0
 20
0.0
 30
0.0
210
0.0
220
0.0
230
1.0
  2
SOLID
 70
     1
 71
     0
 91
        1
 92
        0
 93
        3
 72
     1
 10
10.00000000000002
 20
126.3381378726186
 11
35.00000000000003
 21
130.5048045392853
 72
     1
 10
35.00000000000003
 20
130.5048045392853
 11
35.00000000000003
 21
122.1714712059519
 72
     1
 10
35.00000000000003
 20
122.1714712059519
 11
10.00000000000002
 21
126.3381378726186
 97
        0
 75
     0
 76
     1
 98
        1
 10
0.0
 20
0.0
  0
LINE
  5
207
330
201
100
AcDbEntity
  8
尺寸线层
  6
Continuous
 62
     0
100
AcDbLine
 10
-10.0
 20
34.06119649593645
 30
0.0
 11
-9.99999999999997
 21
132.5881378726186
 31
0.0
  0
LINE
  5
208
330
201
100
AcDbEntity
  8
尺寸线层
  6
Continuous
 62
     0
100
AcDbLine
 10
10.0
 20
33.7169482661763
 30
0.0
 11
10.00000000000003
 21
132.5881378726186
 31
0.0
  0
MTEXT
  5
209
330
201
100
AcDbEntity
  8
尺寸线层
 62
     0
100
AcDbMText
 10
0.1057976079510485
 20
138.1153725094901
 30
0.0
 40
17.5
 41
44.97206703910614
 46
35.0
 71
     5
 72
     1
  1
20
 73
     1
 44
1.0
1001
CAXA_DRAFT_TXTSCALE
1041
1.0
  0
ENDBLK
  5
203
330
201
100
AcDbEntity
  8
0
100
AcDbBlockEnd
  0
BLOCK
  5
20C
330
20B
100
AcDbEntity
  8
0
100
AcDbBlockBegin
  2
*X20
 70
     1
 10
0.0
 20
0.0
 30
0.0
  3
*X20
  1

  0
LINE
  5
20E
330
20B
100
AcDbEntity
  8
尺寸线层
  6
Continuous
 62
     3
100
AcDbLine
 10
-80.0
 20
155.243531414387
 30
0.0
 11
80.0
 21
155.243531414387
 31
0.0
  0
HATCH
  5
20F
330
20B
100
AcDbEntity
  8
尺寸线层
  6
Continuous
 62
     3
100
AcDbHatch
 10
0.0
 20
0.0
 30
0.0
210
0.0
220
0.0
230
1.0
  2
SOLID
 70
     1
 71
     0
 91
        1
 92
        0
 93
        3
 72
     1
 10
-80.0
 20
155.243531414387
 11
-55.0
 21
159.4101980810536
 72
     1
 10
-55.0
 20
159.4101980810536
 11
-55.0
 21
151.0768647477203
 72
     1
 10
-55.0
 20
151.0768647477203
 11
-80.0
 21
155.243531414387
 97
        0
 75
     0
 76
     1
 98
        1
 10
0.0
 20
0.0
  0
HATCH
  5
210
330
20B
100
AcDbEntity
  8
尺寸线层
  6
Continuous
 62
     3
100
AcDbHatch
 10
0.0
 20
0.0
 30
0.0
210
0.0
220
0.0
230
1.0
  2
SOLID
 70
     1
 71
     0
 91
        1
 92
        0
 93
        3
 72
     1
 10
80.0
 20
155.243531414387
 11
55.0
 21
159.4101980810536
 72
     1
 10
55.0
 20
159.4101980810536
 11
55.0
 21
151.0768647477203
 72
     1
 10
55.0
 20
151.0768647477203
 11
80.0
 21
155.243531414387
 97
        0
 75
     0
 76
     1
 98
        1
 10
0.0
 20
0.0
  0
LINE
  5
211
330
20B
100
AcDbEntity
  8
尺寸线层
  6
Continuous
 62
     0
100
AcDbLine
 10
-80.00000000000001
 20
10.00000000000001
 30
0.0
 11
-80.0
 21
161.493531414387
 31
0.0
  0
LINE
  5
212
330
20B
100
AcDbEntity
  8
尺寸线层
  6
Continuous
 62
     0
100
AcDbLine
 10
79.99999999999999
 20
10.00000000000001
 30
0.0
 11
80.0
 21
161.493531414387
 31
0.0
  0
MTEXT
  5
213
330
20B
100
AcDbEntity
  8
尺寸线层
 62
     0
100
AcDbMText
 10
0.0064663586666143
 20
167.0696487328227
 30
0.0
 40
17.5
 41
66.87150837988825
 46
35.0
 71
     5
 72
     1
  1
160
 73
     1
 44
1.0
1001
CAXA_DRAFT_TXTSCALE
1041
1.0
  0
ENDBLK
  5
20D
330
20B
100
AcDbEntity
  8
0
100
AcDbBlockEnd
  0
BLOCK
  5
216
330
215
100
AcDbEntity
  8
0
100
AcDbBlockBegin
  2
*X21
 70
     1
 10
0.0
 20
0.0
 30
0.0
  3
*X21
  1

  0
LINE
  5
218
330
215
100
AcDbEntity
  8
尺寸线层
  6
Continuous
 62
     3
100
AcDbLine
 10
-134.5442310786316
 20
80.00000000000003
 30
0.0
 11
-134.5442310786316
 21
-79.99999999999999
 31
0.0
  0
HATCH
  5
219
330
215
100
AcDbEntity
  8
尺寸线层
  6
Continuous
 62
     3
100
AcDbHatch
 10
0.0
 20
0.0
 30
0.0
210
0.0
220
0.0
230
1.0
  2
SOLID
 70
     1
 71
     0
 91
        1
 92
        0
 93
        3
 72
     1
 10
-134.5442310786316
 20
80.00000000000003
 11
-130.377564411965
 21
55.00000000000003
 72
     1
 10
-130.377564411965
 20
55.00000000000003
 11
-138.7108977452983
 21
55.00000000000003
 72
     1
 10
-138.7108977452983
 20
55.00000000000003
 11
-134.5442310786316
 21
80.00000000000003
 97
        0
 75
     0
 76
     1
 98
        1
 10
0.0
 20
0.0
  0
HATCH
  5
21A
330
215
100
AcDbEntity
  8
尺寸线层
  6
Continuous
 62
     3
100
AcDbHatch
 10
0.0
 20
0.0
 30
0.0
210
0.0
220
0.0
230
1.0
  2
SOLID
 70
     1
 71
     0
 91
        1
 92
        0
 93
        3
 72
     1
 10
-134.5442310786316
 20
-79.99999999999999
 11
-130.377564411965
 21
-54.99999999999997
 72
     1
 10
-130.377564411965
 20
-54.99999999999997
 11
-138.7108977452983
 21
-54.99999999999997
 72
     1
 10
-138.7108977452983
 20
-54.99999999999997
 11
-134.5442310786316
 21
-79.99999999999999
 97
        0
 75
     0
 76
     1
 98
        1
 10
0.0
 20
0.0
  0
LINE
  5
21B
330
215
100
AcDbEntity
  8
尺寸线层
  6
Continuous
 62
     0
100
AcDbLine
 10
-10.0
 20
80.0
 30
0.0
 11
-140.7942310786316
 21
80.00000000000003
 31
0.0
  0
LINE
  5
21C
330
215
100
AcDbEntity
  8
尺寸线层
  6
Continuous
 62
     0
100
AcDbLine
 10
-10.0
 20
-80.0
 30
0.0
 11
-140.7942310786316
 21
-79.99999999999999
 31
0.0
  0
MTEXT
  5
21D
330
215
100
AcDbEntity
  8
尺寸线层
 62
     0
100
AcDbMText
 10
-146.3703483970674
 20
3.709977572083972
 30
0.0
 40
17.5
 41
66.87150837988825
 46
35.0
 71
     5
 72
     1
  1
160
 11
6.123233995736766E-17
 21
1.0
 31
0.0
 73
     1
 44
1.0
1001
CAXA_DRAFT_TXTSCALE
1041
1.0
  0
ENDBLK
  5
217
330
215
100
AcDbEntity
  8
0
100
AcDbBlockEnd
  0
BLOCK
  5
220
330
21F
100
AcDbEntity
  8
0
100
AcDbBlockBegin
  2
*X22
 70
     1
 10
0.0
 20
0.0
 30
0.0
  3
*X22
  1

  0
LINE
  5
222
330
21F
100
AcDbEntity
  8
尺寸线层
  6
Continuous
 62
     3
100
AcDbLine
 10
138.1296725902031
 20
60.0
 30
0.0
 11
138.1296725902031
 21
-60.00000000000001
 31
0.0
  0
HATCH
  5
223
330
21F
100
AcDbEntity
  8
尺寸线层
  6
Continuous
 62
     3
100
AcDbHatch
 10
0.0
 20
0.0
 30
0.0
210
0.0
220
0.0
230
1.0
  2
SOLID
 70
     1
 71
     0
 91
        1
 92
        0
 93
        3
 72
     1
 10
138.1296725902031
 20
10.0
 11
142.2963392568697
 21
35.0
 72
     1
 10
142.2963392568697
 20
35.0
 11
133.9630059235364
 21
35.0
 72
     1
 10
133.9630059235364
 20
35.0
 11
138.1296725902031
 21
10.0
 97
        0
 75
     0
 76
     1
 98
        1
 10
0.0
 20
0.0
  0
HATCH
  5
224
330
21F
100
AcDbEntity
  8
尺寸线层
  6
Continuous
 62
     3
100
AcDbHatch
 10
0.0
 20
0.0
 30
0.0
210
0.0
220
0.0
230
1.0
  2
SOLID
 70
     1
 71
     0
 91
        1
 92
        0
 93
        3
 72
     1
 10
138.1296725902031
 20
-10.00000000000001
 11
142.2963392568697
 21
-35.00000000000001
 72
     1
 10
142.2963392568697
 20
-35.00000000000001
 11
133.9630059235364
 21
-35.00000000000001
 72
     1
 10
133.9630059235364
 20
-35.00000000000001
 11
138.1296725902031
 21
-10.00000000000001
 97
        0
 75
     0
 76
     1
 98
        1
 10
0.0
 20
0.0
  0
LINE
  5
225
330
21F
100
AcDbEntity
  8
尺寸线层
  6
Continuous
 62
     0
100
AcDbLine
 10
79.99999999999999
 20
10.00000000000001
 30
0.0
 11
144.3796725902031
 21
10.0
 31
0.0
  0
LINE
  5
226
330
21F
100
AcDbEntity
  8
尺寸线层
  6
Continuous
 62
     0
100
AcDbLine
 10
80.0
 20
-10.0
 30
0.0
 11
144.3796725902031
 21
-10.00000000000001
 31
0.0
  0
MTEXT
  5
227
330
21F
100
AcDbEntity
  8
尺寸线层
 62
     0
100
AcDbMText
 10
126.3524379533315
 20
-0.4240567220114677
 30
0.0
 40
17.5
 41
44.97206703910614
 46
35.0
 71
     5
 72
     1
  1
20
 11
6.123233995736766E-17
 21
1.0
 31
0.0
 73
     1
 44
1.0
1001
CAXA_DRAFT_TXTSCALE
1041
1.0
  0
ENDBLK
  5
221
330
21F
100
AcDbEntity
  8
0
100
AcDbBlockEnd
  0
BLOCK
  5
22A
330
229
100
AcDbEntity
  8
0
100
AcDbBlockBegin
  2
*X23
 70
     1
 10
0.0
 20
0.0
 30
0.0
  3
*X23
  1

  0
LINE
  5
22C
330
229
100
AcDbEntity
  8
尺寸线层
  6
Continuous
 62
     3
100
AcDbLine
 10
-175.8816435077919
 20
100.0
 30
0.0
 11
-175.8816435077919
 21
-100.0
 31
0.0
  0
HATCH
  5
22D
330
229
100
AcDbEntity
  8
尺寸线层
  6
Continuous
 62
     3
100
AcDbHatch
 10
0.0
 20
0.0
 30
0.0
210
0.0
220
0.0
230
1.0
  2
SOLID
 70
     1
 71
     0
 91
        1
 92
        0
 93
        3
 72
     1
 10
-175.8816435077919
 20
100.0
 11
-171.7149768411252
 21
75.0
 72
     1
 10
-171.7149768411252
 20
75.0
 11
-180.0483101744585
 21
75.0
 72
     1
 10
-180.0483101744585
 20
75.0
 11
-175.8816435077919
 21
100.0
 97
        0
 75
     0
 76
     1
 98
        1
 10
0.0
 20
0.0
  0
HATCH
  5
22E
330
229
100
AcDbEntity
  8
尺寸线层
  6
Continuous
 62
     3
100
AcDbHatch
 10
0.0
 20
0.0
 30
0.0
210
0.0
220
0.0
230
1.0
  2
SOLID
 70
     1
 71
     0
 91
        1
 92
        0
 93
        3
 72
     1
 10
-175.8816435077919
 20
-100.0
 11
-171.7149768411252
 21
-75.0
 72
     1
 10
-171.7149768411252
 20
-75.0
 11
-180.0483101744585
 21
-75.0
 72
     1
 10
-180.0483101744585
 20
-75.0
 11
-175.8816435077919
 21
-100.0
 97
        0
 75
     0
 76
     1
 98
        1
 10
0.0
 20
0.0
  0
LINE
  5
22F
330
229
100
AcDbEntity
  8
尺寸线层
  6
Continuous
 62
     0
100
AcDbLine
 10
-95.00000000000034
 20
100.0
 30
0.0
 11
-182.1316435077919
 21
100.0
 31
0.0
  0
LINE
  5
230
330
229
100
AcDbEntity
  8
尺寸线层
  6
Continuous
 62
     0
100
AcDbLine
 10
-95.00000000000036
 20
-100.0
 30
0.0
 11
-182.1316435077919
 21
-100.0
 31
0.0
  0
MTEXT
  5
231
330
229
100
AcDbEntity
  8
尺寸线层
 62
     0
100
AcDbMText
 10
-187.6588781446634
 20
-0.3232516876984164
 30
0.0
 40
17.5
 41
69.99999999999999
 46
35.0
 71
     5
 72
     1
  1
200
 11
6.123233995736766E-17
 21
1.0
 31
0.0
 73
     1
 44
1.0
1001
CAXA_DRAFT_TXTSCALE
1041
1.0
  0
ENDBLK
  5
22B
330
229
100
AcDbEntity
  8
0
100
AcDbBlockEnd
  0
BLOCK
  5
234
330
233
100
AcDbEntity
  8
0
100
AcDbBlockBegin
  2
*X24
 70
     1
 10
0.0
 20
0.0
 30
0.0
  3
*X24
  1

  0
LINE
  5
236
330
233
100
AcDbEntity
  8
尺寸线层
  6
Continuous
 62
     3
100
AcDbLine
 10
-100.0
 20
185.6264772892611
 30
0.0
 11
100.0
 21
185.6264772892611
 31
0.0
  0
HATCH
  5
237
330
233
100
AcDbEntity
  8
尺寸线层
  6
Continuous
 62
     3
100
AcDbHatch
 10
0.0
 20
0.0
 30
0.0
210
0.0
220
0.0
230
1.0
  2
SOLID
 70
     1
 71
     0
 91
        1
 92
        0
 93
        3
 72
     1
 10
-100.0
 20
185.6264772892611
 11
-75.0
 21
189.7931439559278
 72
     1
 10
-75.0
 20
189.7931439559278
 11
-75.0
 21
181.4598106225945
 72
     1
 10
-75.0
 20
181.4598106225945
 11
-100.0
 21
185.6264772892611
 97
        0
 75
     0
 76
     1
 98
        1
 10
0.0
 20
0.0
  0
HATCH
  5
238
330
233
100
AcDbEntity
  8
尺寸线层
  6
Continuous
 62
     3
100
AcDbHatch
 10
0.0
 20
0.0
 30
0.0
210
0.0
220
0.0
230
1.0
  2
SOLID
 70
     1
 71
     0
 91
        1
 92
        0
 93
        3
 72
     1
 10
100.0
 20
185.6264772892611
 11
75.0
 21
189.7931439559278
 72
     1
 10
75.0
 20
189.7931439559278
 11
75.0
 21
181.4598106225945
 72
     1
 10
75.0
 20
181.4598106225945
 11
100.0
 21
185.6264772892611
 97
        0
 75
     0
 76
     1
 98
        1
 10
0.0
 20
0.0
  0
LINE
  5
239
330
233
100
AcDbEntity
  8
尺寸线层
  6
Continuous
 62
     0
100
AcDbLine
 10
-100.0
 20
95.0
 30
0.0
 11
-100.0
 21
191.8764772892611
 31
0.0
  0
LINE
  5
23A
330
233
100
AcDbEntity
  8
尺寸线层
  6
Continuous
 62
     0
100
AcDbLine
 10
100.0
 20
95.0
 30
0.0
 11
100.0
 21
191.8764772892611
 31
0.0
  0
MTEXT
  5
23B
330
233
100
AcDbEntity
  8
尺寸线层
 62
     0
100
AcDbMText
 10
0.3075642080600574
 20
197.4037119261326
 30
0.0
 40
17.5
 41
69.99999999999999
 46
35.0
 71
     5
 72
     1
  1
200
 73
     1
 44
1.0
1001
CAXA_DRAFT_TXTSCALE
1041
1.0
  0
ENDBLK
  5
235
330
233
100
AcDbEntity
  8
0
100
AcDbBlockEnd
  0
BLOCK
  5
24C
330
240
100
AcDbEntity
  8
0
100
AcDbBlockBegin
  2
*X25
 70
     1
 10
0.0
 20
0.0
 30
0.0
  3
*X25
  1

  0
LINE
  5
241
330
240
100
AcDbEntity
  8
尺寸线层
  6
Continuous
 62
     0
370
    -2
100
AcDbLine
 10
0.0
 20
0.0
 30
0.0
 11
106.772
 21
48.27229574696071
 31
0.0
  0
LINE
  5
242
330
240
100
AcDbEntity
  8
尺寸线层
  6
Continuous
 62
     0
100
AcDbLine
 10
135.122
 20
48.27229574696071
 30
0.0
 11
162.122
 21
48.27229574696071
 31
0.0
  0
LINE
  5
243
330
240
100
AcDbEntity
  8
尺寸线层
  6
Continuous
 62
     0
100
AcDbLine
 10
135.122
 20
48.27229574696071
 30
0.0
 11
135.122
 21
75.2722957469607
 31
0.0
  0
LINE
  5
244
330
240
100
AcDbEntity
  8
尺寸线层
  6
Continuous
 62
     0
100
AcDbLine
 10
162.122
 20
48.27229574696071
 30
0.0
 11
135.122
 21
75.2722957469607
 31
0.0
  0
ARC
  5
245
330
240
100
AcDbEntity
  8
尺寸线层
  6
Continuous
 62
     0
100
AcDbCircle
 10
170.222
 20
86.0722957469607
 30
0.0
 40
20.25
100
AcDbArc
 50
179.9999999999999
 51
270.0
  0
LINE
  5
246
330
240
100
AcDbEntity
  8
尺寸线层
  6
Continuous
 62
     0
100
AcDbLine
 10
223.465
 20
48.27229574696071
 30
0.0
 11
250.465
 21
75.2722957469607
 31
0.0
  0
LINE
  5
247
330
240
100
AcDbEntity
  8
尺寸线层
  6
Continuous
 62
     0
100
AcDbLine
 10
223.465
 20
48.27229574696071
 30
0.0
 11
250.465
 21
21.27229574696071
 31
0.0
  0
MTEXT
  5
248
330
240
100
AcDbEntity
  8
尺寸线层
 62
     0
100
AcDbMText
 10
175.399
 20
70.67029574696069
 30
0.0
 40
20.0
 41
85.2737430167598
 46
39.55307262569832
 71
     1
 72
     1
  1
{\T1.1;300}
 73
     1
 44
1.0
1001
CAXA_DRAFT_TXTSCALE
1041
1.0
  0
MTEXT
  5
249
330
240
100
AcDbEntity
  8
尺寸线层
 62
     0
100
AcDbMText
 10
248.327
 20
67.3632957469607
 30
0.0
 40
27.0
 41
113.068156424581
 46
71.79888268156424
 71
     1
 72
     1
  1
{\T1.1;4条}
 73
     1
 44
1.0
1001
CAXA_DRAFT_TXTSCALE
1041
1.0
  0
LINE
  5
24A
330
240
100
AcDbEntity
  8
尺寸线层
  6
Continuous
 62
     0
370
    -2
100
AcDbLine
 10
106.772
 20
48.27229574696071
 30
0.0
 11
223.465
 21
48.27229574696071
 31
0.0
  0
LINE
  5
24B
330
240
100
AcDbEntity
  8
尺寸线层
  6
虚线
 62
     0
100
AcDbLine
 10
106.772
 20
40.1722957469607
 30
0.0
 11
223.465
 21
40.1722957469607
 31
0.0
  0
ENDBLK
  5
24D
330
240
100
AcDbEntity
  8
0
100
AcDbBlockEnd
  0
BLOCK
  5
271
330
24F
100
AcDbEntity
  8
0
100
AcDbBlockBegin
  2
耗能面
 70
     0
 10
0.0
 20
0.0
 30
0.0
  3
耗能面
  1

  0
LWPOLYLINE
  5
250
330
24F
100
AcDbEntity
  8
粗实线层
100
AcDbPolyline
 90
        8
 70
     1
 43
0.0
 10
-95.0
 20
100.0
 10
95.0
 20
100.0
 42
-0.414
 10
100.0
 20
95.0
 10
100.0
 20
-95.0
 42
-0.414
 10
95.0
 20
-100.0
 10
-95.0
 20
-100.0
 42
-0.414
 10
-100.0
 20
-95.0
 10
-100.0
 20
95.0
 42
-0.414
  0
LWPOLYLINE
  5
251
330
24F
100
AcDbEntity
  8
粗实线层
100
AcDbPolyline
 90
        8
 70
     1
 43
0.0
 10
-89.0
 20
94.0
 10
89.0
 20
94.0
 42
-0.414
 10
94.0
 20
89.0
 10
94.0
 20
-89.0
 42
-0.414
 10
89.0
 20
-94.0
 10
-89.0
 20
-94.0
 42
-0.414
 10
-94.0
 20
-89.0
 10
-94.0
 20
89.0
 42
-0.414
  0
LINE
  5
252
330
24F
100
AcDbEntity
  8
中心线层
100
AcDbLine
 10
-115.5
 20
0.0
 30
0.0
 11
115.5
 21
0.0
 31
0.0
  0
LINE
  5
253
330
24F
100
AcDbEntity
  8
中心线层
100
AcDbLine
 10
0.0
 20
119.5
 30
0.0
 11
0.0
 21
-119.5
 31
0.0
  0
MTEXT
  5
254
330
24F
100
AcDbEntity
  8
尺寸线层
100
AcDbMText
 10
-150.6087024644141
 20
-157.7781570922183
 30
0.0
 40
45.0
 41
787.8770949720672
 46
118.659217877095
 71
     1
 72
     1
  1
{\W0.7;\T1.1;耗能段断面图}
 73
     1
 44
1.0
1001
CAXA_DRAFT_TXTSCALE
1041
1.0
  0
LINE
  5
255
330
24F
100
AcDbEntity
  8
粗实线层
100
AcDbLine
 10
-10.0
 20
80.0
 30
0.0
 11
10.0
 21
80.0
 31
0.0
  0
LINE
  5
256
330
24F
100
AcDbEntity
  8
粗实线层
100
AcDbLine
 10
-10.0
 20
-80.0
 30
0.0
 11
10.0
 21
-80.0
 31
0.0
  0
LINE
  5
257
330
24F
100
AcDbEntity
  8
粗实线层
100
AcDbLine
 10
10.0
 20
80.0
 30
0.0
 11
10.0
 21
-80.0
 31
0.0
  0
LINE
  5
258
330
24F
100
AcDbEntity
  8
粗实线层
100
AcDbLine
 10
-10.0
 20
80.0
 30
0.0
 11
-10.0
 21
-80.0
 31
0.0
  0
DIMENSION
  5
262
330
24F
100
AcDbEntity
  8
尺寸线层
100
AcDbDimension
280
     0
  2
*X27
 10
10.0
 20
129.0430843564241
 30
0.0
 11
0.2519522673005703
 21
140.8203189932956
 31
0.0
 70
   160
  1
20
 71
     5
 42
-1.0
 73
     0
 74
     0
 75
     0
  3
CUSTOM_DIMSTYLE
100
AcDbAlignedDimension
 13
-10.0
 23
60.0
 33
0.0
 14
10.0
 24
60.0
 34
0.0
100
AcDbRotatedDimension
1001
CX_DbAnnotate_TxtLocPara
1041
0.0
1001
CX_DbAnnotate_SimDimOriTxt
1070
     0
1001
CAXA_DRAFT_DIMARROWREVERSE
1070
     0
1001
ACAD
1000
DSTYLE
1002
{
1070
   173
1070
     1
1002
}
1001
CAXA_DRAFT_DIMARCLENSTYLE
1070
     1
1001
CAXA_DRAFT_DDTSTY_2011R3
1070
     0
1001
ACAD_DSTYLE_DIMINSPECT
1070
   396
1000

1070
   395
1000

1070
   394
1070
     0
1070
   393
1070
     0
1001
CX_DBDIM_TXTFRAME
1070
     0
1070
     0
1001
CDRAFT_DIM_STD_REV_NAME
1000
GB
1000
*DIMSTD
1000

  0
DIMENSION
  5
26C
330
24F
100
AcDbEntity
  8
尺寸线层
100
AcDbDimension
280
     0
  2
*X28
 10
-132.251828892933
 20
80.00000000000003
 30
0.0
 11
-144.0779462113687
 21
-0.8926269978207557
 31
0.0
 70
   160
  1
160
 71
     5
 42
-1.0
 73
     0
 74
     0
 75
     0
  3
CUSTOM_DIMSTYLE
100
AcDbAlignedDimension
 13
-10.0
 23
-80.0
 33
0.0
 14
-10.0
 24
80.0
 34
0.0
 50
90.0
100
AcDbRotatedDimension
1001
CX_DbAnnotate_TxtLocPara
1041
0.0
1001
CX_DbAnnotate_SimDimOriTxt
1070
     0
1001
CAXA_DRAFT_DIMARROWREVERSE
1070
     0
1001
ACAD
1000
DSTYLE
1002
{
1070
   173
1070
     1
1002
}
1001
CAXA_DRAFT_DIMARCLENSTYLE
1070
     1
1001
CAXA_DRAFT_DDTSTY_2011R3
1070
     0
1001
ACAD_DSTYLE_DIMINSPECT
1070
   396
1000

1070
   395
1000

1070
   394
1070
     0
1070
   393
1070
     0
1001
CX_DBDIM_TXTFRAME
1070
     0
1070
     0
1001
CDRAFT_DIM_STD_REV_NAME
1000
GB
1000
*DIMSTD
1000

  0
HATCH
  5
26D
330
24F
100
AcDbEntity
  8
剖面线层
100
AcDbHatch
 10
0.0
 20
0.0
 30
0.0
210
0.0
220
0.0
230
1.0
  2
AR-CONC
 70
     0
 71
     0
 91
        1
 92
        0
 93
        9
 72
     1
 10
-94.0
 20
0.0000000000000036
 11
-94.0
 21
89.0
 72
     2
 10
-88.99817659535132
 20
88.998176595351
 40
5.001823737007911
 50
180.0208870601084
 51
269.9791129397422
 73
     0
 72
     1
 10
-89.00000000001337
 20
93.99999999999966
 11
0.0
 21
94.0
 72
     1
 10
0.0
 20
94.0
 11
0.0
 21
80.0
 72
     1
 10
0.0
 20
80.0
 11
-10.0
 21
80.0
 72
     1
 10
-10.0
 20
80.0
 11
-10.0
 21
60.0
 72
     1
 10
-10.0
 20
60.0
 11
-10.0
 21
60.0
 72
     1
 10
-10.0
 20
60.0
 11
-10.0
 21
0.0
 72
     1
 10
-10.0
 20
0.0
 11
-94.0
 21
0.0
 97
        0
 75
     0
 76
     0
 52
0.0
 41
1.0
 77
     0
 78
    13
 53
50.0
 43
0.0
 44
0.0
 45
-18.21840863805914
 46
1.593904228557914
 79
     2
 49
1.905
 49
-20.955
 53
355.0
 43
0.0
 44
0.0
 45
6.788408631823936
 46
18.20343651131206
 79
     2
 49
1.524
 49
-16.764
 53
100.4514
 43
1.518200672
 44
-0.132825236
 45
-14.69413829553615
 46
-17.51176436834822
 79
     2
 49
1.619000826
 49
-17.8090096448
 53
46.1842
 43
0.0
 44
5.08
 45
-27.10792263509137
 46
4.204182963957056
 79
     2
 49
2.8575
 49
-31.4325
 53
96.63560000000001
 43
2.258993323
 44
4.7296500022
 45
-23.74043272093706
 46
-24.74259392087122
 79
     2
 49
2.4285013152
 49
-26.7135102
 53
351.1842
 43
0.0
 44
5.08
 45
-15.13075074680646
 46
30.7711631574697
 79
     2
 49
2.286
 49
-25.146
 53
21.0
 43
2.54
 44
3.81
 45
4.424267621611428
 46
17.74476824321702
 79
     2
 49
1.905
 49
-20.955
 53
325.9999999999999
 43
2.54
 44
3.81
 45
14.76247711173591
 46
12.62999849958281
 79
     2
 49
1.524
 49
-16.764
 53
71.4514
 43
3.8034527182
 44
2.9577892076
 45
-21.34165476596985
 46
-8.19227461643279
 79
     2
 49
1.619000826
 49
-17.8090096448
 53
37.5
 43
0.0
 44
0.0
 45
-8.247328513447343
 46
1.890109277284904
 79
     6
 49
0.0254
 49
-16.5608
 49
0.0254
 49
-17.018
 49
0.0254
 49
-16.8275
 53
7.5
 43
0.0
 44
0.0
 45
-9.047147843487105
 46
7.947280326431587
 79
     6
 49
0.0254
 49
-9.7028
 49
0.0254
 49
-16.1798
 49
0.0254
 49
-6.4135
 53
327.5
 43
-5.6642
 44
0.0
 45
-6.249537054922904
 46
12.04659338483874
 79
     6
 49
0.0254
 49
-6.35
 49
0.0254
 49
-19.812
 49
0.0254
 49
-26.289
 53
317.5
 43
-8.2042
 44
0.0
 45
1.241959134131777
 46
14.97816902727575
 79
     6
 49
0.0254
 49
-8.255
 49
0.0254
 49
-13.1572
 49
0.0254
 49
-18.669
 98
        1
 10
-50.11461433021162
 20
17.05864917784774
1001
CAXA_DRAFT_HATCH_SCALE_ANGLE
1041
0.1
1041
0.0
  0
HATCH
  5
26E
330
24F
100
AcDbEntity
  8
剖面线层
100
AcDbHatch
 10
0.0
 20
0.0
 30
0.0
210
0.0
220
0.0
230
1.0
  2
AR-CONC
 70
     0
 71
     0
 91
        1
 92
        0
 93
        9
 72
     1
 10
10.0
 20
0.0
 11
10.0
 21
60.0
 72
     1
 10
10.0
 20
60.0
 11
10.0
 21
60.0
 72
     1
 10
10.0
 20
60.0
 11
10.0
 21
80.0
 72
     1
 10
10.0
 20
80.0
 11
0.0
 21
80.0
 72
     1
 10
0.0
 20
80.0
 11
0.0
 21
94.0
 72
     1
 10
0.0
 20
94.0
 11
89.0
 21
94.0
 72
     2
 10
88.99817659535134
 20
88.99817659535134
 40
5.001823737007897
 50
270.0208870601045
 51
359.9791129398993
 73
     0
 72
     1
 10
94.00000000000001
 20
88.99999999999967
 11
94.0
 21
0.0
 72
     1
 10
94.0
 20
0.0
 11
9.999999999999972
 21
0.0
 97
        0
 75
     0
 76
     0
 52
0.0
 41
1.0
 77
     0
 78
    13
 53
50.0
 43
0.0
 44
0.0
 45
-18.21840863805914
 46
1.593904228557914
 79
     2
 49
1.905
 49
-20.955
 53
355.0
 43
0.0
 44
0.0
 45
6.788408631823936
 46
18.20343651131206
 79
     2
 49
1.524
 49
-16.764
 53
100.4514
 43
1.518200672
 44
-0.132825236
 45
-14.69413829553615
 46
-17.51176436834822
 79
     2
 49
1.619000826
 49
-17.8090096448
 53
46.1842
 43
0.0
 44
5.08
 45
-27.10792263509137
 46
4.204182963957056
 79
     2
 49
2.8575
 49
-31.4325
 53
96.63560000000001
 43
2.258993323
 44
4.7296500022
 45
-23.74043272093706
 46
-24.74259392087122
 79
     2
 49
2.4285013152
 49
-26.7135102
 53
351.1842
 43
0.0
 44
5.08
 45
-15.13075074680646
 46
30.7711631574697
 79
     2
 49
2.286
 49
-25.146
 53
21.0
 43
2.54
 44
3.81
 45
4.424267621611428
 46
17.74476824321702
 79
     2
 49
1.905
 49
-20.955
 53
325.9999999999999
 43
2.54
 44
3.81
 45
14.76247711173591
 46
12.62999849958281
 79
     2
 49
1.524
 49
-16.764
 53
71.4514
 43
3.8034527182
 44
2.9577892076
 45
-21.34165476596985
 46
-8.19227461643279
 79
     2
 49
1.619000826
 49
-17.8090096448
 53
37.5
 43
0.0
 44
0.0
 45
-8.247328513447343
 46
1.890109277284904
 79
     6
 49
0.0254
 49
-16.5608
 49
0.0254
 49
-17.018
 49
0.0254
 49
-16.8275
 53
7.5
 43
0.0
 44
0.0
 45
-9.047147843487105
 46
7.947280326431587
 79
     6
 49
0.0254
 49
-9.7028
 49
0.0254
 49
-16.1798
 49
0.0254
 49
-6.4135
 53
327.5
 43
-5.6642
 44
0.0
 45
-6.249537054922904
 46
12.04659338483874
 79
     6
 49
0.0254
 49
-6.35
 49
0.0254
 49
-19.812
 49
0.0254
 49
-26.289
 53
317.5
 43
-8.2042
 44
0.0
 45
1.241959134131777
 46
14.97816902727575
 79
     6
 49
0.0254
 49
-8.255
 49
0.0254
 49
-13.1572
 49
0.0254
 49
-18.669
 98
        1
 10
63.04025830302963
 20
16.0392359108816
1001
CAXA_DRAFT_HATCH_SCALE_ANGLE
1041
0.1
1041
0.0
  0
HATCH
  5
26F
330
24F
100
AcDbEntity
  8
剖面线层
100
AcDbHatch
 10
0.0
 20
0.0
 30
0.0
210
0.0
220
0.0
230
1.0
  2
AR-CONC
 70
     0
 71
     0
 91
        1
 92
        0
 93
        9
 72
     1
 10
-94.0
 20
-89.0
 11
-94.0
 21
0.0
 72
     1
 10
-94.0
 20
0.0
 11
-10.0
 21
0.0
 72
     1
 10
-10.0
 20
0.0
 11
-10.0
 21
-60.0
 72
     1
 10
-10.0
 20
-60.0
 11
-10.0
 21
-60.0
 72
     1
 10
-10.0
 20
-60.0
 11
-10.0
 21
-80.0
 72
     1
 10
-10.0
 20
-80.0
 11
0.0
 21
-80.0
 72
     1
 10
0.0
 20
-80.0
 11
0.0
 21
-94.0
 72
     1
 10
0.0
 20
-94.0
 11
-89.0
 21
-94.0
 72
     2
 10
-88.99817659535127
 20
-88.99817659535131
 40
5.001823737007926
 50
90.02088706010528
 51
179.9791129398993
 73
     0
 97
        0
 75
     0
 76
     0
 52
0.0
 41
1.0
 77
     0
 78
    13
 53
50.0
 43
0.0
 44
0.0
 45
-18.21840863805914
 46
1.593904228557914
 79
     2
 49
1.905
 49
-20.955
 53
355.0
 43
0.0
 44
0.0
 45
6.788408631823936
 46
18.20343651131206
 79
     2
 49
1.524
 49
-16.764
 53
100.4514
 43
1.518200672
 44
-0.132825236
 45
-14.69413829553615
 46
-17.51176436834822
 79
     2
 49
1.619000826
 49
-17.8090096448
 53
46.1842
 43
0.0
 44
5.08
 45
-27.10792263509137
 46
4.204182963957056
 79
     2
 49
2.8575
 49
-31.4325
 53
96.63560000000001
 43
2.258993323
 44
4.7296500022
 45
-23.74043272093706
 46
-24.74259392087122
 79
     2
 49
2.4285013152
 49
-26.7135102
 53
351.1842
 43
0.0
 44
5.08
 45
-15.13075074680646
 46
30.7711631574697
 79
     2
 49
2.286
 49
-25.146
 53
21.0
 43
2.54
 44
3.81
 45
4.424267621611428
 46
17.74476824321702
 79
     2
 49
1.905
 49
-20.955
 53
325.9999999999999
 43
2.54
 44
3.81
 45
14.76247711173591
 46
12.62999849958281
 79
     2
 49
1.524
 49
-16.764
 53
71.4514
 43
3.8034527182
 44
2.9577892076
 45
-21.34165476596985
 46
-8.19227461643279
 79
     2
 49
1.619000826
 49
-17.8090096448
 53
37.5
 43
0.0
 44
0.0
 45
-8.247328513447343
 46
1.890109277284904
 79
     6
 49
0.0254
 49
-16.5608
 49
0.0254
 49
-17.018
 49
0.0254
 49
-16.8275
 53
7.5
 43
0.0
 44
0.0
 45
-9.047147843487105
 46
7.947280326431587
 79
     6
 49
0.0254
 49
-9.7028
 49
0.0254
 49
-16.1798
 49
0.0254
 49
-6.4135
 53
327.5
 43
-5.6642
 44
0.0
 45
-6.249537054922904
 46
12.04659338483874
 79
     6
 49
0.0254
 49
-6.35
 49
0.0254
 49
-19.812
 49
0.0254
 49
-26.289
 53
317.5
 43
-8.2042
 44
0.0
 45
1.241959134131777
 46
14.97816902727575
 79
     6
 49
0.0254
 49
-8.255
 49
0.0254
 49
-13.1572
 49
0.0254
 49
-18.669
 98
        1
 10
-72.54170620346665
 20
-20.65964169989934
1001
CAXA_DRAFT_HATCH_SCALE_ANGLE
1041
0.1
1041
0.0
  0
HATCH
  5
270
330
24F
100
AcDbEntity
  8
剖面线层
100
AcDbHatch
 10
0.0
 20
0.0
 30
0.0
210
0.0
220
0.0
230
1.0
  2
AR-CONC
 70
     0
 71
     0
 91
        1
 92
        0
 93
        9
 72
     1
 10
10.0
 20
-60.0
 11
10.0
 21
-0.0000000000000142
 72
     1
 10
10.0
 20
-0.0000000000000142
 11
94.0
 21
0.0
 72
     1
 10
94.0
 20
0.0
 11
94.0
 21
-89.0
 72
     2
 10
88.9981765953511
 20
-88.99817659535086
 40
5.001823737008139
 50
0.02088706011001
 51
89.97911293971258
 73
     0
 72
     1
 10
89.00000000001573
 20
-93.99999999999977
 11
0.0
 21
-94.0
 72
     1
 10
0.0
 20
-94.0
 11
0.0
 21
-80.0
 72
     1
 10
0.0
 20
-80.0
 11
10.0
 21
-80.0
 72
     1
 10
10.0
 20
-80.0
 11
10.0
 21
-60.0
 72
     1
 10
10.0
 20
-60.0
 11
9.999999999999986
 21
-60.0
 97
        0
 75
     0
 76
     0
 52
0.0
 41
1.0
 77
     0
 78
    13
 53
50.0
 43
0.0
 44
0.0
 45
-18.21840863805914
 46
1.593904228557914
 79
     2
 49
1.905
 49
-20.955
 53
355.0
 43
0.0
 44
0.0
 45
6.788408631823936
 46
18.20343651131206
 79
     2
 49
1.524
 49
-16.764
 53
100.4514
 43
1.518200672
 44
-0.132825236
 45
-14.69413829553615
 46
-17.51176436834822
 79
     2
 49
1.619000826
 49
-17.8090096448
 53
46.1842
 43
0.0
 44
5.08
 45
-27.10792263509137
 46
4.204182963957056
 79
     2
 49
2.8575
 49
-31.4325
 53
96.63560000000001
 43
2.258993323
 44
4.7296500022
 45
-23.74043272093706
 46
-24.74259392087122
 79
     2
 49
2.4285013152
 49
-26.7135102
 53
351.1842
 43
0.0
 44
5.08
 45
-15.13075074680646
 46
30.7711631574697
 79
     2
 49
2.286
 49
-25.146
 53
21.0
 43
2.54
 44
3.81
 45
4.424267621611428
 46
17.74476824321702
 79
     2
 49
1.905
 49
-20.955
 53
325.9999999999999
 43
2.54
 44
3.81
 45
14.76247711173591
 46
12.62999849958281
 79
     2
 49
1.524
 49
-16.764
 53
71.4514
 43
3.8034527182
 44
2.9577892076
 45
-21.34165476596985
 46
-8.19227461643279
 79
     2
 49
1.619000826
 49
-17.8090096448
 53
37.5
 43
0.0
 44
0.0
 45
-8.247328513447343
 46
1.890109277284904
 79
     6
 49
0.0254
 49
-16.5608
 49
0.0254
 49
-17.018
 49
0.0254
 49
-16.8275
 53
7.5
 43
0.0
 44
0.0
 45
-9.047147843487105
 46
7.947280326431587
 79
     6
 49
0.0254
 49
-9.7028
 49
0.0254
 49
-16.1798
 49
0.0254
 49
-6.4135
 53
327.5
 43
-5.6642
 44
0.0
 45
-6.249537054922904
 46
12.04659338483874
 79
     6
 49
0.0254
 49
-6.35
 49
0.0254
 49
-19.812
 49
0.0254
 49
-26.289
 53
317.5
 43
-8.2042
 44
0.0
 45
1.241959134131777
 46
14.97816902727575
 79
     6
 49
0.0254
 49
-8.255
 49
0.0254
 49
-13.1572
 49
0.0254
 49
-18.669
 98
        1
 10
86.4867634432508
 20
-40.02849377225595
1001
CAXA_DRAFT_HATCH_SCALE_ANGLE
1041
0.1
1041
0.0
  0
ENDBLK
  5
272
330
24F
100
AcDbEntity
  8
0
100
AcDbBlockEnd
  0
BLOCK
  5
25A
330
259
100
AcDbEntity
  8
0
100
AcDbBlockBegin
  2
*X27
 70
     1
 10
0.0
 20
0.0
 30
0.0
  3
*X27
  1

  0
LINE
  5
25C
330
259
100
AcDbEntity
  8
尺寸线层
  6
Continuous
 62
     3
100
AcDbLine
 10
-60.0
 20
129.0430843564241
 30
0.0
 11
60.0
 21
129.0430843564241
 31
0.0
  0
HATCH
  5
25D
330
259
100
AcDbEntity
  8
尺寸线层
  6
Continuous
 62
     3
100
AcDbHatch
 10
0.0
 20
0.0
 30
0.0
210
0.0
220
0.0
230
1.0
  2
SOLID
 70
     1
 71
     0
 91
        1
 92
        0
 93
        3
 72
     1
 10
-9.999999999999996
 20
129.0430843564241
 11
-35.0
 21
133.2097510230907
 72
     1
 10
-35.0
 20
133.2097510230907
 11
-35.0
 21
124.8764176897574
 72
     1
 10
-35.0
 20
124.8764176897574
 11
-9.999999999999996
 21
129.0430843564241
 97
        0
 75
     0
 76
     1
 98
        1
 10
0.0
 20
0.0
  0
HATCH
  5
25E
330
259
100
AcDbEntity
  8
尺寸线层
  6
Continuous
 62
     3
100
AcDbHatch
 10
0.0
 20
0.0
 30
0.0
210
0.0
220
0.0
230
1.0
  2
SOLID
 70
     1
 71
     0
 91
        1
 92
        0
 93
        3
 72
     1
 10
10.0
 20
129.0430843564241
 11
35.0
 21
133.2097510230907
 72
     1
 10
35.0
 20
133.2097510230907
 11
35.0
 21
124.8764176897574
 72
     1
 10
35.0
 20
124.8764176897574
 11
10.0
 21
129.0430843564241
 97
        0
 75
     0
 76
     1
 98
        1
 10
0.0
 20
0.0
  0
LINE
  5
25F
330
259
100
AcDbEntity
  8
尺寸线层
  6
Continuous
 62
     0
100
AcDbLine
 10
-10.0
 20
60.0
 30
0.0
 11
-9.999999999999996
 21
135.2930843564241
 31
0.0
  0
LINE
  5
260
330
259
100
AcDbEntity
  8
尺寸线层
  6
Continuous
 62
     0
100
AcDbLine
 10
10.0
 20
60.0
 30
0.0
 11
10.0
 21
135.2930843564241
 31
0.0
  0
MTEXT
  5
261
330
259
100
AcDbEntity
  8
尺寸线层
 62
     0
100
AcDbMText
 10
0.2519522673005703
 20
140.8203189932956
 30
0.0
 40
17.5
 41
44.97206703910614
 46
35.0
 71
     5
 72
     1
  1
20
 73
     1
 44
1.0
1001
CAXA_DRAFT_TXTSCALE
1041
1.0
  0
ENDBLK
  5
25B
330
259
100
AcDbEntity
  8
0
100
AcDbBlockEnd
  0
BLOCK
  5
264
330
263
100
AcDbEntity
  8
0
100
AcDbBlockBegin
  2
*X28
 70
     1
 10
0.0
 20
0.0
 30
0.0
  3
*X28
  1

  0
LINE
  5
266
330
263
100
AcDbEntity
  8
尺寸线层
  6
Continuous
 62
     3
100
AcDbLine
 10
-132.251828892933
 20
-79.99999999999999
 30
0.0
 11
-132.251828892933
 21
80.0
 31
0.0
  0
HATCH
  5
267
330
263
100
AcDbEntity
  8
尺寸线层
  6
Continuous
 62
     3
100
AcDbHatch
 10
0.0
 20
0.0
 30
0.0
210
0.0
220
0.0
230
1.0
  2
SOLID
 70
     1
 71
     0
 91
        1
 92
        0
 93
        3
 72
     1
 10
-132.251828892933
 20
-79.99999999999999
 11
-136.4184955595996
 21
-54.99999999999999
 72
     1
 10
-136.4184955595996
 20
-54.99999999999999
 11
-128.0851622262663
 21
-54.99999999999999
 72
     1
 10
-128.0851622262663
 20
-54.99999999999999
 11
-132.251828892933
 21
-79.99999999999999
 97
        0
 75
     0
 76
     1
 98
        1
 10
0.0
 20
0.0
  0
HATCH
  5
268
330
263
100
AcDbEntity
  8
尺寸线层
  6
Continuous
 62
     3
100
AcDbHatch
 10
0.0
 20
0.0
 30
0.0
210
0.0
220
0.0
230
1.0
  2
SOLID
 70
     1
 71
     0
 91
        1
 92
        0
 93
        3
 72
     1
 10
-132.251828892933
 20
80.0
 11
-136.4184955595996
 21
55.00000000000001
 72
     1
 10
-136.4184955595996
 20
55.00000000000001
 11
-128.0851622262663
 21
55.00000000000001
 72
     1
 10
-128.0851622262663
 20
55.00000000000001
 11
-132.251828892933
 21
80.0
 97
        0
 75
     0
 76
     1
 98
        1
 10
0.0
 20
0.0
  0
LINE
  5
269
330
263
100
AcDbEntity
  8
尺寸线层
  6
Continuous
 62
     0
100
AcDbLine
 10
-10.0
 20
-80.0
 30
0.0
 11
-138.501828892933
 21
-79.99999999999999
 31
0.0
  0
LINE
  5
26A
330
263
100
AcDbEntity
  8
尺寸线层
  6
Continuous
 62
     0
100
AcDbLine
 10
-10.0
 20
80.0
 30
0.0
 11
-138.501828892933
 21
80.0
 31
0.0
  0
MTEXT
  5
26B
330
263
100
AcDbEntity
  8
尺寸线层
 62
     0
100
AcDbMText
 10
-144.0779462113687
 20
-0.8926269978207557
 30
0.0
 40
17.5
 41
66.87150837988825
 46
35.0
 71
     5
 72
     1
  1
160
 11
6.123233995736766E-17
 21
1.0
 31
0.0
 73
     1
 44
1.0
1001
CAXA_DRAFT_TXTSCALE
1041
1.0
  0
ENDBLK
  5
265
330
263
100
AcDbEntity
  8
0
100
AcDbBlockEnd
  0
BLOCK
  5
28E
330
274
100
AcDbEntity
  8
0
100
AcDbBlockBegin
  2
连接板
 70
     0
 10
0.0
 20
0.0
 30
0.0
  3
连接板
  1

  0
LINE
  5
275
330
274
100
AcDbEntity
  8
粗实线层
100
AcDbLine
 10
0.0
 20
70.0
 30
0.0
 11
0.0
 21
0.0
 31
0.0
  0
LINE
  5
276
330
274
100
AcDbEntity
  8
粗实线层
100
AcDbLine
 10
300.0
 20
0.0
 30
0.0
 11
300.0
 21
70.0
 31
0.0
  0
LINE
  5
277
330
274
100
AcDbEntity
  8
粗实线层
100
AcDbLine
 10
300.0
 20
70.0
 30
0.0
 11
0.0
 21
70.0
 31
0.0
  0
LINE
  5
278
330
274
100
AcDbEntity
  8
粗实线层
100
AcDbLine
 10
300.0
 20
0.0
 30
0.0
 11
0.0
 21
0.0
 31
0.0
  0
MTEXT
  5
279
330
274
100
AcDbEntity
  8
尺寸线层
100
AcDbMText
 10
-33.999
 20
-53.21399999999999
 30
0.0
 40
45.0
 41
1089.45251396648
 46
119.6648044692737
 71
     1
 72
     1
  1
{\W0.7;\T1.1;连接板 H=20-16件}
 73
     1
 44
1.0
1001
CAXA_DRAFT_TXTSCALE
1041
1.0
  0
DIMENSION
  5
283
330
274
100
AcDbEntity
  8
尺寸线层
100
AcDbDimension
280
     0
  2
*X30
 10
300.0
 20
114.214
 30
0.0
 11
150.0
 21
126.089
 31
0.0
 70
    32
  1
<>
 71
     5
 42
-1.0
 73
     0
 74
     0
 75
     0
  3
CUSTOM_DIMSTYLE
100
AcDbAlignedDimension
 13
0.0
 23
70.0
 33
0.0
 14
300.0
 24
70.0
 34
0.0
100
AcDbRotatedDimension
1001
CX_DbAnnotate_TxtLocPara
1041
0.0
1001
CX_DbAnnotate_SimDimOriTxt
1070
     0
1001
CAXA_DRAFT_DIMARROWREVERSE
1070
     0
1001
ACAD
1000
DSTYLE
1002
{
1070
   173
1070
     1
1002
}
1001
CAXA_DRAFT_DIMARCLENSTYLE
1070
     1
1001
CAXA_DRAFT_DDTSTY_2011R3
1070
     0
1001
ACAD_DSTYLE_DIMINSPECT
1070
   396
1000

1070
   395
1000

1070
   394
1070
     0
1070
   393
1070
     0
1001
CX_DBDIM_TXTFRAME
1070
     0
1070
     0
1001
CDRAFT_DIM_STD_REV_NAME
1000
GB
1000
*DIMSTD
1000

  0
DIMENSION
  5
28D
330
274
100
AcDbEntity
  8
尺寸线层
100
AcDbDimension
280
     0
  2
*X31
 10
-37.439
 20
70.0
 30
0.0
 11
-49.2162346368715
 21
35.00000050000001
 31
0.0
 70
    32
  1
70
 71
     5
 42
-1.0
 73
     0
 74
     0
 75
     0
  3
CUSTOM_DIMSTYLE
100
AcDbAlignedDimension
 13
0.0
 23
0.0
 33
0.0
 14
0.0
 24
70.0
 34
0.0
 50
90.0
100
AcDbRotatedDimension
1001
CX_DbAnnotate_TxtLocPara
1041
0.0
1001
CX_DbAnnotate_SimDimOriTxt
1070
     0
1001
CAXA_DRAFT_DIMARROWREVERSE
1070
     0
1001
ACAD
1000
DSTYLE
1002
{
1070
   173
1070
     1
1002
}
1001
CAXA_DRAFT_DIMARCLENSTYLE
1070
     1
1001
CAXA_DRAFT_DDTSTY_2011R3
1070
     0
1001
ACAD_DSTYLE_DIMINSPECT
1070
   396
1000

1070
   395
1000

1070
   394
1070
     0
1070
   393
1070
     0
1001
CX_DBDIM_TXTFRAME
1070
     0
1070
     0
1001
CDRAFT_DIM_STD_REV_NAME
1000
GB
1000
*DIMSTD
1000

  0
ENDBLK
  5
28F
330
274
100
AcDbEntity
  8
0
100
AcDbBlockEnd
  0
BLOCK
  5
27B
330
27A
100
AcDbEntity
  8
0
100
AcDbBlockBegin
  2
*X30
 70
     1
 10
0.0
 20
0.0
 30
0.0
  3
*X30
  1

  0
LINE
  5
27D
330
27A
100
AcDbEntity
  8
尺寸线层
100
AcDbLine
 10
0.0
 20
70.0
 30
0.0
 11
0.0
 21
114.214
 31
0.0
  0
LINE
  5
27E
330
27A
100
AcDbEntity
  8
尺寸线层
100
AcDbLine
 10
300.0
 20
70.0
 30
0.0
 11
300.0
 21
114.214
 31
0.0
  0
INSERT
  5
27F
330
27A
100
AcDbEntity
  8
尺寸线层
 62
     3
100
AcDbBlockReference
  2
_CLOSEDFILLED
 10
0.0
 20
114.214
 30
0.0
 41
25.0
 42
25.0
 50
180.0
1001
CAXA_DRAFT_BLKHIDE
1070
     0
  0
INSERT
  5
280
330
27A
100
AcDbEntity
  8
尺寸线层
 62
     3
100
AcDbBlockReference
  2
_CLOSEDFILLED
 10
300.0
 20
114.214
 30
0.0
 41
25.0
 42
25.0
1001
CAXA_DRAFT_BLKHIDE
1070
     0
  0
LINE
  5
281
330
27A
100
AcDbEntity
  8
尺寸线层
 62
     3
370
     0
100
AcDbLine
 10
25.0
 20
114.214
 30
0.0
 11
275.0
 21
114.214
 31
0.0
  0
MTEXT
  5
282
330
27A
100
AcDbEntity
  8
尺寸线层
100
AcDbMText
 10
150.0
 20
126.089
 30
0.0
 40
17.5
 41
69.60893854748605
 46
34.60893854748605
 71
     5
 72
     1
  1
300
 73
     1
 44
1.0
1001
CAXA_DRAFT_TXTSCALE
1041
1.0
  0
ENDBLK
  5
27C
330
27A
100
AcDbEntity
  8
0
100
AcDbBlockEnd
  0
BLOCK
  5
285
330
284
100
AcDbEntity
  8
0
100
AcDbBlockBegin
  2
*X31
 70
     1
 10
0.0
 20
0.0
 30
0.0
  3
*X31
  1

  0
LINE
  5
287
330
284
100
AcDbEntity
  8
尺寸线层
  6
Continuous
 62
     3
100
AcDbLine
 10
-37.439
 20
0.0000000000000071
 30
0.0
 11
-37.439
 21
70.0
 31
0.0
  0
HATCH
  5
288
330
284
100
AcDbEntity
  8
尺寸线层
  6
Continuous
 62
     3
100
AcDbHatch
 10
0.0
 20
0.0
 30
0.0
210
0.0
220
0.0
230
1.0
  2
SOLID
 70
     1
 71
     0
 91
        1
 92
        0
 93
        3
 72
     1
 10
-37.439
 20
0.0000000000000071
 11
-41.60566666666666
 21
25.00000000000001
 72
     1
 10
-41.60566666666666
 20
25.00000000000001
 11
-33.27233333333334
 21
25.00000000000001
 72
     1
 10
-33.27233333333334
 20
25.00000000000001
 11
-37.439
 21
0.0000000000000071
 97
        0
 75
     0
 76
     1
 98
        1
 10
0.0
 20
0.0
  0
HATCH
  5
289
330
284
100
AcDbEntity
  8
尺寸线层
  6
Continuous
 62
     3
100
AcDbHatch
 10
0.0
 20
0.0
 30
0.0
210
0.0
220
0.0
230
1.0
  2
SOLID
 70
     1
 71
     0
 91
        1
 92
        0
 93
        3
 72
     1
 10
-37.439
 20
70.0
 11
-41.60566666666666
 21
45.00000000000001
 72
     1
 10
-41.60566666666666
 20
45.00000000000001
 11
-33.27233333333334
 21
45.00000000000001
 72
     1
 10
-33.27233333333334
 20
45.00000000000001
 11
-37.439
 21
70.0
 97
        0
 75
     0
 76
     1
 98
        1
 10
0.0
 20
0.0
  0
LINE
  5
28A
330
284
100
AcDbEntity
  8
尺寸线层
  6
Continuous
 62
     0
100
AcDbLine
 10
0.0
 20
0.0
 30
0.0
 11
-43.689
 21
0.0000000000000083
 31
0.0
  0
LINE
  5
28B
330
284
100
AcDbEntity
  8
尺寸线层
  6
Continuous
 62
     0
100
AcDbLine
 10
0.0
 20
70.0
 30
0.0
 11
-43.689
 21
70.0
 31
0.0
  0
MTEXT
  5
28C
330
284
100
AcDbEntity
  8
尺寸线层
 62
     0
100
AcDbMText
 10
-49.2162346368715
 20
35.00000050000001
 30
0.0
 40
17.5
 41
44.38547486033519
 46
35.0
 71
     5
 72
     1
  1
70
 11
6.123233995736766E-17
 21
1.0
 31
0.0
 73
     1
 44
1.0
1001
CAXA_DRAFT_TXTSCALE
1041
1.0
  0
ENDBLK
  5
286
330
284
100
AcDbEntity
  8
0
100
AcDbBlockEnd
  0
BLOCK
  5
2EE
330
291
100
AcDbEntity
  8
0
100
AcDbBlockBegin
  2
挡板
 70
     0
 10
0.0
 20
0.0
 30
0.0
  3
挡板
  1

  0
LWPOLYLINE
  5
292
330
291
100
AcDbEntity
  8
粗实线层
100
AcDbPolyline
 90
        8
 70
     1
 43
0.0
 10
-100.0
 20
110.0
 10
100.0
 20
110.0
 42
-0.414
 10
110.0
 20
100.0
 10
110.0
 20
-100.0
 42
-0.414
 10
100.0
 20
-110.0
 10
-100.0
 20
-110.0
 42
-0.414
 10
-110.0
 20
-100.0
 10
-110.0
 20
100.0
 42
-0.414
  0
LINE
  5
293
330
291
100
AcDbEntity
  8
中心线层
100
AcDbLine
 10
-132.5
 20
0.0
 30
0.0
 11
132.5
 21
0.0
 31
0.0
  0
LINE
  5
294
330
291
100
AcDbEntity
  8
中心线层
100
AcDbLine
 10
0.0
 20
132.25
 30
0.0
 11
0.0
 21
-132.25
 31
0.0
  0
DIMENSION
  5
29E
330
291
100
AcDbEntity
  8
尺寸线层
100
AcDbDimension
280
     0
  2
*X33
 10
170.427
 20
110.0
 30
0.0
 11
158.6497653631285
 21
0.0000004999999845
 31
0.0
 70
    32
  1
220
 71
     5
 42
-1.0
 73
     0
 74
     0
 75
     0
  3
CUSTOM_DIMSTYLE
100
AcDbAlignedDimension
 13
100.0
 23
-110.0
 33
0.0
 14
100.0
 24
110.0
 34
0.0
 50
90.0
100
AcDbRotatedDimension
1001
CX_DbAnnotate_TxtLocPara
1041
0.0
1001
CX_DbAnnotate_SimDimOriTxt
1070
     0
1001
CAXA_DRAFT_DIMARROWREVERSE
1070
     0
1001
ACAD
1000
DSTYLE
1002
{
1070
   173
1070
     1
1002
}
1001
CAXA_DRAFT_DIMARCLENSTYLE
1070
     1
1001
CAXA_DRAFT_DDTSTY_2011R3
1070
     0
1001
ACAD_DSTYLE_DIMINSPECT
1070
   396
1000

1070
   395
1000

1070
   394
1070
     0
1070
   393
1070
     0
1001
CX_DBDIM_TXTFRAME
1070
     0
1070
     0
1001
CDRAFT_DIM_STD_REV_NAME
1000
GB
1000
*DIMSTD
1000

  0
MTEXT
  5
29F
330
291
100
AcDbEntity
  8
尺寸线层
100
AcDbMText
 10
-104.964
 20
-169.375
 30
0.0
 40
45.0
 41
671.6312849162011
 46
119.1620111731844
 71
     1
 72
     1
  1
{\W0.7;\T1.1;挡板=6-8件}
 73
     1
 44
1.0
1001
CAXA_DRAFT_TXTSCALE
1041
1.0
  0
DIMENSION
  5
2A8
330
291
100
AcDbEntity
  8
尺寸线层
100
AcDbDimension
280
     0
  2
*X34
 10
105.0
 20
-105.0
 30
0.0
 11
180.3395851821165
 21
-139.4994583529615
 31
0.0
 70
   164
  1
<>
 71
     5
 42
-1.0
 73
     0
 74
     0
 75
     0
  3
CUSTOM_DIMSTYLE
100
AcDbRadialDimension
 15
113.1815975303528
 25
-110.7499097254936
 35
0.0
 40
0.0
1001
CAXA_DRAFT_ISNEB09R3
1070
     1
1001
CxDragRadDimLnStyle
1070
     1
1001
CAXA_DRAFT_DIMARROWREVERSE
1070
     0
1001
ACAD
1000
DSTYLE
1002
{
1070
     3
1000
R<>
1070
   173
1070
     1
1070
    74
1070
     1
1002
}
1001
CAXA_DRAFT_DIMARCLENSTYLE
1070
     1
1001
CAXA_DRAFT_DDTSTY_2011R3
1070
     0
1001
ACAD_DSTYLE_DIMINSPECT
1070
   396
1000

1070
   395
1000

1070
   394
1070
     0
1070
   393
1070
     0
1001
CX_DBDIM_TXTFRAME
1070
     0
1070
     0
1001
CDRAFT_DIM_STD_REV_NAME
1000
GB
1000
*DIMSTD
1000

  0
DIMENSION
  5
2B2
330
291
100
AcDbEntity
  8
尺寸线层
100
AcDbDimension
280
     0
  2
*X35
 10
110.0
 20
204.8697964942293
 30
0.0
 11
-0.2412960685196452
 21
216.6470311311008
 31
0.0
 70
   160
  1
220
 71
     5
 42
-1.0
 73
     0
 74
     0
 75
     0
  3
CUSTOM_DIMSTYLE
100
AcDbAlignedDimension
 13
-110.0
 23
100.0
 33
0.0
 14
110.0
 24
100.0
 34
0.0
100
AcDbRotatedDimension
1001
CX_DbAnnotate_TxtLocPara
1041
0.0
1001
CX_DbAnnotate_SimDimOriTxt
1070
     0
1001
CAXA_DRAFT_DIMARROWREVERSE
1070
     0
1001
ACAD
1000
DSTYLE
1002
{
1070
   173
1070
     1
1002
}
1001
CAXA_DRAFT_DIMARCLENSTYLE
1070
     1
1001
CAXA_DRAFT_DDTSTY_2011R3
1070
     0
1001
ACAD_DSTYLE_DIMINSPECT
1070
   396
1000

1070
   395
1000

1070
   394
1070
     0
1070
   393
1070
     0
1001
CX_DBDIM_TXTFRAME
1070
     0
1070
     0
1001
CDRAFT_DIM_STD_REV_NAME
1000
GB
1000
*DIMSTD
1000

  0
LINE
  5
2B3
330
291
100
AcDbEntity
  8
粗实线层
100
AcDbLine
 10
-12.5
 20
82.5
 30
0.0
 11
12.50000000000001
 21
82.5
 31
0.0
  0
LINE
  5
2B4
330
291
100
AcDbEntity
  8
粗实线层
100
AcDbLine
 10
-12.5
 20
-82.5
 30
0.0
 11
12.50000000000001
 21
-82.5
 31
0.0
  0
DIMENSION
  5
2BE
330
291
100
AcDbEntity
  8
尺寸线层
100
AcDbDimension
280
     0
  2
*X36
 10
82.50000000000003
 20
175.1955216606122
 30
0.0
 11
0.9000221943118021
 21
187.021638979048
 31
0.0
 70
   160
  1
165
 71
     5
 42
-1.0
 73
     0
 74
     0
 75
     0
  3
CUSTOM_DIMSTYLE
100
AcDbAlignedDimension
 13
-82.5
 23
12.5
 33
0.0
 14
82.5
 24
12.5
 34
0.0
100
AcDbRotatedDimension
1001
CX_DbAnnotate_TxtLocPara
1041
0.0
1001
CX_DbAnnotate_SimDimOriTxt
1070
     0
1001
CAXA_DRAFT_DIMARROWREVERSE
1070
     0
1001
ACAD
1000
DSTYLE
1002
{
1070
   173
1070
     1
1002
}
1001
CAXA_DRAFT_DIMARCLENSTYLE
1070
     1
1001
CAXA_DRAFT_DDTSTY_2011R3
1070
     0
1001
ACAD_DSTYLE_DIMINSPECT
1070
   396
1000

1070
   395
1000

1070
   394
1070
     0
1070
   393
1070
     0
1001
CX_DBDIM_TXTFRAME
1070
     0
1070
     0
1001
CDRAFT_DIM_STD_REV_NAME
1000
GB
1000
*DIMSTD
1000

  0
DIMENSION
  5
2C8
330
291
100
AcDbEntity
  8
尺寸线层
100
AcDbDimension
280
     0
  2
*X37
 10
12.50000000000001
 20
144.9505876955794
 30
0.0
 11
-1.382614331351068
 21
156.7278223324509
 31
0.0
 70
   160
  1
25
 71
     5
 42
-1.0
 73
     0
 74
     0
 75
     0
  3
CUSTOM_DIMSTYLE
100
AcDbAlignedDimension
 13
-12.5
 23
35.0
 33
0.0
 14
12.5
 24
34.398
 34
0.0
100
AcDbRotatedDimension
1001
CX_DbAnnotate_TxtLocPara
1041
0.0
1001
CX_DbAnnotate_SimDimOriTxt
1070
     0
1001
CAXA_DRAFT_DIMARROWREVERSE
1070
     0
1001
ACAD
1000
DSTYLE
1002
{
1070
   173
1070
     1
1002
}
1001
CAXA_DRAFT_DIMARCLENSTYLE
1070
     1
1001
CAXA_DRAFT_DDTSTY_2011R3
1070
     0
1001
ACAD_DSTYLE_DIMINSPECT
1070
   396
1000

1070
   395
1000

1070
   394
1070
     0
1070
   393
1070
     0
1001
CX_DBDIM_TXTFRAME
1070
     0
1070
     0
1001
CDRAFT_DIM_STD_REV_NAME
1000
GB
1000
*DIMSTD
1000

  0
LINE
  5
2C9
330
291
100
AcDbEntity
  8
粗实线层
100
AcDbLine
 10
-82.5
 20
12.5
 30
0.0
 11
-82.5
 21
-12.5
 31
0.0
  0
LINE
  5
2CA
330
291
100
AcDbEntity
  8
粗实线层
100
AcDbLine
 10
82.586
 20
12.5
 30
0.0
 11
82.586
 21
-12.5
 31
0.0
  0
DIMENSION
  5
2D4
330
291
100
AcDbEntity
  8
尺寸线层
100
AcDbDimension
280
     0
  2
*X38
 10
-141.0860000000001
 20
12.50000000000001
 30
0.0
 11
-152.8632346368716
 21
0.0000005000000076
 31
0.0
 70
    32
  1
25
 71
     5
 42
-1.0
 73
     0
 74
     0
 75
     0
  3
CUSTOM_DIMSTYLE
100
AcDbAlignedDimension
 13
-82.5
 23
-12.5
 33
0.0
 14
-82.5
 24
12.5
 34
0.0
 50
90.0
100
AcDbRotatedDimension
1001
CX_DbAnnotate_TxtLocPara
1041
0.0
1001
CX_DbAnnotate_SimDimOriTxt
1070
     0
1001
CAXA_DRAFT_DIMARROWREVERSE
1070
     0
1001
ACAD
1000
DSTYLE
1002
{
1070
   173
1070
     1
1002
}
1001
CAXA_DRAFT_DIMARCLENSTYLE
1070
     1
1001
CAXA_DRAFT_DDTSTY_2011R3
1070
     0
1001
ACAD_DSTYLE_DIMINSPECT
1070
   396
1000

1070
   395
1000

1070
   394
1070
     0
1070
   393
1070
     0
1001
CX_DBDIM_TXTFRAME
1070
     0
1070
     0
1001
CDRAFT_DIM_STD_REV_NAME
1000
GB
1000
*DIMSTD
1000

  0
DIMENSION
  5
2DE
330
291
100
AcDbEntity
  8
尺寸线层
100
AcDbDimension
280
     0
  2
*X39
 10
-182.2815589901321
 20
82.50000000000004
 30
0.0
 11
-194.1076763085678
 21
1.144486578819709
 31
0.0
 70
   160
  1
165
 71
     5
 42
-1.0
 73
     0
 74
     0
 75
     0
  3
CUSTOM_DIMSTYLE
100
AcDbAlignedDimension
 13
-12.5
 23
-82.5
 33
0.0
 14
-12.5
 24
82.5
 34
0.0
 50
90.0
100
AcDbRotatedDimension
1001
CX_DbAnnotate_TxtLocPara
1041
0.0
1001
CX_DbAnnotate_SimDimOriTxt
1070
     0
1001
CAXA_DRAFT_DIMARROWREVERSE
1070
     0
1001
ACAD
1000
DSTYLE
1002
{
1070
   173
1070
     1
1002
}
1001
CAXA_DRAFT_DIMARCLENSTYLE
1070
     1
1001
CAXA_DRAFT_DDTSTY_2011R3
1070
     0
1001
ACAD_DSTYLE_DIMINSPECT
1070
   396
1000

1070
   395
1000

1070
   394
1070
     0
1070
   393
1070
     0
1001
CX_DBDIM_TXTFRAME
1070
     0
1070
     0
1001
CDRAFT_DIM_STD_REV_NAME
1000
GB
1000
*DIMSTD
1000

  0
LINE
  5
2DF
330
291
100
AcDbEntity
  8
粗实线层
100
AcDbLine
 10
12.5
 20
28.5
 30
0.0
 11
28.50000000000001
 21
12.5
 31
0.0
  0
LINE
  5
2E0
330
291
100
AcDbEntity
  8
粗实线层
100
AcDbLine
 10
12.50000000000001
 20
82.5
 30
0.0
 11
12.5
 21
28.5
 31
0.0
  0
LINE
  5
2E1
330
291
100
AcDbEntity
  8
粗实线层
100
AcDbLine
 10
28.50000000000001
 20
12.5
 30
0.0
 11
82.586
 21
12.5
 31
0.0
  0
LINE
  5
2E2
330
291
100
AcDbEntity
  8
粗实线层
100
AcDbLine
 10
-28.5
 20
12.5
 30
0.0
 11
-12.5
 21
28.5
 31
0.0
  0
LINE
  5
2E3
330
291
100
AcDbEntity
  8
粗实线层
100
AcDbLine
 10
-28.5
 20
12.5
 30
0.0
 11
-82.5
 21
12.5
 31
0.0
  0
LINE
  5
2E4
330
291
100
AcDbEntity
  8
粗实线层
100
AcDbLine
 10
-12.5
 20
82.5
 30
0.0
 11
-12.5
 21
28.5
 31
0.0
  0
LINE
  5
2E5
330
291
100
AcDbEntity
  8
粗实线层
100
AcDbLine
 10
-28.5
 20
-12.5
 30
0.0
 11
-12.5
 21
-28.5
 31
0.0
  0
LINE
  5
2E6
330
291
100
AcDbEntity
  8
粗实线层
100
AcDbLine
 10
-28.5
 20
-12.5
 30
0.0
 11
-82.5
 21
-12.5
 31
0.0
  0
LINE
  5
2E7
330
291
100
AcDbEntity
  8
粗实线层
100
AcDbLine
 10
-12.5
 20
-28.5
 30
0.0
 11
-12.5
 21
-82.5
 31
0.0
  0
LINE
  5
2E8
330
291
100
AcDbEntity
  8
粗实线层
100
AcDbLine
 10
28.5
 20
-12.5
 30
0.0
 11
12.5
 21
-28.5
 31
0.0
  0
LINE
  5
2E9
330
291
100
AcDbEntity
  8
粗实线层
100
AcDbLine
 10
28.5
 20
-12.5
 30
0.0
 11
82.586
 21
-12.5
 31
0.0
  0
LINE
  5
2EA
330
291
100
AcDbEntity
  8
粗实线层
100
AcDbLine
 10
12.5
 20
-28.5
 30
0.0
 11
12.50000000000001
 21
-82.5
 31
0.0
  0
LINE
  5
2EB
330
291
100
AcDbEntity
  8
尺寸线层
100
AcDbLine
 10
22.62152663640339
 20
-19.04414753770743
 30
0.0
 11
57.58890248280564
 21
-48.61441706372202
 31
0.0
  0
MTEXT
  5
2EC
330
291
100
AcDbEntity
  8
尺寸线层
100
AcDbMText
 10
56.90942705847931
 20
-25.86108464638696
 30
0.0
 40
20.0
 41
68.42011173184359
 46
53.69832402234637
 71
     1
 72
     1
  1
{\T1.1;C16}
 73
     1
 44
1.0
1001
CAXA_DRAFT_TXTSCALE
1041
1.0
  0
LINE
  5
2ED
330
291
100
AcDbEntity
  8
尺寸线层
100
AcDbLine
 10
57.58890248280564
 20
-48.61441706372202
 30
0.0
 11
103.0768974969083
 21
-48.61441706372202
 31
0.0
  0
ENDBLK
  5
2EF
330
291
100
AcDbEntity
  8
0
100
AcDbBlockEnd
  0
BLOCK
  5
296
330
295
100
AcDbEntity
  8
0
100
AcDbBlockBegin
  2
*X33
 70
     1
 10
0.0
 20
0.0
 30
0.0
  3
*X33
  1

  0
LINE
  5
298
330
295
100
AcDbEntity
  8
尺寸线层
  6
Continuous
 62
     3
100
AcDbLine
 10
170.427
 20
-110.0
 30
0.0
 11
170.427
 21
110.0
 31
0.0
  0
HATCH
  5
299
330
295
100
AcDbEntity
  8
尺寸线层
  6
Continuous
 62
     3
100
AcDbHatch
 10
0.0
 20
0.0
 30
0.0
210
0.0
220
0.0
230
1.0
  2
SOLID
 70
     1
 71
     0
 91
        1
 92
        0
 93
        3
 72
     1
 10
170.427
 20
-110.0
 11
166.2603333333333
 21
-85.00000000000001
 72
     1
 10
166.2603333333333
 20
-85.00000000000001
 11
174.5936666666666
 21
-85.00000000000001
 72
     1
 10
174.5936666666666
 20
-85.00000000000001
 11
170.427
 21
-110.0
 97
        0
 75
     0
 76
     1
 98
        1
 10
0.0
 20
0.0
  0
HATCH
  5
29A
330
295
100
AcDbEntity
  8
尺寸线层
  6
Continuous
 62
     3
100
AcDbHatch
 10
0.0
 20
0.0
 30
0.0
210
0.0
220
0.0
230
1.0
  2
SOLID
 70
     1
 71
     0
 91
        1
 92
        0
 93
        3
 72
     1
 10
170.427
 20
110.0
 11
166.2603333333333
 21
84.99999999999999
 72
     1
 10
166.2603333333333
 20
84.99999999999999
 11
174.5936666666666
 21
84.99999999999999
 72
     1
 10
174.5936666666666
 20
84.99999999999999
 11
170.427
 21
110.0
 97
        0
 75
     0
 76
     1
 98
        1
 10
0.0
 20
0.0
  0
LINE
  5
29B
330
295
100
AcDbEntity
  8
尺寸线层
  6
Continuous
 62
     0
100
AcDbLine
 10
100.0
 20
-110.0
 30
0.0
 11
176.677
 21
-110.0
 31
0.0
  0
LINE
  5
29C
330
295
100
AcDbEntity
  8
尺寸线层
  6
Continuous
 62
     0
100
AcDbLine
 10
100.0
 20
110.0
 30
0.0
 11
176.677
 21
110.0
 31
0.0
  0
MTEXT
  5
29D
330
295
100
AcDbEntity
  8
尺寸线层
 62
     0
100
AcDbMText
 10
158.6497653631285
 20
0.0000004999999845
 30
0.0
 40
17.5
 41
69.99999999999999
 46
35.0
 71
     5
 72
     1
  1
220
 11
6.123233995736766E-17
 21
1.0
 31
0.0
 73
     1
 44
1.0
1001
CAXA_DRAFT_TXTSCALE
1041
1.0
  0
ENDBLK
  5
297
330
295
100
AcDbEntity
  8
0
100
AcDbBlockEnd
  0
BLOCK
  5
2A1
330
2A0
100
AcDbEntity
  8
0
100
AcDbBlockBegin
  2
*X34
 70
     1
 10
0.0
 20
0.0
 30
0.0
  3
*X34
  1

  0
INSERT
  5
2A3
330
2A0
100
AcDbEntity
  8
尺寸线层
 62
     3
100
AcDbBlockReference
  2
_CLOSEDFILLED
 10
113.1815975303528
 20
-110.7499097254936
 30
0.0
 41
25.0
 42
25.0
 50
144.901
1001
CAXA_DRAFT_BLKHIDE
1070
     0
  0
LINE
  5
2A4
330
2A0
100
AcDbEntity
  8
尺寸线层
 62
     3
370
     0
100
AcDbLine
 10
105.0
 20
-105.0
 30
0.0
 11
113.1815975303528
 21
-110.7499097254936
 31
0.0
  0
LINE
  5
2A5
330
2A0
100
AcDbEntity
  8
尺寸线层
 62
     3
370
     0
100
AcDbLine
 10
133.6355913562347
 20
-125.1246840392275
 30
0.0
 11
154.0895851821165
 21
-139.4994583529615
 31
0.0
  0
LINE
  5
2A6
330
2A0
100
AcDbEntity
  8
尺寸线层
 62
     3
370
     0
100
AcDbLine
 10
154.0895851821165
 20
-139.4994583529615
 30
0.0
 11
206.5895851821165
 21
-139.4994583529615
 31
0.0
  0
MTEXT
  5
2A7
330
2A0
100
AcDbEntity
  8
尺寸线层
100
AcDbMText
 10
180.3395851821165
 20
-127.6244583529615
 30
0.0
 40
17.5
 41
70.97765363128491
 46
34.80446927374302
 71
     5
 72
     1
  1
R10
 73
     1
 44
1.0
1001
CAXA_DRAFT_TXTSCALE
1041
1.0
  0
ENDBLK
  5
2A2
330
2A0
100
AcDbEntity
  8
0
100
AcDbBlockEnd
  0
BLOCK
  5
2AA
330
2A9
100
AcDbEntity
  8
0
100
AcDbBlockBegin
  2
*X35
 70
     1
 10
0.0
 20
0.0
 30
0.0
  3
*X35
  1

  0
LINE
  5
2AC
330
2A9
100
AcDbEntity
  8
尺寸线层
  6
Continuous
 62
     3
100
AcDbLine
 10
-110.0
 20
204.8697964942293
 30
0.0
 11
110.0
 21
204.8697964942293
 31
0.0
  0
HATCH
  5
2AD
330
2A9
100
AcDbEntity
  8
尺寸线层
  6
Continuous
 62
     3
100
AcDbHatch
 10
0.0
 20
0.0
 30
0.0
210
0.0
220
0.0
230
1.0
  2
SOLID
 70
     1
 71
     0
 91
        1
 92
        0
 93
        3
 72
     1
 10
-110.0
 20
204.8697964942293
 11
-84.99999999999999
 21
209.0364631608959
 72
     1
 10
-84.99999999999999
 20
209.0364631608959
 11
-84.99999999999999
 21
200.7031298275626
 72
     1
 10
-84.99999999999999
 20
200.7031298275626
 11
-110.0
 21
204.8697964942293
 97
        0
 75
     0
 76
     1
 98
        1
 10
0.0
 20
0.0
  0
HATCH
  5
2AE
330
2A9
100
AcDbEntity
  8
尺寸线层
  6
Continuous
 62
     3
100
AcDbHatch
 10
0.0
 20
0.0
 30
0.0
210
0.0
220
0.0
230
1.0
  2
SOLID
 70
     1
 71
     0
 91
        1
 92
        0
 93
        3
 72
     1
 10
110.0
 20
204.8697964942293
 11
85.00000000000001
 21
209.0364631608959
 72
     1
 10
85.00000000000001
 20
209.0364631608959
 11
85.00000000000001
 21
200.7031298275626
 72
     1
 10
85.00000000000001
 20
200.7031298275626
 11
110.0
 21
204.8697964942293
 97
        0
 75
     0
 76
     1
 98
        1
 10
0.0
 20
0.0
  0
LINE
  5
2AF
330
2A9
100
AcDbEntity
  8
尺寸线层
  6
Continuous
 62
     0
100
AcDbLine
 10
-110.0
 20
100.0
 30
0.0
 11
-110.0
 21
211.1197964942293
 31
0.0
  0
LINE
  5
2B0
330
2A9
100
AcDbEntity
  8
尺寸线层
  6
Continuous
 62
     0
100
AcDbLine
 10
110.0
 20
100.0
 30
0.0
 11
110.0
 21
211.1197964942293
 31
0.0
  0
MTEXT
  5
2B1
330
2A9
100
AcDbEntity
  8
尺寸线层
 62
     0
100
AcDbMText
 10
-0.2412960685196452
 20
216.6470311311008
 30
0.0
 40
17.5
 41
69.99999999999999
 46
35.0
 71
     5
 72
     1
  1
220
 73
     1
 44
1.0
1001
CAXA_DRAFT_TXTSCALE
1041
1.0
  0
ENDBLK
  5
2AB
330
2A9
100
AcDbEntity
  8
0
100
AcDbBlockEnd
  0
BLOCK
  5
2B6
330
2B5
100
AcDbEntity
  8
0
100
AcDbBlockBegin
  2
*X36
 70
     1
 10
0.0
 20
0.0
 30
0.0
  3
*X36
  1

  0
LINE
  5
2B8
330
2B5
100
AcDbEntity
  8
尺寸线层
  6
Continuous
 62
     3
100
AcDbLine
 10
-82.49999999999999
 20
175.1955216606122
 30
0.0
 11
82.50000000000003
 21
175.1955216606122
 31
0.0
  0
HATCH
  5
2B9
330
2B5
100
AcDbEntity
  8
尺寸线层
  6
Continuous
 62
     3
100
AcDbHatch
 10
0.0
 20
0.0
 30
0.0
210
0.0
220
0.0
230
1.0
  2
SOLID
 70
     1
 71
     0
 91
        1
 92
        0
 93
        3
 72
     1
 10
-82.49999999999999
 20
175.1955216606122
 11
-57.49999999999999
 21
179.3621883272789
 72
     1
 10
-57.49999999999999
 20
179.3621883272789
 11
-57.49999999999999
 21
171.0288549939455
 72
     1
 10
-57.49999999999999
 20
171.0288549939455
 11
-82.49999999999999
 21
175.1955216606122
 97
        0
 75
     0
 76
     1
 98
        1
 10
0.0
 20
0.0
  0
HATCH
  5
2BA
330
2B5
100
AcDbEntity
  8
尺寸线层
  6
Continuous
 62
     3
100
AcDbHatch
 10
0.0
 20
0.0
 30
0.0
210
0.0
220
0.0
230
1.0
  2
SOLID
 70
     1
 71
     0
 91
        1
 92
        0
 93
        3
 72
     1
 10
82.50000000000003
 20
175.1955216606122
 11
57.50000000000001
 21
179.3621883272789
 72
     1
 10
57.50000000000001
 20
179.3621883272789
 11
57.50000000000001
 21
171.0288549939455
 72
     1
 10
57.50000000000001
 20
171.0288549939455
 11
82.50000000000003
 21
175.1955216606122
 97
        0
 75
     0
 76
     1
 98
        1
 10
0.0
 20
0.0
  0
LINE
  5
2BB
330
2B5
100
AcDbEntity
  8
尺寸线层
  6
Continuous
 62
     0
100
AcDbLine
 10
-82.5
 20
12.5
 30
0.0
 11
-82.49999999999999
 21
181.4455216606122
 31
0.0
  0
LINE
  5
2BC
330
2B5
100
AcDbEntity
  8
尺寸线层
  6
Continuous
 62
     0
100
AcDbLine
 10
82.5
 20
12.5
 30
0.0
 11
82.50000000000003
 21
181.4455216606122
 31
0.0
  0
MTEXT
  5
2BD
330
2B5
100
AcDbEntity
  8
尺寸线层
 62
     0
100
AcDbMText
 10
0.9000221943118021
 20
187.021638979048
 30
0.0
 40
17.5
 41
66.28491620111731
 46
35.0
 71
     5
 72
     1
  1
165
 73
     1
 44
1.0
1001
CAXA_DRAFT_TXTSCALE
1041
1.0
  0
ENDBLK
  5
2B7
330
2B5
100
AcDbEntity
  8
0
100
AcDbBlockEnd
  0
BLOCK
  5
2C0
330
2BF
100
AcDbEntity
  8
0
100
AcDbBlockBegin
  2
*X37
 70
     1
 10
0.0
 20
0.0
 30
0.0
  3
*X37
  1

  0
LINE
  5
2C2
330
2BF
100
AcDbEntity
  8
尺寸线层
  6
Continuous
 62
     3
100
AcDbLine
 10
-62.49999999999999
 20
144.9505876955794
 30
0.0
 11
62.50000000000001
 21
144.9505876955794
 31
0.0
  0
HATCH
  5
2C3
330
2BF
100
AcDbEntity
  8
尺寸线层
  6
Continuous
 62
     3
100
AcDbHatch
 10
0.0
 20
0.0
 30
0.0
210
0.0
220
0.0
230
1.0
  2
SOLID
 70
     1
 71
     0
 91
        1
 92
        0
 93
        3
 72
     1
 10
-12.49999999999999
 20
144.9505876955794
 11
-37.49999999999999
 21
149.1172543622461
 72
     1
 10
-37.49999999999999
 20
149.1172543622461
 11
-37.49999999999999
 21
140.7839210289127
 72
     1
 10
-37.49999999999999
 20
140.7839210289127
 11
-12.49999999999999
 21
144.9505876955794
 97
        0
 75
     0
 76
     1
 98
        1
 10
0.0
 20
0.0
  0
HATCH
  5
2C4
330
2BF
100
AcDbEntity
  8
尺寸线层
  6
Continuous
 62
     3
100
AcDbHatch
 10
0.0
 20
0.0
 30
0.0
210
0.0
220
0.0
230
1.0
  2
SOLID
 70
     1
 71
     0
 91
        1
 92
        0
 93
        3
 72
     1
 10
12.50000000000001
 20
144.9505876955794
 11
37.50000000000001
 21
149.1172543622461
 72
     1
 10
37.50000000000001
 20
149.1172543622461
 11
37.50000000000001
 21
140.7839210289127
 72
     1
 10
37.50000000000001
 20
140.7839210289127
 11
12.50000000000001
 21
144.9505876955794
 97
        0
 75
     0
 76
     1
 98
        1
 10
0.0
 20
0.0
  0
LINE
  5
2C5
330
2BF
100
AcDbEntity
  8
尺寸线层
  6
Continuous
 62
     0
100
AcDbLine
 10
-12.5
 20
35.0
 30
0.0
 11
-12.49999999999999
 21
151.2005876955794
 31
0.0
  0
LINE
  5
2C6
330
2BF
100
AcDbEntity
  8
尺寸线层
  6
Continuous
 62
     0
100
AcDbLine
 10
12.5
 20
34.398
 30
0.0
 11
12.50000000000001
 21
151.2005876955794
 31
0.0
  0
MTEXT
  5
2C7
330
2BF
100
AcDbEntity
  8
尺寸线层
 62
     0
100
AcDbMText
 10
-1.382614331351068
 20
156.7278223324509
 30
0.0
 40
17.5
 41
44.38547486033519
 46
35.0
 71
     5
 72
     1
  1
25
 73
     1
 44
1.0
1001
CAXA_DRAFT_TXTSCALE
1041
1.0
  0
ENDBLK
  5
2C1
330
2BF
100
AcDbEntity
  8
0
100
AcDbBlockEnd
  0
BLOCK
  5
2CC
330
2CB
100
AcDbEntity
  8
0
100
AcDbBlockBegin
  2
*X38
 70
     1
 10
0.0
 20
0.0
 30
0.0
  3
*X38
  1

  0
LINE
  5
2CE
330
2CB
100
AcDbEntity
  8
尺寸线层
  6
Continuous
 62
     3
100
AcDbLine
 10
-141.0860000000001
 20
-62.49999999999999
 30
0.0
 11
-141.0860000000001
 21
62.50000000000001
 31
0.0
  0
HATCH
  5
2CF
330
2CB
100
AcDbEntity
  8
尺寸线层
  6
Continuous
 62
     3
100
AcDbHatch
 10
0.0
 20
0.0
 30
0.0
210
0.0
220
0.0
230
1.0
  2
SOLID
 70
     1
 71
     0
 91
        1
 92
        0
 93
        3
 72
     1
 10
-141.0860000000001
 20
-12.49999999999999
 11
-145.2526666666667
 21
-37.49999999999999
 72
     1
 10
-145.2526666666667
 20
-37.49999999999999
 11
-136.9193333333334
 21
-37.49999999999999
 72
     1
 10
-136.9193333333334
 20
-37.49999999999999
 11
-141.0860000000001
 21
-12.49999999999999
 97
        0
 75
     0
 76
     1
 98
        1
 10
0.0
 20
0.0
  0
HATCH
  5
2D0
330
2CB
100
AcDbEntity
  8
尺寸线层
  6
Continuous
 62
     3
100
AcDbHatch
 10
0.0
 20
0.0
 30
0.0
210
0.0
220
0.0
230
1.0
  2
SOLID
 70
     1
 71
     0
 91
        1
 92
        0
 93
        3
 72
     1
 10
-141.0860000000001
 20
12.50000000000001
 11
-145.2526666666667
 21
37.50000000000001
 72
     1
 10
-145.2526666666667
 20
37.50000000000001
 11
-136.9193333333334
 21
37.50000000000001
 72
     1
 10
-136.9193333333334
 20
37.50000000000001
 11
-141.0860000000001
 21
12.50000000000001
 97
        0
 75
     0
 76
     1
 98
        1
 10
0.0
 20
0.0
  0
LINE
  5
2D1
330
2CB
100
AcDbEntity
  8
尺寸线层
  6
Continuous
 62
     0
100
AcDbLine
 10
-82.5
 20
-12.5
 30
0.0
 11
-147.3360000000001
 21
-12.49999999999999
 31
0.0
  0
LINE
  5
2D2
330
2CB
100
AcDbEntity
  8
尺寸线层
  6
Continuous
 62
     0
100
AcDbLine
 10
-82.5
 20
12.5
 30
0.0
 11
-147.3360000000001
 21
12.50000000000001
 31
0.0
  0
MTEXT
  5
2D3
330
2CB
100
AcDbEntity
  8
尺寸线层
 62
     0
100
AcDbMText
 10
-152.8632346368716
 20
0.0000005000000076
 30
0.0
 40
17.5
 41
44.38547486033519
 46
35.0
 71
     5
 72
     1
  1
25
 11
6.123233995736766E-17
 21
1.0
 31
0.0
 73
     1
 44
1.0
1001
CAXA_DRAFT_TXTSCALE
1041
1.0
  0
ENDBLK
  5
2CD
330
2CB
100
AcDbEntity
  8
0
100
AcDbBlockEnd
  0
BLOCK
  5
2D6
330
2D5
100
AcDbEntity
  8
0
100
AcDbBlockBegin
  2
*X39
 70
     1
 10
0.0
 20
0.0
 30
0.0
  3
*X39
  1

  0
LINE
  5
2D8
330
2D5
100
AcDbEntity
  8
尺寸线层
  6
Continuous
 62
     3
100
AcDbLine
 10
-182.2815589901321
 20
-82.49999999999997
 30
0.0
 11
-182.2815589901321
 21
82.50000000000003
 31
0.0
  0
HATCH
  5
2D9
330
2D5
100
AcDbEntity
  8
尺寸线层
  6
Continuous
 62
     3
100
AcDbHatch
 10
0.0
 20
0.0
 30
0.0
210
0.0
220
0.0
230
1.0
  2
SOLID
 70
     1
 71
     0
 91
        1
 92
        0
 93
        3
 72
     1
 10
-182.2815589901321
 20
-82.49999999999997
 11
-186.4482256567987
 21
-57.49999999999997
 72
     1
 10
-186.4482256567987
 20
-57.49999999999997
 11
-178.1148923234654
 21
-57.49999999999997
 72
     1
 10
-178.1148923234654
 20
-57.49999999999997
 11
-182.2815589901321
 21
-82.49999999999997
 97
        0
 75
     0
 76
     1
 98
        1
 10
0.0
 20
0.0
  0
HATCH
  5
2DA
330
2D5
100
AcDbEntity
  8
尺寸线层
  6
Continuous
 62
     3
100
AcDbHatch
 10
0.0
 20
0.0
 30
0.0
210
0.0
220
0.0
230
1.0
  2
SOLID
 70
     1
 71
     0
 91
        1
 92
        0
 93
        3
 72
     1
 10
-182.2815589901321
 20
82.50000000000003
 11
-186.4482256567987
 21
57.50000000000003
 72
     1
 10
-186.4482256567987
 20
57.50000000000003
 11
-178.1148923234654
 21
57.50000000000003
 72
     1
 10
-178.1148923234654
 20
57.50000000000003
 11
-182.2815589901321
 21
82.50000000000003
 97
        0
 75
     0
 76
     1
 98
        1
 10
0.0
 20
0.0
  0
LINE
  5
2DB
330
2D5
100
AcDbEntity
  8
尺寸线层
  6
Continuous
 62
     0
100
AcDbLine
 10
-12.5
 20
-82.5
 30
0.0
 11
-188.5315589901321
 21
-82.49999999999997
 31
0.0
  0
LINE
  5
2DC
330
2D5
100
AcDbEntity
  8
尺寸线层
  6
Continuous
 62
     0
100
AcDbLine
 10
-12.5
 20
82.5
 30
0.0
 11
-188.5315589901321
 21
82.50000000000003
 31
0.0
  0
MTEXT
  5
2DD
330
2D5
100
AcDbEntity
  8
尺寸线层
 62
     0
100
AcDbMText
 10
-194.1076763085678
 20
1.144486578819709
 30
0.0
 40
17.5
 41
66.28491620111731
 46
35.0
 71
     5
 72
     1
  1
165
 11
6.123233995736766E-17
 21
1.0
 31
0.0
 73
     1
 44
1.0
1001
CAXA_DRAFT_TXTSCALE
1041
1.0
  0
ENDBLK
  5
2D7
330
2D5
100
AcDbEntity
  8
0
100
AcDbBlockEnd
  0
BLOCK
  5
323
330
2F1
100
AcDbEntity
  8
0
100
AcDbBlockBegin
  2
标题
 70
     0
 10
0.0
 20
0.0
 30
0.0
  3
标题
  1

  0
LINE
  5
2F2
330
2F1
100
AcDbEntity
  8
粗实线层
100
AcDbLine
 10
-1620.0
 20
0.0
 30
0.0
 11
0.0
 21
0.0
 31
0.0
  0
LINE
  5
2F3
330
2F1
100
AcDbEntity
  8
粗实线层
100
AcDbLine
 10
0.0
 20
0.0
 30
0.0
 11
0.0
 21
405.0
 31
0.0
  0
LINE
  5
2F4
330
2F1
100
AcDbEntity
  8
粗实线层
100
AcDbLine
 10
-1620.0
 20
405.0
 30
0.0
 11
-1620.0
 21
0.0
 31
0.0
  0
LINE
  5
2F5
330
2F1
100
AcDbEntity
  8
粗实线层
100
AcDbLine
 10
-1080.0
 20
405.0
 30
0.0
 11
-1080.0
 21
0.0
 31
0.0
  0
LINE
  5
2F6
330
2F1
100
AcDbEntity
  8
粗实线层
100
AcDbLine
 10
-540.0
 20
405.0
 30
0.0
 11
-540.0
 21
0.0
 31
0.0
  0
LINE
  5
2F7
330
2F1
100
AcDbEntity
  8
细实线层
100
AcDbLine
 10
-1620.0
 20
225.0
 30
0.0
 11
-1080.0
 21
225.0
 31
0.0
  0
LINE
  5
2F8
330
2F1
100
AcDbEntity
  8
细实线层
100
AcDbLine
 10
-1620.0
 20
270.0
 30
0.0
 11
-1080.0
 21
270.0
 31
0.0
  0
LINE
  5
2F9
330
2F1
100
AcDbEntity
  8
细实线层
100
AcDbLine
 10
-1620.0
 20
315.0
 30
0.0
 11
-1080.0
 21
315.0
 31
0.0
  0
LINE
  5
2FA
330
2F1
100
AcDbEntity
  8
细实线层
100
AcDbLine
 10
-1620.0
 20
360.0
 30
0.0
 11
-1080.0
 21
360.0
 31
0.0
  0
LINE
  5
2FB
330
2F1
100
AcDbEntity
  8
细实线层
100
AcDbLine
 10
-1485.0
 20
405.0
 30
0.0
 11
-1485.0
 21
0.0
 31
0.0
  0
LINE
  5
2FC
330
2F1
100
AcDbEntity
  8
细实线层
100
AcDbLine
 10
-1215.0
 20
180.0
 30
0.0
 11
-1215.0
 21
0.0
 31
0.0
  0
LINE
  5
2FD
330
2F1
100
AcDbEntity
  8
粗实线层
100
AcDbLine
 10
-1350.0
 20
180.0
 30
0.0
 11
-1350.0
 21
0.0
 31
0.0
  0
LINE
  5
2FE
330
2F1
100
AcDbEntity
  8
细实线层
100
AcDbLine
 10
-1548.0
 20
405.0
 30
0.0
 11
-1548.0
 21
180.0
 31
0.0
  0
LINE
  5
2FF
330
2F1
100
AcDbEntity
  8
粗实线层
100
AcDbLine
 10
-1620.0
 20
180.0
 30
0.0
 11
-540.0
 21
180.0
 31
0.0
  0
LINE
  5
300
330
2F1
100
AcDbEntity
  8
细实线层
100
AcDbLine
 10
-1305.0
 20
405.0
 30
0.0
 11
-1305.0
 21
180.0
 31
0.0
  0
LINE
  5
301
330
2F1
100
AcDbEntity
  8
细实线层
100
AcDbLine
 10
-1170.0
 20
405.0
 30
0.0
 11
-1170.0
 21
180.0
 31
0.0
  0
MTEXT
  5
302
330
2F1
100
AcDbEntity
  8
尺寸线层
100
AcDbMText
 10
-1615.492
 20
216.278
 30
0.0
 40
22.5
 41
126.1508379888269
 46
59.32960893854749
 71
     1
 72
     1
  1
{\T1.1;标记}
 73
     1
 44
1.0
1001
CAXA_DRAFT_TXTSCALE
1041
1.0
  0
MTEXT
  5
303
330
2F1
100
AcDbEntity
  8
尺寸线层
100
AcDbMText
 10
-1547.008
 20
216.934
 30
0.0
 40
22.5
 41
125.3966480446929
 46
59.32960893854749
 71
     1
 72
     1
  1
{\T1.1;处数}
 73
     1
 44
1.0
1001
CAXA_DRAFT_TXTSCALE
1041
1.0
  0
MTEXT
  5
304
330
2F1
100
AcDbEntity
  8
尺寸线层
100
AcDbMText
 10
-1474.714
 20
218.902
 30
0.0
 40
22.5
 41
323.0949720670392
 46
59.32960893854749
 71
     1
 72
     1
  1
{\T1.1;更改文件名}
 73
     1
 44
1.0
1001
CAXA_DRAFT_TXTSCALE
1041
1.0
  0
MTEXT
  5
305
330
2F1
100
AcDbEntity
  8
尺寸线层
100
AcDbMText
 10
-1283.426
 20
219.886
 30
0.0
 40
22.5
 41
197.1955307262569
 46
59.5810055865922
 71
     1
 72
     1
  1
{\T1.1;签  字}
 73
     1
 44
1.0
1001
CAXA_DRAFT_TXTSCALE
1041
1.0
  0
MTEXT
  5
306
330
2F1
100
AcDbEntity
  8
尺寸线层
100
AcDbMText
 10
-1161.522
 20
217.809
 30
0.0
 40
22.5
 41
149.4804469273745
 46
58.32402234636874
 71
     1
 72
     1
  1
{\T1.1;日 期}
 73
     1
 44
1.0
1001
CAXA_DRAFT_TXTSCALE
1041
1.0
  0
MTEXT
  5
307
330
2F1
100
AcDbEntity
  8
尺寸线层
100
AcDbMText
 10
-1600.066
 20
172.59
 30
0.0
 40
22.5
 41
196.441340782123
 46
57.31843575418998
 71
     1
 72
     1
  1
{\T1.1;设  计}
 73
     1
 44
1.0
1001
CAXA_DRAFT_TXTSCALE
1041
1.0
  0
MTEXT
  5
308
330
2F1
100
AcDbEntity
  8
尺寸线层
100
AcDbMText
 10
-1324.817
 20
37.262
 30
0.0
 40
22.5
 41
184.877094972067
 46
58.32402234636872
 71
     1
 72
     1
  1
{\T1.1;日  期}
 73
     1
 44
1.0
1001
CAXA_DRAFT_TXTSCALE
1041
1.0
  0
LINE
  5
309
330
2F1
100
AcDbEntity
  8
细实线层
100
AcDbLine
 10
-1080.0
 20
126.0
 30
0.0
 11
-540.0
 21
126.0
 31
0.0
  0
LINE
  5
30A
330
2F1
100
AcDbEntity
  8
粗实线层
100
AcDbLine
 10
-1080.0
 20
54.0
 30
0.0
 11
-540.0
 21
54.0
 31
0.0
  0
LINE
  5
30B
330
2F1
100
AcDbEntity
  8
粗实线层
100
AcDbLine
 10
-810.0
 20
180.0
 30
0.0
 11
-810.0
 21
0.0
 31
0.0
  0
LINE
  5
30C
330
2F1
100
AcDbEntity
  8
粗实线层
100
AcDbLine
 10
-675.0
 20
180.0
 30
0.0
 11
-675.0
 21
54.0
 31
0.0
  0
LINE
  5
30D
330
2F1
100
AcDbEntity
  8
细实线层
100
AcDbLine
 10
-1012.5
 20
126.0
 30
0.0
 11
-1012.5
 21
54.0
 31
0.0
  0
LINE
  5
30E
330
2F1
100
AcDbEntity
  8
细实线层
100
AcDbLine
 10
-945.0
 20
126.0
 30
0.0
 11
-945.0
 21
54.0
 31
0.0
  0
LINE
  5
30F
330
2F1
100
AcDbEntity
  8
细实线层
100
AcDbLine
 10
-877.5
 20
126.0
 30
0.0
 11
-877.5
 21
54.0
 31
0.0
  0
LINE
  5
310
330
2F1
100
AcDbEntity
  8
粗实线层
100
AcDbLine
 10
0.0
 20
270.0
 30
0.0
 11
-540.0
 21
270.0
 31
0.0
  0
LINE
  5
311
330
2F1
100
AcDbEntity
  8
粗实线层
100
AcDbLine
 10
0.0
 20
135.0
 30
0.0
 11
-540.0
 21
135.0
 31
0.0
  0
MTEXT
  5
312
330
2F1
100
AcDbEntity
  8
尺寸线层
100
AcDbMText
 10
-1065.309
 20
166.286
 30
0.0
 40
22.5
 41
467.6480446927374
 46
59.5810055865922
 71
     1
 72
     1
  1
{\T1.1;图  样  标  记}
 73
     1
 44
1.0
1001
CAXA_DRAFT_TXTSCALE
1041
1.0
  0
MTEXT
  5
313
330
2F1
100
AcDbEntity
  8
尺寸线层
100
AcDbMText
 10
-792.198
 20
165.302
 30
0.0
 40
22.5
 41
197.4469273743016
 46
56.56424581005587
 71
     1
 72
     1
  1
{\T1.1;重  量}
 73
     1
 44
1.0
1001
CAXA_DRAFT_TXTSCALE
1041
1.0
  0
MTEXT
  5
314
330
2F1
100
AcDbEntity
  8
尺寸线层
100
AcDbMText
 10
-657.69
 20
167.27
 30
0.0
 40
22.5
 41
187.8938547486034
 46
58.32402234636874
 71
     1
 72
     1
  1
{\T1.1;比  例}
 73
     1
 44
1.0
1001
CAXA_DRAFT_TXTSCALE
1041
1.0
  0
MTEXT
  5
315
330
2F1
100
AcDbEntity
  8
尺寸线层
100
AcDbMText
 10
-749.481
 20
41.762
 30
0.0
 40
22.5
 41
57.56983240223462
 46
59.0782122905028
 71
     1
 72
     1
  1
{\T1.1;第}
 73
     1
 44
1.0
1001
CAXA_DRAFT_TXTSCALE
1041
1.0
  0
MTEXT
  5
316
330
2F1
100
AcDbEntity
  8
尺寸线层
100
AcDbMText
 10
-891.841
 20
40.778
 30
0.0
 40
22.5
 41
57.56983240223462
 46
57.82122905027934
 71
     1
 72
     1
  1
{\T1.1;张}
 73
     1
 44
1.0
1001
CAXA_DRAFT_TXTSCALE
1041
1.0
  0
MTEXT
  5
317
330
2F1
100
AcDbEntity
  8
尺寸线层
100
AcDbMText
 10
-1017.841
 20
40.778
 30
0.0
 40
22.5
 41
59.32960893854738
 46
58.32402234636872
 71
     1
 72
     1
  1
{\T1.1;共}
 73
     1
 44
1.0
1001
CAXA_DRAFT_TXTSCALE
1041
1.0
  0
MTEXT
  5
318
330
2F1
100
AcDbEntity
  8
尺寸线层
100
AcDbMText
 10
-623.481
 20
41.762
 30
0.0
 40
22.5
 41
57.56983240223462
 46
57.82122905027934
 71
     1
 72
     1
  1
{\T1.1;张}
 73
     1
 44
1.0
1001
CAXA_DRAFT_TXTSCALE
1041
1.0
  0
LINE
  5
319
330
2F1
100
AcDbEntity
  8
粗实线层
100
AcDbLine
 10
0.0
 20
405.0
 30
0.0
 11
-1620.0
 21
405.0
 31
0.0
  0
LINE
  5
31A
330
2F1
100
AcDbEntity
  8
粗实线层
100
AcDbLine
 10
-1620.0
 20
45.0
 30
0.0
 11
-1080.0
 21
45.0
 31
0.0
  0
LINE
  5
31B
330
2F1
100
AcDbEntity
  8
粗实线层
100
AcDbLine
 10
-1620.0
 20
90.0
 30
0.0
 11
-1080.0
 21
90.0
 31
0.0
  0
LINE
  5
31C
330
2F1
100
AcDbEntity
  8
粗实线层
100
AcDbLine
 10
-1620.0
 20
135.0
 30
0.0
 11
-1080.0
 21
135.0
 31
0.0
  0
MTEXT
  5
31D
330
2F1
100
AcDbEntity
  8
尺寸线层
100
AcDbMText
 10
-1080.0
 20
325.0
 30
0.0
 40
40.0
 41
812.4245810055863
 46
252.6924692737431
 71
     1
 72
     1
  1
{\W0.7;\T1.1;羿射旭减隔震张家口有限公司}
 73
     1
 44
1.0
1001
CAXA_DRAFT_TXTSCALE
1041
1.0
  0
MTEXT
  5
31E
330
2F1
100
AcDbEntity
  8
尺寸线层
100
AcDbMText
 10
-487.7278966740706
 20
367.0021466045261
 30
0.0
 40
40.0
 41
540.0
 46
66.20111731843576
 71
     1
 72
     1
  1
{\W0.5;\T1.1;XXXXXXXXXXXXXXXXXXXXXXX项目}
 73
     1
 44
1.0
1001
CAXA_DRAFT_TXTSCALE
1041
1.0
  0
MTEXT
  5
31F
330
2F1
100
AcDbEntity
  8
尺寸线层
100
AcDbMText
 10
-410.8275815193307
 20
233.5
 30
0.0
 40
45.0
 41
791.3966480446929
 46
119.1620111731844
 71
     1
 72
     1
  1
{\W0.7;\T1.1;屈曲约束支撑}
 73
     1
 44
1.0
1001
CAXA_DRAFT_TXTSCALE
1041
1.0
  0
MTEXT
  5
320
330
2F1
100
AcDbEntity
  8
尺寸线层
100
AcDbMText
 10
-416.2674353845314
 20
85.42413479611372
 30
0.0
 40
40.0
 41
869.0055865921787
 46
79.10614525139664
 71
     1
 72
     1
  1
{\W0.7;\T1.1;YSX-BRB-950-L}
 73
     1
 44
1.0
1001
CAXA_DRAFT_TXTSCALE
1041
1.0
  0
MTEXT
  5
321
330
2F1
100
AcDbEntity
  8
尺寸线层
100
AcDbMText
 10
-629.8771158484737
 20
98.47537968475103
 30
0.0
 40
22.5
 41
187.8938547486034
 46
58.32402234636874
 71
     1
 72
     1
  1
{\T1.1;1:9}
 73
     1
 44
1.0
1001
CAXA_DRAFT_TXTSCALE
1041
1.0
  0
MTEXT
  5
322
330
2F1
100
AcDbEntity
  8
尺寸线层
100
AcDbMText
 10
-751.6064877124808
 20
107.1592543523905
 30
0.0
 40
22.5
 41
197.4469273743016
 46
56.56424581005587
 71
     1
 72
     1
  1
{\T1.1;/}
 73
     1
 44
1.0
1001
CAXA_DRAFT_TXTSCALE
1041
1.0
  0
ENDBLK
  5
324
330
2F1
100
AcDbEntity
  8
0
100
AcDbBlockEnd
  0
ENDSEC
  0
SECTION
  2
ENTITIES
  0
MTEXT
  5
118
330
1F
100
AcDbEntity
  8
尺寸线层
100
AcDbMText
 10
579.9281369169485
 20
-171.5712547667779
 30
0.0
 40
45.0
 41
1853.859217877095
 46
460.4688402234638
 71
     1
 72
     1
  1
{\W0.7;\T1.1;       技术要求 \P\H0.6x;1.焊缝满足图纸大小要求，不得有气孔、夹渣等。\P2.表面喷涂环氧富锌底漆2遍，面漆一遍，表面光滑。\P3.产品总长度控制在正负3毫米以内。\P\H1.66667x;\W1;\T1; }
 73
     1
 44
1.0
1001
CAXA_DRAFT_TXTSCALE
1041
1.0
  0
INSERT
  5
119
330
1F
100
AcDbEntity
  8
粗实线层
100
AcDbBlockReference
  2
图框
 10
-1336.5
 20
-945.0
 30
0.0
 41
0.9999999999999999
1001
CAXA_DRAFT_BLKHIDE
1070
     0
  0
INSERT
  5
125
330
1F
100
AcDbEntity
  8
0
100
AcDbBlockReference
  2
主视图
 10
-1100.0
 20
550.0
 30
0.0
 41
0.9999999999999998
1001
CAXA_DRAFT_BLKHIDE
1070
     0
  0
INSERT
  5
1BD
330
1F
100
AcDbEntity
  8
尺寸线层
100
AcDbBlockReference
  2
*X14
 10
-944.9645936192927
 20
444.0861652868721
 30
0.0
 41
0.9999999999999998
1001
CAXA_DRAFT_BLKHIDE
1070
     0
  0
INSERT
  5
1C7
330
1F
100
AcDbEntity
  8
尺寸线层
100
AcDbBlockReference
  2
*X15
 10
-737.0589999999997
 20
547.177687656849
 30
0.0
 41
0.9999999999999998
1001
CAXA_DRAFT_BLKHIDE
1070
     0
  0
INSERT
  5
1D0
330
1F
100
AcDbEntity
  8
尺寸线层
100
AcDbBlockReference
  2
*X16
 10
-479.9979507023982
 20
550.5020045576488
 30
0.0
 41
0.9999999999999999
1001
CAXA_DRAFT_BLKHIDE
1070
     0
  0
INSERT
  5
1D9
330
1F
100
AcDbEntity
  8
0
100
AcDbBlockReference
  2
端面
 10
450.0
 20
550.0
 30
0.0
 41
0.9999999999999998
1001
CAXA_DRAFT_BLKHIDE
1070
     0
  0
INSERT
  5
23F
330
1F
100
AcDbEntity
  8
尺寸线层
100
AcDbBlockReference
  2
*X25
 10
468.0
 20
568.0
 30
0.0
 41
0.9999999999999999
1001
CAXA_DRAFT_BLKHIDE
1070
     0
  0
INSERT
  5
24E
330
1F
100
AcDbEntity
  8
0
100
AcDbBlockReference
  2
耗能面
 10
1000.0
 20
550.7980000000016
 30
0.0
 41
0.9999999999999999
1001
CAXA_DRAFT_BLKHIDE
1070
     0
  0
INSERT
  5
273
330
1F
100
AcDbEntity
  8
0
100
AcDbBlockReference
  2
连接板
 10
-491.0871146483569
 20
-276.0359933586687
 30
0.0
 41
0.9999999999999998
1001
CAXA_DRAFT_BLKHIDE
1070
     0
  0
INSERT
  5
290
330
1F
100
AcDbEntity
  8
0
100
AcDbBlockReference
  2
挡板
 10
322.6121424143253
 20
-156.436724751059
 30
0.0
 41
0.9999999999999999
1001
CAXA_DRAFT_BLKHIDE
1070
     0
  0
INSERT
  5
2F0
330
1F
100
AcDbEntity
  8
0
100
AcDbBlockReference
  2
标题
 10
1246.5
 20
-854.9999999999976
 30
0.0
 41
0.9999999999999999
1001
CAXA_DRAFT_BLKHIDE
1070
     0
  0
MTEXT
  5
325
330
1F
100
AcDbEntity
  8
尺寸线层
100
AcDbMText
 10
-1072.958783059782
 20
-605.7005684886348
 30
0.0
 40
50.0
 41
546.381677397596
 46
66.20111731843576
 71
     1
 72
     1
  1
芯板材料：Q235
 73
     1
 44
1.0
1001
CAXA_DRAFT_TXTSCALE
1041
1.0
  0
VIEWPORT
  5
328
330
1B
100
AcDbEntity
 67
     1
  8
0
100
AcDbViewport
 10
0.0
 20
0.0
 30
0.0
 40
300.0
 41
220.0
 68
     1
 69
     1
 12
0.0
 22
0.0
 13
0.0
 23
0.0
 14
10.0
 24
10.0
 15
10.0
 25
10.0
 16
0.0
 26
0.0
 36
1.0
 17
0.0
 27
0.0
 37
0.0
 42
50.0
 43
0.0
 44
0.0
 45
1.0
 50
0.0
 51
0.0
 72
   100
 90
   557152
  1

281
     0
 71
     1
 74
     0
110
0.0
120
0.0
130
0.0
111
1.0
121
0.0
131
0.0
112
0.0
122
1.0
132
0.0
 79
     0
146
0.0
170
     0
 61
     5
348
2F
292
     1
282
     1
141
0.0
142
0.0
 63
   256
  0
ENDSEC
  0
SECTION
  2
OBJECTS
  0
DICTIONARY
  5
C
330
0
100
AcDbDictionary
281
     1
  3
ACAD_DETAILVIEWSTYLE
350
33F
  3
ACAD_GROUP
350
D
  3
ACAD_LAYOUT
350
1A
  3
ACAD_MATERIAL
350
43
  3
ACAD_MLEADERSTYLE
350
5B
  3
ACAD_MLINESTYLE
350
17
  3
ACAD_PLOTSETTINGS
350
19
  3
ACAD_PLOTSTYLENAME
350
E
  3
ACAD_SCALELIST
350
47
  3
ACAD_SECTIONVIEWSTYLE
350
340
  3
ACAD_TABLESTYLE
350
59
  3
ACAD_VISUALSTYLE
350
2A
  3
ACAD_WIPEOUT_VARS
350
329
  3
ACDB_RECOMPOSE_DATA
350
33C
  3
AcDbVariableDictionary
350
336
  3
CAXA_DRAFT_BOMSTYLE
350
110
  3
CAXA_DRAFT_CUTSSTYLE
350
104
  3
CAXA_DRAFT_CUTSSTYLEOVERRIDE
350
108
  3
CAXA_DRAFT_DATATABLE*Model_Space
350
116
  3
CAXA_DRAFT_DATATABLE*Paper_Space
350
326
  3
CAXA_DRAFT_DATUMSTYLE
350
FE
  3
CAXA_DRAFT_DATUMSTYLEOVERRIDE
350
102
  3
CAXA_DRAFT_DIMSTYLE_ANGTXTVPOS
350
32A
  3
CAXA_DRAFT_DIMSTYLE_ISDISPZEROTOL
350
32E
  3
CAXA_DRAFT_DIMSTYLE_ISFILLDFM
350
32C
  3
CAXA_DRAFT_DIMSTYLE_SYMBOLCOLOR
350
330
  3
CAXA_DRAFT_DRAFTDATA
350
332
  3
CAXA_DRAFT_FILEVERSION
350
D0
  3
CAXA_DRAFT_GEOTOLSTYLE
350
F8
  3
CAXA_DRAFT_GEOTOLSTYLEOVERRIDE
350
FC
  3
CAXA_DRAFT_LEADERSTYLE
350
E9
  3
CAXA_DRAFT_PARTNOSTYLE
350
10A
  3
CAXA_DRAFT_PARTNOSTYLEOVERRIDE
350
10E
  3
CAXA_DRAFT_ROUGHSTYLE
350
F2
  3
CAXA_DRAFT_ROUGHSTYLEOVERRIDE
350
F6
  3
CAXA_DRAFT_STDDATA
350
334
  3
CAXA_DRAFT_WELDSTYLE
350
EC
  3
CAXA_DRAFT_WELDSTYLEOVERRIDE
350
F0
  0
SUN
  5
5D
330
29
100
AcDbSun
 90
        1
290
     0
 63
     7
421
 16777215
 40
1.0
291
     1
 91
  2455826
 92
 54000000
292
     0
 70
     2
 71
   256
280
     1
  0
DICTIONARY
  5
33F
102
{ACAD_REACTORS
330
C
102
}
330
C
100
AcDbDictionary
281
     1
  0
DICTIONARY
  5
D
102
{ACAD_REACTORS
330
C
102
}
330
C
100
AcDbDictionary
281
     1
  0
DICTIONARY
  5
1A
102
{ACAD_REACTORS
330
C
102
}
330
C
100
AcDbDictionary
281
     1
  3
Layout1
350
1E
  3
Model
350
22
  0
DICTIONARY
  5
43
102
{ACAD_REACTORS
330
C
102
}
330
C
100
AcDbDictionary
281
     1
  3
ByBlock
350
45
  3
ByLayer
350
44
  3
Global
350
46
  0
DICTIONARY
  5
5B
102
{ACAD_REACTORS
330
C
102
}
330
C
100
AcDbDictionary
281
     1
  3
Standard
350
5C
  0
DICTIONARY
  5
17
102
{ACAD_REACTORS
330
C
102
}
330
C
100
AcDbDictionary
281
     1
  3
Standard
350
18
  3
标准
350
114
  0
DICTIONARY
  5
19
102
{ACAD_REACTORS
330
C
102
}
330
C
100
AcDbDictionary
281
     1
  0
ACDBDICTIONARYWDFLT
  5
E
102
{ACAD_REACTORS
330
C
102
}
330
C
100
AcDbDictionary
281
     1
  3
Normal
350
F
100
AcDbDictionaryWithDefault
340
F
  0
DICTIONARY
  5
47
102
{ACAD_REACTORS
330
C
102
}
330
C
100
AcDbDictionary
281
     1
  3
A0
350
48
  3
A1
350
49
  3
A2
350
4A
  3
A3
350
4B
  3
A4
350
4C
  3
A5
350
4D
  3
A6
350
4E
  3
A7
350
4F
  3
A8
350
50
  3
A9
350
51
  3
B0
350
52
  3
B1
350
53
  3
B2
350
54
  3
B3
350
55
  3
B4
350
56
  3
B5
350
57
  3
B6
350
58
  0
DICTIONARY
  5
340
102
{ACAD_REACTORS
330
C
102
}
330
C
100
AcDbDictionary
281
     1
  0
DICTIONARY
  5
59
102
{ACAD_REACTORS
330
C
102
}
330
C
100
AcDbDictionary
281
     1
  3
Standard
350
5A
  3
标准
350
115
  0
DICTIONARY
  5
2A
102
{ACAD_REACTORS
330
C
102
}
330
C
100
AcDbDictionary
281
     1
  3
2dWireframe
350
2F
  3
Basic
350
32
  3
Brighten
350
36
  3
ColorChange
350
3A
  3
Conceptual
350
34
  3
Dim
350
35
  3
EdgeColorOff
350
3D
  3
Facepattern
350
39
  3
Flat
350
2B
  3
FlatWithEdges
350
2C
  3
Gouraud
350
2D
  3
GouraudWithEdges
350
2E
  3
Hidden
350
31
  3
JitterOff
350
3B
  3
Linepattern
350
38
  3
OverhangOff
350
3C
  3
Realistic
350
33
  3
Shaded
350
42
  3
Shaded with edges
350
41
  3
Shades of Gray
350
3E
  3
Sketchy
350
3F
  3
Thicken
350
37
  3
Wireframe
350
30
  3
X-Ray
350
40
  0
WIPEOUTVARIABLES
  5
329
102
{ACAD_REACTORS
330
C
102
}
330
C
100
AcDbWipeoutVariables
 70
     1
  0
XRECORD
  5
33C
102
{ACAD_REACTORS
330
C
102
}
330
C
100
AcDbXrecord
280
     1
 90
        1
330
5A
330
115
  0
DICTIONARY
  5
336
102
{ACAD_REACTORS
330
C
102
}
330
C
100
AcDbDictionary
281
     1
  3
CANNOSCALE
350
337
  3
CENTEREXE
350
341
  3
CENTERLTYPEFILE
350
342
  3
CMLEADERSTYLE
350
33E
  3
CTABLESTYLE
350
33D
  0
DICTIONARY
  5
110
102
{ACAD_REACTORS
330
C
102
}
330
C
100
AcDbDictionary
281
     1
  3
CAXA_DRAFT_CURRENTBOMSTYLE
350
111
  3
GB(4458.2-2003)
350
113
  3
标准
350
112
  0
DICTIONARY
  5
104
102
{ACAD_REACTORS
330
C
102
}
330
C
100
AcDbDictionary
281
     1
  3
CAXA_DRAFT_CURRENTCUTSSTYLE
350
105
  3
GB(17452-1998)
350
107
  3
标准
350
106
  0
DICTIONARY
  5
108
102
{ACAD_REACTORS
330
C
102
}
330
C
100
AcDbDictionary
281
     1
  3
CAXA_DRAFT_CUTSSTYLEOVERRIDE
350
109
  0
DICTIONARY
  5
116
102
{ACAD_REACTORS
330
C
102
}
330
C
100
AcDbDictionary
281
     1
  3
CAXA_DRAFT_DATATABLE*Model_Space
350
117
  0
DICTIONARY
  5
326
102
{ACAD_REACTORS
330
C
102
}
330
C
100
AcDbDictionary
281
     1
  3
CAXA_DRAFT_DATATABLE*Paper_Space
350
327
  0
DICTIONARY
  5
FE
102
{ACAD_REACTORS
330
C
102
}
330
C
100
AcDbDictionary
281
     1
  3
CAXA_DRAFT_CURRENTDATUMSTYLE
350
FF
  3
GB(1182-2008)
350
101
  3
标准
350
100
  0
DICTIONARY
  5
102
102
{ACAD_REACTORS
330
C
102
}
330
C
100
AcDbDictionary
281
     1
  3
CAXA_DRAFT_DATUMSTYLEOVERRIDE
350
103
  0
DICTIONARY
  5
32A
102
{ACAD_REACTORS
330
C
102
}
330
C
100
AcDbDictionary
281
     1
  3
CAXA_DRAFT_DIMSTYLE_ANGTXTVPOS
350
32B
  0
DICTIONARY
  5
32E
102
{ACAD_REACTORS
330
C
102
}
330
C
100
AcDbDictionary
281
     1
  3
CAXA_DRAFT_DIMSTYLE_ISDISPZEROTOL
350
32F
  0
DICTIONARY
  5
32C
102
{ACAD_REACTORS
330
C
102
}
330
C
100
AcDbDictionary
281
     1
  3
CAXA_DRAFT_DIMSTYLE_ISFILLDFM
350
32D
  0
DICTIONARY
  5
330
102
{ACAD_REACTORS
330
C
102
}
330
C
100
AcDbDictionary
281
     1
  3
CAXA_DRAFT_DIMSTYLE_SYMBOLCOLOR
350
331
  0
DICTIONARY
  5
332
102
{ACAD_REACTORS
330
C
102
}
330
C
100
AcDbDictionary
281
     1
  3
CAXA_DRAFT_DRAFTDATA
350
333
  0
DICTIONARY
  5
D0
102
{ACAD_REACTORS
330
C
102
}
330
C
100
AcDbDictionary
281
     1
  3
CAXA_DRAFT_FILEVERSION
350
D1
  0
DICTIONARY
  5
F8
102
{ACAD_REACTORS
330
C
102
}
330
C
100
AcDbDictionary
281
     1
  3
CAXA_DRAFT_CURRENTGEOTOLSTYLE
350
F9
  3
GB(1182-2008)
350
FB
  3
标准
350
FA
  0
DICTIONARY
  5
FC
102
{ACAD_REACTORS
330
C
102
}
330
C
100
AcDbDictionary
281
     1
  3
CAXA_DRAFT_GEOTOLSTYLEOVERRIDE
350
FD
  0
DICTIONARY
  5
E9
102
{ACAD_REACTORS
330
C
102
}
330
C
100
AcDbDictionary
281
     1
  3
CAXA_DRAFT_CURRENTLEADERSTYLE
350
EA
  3
标准
350
EB
  0
DICTIONARY
  5
10A
102
{ACAD_REACTORS
330
C
102
}
330
C
100
AcDbDictionary
281
     1
  3
CAXA_DRAFT_CURRENTPARTNOSTYLE
350
10B
  3
GB(4458.2-2003)
350
10D
  3
标准
350
10C
  0
DICTIONARY
  5
10E
102
{ACAD_REACTORS
330
C
102
}
330
C
100
AcDbDictionary
281
     1
  3
CAXA_DRAFT_PARTNOSTYLEOVERRIDE
350
10F
  0
DICTIONARY
  5
F2
102
{ACAD_REACTORS
330
C
102
}
330
C
100
AcDbDictionary
281
     1
  3
CAXA_DRAFT_CURRENTROUGHSTYLE
350
F3
  3
GB(131-93)
350
F5
  3
标准
350
F4
  0
DICTIONARY
  5
F6
102
{ACAD_REACTORS
330
C
102
}
330
C
100
AcDbDictionary
281
     1
  3
CAXA_DRAFT_ROUGHSTYLEOVERRIDE
350
F7
  0
DICTIONARY
  5
334
102
{ACAD_REACTORS
330
C
102
}
330
C
100
AcDbDictionary
281
     1
  3
CAXA_DRAFT_STDDATA
350
335
  0
DICTIONARY
  5
EC
102
{ACAD_REACTORS
330
C
102
}
330
C
100
AcDbDictionary
281
     1
  3
CAXA_DRAFT_CURRENTWELDSTYLE
350
ED
  3
GB(324-88)
350
EF
  3
标准
350
EE
  0
DICTIONARY
  5
F0
102
{ACAD_REACTORS
330
C
102
}
330
C
100
AcDbDictionary
281
     1
  3
CAXA_DRAFT_WELDSTYLEOVERRIDE
350
F1
  0
LAYOUT
  5
1E
102
{ACAD_REACTORS
330
1A
102
}
330
1A
100
AcDbPlotSettings
  1

  2
none_device
  4
ISO_A3_(297.00_x_420.00_MM)
  6

 40
7.5
 41
20.0
 42
7.5
 43
20.0
 44
297.0
 45
420.0
 46
0.0
 47
0.0
 48
0.0
 49
0.0
140
0.0
141
0.0
142
1.0
143
1.0
 70
   672
 72
     1
 73
     0
 74
     5
  7

 75
    16
 76
     0
 77
     2
 78
   300
147
1.0
148
0.0
149
0.0
100
AcDbLayout
  1
Layout1
 70
     1
 71
     1
 10
0.0
 20
0.0
 11
420.0
 21
297.0
 12
0.0
 22
0.0
 32
0.0
 14
1.000000000000000E+20
 24
1.000000000000000E+20
 34
1.000000000000000E+20
 15
-1.000000000000000E+20
 25
-1.000000000000000E+20
 35
-1.000000000000000E+20
146
0.0
 13
0.0
 23
0.0
 33
0.0
 16
1.0
 26
0.0
 36
0.0
 17
0.0
 27
1.0
 37
0.0
 76
     0
330
1B
331
328
  0
LAYOUT
  5
22
102
{ACAD_REACTORS
330
1A
102
}
330
1A
100
AcDbPlotSettings
  1

  2
none_device
  4
Letter_(8.50_x_11.00_Inches)
  6

 40
6.35
 41
6.35
 42
6.35000508
 43
6.35000508
 44
215.9
 45
279.4
 46
0.0
 47
0.0
 48
0.0
 49
0.0
140
0.0
141
0.0
142
1.0
143
1.0
 70
  1712
 72
     1
 73
     0
 74
     0
  7

 75
     0
 76
     0
 77
     2
 78
   300
147
1.0
148
0.0
149
0.0
100
AcDbLayout
  1
Model
 70
     1
 71
     0
 10
0.0
 20
0.0
 11
420.0
 21
297.0
 12
0.0
 22
0.0
 32
0.0
 14
-3565.871957540433
 24
-1836.489392802966
 34
0.0
 15
3496.269348442625
 25
1085.518279831294
 35
0.0
146
0.0
 13
0.0
 23
0.0
 33
0.0
 16
1.0
 26
0.0
 36
0.0
 17
0.0
 27
1.0
 37
0.0
 76
     0
330
1F
331
29
  0
MATERIAL
  5
45
102
{ACAD_REACTORS
330
43
102
}
330
43
100
AcDbMaterial
  1
ByBlock
 72
     1
 94
      127
  0
MATERIAL
  5
44
102
{ACAD_REACTORS
330
43
102
}
330
43
100
AcDbMaterial
  1
ByLayer
 72
     1
 94
      127
  0
MATERIAL
  5
46
102
{ACAD_REACTORS
330
43
102
}
330
43
100
AcDbMaterial
  1
Global
 72
     1
 94
      127
  0
MLEADERSTYLE
  5
5C
102
{ACAD_REACTORS
330
5B
102
}
330
5B
100
AcDbMLeaderStyle
179
     2
170
     2
171
     1
172
     0
 90
        2
 40
0.0
 41
0.0
173
     1
 91
-1056964608
340
14
 92
       -2
290
     1
 42
2.0
291
     1
 43
8.0
  3
Standard
341
0
 44
4.0
300

342
11
174
     1
178
     6
175
     1
176
     0
 93
-1056964608
 45
4.0
292
     0
297
     0
 46
4.0
343
0
 94
-1056964608
 47
1.0
 49
1.0
140
1.0
293
     1
141
0.0
294
     1
177
     0
142
1.0
295
     0
296
     0
143
3.75
271
     0
272
     9
273
     9
298
     0
  0
MLINESTYLE
  5
18
102
{ACAD_REACTORS
330
17
102
}
330
17
100
AcDbMlineStyle
  2
Standard
 70
     0
  3

 62
   256
 51
90.0
 52
90.0
 71
     2
 49
0.5
 62
   256
  6
BYLAYER
 49
-0.5
 62
   256
  6
BYLAYER
  0
MLINESTYLE
  5
114
102
{ACAD_REACTORS
330
17
102
}
330
17
100
AcDbMlineStyle
  2
标准
 70
     0
  3
标准
 62
   256
 51
90.0
 52
90.0
 71
     2
 49
0.5
 62
   256
  6
BYLAYER
 49
-0.5
 62
   256
  6
BYLAYER
  0
ACDBPLACEHOLDER
  5
F
102
{ACAD_REACTORS
330
E
102
}
330
E
  0
SCALE
  5
48
102
{ACAD_REACTORS
330
47
102
}
330
47
100
AcDbScale
 70
     0
300
1:1
140
1.0
141
1.0
290
     1
  0
SCALE
  5
49
102
{ACAD_REACTORS
330
47
102
}
330
47
100
AcDbScale
 70
     0
300
1:2
140
1.0
141
2.0
290
     0
  0
SCALE
  5
4A
102
{ACAD_REACTORS
330
47
102
}
330
47
100
AcDbScale
 70
     0
300
1:4
140
1.0
141
4.0
290
     0
  0
SCALE
  5
4B
102
{ACAD_REACTORS
330
47
102
}
330
47
100
AcDbScale
 70
     0
300
1:5
140
1.0
141
5.0
290
     0
  0
SCALE
  5
4C
102
{ACAD_REACTORS
330
47
102
}
330
47
100
AcDbScale
 70
     0
300
1:8
140
1.0
141
8.0
290
     0
  0
SCALE
  5
4D
102
{ACAD_REACTORS
330
47
102
}
330
47
100
AcDbScale
 70
     0
300
1:10
140
1.0
141
10.0
290
     0
  0
SCALE
  5
4E
102
{ACAD_REACTORS
330
47
102
}
330
47
100
AcDbScale
 70
     0
300
1:16
140
1.0
141
16.0
290
     0
  0
SCALE
  5
4F
102
{ACAD_REACTORS
330
47
102
}
330
47
100
AcDbScale
 70
     0
300
1:20
140
1.0
141
20.0
290
     0
  0
SCALE
  5
50
102
{ACAD_REACTORS
330
47
102
}
330
47
100
AcDbScale
 70
     0
300
1:30
140
1.0
141
30.0
290
     0
  0
SCALE
  5
51
102
{ACAD_REACTORS
330
47
102
}
330
47
100
AcDbScale
 70
     0
300
1:40
140
1.0
141
40.0
290
     0
  0
SCALE
  5
52
102
{ACAD_REACTORS
330
47
102
}
330
47
100
AcDbScale
 70
     0
300
1:50
140
1.0
141
50.0
290
     0
  0
SCALE
  5
53
102
{ACAD_REACTORS
330
47
102
}
330
47
100
AcDbScale
 70
     0
300
1:100
140
1.0
141
100.0
290
     0
  0
SCALE
  5
54
102
{ACAD_REACTORS
330
47
102
}
330
47
100
AcDbScale
 70
     0
300
2:1
140
2.0
141
1.0
290
     0
  0
SCALE
  5
55
102
{ACAD_REACTORS
330
47
102
}
330
47
100
AcDbScale
 70
     0
300
4:1
140
4.0
141
1.0
290
     0
  0
SCALE
  5
56
102
{ACAD_REACTORS
330
47
102
}
330
47
100
AcDbScale
 70
     0
300
8:1
140
8.0
141
1.0
290
     0
  0
SCALE
  5
57
102
{ACAD_REACTORS
330
47
102
}
330
47
100
AcDbScale
 70
     0
300
10:1
140
10.0
141
1.0
290
     0
  0
SCALE
  5
58
102
{ACAD_REACTORS
330
47
102
}
330
47
100
AcDbScale
 70
     0
300
100:1
140
100.0
141
1.0
290
     0
  0
TABLESTYLE
  5
5A
102
{ACAD_REACTORS
330
59
102
}
102
{ACAD_XDICTIONARY
360
338
102
}
330
59
100
AcDbTableStyle
  3
Standard
 70
     0
 71
     0
 40
0.06
 41
0.06
280
     0
281
     0
  7
Standard
140
4.5
170
     2
 62
     0
 63
   257
283
     0
 90
        0
 91
        0
  1

274
    -2
284
     1
 64
     0
275
    -2
285
     1
 65
     0
276
    -2
286
     1
 66
     0
277
    -2
287
     1
 67
     0
278
    -2
288
     1
 68
     0
279
    -2
289
     1
 69
     0
  7
Standard
140
6.0
170
     5
 62
     0
 63
   257
283
     0
 90
        0
 91
        0
  1

274
    -2
284
     1
 64
     0
275
    -2
285
     1
 65
     0
276
    -2
286
     1
 66
     0
277
    -2
287
     1
 67
     0
278
    -2
288
     1
 68
     0
279
    -2
289
     1
 69
     0
  7
Standard
140
4.5
170
     5
 62
     0
 63
   257
283
     0
 90
        0
 91
        0
  1

274
    -2
284
     1
 64
     0
275
    -2
285
     1
 65
     0
276
    -2
286
     1
 66
     0
277
    -2
287
     1
 67
     0
278
    -2
288
     1
 68
     0
279
    -2
289
     1
 69
     0
  0
TABLESTYLE
  5
115
102
{ACAD_REACTORS
330
59
102
}
102
{ACAD_XDICTIONARY
360
33A
102
}
330
59
100
AcDbTableStyle
  3

 70
     0
 71
     1
 40
0.06
 41
0.06
280
     0
281
     0
  7
标准
140
4.5
170
     2
 62
     0
 63
   257
283
     0
 90
        0
 91
        0
  1

274
    -2
284
     1
 64
     0
275
    -2
285
     1
 65
     0
276
    -2
286
     1
 66
     0
277
    -2
287
     1
 67
     0
278
    -2
288
     1
 68
     0
279
    -2
289
     1
 69
     0
  7
标准
140
6.0
170
     5
 62
     0
 63
   257
283
     0
 90
        0
 91
        0
  1

274
    -2
284
     1
 64
     0
275
    -2
285
     1
 65
     0
276
    -2
286
     1
 66
     0
277
    -2
287
     1
 67
     0
278
    -2
288
     1
 68
     0
279
    -2
289
     1
 69
     0
  7
标准
140
4.5
170
     5
 62
     0
 63
   257
283
     0
 90
        0
 91
        0
  1

274
    -2
284
     1
 64
     0
275
    -2
285
     1
 65
     0
276
    -2
286
     1
 66
     0
277
    -2
287
     1
 67
     0
278
    -2
288
     1
 68
     0
279
    -2
289
     1
 69
     0
  0
VISUALSTYLE
  5
2F
102
{ACAD_REACTORS
330
2A
102
}
330
2A
100
AcDbVisualStyle
  2
2dWireframe
 70
     4
177
     3
291
     0
 70
    58
 90
        0
176
     1
 90
        2
176
     1
 90
        0
176
     1
 90
        0
176
     1
 40
0.6
176
     1
 40
30.0
176
     1
 62
     7
420
 16777215
176
     1
 90
        1
176
     1
 90
        4
176
     1
 62
     7
176
     1
 62
   257
176
     1
 90
        1
176
     1
 90
        1
176
     1
 40
1.0
176
     1
 90
        0
176
     1
 62
   257
176
     1
 40
1.0
176
     1
 90
        1
176
     1
 90
        6
176
     1
 90
        2
176
     1
 62
     7
176
     1
 90
        5
176
     1
 90
        0
176
     1
 90
        0
176
     1
290
     0
176
     1
 90
        1
176
     1
 40
0.0
176
     1
 90
        0
176
     1
290
     1
176
     1
290
     1
176
     1
290
     0
176
     1
290
     0
176
     1
290
     0
176
     1
290
     0
176
     1
290
     0
176
     1
290
     0
176
     1
290
     0
176
     1
 90
       50
176
     1
 40
0.0
176
     1
 40
1.0
176
     1
 90
        0
176
     1
 62
    18
420
        0
176
     1
 90
       50
176
     1
 90
        3
176
     1
 62
     5
420
      255
176
     1
290
     0
176
     1
 90
       50
176
     1
 90
       50
176
     1
 90
       50
176
     1
290
     0
176
     1
 90
       50
176
     1
 62
   256
176
     0
 40
1.0
176
     0
 90
        2
176
     1
  1
strokes_ogs.tif
176
     1
290
     0
176
     1
 40
1.0
176
     1
 40
1.0
176
     1
  0
VISUALSTYLE
  5
32
102
{ACAD_REACTORS
330
2A
102
}
330
2A
100
AcDbVisualStyle
  2
Basic
 70
     7
177
     3
291
     1
 70
    58
 90
        1
176
     1
 90
        0
176
     1
 90
        1
176
     1
 90
        0
176
     1
 40
0.6
176
     1
 40
30.0
176
     1
 62
     7
420
 16777215
176
     1
 90
        0
176
     1
 90
        4
176
     1
 62
     7
176
     1
 62
   257
176
     1
 90
        1
176
     1
 90
        1
176
     1
 40
1.0
176
     1
 90
        8
176
     1
 62
     7
176
     1
 40
1.0
176
     1
 90
        1
176
     1
 90
        6
176
     1
 90
        2
176
     1
 62
     7
176
     1
 90
        5
176
     1
 90
        0
176
     1
 90
        0
176
     1
290
     0
176
     1
 90
        1
176
     1
 40
0.0
176
     1
 90
        0
176
     1
290
     0
176
     1
290
     1
176
     1
290
     1
176
     1
290
     0
176
     1
290
     0
176
     1
290
     0
176
     1
290
     0
176
     1
290
     0
176
     1
290
     0
176
     1
 90
       50
176
     1
 40
0.0
176
     1
 40
1.0
176
     1
 90
        0
176
     1
 62
    18
420
        0
176
     1
 90
       50
176
     1
 90
        3
176
     1
 62
     5
420
      255
176
     1
290
     0
176
     1
 90
       50
176
     1
 90
       50
176
     1
 90
       50
176
     1
290
     0
176
     1
 90
       50
176
     1
 62
   256
176
     0
 40
1.0
176
     0
 90
        2
176
     1
  1
strokes_ogs.tif
176
     1
290
     0
176
     1
 40
1.0
176
     1
 40
1.0
176
     1
  0
VISUALSTYLE
  5
36
102
{ACAD_REACTORS
330
2A
102
}
330
2A
100
AcDbVisualStyle
  2
Brighten
 70
    12
177
     3
291
     1
 70
    58
 90
        2
176
     1
 90
        2
176
     1
 90
        0
176
     1
 90
        0
176
     1
 40
0.6
176
     1
 40
30.0
176
     1
 62
     7
420
 16777215
176
     1
 90
        1
176
     1
 90
        4
176
     1
 62
     7
176
     1
 62
   257
176
     1
 90
        1
176
     1
 90
        1
176
     1
 40
1.0
176
     1
 90
        8
176
     1
 62
     7
176
     1
 40
1.0
176
     1
 90
        1
176
     1
 90
        6
176
     1
 90
        2
176
     1
 62
     7
176
     1
 90
        5
176
     1
 90
        0
176
     1
 90
        0
176
     1
290
     0
176
     1
 90
        1
176
     1
 40
50.0
176
     1
 90
        0
176
     1
290
     0
176
     1
290
     1
176
     1
290
     1
176
     1
290
     0
176
     1
290
     0
176
     1
290
     0
176
     1
290
     0
176
     1
290
     0
176
     1
290
     0
176
     1
 90
       50
176
     1
 40
0.0
176
     1
 40
1.0
176
     1
 90
        0
176
     1
 62
    18
420
        0
176
     1
 90
       50
176
     1
 90
        3
176
     1
 62
     5
420
      255
176
     1
290
     0
176
     1
 90
       50
176
     1
 90
       50
176
     1
 90
       50
176
     1
290
     0
176
     1
 90
       50
176
     1
 62
   256
176
     0
 40
1.0
176
     0
 90
        2
176
     1
  1
strokes_ogs.tif
176
     1
290
     0
176
     1
 40
1.0
176
     1
 40
1.0
176
     1
  0
VISUALSTYLE
  5
3A
102
{ACAD_REACTORS
330
2A
102
}
330
2A
100
AcDbVisualStyle
  2
ColorChange
 70
    16
177
     3
291
     1
 70
    58
 90
        2
176
     1
 90
        2
176
     1
 90
        3
176
     1
 90
        0
176
     1
 40
0.6
176
     1
 40
30.0
176
     1
 62
     8
420
  8421504
176
     1
 90
        1
176
     1
 90
        4
176
     1
 62
     7
176
     1
 62
   257
176
     1
 90
        1
176
     1
 90
        1
176
     1
 40
1.0
176
     1
 90
        8
176
     1
 62
     8
420
  8421504
176
     1
 40
1.0
176
     1
 90
        1
176
     1
 90
        6
176
     1
 90
        2
176
     1
 62
     7
176
     1
 90
        5
176
     1
 90
        0
176
     1
 90
        0
176
     1
290
     0
176
     1
 90
        1
176
     1
 40
0.0
176
     1
 90
        0
176
     1
290
     0
176
     1
290
     1
176
     1
290
     1
176
     1
290
     0
176
     1
290
     0
176
     1
290
     0
176
     1
290
     0
176
     1
290
     0
176
     1
290
     0
176
     1
 90
       50
176
     1
 40
0.0
176
     1
 40
1.0
176
     1
 90
        0
176
     1
 62
    18
420
        0
176
     1
 90
       50
176
     1
 90
        3
176
     1
 62
     5
420
      255
176
     1
290
     0
176
     1
 90
       50
176
     1
 90
       50
176
     1
 90
       50
176
     1
290
     0
176
     1
 90
       50
176
     1
 62
   256
176
     0
 40
1.0
176
     0
 90
        2
176
     1
  1
strokes_ogs.tif
176
     1
290
     0
176
     1
 40
1.0
176
     1
 40
1.0
176
     1
  0
VISUALSTYLE
  5
34
102
{ACAD_REACTORS
330
2A
102
}
330
2A
100
AcDbVisualStyle
  2
Conceptual
 70
     9
177
     3
291
     0
 70
    58
 90
        3
176
     1
 90
        2
176
     1
 90
        0
176
     1
 90
        0
176
     1
 40
0.6
176
     1
 40
30.0
176
     1
 62
     7
420
 16777215
176
     1
 90
        2
176
     1
 90
        2
176
     1
 62
     7
176
     1
 62
   257
176
     1
 90
        1
176
     1
 90
        1
176
     1
 40
179.0
176
     1
 90
        8
176
     1
 62
     7
176
     1
 40
1.0
176
     1
 90
        1
176
     1
 90
        6
176
     1
 90
        2
176
     1
 62
     7
176
     1
 90
        3
176
     1
 90
        0
176
     1
 90
        0
176
     1
290
     0
176
     1
 90
        1
176
     1
 40
0.0
176
     1
 90
        0
176
     1
290
     0
176
     1
290
     1
176
     1
290
     1
176
     1
290
     0
176
     1
290
     0
176
     1
290
     0
176
     1
290
     0
176
     1
290
     0
176
     1
290
     0
176
     1
 90
       50
176
     1
 40
0.0
176
     1
 40
1.0
176
     1
 90
        0
176
     1
 62
    18
420
        0
176
     1
 90
       50
176
     1
 90
        3
176
     1
 62
     5
420
      255
176
     1
290
     0
176
     1
 90
       50
176
     1
 90
       50
176
     1
 90
       50
176
     1
290
     0
176
     1
 90
       50
176
     1
 62
   256
176
     0
 40
1.0
176
     0
 90
        2
176
     1
  1
strokes_ogs.tif
176
     1
290
     0
176
     1
 40
1.0
176
     1
 40
1.0
176
     1
  0
VISUALSTYLE
  5
35
102
{ACAD_REACTORS
330
2A
102
}
330
2A
100
AcDbVisualStyle
  2
Dim
 70
    11
177
     3
291
     1
 70
    58
 90
        2
176
     1
 90
        2
176
     1
 90
        0
176
     1
 90
        0
176
     1
 40
0.6
176
     1
 40
30.0
176
     1
 62
     7
420
 16777215
176
     1
 90
        1
176
     1
 90
        4
176
     1
 62
     7
176
     1
 62
   257
176
     1
 90
        1
176
     1
 90
        1
176
     1
 40
1.0
176
     1
 90
        8
176
     1
 62
     7
176
     1
 40
1.0
176
     1
 90
        1
176
     1
 90
        6
176
     1
 90
        2
176
     1
 62
     7
176
     1
 90
        5
176
     1
 90
        0
176
     1
 90
        0
176
     1
290
     0
176
     1
 90
        1
176
     1
 40
-50.0
176
     1
 90
        0
176
     1
290
     0
176
     1
290
     1
176
     1
290
     1
176
     1
290
     0
176
     1
290
     0
176
     1
290
     0
176
     1
290
     0
176
     1
290
     0
176
     1
290
     0
176
     1
 90
       50
176
     1
 40
0.0
176
     1
 40
1.0
176
     1
 90
        0
176
     1
 62
    18
420
        0
176
     1
 90
       50
176
     1
 90
        3
176
     1
 62
     5
420
      255
176
     1
290
     0
176
     1
 90
       50
176
     1
 90
       50
176
     1
 90
       50
176
     1
290
     0
176
     1
 90
       50
176
     1
 62
   256
176
     0
 40
1.0
176
     0
 90
        2
176
     1
  1
strokes_ogs.tif
176
     1
290
     0
176
     1
 40
1.0
176
     1
 40
1.0
176
     1
  0
VISUALSTYLE
  5
3D
102
{ACAD_REACTORS
330
2A
102
}
330
2A
100
AcDbVisualStyle
  2
EdgeColorOff
 70
    22
177
     3
291
     1
 70
    58
 90
        2
176
     0
 90
        2
176
     0
 90
        0
176
     0
 90
        0
176
     0
 40
0.6
176
     0
 40
30.0
176
     0
 62
     7
420
 16777215
176
     0
 90
        1
176
     0
 90
        4
176
     0
 62
     7
176
     0
 62
   257
176
     0
 90
        1
176
     0
 90
        1
176
     0
 40
1.0
176
     0
 90
        8
176
     2
 62
     7
176
     0
 40
1.0
176
     0
 90
        1
176
     0
 90
        6
176
     0
 90
        2
176
     0
 62
     7
176
     0
 90
        5
176
     0
 90
        0
176
     0
 90
        0
176
     0
290
     0
176
     0
 90
        1
176
     0
 40
0.0
176
     0
 90
        0
176
     0
290
     0
176
     0
290
     1
176
     0
290
     1
176
     0
290
     0
176
     0
290
     0
176
     0
290
     0
176
     0
290
     0
176
     0
290
     0
176
     0
290
     0
176
     0
 90
       50
176
     0
 40
0.0
176
     0
 40
1.0
176
     0
 90
        0
176
     0
 62
    18
420
        0
176
     0
 90
       50
176
     0
 90
        3
176
     0
 62
     5
420
      255
176
     0
290
     0
176
     0
 90
       50
176
     0
 90
       50
176
     0
 90
       50
176
     0
290
     0
176
     0
 90
       50
176
     0
 62
   256
176
     0
 40
1.0
176
     0
 90
        2
176
     0
  1
strokes_ogs.tif
176
     0
290
     0
176
     0
 40
1.0
176
     0
 40
1.0
176
     0
  0
VISUALSTYLE
  5
39
102
{ACAD_REACTORS
330
2A
102
}
330
2A
100
AcDbVisualStyle
  2
Facepattern
 70
    15
177
     3
291
     1
 70
    58
 90
        2
176
     1
 90
        2
176
     1
 90
        0
176
     1
 90
        0
176
     1
 40
0.6
176
     1
 40
30.0
176
     1
 62
     7
420
 16777215
176
     1
 90
        1
176
     1
 90
        4
176
     1
 62
     7
176
     1
 62
   257
176
     1
 90
        1
176
     1
 90
        1
176
     1
 40
1.0
176
     1
 90
        8
176
     1
 62
     7
176
     1
 40
1.0
176
     1
 90
        1
176
     1
 90
        6
176
     1
 90
        2
176
     1
 62
     7
176
     1
 90
        5
176
     1
 90
        0
176
     1
 90
        0
176
     1
290
     0
176
     1
 90
        1
176
     1
 40
0.0
176
     1
 90
        0
176
     1
290
     0
176
     1
290
     1
176
     1
290
     1
176
     1
290
     0
176
     1
290
     0
176
     1
290
     0
176
     1
290
     0
176
     1
290
     0
176
     1
290
     0
176
     1
 90
       50
176
     1
 40
0.0
176
     1
 40
1.0
176
     1
 90
        0
176
     1
 62
    18
420
        0
176
     1
 90
       50
176
     1
 90
        3
176
     1
 62
     5
420
      255
176
     1
290
     0
176
     1
 90
       50
176
     1
 90
       50
176
     1
 90
       50
176
     1
290
     0
176
     1
 90
       50
176
     1
 62
   256
176
     0
 40
1.0
176
     0
 90
        2
176
     1
  1
strokes_ogs.tif
176
     1
290
     0
176
     1
 40
1.0
176
     1
 40
1.0
176
     1
  0
VISUALSTYLE
  5
2B
102
{ACAD_REACTORS
330
2A
102
}
330
2A
100
AcDbVisualStyle
  2
Flat
 70
     0
177
     3
291
     1
 70
    58
 90
        2
176
     1
 90
        1
176
     1
 90
        1
176
     1
 90
        2
176
     1
 40
0.6
176
     1
 40
30.0
176
     1
 62
     7
420
 16777215
176
     1
 90
        0
176
     1
 90
        0
176
     1
 62
     7
176
     1
 62
   257
176
     1
 90
        1
176
     1
 90
        1
176
     1
 40
1.0
176
     1
 90
        8
176
     1
 62
     7
176
     1
 40
1.0
176
     1
 90
        1
176
     1
 90
        6
176
     1
 90
        2
176
     1
 62
     7
176
     1
 90
        5
176
     1
 90
        0
176
     1
 90
        0
176
     1
290
     0
176
     1
 90
       13
176
     1
 40
0.0
176
     1
 90
        0
176
     1
290
     0
176
     1
290
     1
176
     1
290
     1
176
     1
290
     0
176
     1
290
     0
176
     1
290
     0
176
     1
290
     0
176
     1
290
     0
176
     1
290
     0
176
     1
 90
       50
176
     1
 40
0.0
176
     1
 40
1.0
176
     1
 90
        0
176
     1
 62
    18
420
        0
176
     1
 90
       50
176
     1
 90
        3
176
     1
 62
     5
420
      255
176
     1
290
     0
176
     1
 90
       50
176
     1
 90
       50
176
     1
 90
       50
176
     1
290
     0
176
     1
 90
       50
176
     1
 62
   256
176
     0
 40
1.0
176
     0
 90
        2
176
     1
  1
strokes_ogs.tif
176
     1
290
     0
176
     1
 40
1.0
176
     1
 40
1.0
176
     1
  0
VISUALSTYLE
  5
2C
102
{ACAD_REACTORS
330
2A
102
}
330
2A
100
AcDbVisualStyle
  2
FlatWithEdges
 70
     1
177
     3
291
     1
 70
    58
 90
        2
176
     1
 90
        1
176
     1
 90
        1
176
     1
 90
        2
176
     1
 40
0.6
176
     1
 40
30.0
176
     1
 62
     7
420
 16777215
176
     1
 90
        1
176
     1
 90
        0
176
     1
 62
     7
176
     1
 62
   257
176
     1
 90
        1
176
     1
 90
        1
176
     1
 40
1.0
176
     1
 90
        0
176
     1
 62
   257
176
     1
 40
1.0
176
     1
 90
        1
176
     1
 90
        6
176
     1
 90
        2
176
     1
 62
     7
176
     1
 90
        5
176
     1
 90
        0
176
     1
 90
        0
176
     1
290
     0
176
     1
 90
       13
176
     1
 40
0.0
176
     1
 90
        0
176
     1
290
     0
176
     1
290
     1
176
     1
290
     1
176
     1
290
     0
176
     1
290
     0
176
     1
290
     0
176
     1
290
     0
176
     1
290
     0
176
     1
290
     0
176
     1
 90
       50
176
     1
 40
0.0
176
     1
 40
1.0
176
     1
 90
        0
176
     1
 62
    18
420
        0
176
     1
 90
       50
176
     1
 90
        3
176
     1
 62
     5
420
      255
176
     1
290
     0
176
     1
 90
       50
176
     1
 90
       50
176
     1
 90
       50
176
     1
290
     0
176
     1
 90
       50
176
     1
 62
   256
176
     0
 40
1.0
176
     0
 90
        2
176
     1
  1
strokes_ogs.tif
176
     1
290
     0
176
     1
 40
1.0
176
     1
 40
1.0
176
     1
  0
VISUALSTYLE
  5
2D
102
{ACAD_REACTORS
330
2A
102
}
330
2A
100
AcDbVisualStyle
  2
Gouraud
 70
     2
177
     3
291
     1
 70
    58
 90
        2
176
     1
 90
        2
176
     1
 90
        1
176
     1
 90
        2
176
     1
 40
0.6
176
     1
 40
30.0
176
     1
 62
     7
420
 16777215
176
     1
 90
        0
176
     1
 90
        0
176
     1
 62
     7
176
     1
 62
   257
176
     1
 90
        1
176
     1
 90
        1
176
     1
 40
1.0
176
     1
 90
        0
176
     1
 62
     7
176
     1
 40
1.0
176
     1
 90
        1
176
     1
 90
        6
176
     1
 90
        2
176
     1
 62
     7
176
     1
 90
        5
176
     1
 90
        0
176
     1
 90
        0
176
     1
290
     0
176
     1
 90
       13
176
     1
 40
0.0
176
     1
 90
        0
176
     1
290
     0
176
     1
290
     1
176
     1
290
     1
176
     1
290
     0
176
     1
290
     0
176
     1
290
     0
176
     1
290
     0
176
     1
290
     0
176
     1
290
     0
176
     1
 90
       50
176
     1
 40
0.0
176
     1
 40
1.0
176
     1
 90
        0
176
     1
 62
    18
420
        0
176
     1
 90
       50
176
     1
 90
        3
176
     1
 62
     5
420
      255
176
     1
290
     0
176
     1
 90
       50
176
     1
 90
       50
176
     1
 90
       50
176
     1
290
     0
176
     1
 90
       50
176
     1
 62
   256
176
     0
 40
1.0
176
     0
 90
        2
176
     1
  1
strokes_ogs.tif
176
     1
290
     0
176
     1
 40
1.0
176
     1
 40
1.0
176
     1
  0
VISUALSTYLE
  5
2E
102
{ACAD_REACTORS
330
2A
102
}
330
2A
100
AcDbVisualStyle
  2
GouraudWithEdges
 70
     3
177
     3
291
     1
 70
    58
 90
        2
176
     1
 90
        2
176
     1
 90
        1
176
     1
 90
        2
176
     1
 40
0.6
176
     1
 40
30.0
176
     1
 62
     7
420
 16777215
176
     1
 90
        1
176
     1
 90
        0
176
     1
 62
     7
176
     1
 62
   257
176
     1
 90
        1
176
     1
 90
        1
176
     1
 40
1.0
176
     1
 90
        0
176
     1
 62
   257
176
     1
 40
1.0
176
     1
 90
        1
176
     1
 90
        6
176
     1
 90
        2
176
     1
 62
     7
176
     1
 90
        5
176
     1
 90
        0
176
     1
 90
        0
176
     1
290
     0
176
     1
 90
       13
176
     1
 40
0.0
176
     1
 90
        0
176
     1
290
     0
176
     1
290
     1
176
     1
290
     1
176
     1
290
     0
176
     1
290
     0
176
     1
290
     0
176
     1
290
     0
176
     1
290
     0
176
     1
290
     0
176
     1
 90
       50
176
     1
 40
0.0
176
     1
 40
1.0
176
     1
 90
        0
176
     1
 62
    18
420
        0
176
     1
 90
       50
176
     1
 90
        3
176
     1
 62
     5
420
      255
176
     1
290
     0
176
     1
 90
       50
176
     1
 90
       50
176
     1
 90
       50
176
     1
290
     0
176
     1
 90
       50
176
     1
 62
   256
176
     0
 40
1.0
176
     0
 90
        2
176
     1
  1
strokes_ogs.tif
176
     1
290
     0
176
     1
 40
1.0
176
     1
 40
1.0
176
     1
  0
VISUALSTYLE
  5
31
102
{ACAD_REACTORS
330
2A
102
}
330
2A
100
AcDbVisualStyle
  2
Hidden
 70
     6
177
     3
291
     0
 70
    58
 90
        1
176
     1
 90
        2
176
     1
 90
        2
176
     1
 90
        0
176
     1
 40
0.6
176
     1
 40
30.0
176
     1
 62
     7
420
 16777215
176
     1
 90
        2
176
     1
 90
        2
176
     1
 62
     7
176
     1
 62
   257
176
     1
 90
        2
176
     1
 90
        1
176
     1
 40
40.0
176
     1
 90
        0
176
     1
 62
   257
176
     1
 40
1.0
176
     1
 90
        1
176
     1
 90
        6
176
     1
 90
        2
176
     1
 62
     7
176
     1
 90
        3
176
     1
 90
        0
176
     1
 90
        0
176
     1
290
     0
176
     1
 90
        1
176
     1
 40
0.0
176
     1
 90
        0
176
     1
290
     0
176
     1
290
     1
176
     1
290
     1
176
     1
290
     0
176
     1
290
     0
176
     1
290
     0
176
     1
290
     0
176
     1
290
     0
176
     1
290
     0
176
     1
 90
       50
176
     1
 40
0.0
176
     1
 40
1.0
176
     1
 90
        0
176
     1
 62
    18
420
        0
176
     1
 90
       50
176
     1
 90
        3
176
     1
 62
     5
420
      255
176
     1
290
     0
176
     1
 90
       50
176
     1
 90
       50
176
     1
 90
       50
176
     1
290
     0
176
     1
 90
       50
176
     1
 62
   256
176
     0
 40
1.0
176
     0
 90
        2
176
     1
  1
strokes_ogs.tif
176
     1
290
     0
176
     1
 40
1.0
176
     1
 40
1.0
176
     1
  0
VISUALSTYLE
  5
3B
102
{ACAD_REACTORS
330
2A
102
}
330
2A
100
AcDbVisualStyle
  2
JitterOff
 70
    20
177
     3
291
     1
 70
    58
 90
        2
176
     0
 90
        2
176
     0
 90
        0
176
     0
 90
        0
176
     0
 40
0.6
176
     0
 40
30.0
176
     0
 62
     7
420
 16777215
176
     0
 90
        1
176
     0
 90
        4
176
     0
 62
     7
176
     0
 62
   257
176
     0
 90
        1
176
     0
 90
        1
176
     0
 40
1.0
176
     0
 90
       10
176
     2
 62
     7
176
     0
 40
1.0
176
     0
 90
        1
176
     0
 90
        6
176
     0
 90
        2
176
     0
 62
     7
176
     0
 90
        5
176
     0
 90
        0
176
     0
 90
        0
176
     0
290
     0
176
     0
 90
        1
176
     0
 40
0.0
176
     0
 90
        0
176
     0
290
     0
176
     0
290
     1
176
     0
290
     1
176
     0
290
     0
176
     0
290
     0
176
     0
290
     0
176
     0
290
     0
176
     0
290
     0
176
     0
290
     0
176
     0
 90
       50
176
     0
 40
0.0
176
     0
 40
1.0
176
     0
 90
        0
176
     0
 62
    18
420
        0
176
     0
 90
       50
176
     0
 90
        3
176
     0
 62
     5
420
      255
176
     0
290
     0
176
     0
 90
       50
176
     0
 90
       50
176
     0
 90
       50
176
     0
290
     0
176
     0
 90
       50
176
     0
 62
   256
176
     0
 40
1.0
176
     0
 90
        2
176
     0
  1
strokes_ogs.tif
176
     0
290
     0
176
     0
 40
1.0
176
     0
 40
1.0
176
     0
  0
VISUALSTYLE
  5
38
102
{ACAD_REACTORS
330
2A
102
}
330
2A
100
AcDbVisualStyle
  2
Linepattern
 70
    14
177
     3
291
     1
 70
    58
 90
        2
176
     1
 90
        2
176
     1
 90
        0
176
     1
 90
        0
176
     1
 40
0.6
176
     1
 40
30.0
176
     1
 62
     7
420
 16777215
176
     1
 90
        1
176
     1
 90
        4
176
     1
 62
     7
176
     1
 62
   257
176
     1
 90
        7
176
     1
 90
        7
176
     1
 40
1.0
176
     1
 90
        8
176
     1
 62
     7
176
     1
 40
1.0
176
     1
 90
        1
176
     1
 90
        6
176
     1
 90
        2
176
     1
 62
     7
176
     1
 90
        5
176
     1
 90
        0
176
     1
 90
        0
176
     1
290
     0
176
     1
 90
        1
176
     1
 40
0.0
176
     1
 90
        0
176
     1
290
     0
176
     1
290
     1
176
     1
290
     1
176
     1
290
     0
176
     1
290
     0
176
     1
290
     0
176
     1
290
     0
176
     1
290
     0
176
     1
290
     0
176
     1
 90
       50
176
     1
 40
0.0
176
     1
 40
1.0
176
     1
 90
        0
176
     1
 62
    18
420
        0
176
     1
 90
       50
176
     1
 90
        3
176
     1
 62
     5
420
      255
176
     1
290
     0
176
     1
 90
       50
176
     1
 90
       50
176
     1
 90
       50
176
     1
290
     0
176
     1
 90
       50
176
     1
 62
   256
176
     0
 40
1.0
176
     0
 90
        2
176
     1
  1
strokes_ogs.tif
176
     1
290
     0
176
     1
 40
1.0
176
     1
 40
1.0
176
     1
  0
VISUALSTYLE
  5
3C
102
{ACAD_REACTORS
330
2A
102
}
330
2A
100
AcDbVisualStyle
  2
OverhangOff
 70
    21
177
     3
291
     1
 70
    58
 90
        2
176
     0
 90
        2
176
     0
 90
        0
176
     0
 90
        0
176
     0
 40
0.6
176
     0
 40
30.0
176
     0
 62
     7
420
 16777215
176
     0
 90
        1
176
     0
 90
        4
176
     0
 62
     7
176
     0
 62
   257
176
     0
 90
        1
176
     0
 90
        1
176
     0
 40
1.0
176
     0
 90
        9
176
     2
 62
     7
176
     0
 40
1.0
176
     0
 90
        1
176
     0
 90
        6
176
     0
 90
        2
176
     0
 62
     7
176
     0
 90
        5
176
     0
 90
        0
176
     0
 90
        0
176
     0
290
     0
176
     0
 90
        1
176
     0
 40
0.0
176
     0
 90
        0
176
     0
290
     0
176
     0
290
     1
176
     0
290
     1
176
     0
290
     0
176
     0
290
     0
176
     0
290
     0
176
     0
290
     0
176
     0
290
     0
176
     0
290
     0
176
     0
 90
       50
176
     0
 40
0.0
176
     0
 40
1.0
176
     0
 90
        0
176
     0
 62
    18
420
        0
176
     0
 90
       50
176
     0
 90
        3
176
     0
 62
     5
420
      255
176
     0
290
     0
176
     0
 90
       50
176
     0
 90
       50
176
     0
 90
       50
176
     0
290
     0
176
     0
 90
       50
176
     0
 62
   256
176
     0
 40
1.0
176
     0
 90
        2
176
     0
  1
strokes_ogs.tif
176
     0
290
     0
176
     0
 40
1.0
176
     0
 40
1.0
176
     0
  0
VISUALSTYLE
  5
33
102
{ACAD_REACTORS
330
2A
102
}
330
2A
100
AcDbVisualStyle
  2
Realistic
 70
     8
177
     3
291
     0
 70
    58
 90
        2
176
     1
 90
        3
176
     1
 90
        0
176
     1
 90
        2
176
     1
 40
0.6
176
     1
 40
30.0
176
     1
 62
     7
420
 16777215
176
     1
 90
        0
176
     1
 90
        0
176
     1
 62
     7
176
     1
 62
   257
176
     1
 90
        1
176
     1
 90
        1
176
     1
 40
1.0
176
     1
 90
        8
176
     1
 62
   257
176
     1
 40
1.0
176
     1
 90
        1
176
     1
 90
        6
176
     1
 90
        2
176
     1
 62
     7
176
     1
 90
        3
176
     1
 90
        0
176
     1
 90
        0
176
     1
290
     0
176
     1
 90
       13
176
     1
 40
0.0
176
     1
 90
        0
176
     1
290
     0
176
     1
290
     1
176
     1
290
     1
176
     1
290
     0
176
     1
290
     0
176
     1
290
     0
176
     1
290
     0
176
     1
290
     0
176
     1
290
     0
176
     1
 90
       50
176
     1
 40
0.0
176
     1
 40
1.0
176
     1
 90
        0
176
     1
 62
    18
420
        0
176
     1
 90
       50
176
     1
 90
        3
176
     1
 62
     5
420
      255
176
     1
290
     0
176
     1
 90
       50
176
     1
 90
       50
176
     1
 90
       50
176
     1
290
     0
176
     1
 90
       50
176
     1
 62
   256
176
     0
 40
1.0
176
     0
 90
        2
176
     1
  1
strokes_ogs.tif
176
     1
290
     0
176
     1
 40
1.0
176
     1
 40
1.0
176
     1
  0
VISUALSTYLE
  5
42
102
{ACAD_REACTORS
330
2A
102
}
330
2A
100
AcDbVisualStyle
  2
Shaded
 70
    27
177
     3
291
     0
 70
    58
 90
        2
176
     1
 90
        2
176
     1
 90
        1
176
     1
 90
        2
176
     1
 40
0.6
176
     1
 40
30.0
176
     1
 62
     7
420
 16777215
176
     1
 90
        0
176
     1
 90
        4
176
     1
 62
     7
176
     1
 62
   257
176
     1
 90
        1
176
     1
 90
        1
176
     1
 40
1.0
176
     1
 90
        8
176
     1
 62
   257
176
     1
 40
1.0
176
     1
 90
        1
176
     1
 90
        6
176
     1
 90
        2
176
     1
 62
     8
420
  7895160
176
     1
 90
        3
176
     1
 90
        0
176
     1
 90
        0
176
     1
290
     0
176
     1
 90
        5
176
     1
 40
0.0
176
     1
 90
        0
176
     1
290
     0
176
     1
290
     1
176
     1
290
     1
176
     1
290
     0
176
     1
290
     0
176
     1
290
     0
176
     1
290
     0
176
     1
290
     0
176
     1
290
     0
176
     1
 90
       50
176
     1
 40
0.0
176
     1
 40
1.0
176
     1
 90
        0
176
     1
 62
    18
420
        0
176
     1
 90
       50
176
     1
 90
        3
176
     1
 62
     5
420
      255
176
     1
290
     0
176
     1
 90
       50
176
     1
 90
       50
176
     1
 90
       50
176
     1
290
     0
176
     1
 90
       50
176
     1
 62
   256
176
     0
 40
1.0
176
     0
 90
        2
176
     1
  1
strokes_ogs.tif
176
     1
290
     0
176
     1
 40
1.0
176
     1
 40
1.0
176
     1
  0
VISUALSTYLE
  5
41
102
{ACAD_REACTORS
330
2A
102
}
330
2A
100
AcDbVisualStyle
  2
Shaded with edges
 70
    26
177
     3
291
     0
 70
    58
 90
        2
176
     1
 90
        2
176
     1
 90
        1
176
     1
 90
        2
176
     1
 40
0.6
176
     1
 40
30.0
176
     1
 62
     7
420
 16777215
176
     1
 90
        1
176
     1
 90
       10
176
     1
 62
     7
176
     1
 62
   257
176
     1
 90
        2
176
     1
 90
        1
176
     1
 40
1.0
176
     1
 90
        8
176
     1
 62
   257
176
     1
 40
1.0
176
     1
 90
        1
176
     1
 90
        6
176
     1
 90
        2
176
     1
 62
     7
176
     1
 90
        3
176
     1
 90
        0
176
     1
 90
        0
176
     1
290
     0
176
     1
 90
        5
176
     1
 40
0.0
176
     1
 90
        0
176
     1
290
     0
176
     1
290
     1
176
     1
290
     1
176
     1
290
     0
176
     1
290
     0
176
     1
290
     0
176
     1
290
     0
176
     1
290
     0
176
     1
290
     0
176
     1
 90
       50
176
     1
 40
0.0
176
     1
 40
1.0
176
     1
 90
        0
176
     1
 62
    18
420
        0
176
     1
 90
       50
176
     1
 90
        3
176
     1
 62
     5
420
      255
176
     1
290
     0
176
     1
 90
       50
176
     1
 90
       50
176
     1
 90
       50
176
     1
290
     0
176
     1
 90
       50
176
     1
 62
   256
176
     0
 40
1.0
176
     0
 90
        2
176
     1
  1
strokes_ogs.tif
176
     1
290
     0
176
     1
 40
1.0
176
     1
 40
1.0
176
     1
  0
VISUALSTYLE
  5
3E
102
{ACAD_REACTORS
330
2A
102
}
330
2A
100
AcDbVisualStyle
  2
Shades of Gray
 70
    23
177
     3
291
     0
 70
    58
 90
        2
176
     1
 90
        2
176
     1
 90
        3
176
     1
 90
        0
176
     1
 40
0.6
176
     1
 40
30.0
176
     1
 62
     7
420
 16777215
176
     1
 90
        2
176
     1
 90
        2
176
     1
 62
     7
176
     1
 62
     7
176
     1
 90
        1
176
     1
 90
        1
176
     1
 40
40.0
176
     1
 90
        8
176
     1
 62
     7
176
     1
 40
1.0
176
     1
 90
        1
176
     1
 90
        6
176
     1
 90
        2
176
     1
 62
     7
176
     1
 90
        3
176
     1
 90
        0
176
     1
 90
        0
176
     1
290
     0
176
     1
 90
        1
176
     1
 40
0.0
176
     1
 90
        0
176
     1
290
     0
176
     1
290
     1
176
     1
290
     1
176
     1
290
     0
176
     1
290
     0
176
     1
290
     0
176
     1
290
     0
176
     1
290
     0
176
     1
290
     0
176
     1
 90
       50
176
     1
 40
0.0
176
     1
 40
1.0
176
     1
 90
        0
176
     1
 62
    18
420
        0
176
     1
 90
       50
176
     1
 90
        3
176
     1
 62
     5
420
      255
176
     1
290
     0
176
     1
 90
       50
176
     1
 90
       50
176
     1
 90
       50
176
     1
290
     0
176
     1
 90
       50
176
     1
 62
   256
176
     0
 40
1.0
176
     0
 90
        2
176
     1
  1
strokes_ogs.tif
176
     1
290
     0
176
     1
 40
1.0
176
     1
 40
1.0
176
     1
  0
VISUALSTYLE
  5
3F
102
{ACAD_REACTORS
330
2A
102
}
330
2A
100
AcDbVisualStyle
  2
Sketchy
 70
    24
177
     3
291
     0
 70
    58
 90
        1
176
     1
 90
        2
176
     1
 90
        2
176
     1
 90
        0
176
     1
 40
0.6
176
     1
 40
30.0
176
     1
 62
     7
420
 16777215
176
     1
 90
        2
176
     1
 90
        2
176
     1
 62
     7
176
     1
 62
     7
176
     1
 90
        1
176
     1
 90
        1
176
     1
 40
40.0
176
     1
 90
       11
176
     1
 62
     7
176
     1
 40
1.0
176
     1
 90
        1
176
     1
 90
        6
176
     1
 90
        2
176
     1
 62
     7
176
     1
 90
        6
176
     1
 90
        0
176
     1
 90
        0
176
     1
290
     0
176
     1
 90
        1
176
     1
 40
0.0
176
     1
 90
        0
176
     1
290
     0
176
     1
290
     1
176
     1
290
     1
176
     1
290
     0
176
     1
290
     0
176
     1
290
     0
176
     1
290
     0
176
     1
290
     0
176
     1
290
     0
176
     1
 90
       50
176
     1
 40
0.0
176
     1
 40
1.0
176
     1
 90
        0
176
     1
 62
    18
420
        0
176
     1
 90
       50
176
     1
 90
        3
176
     1
 62
     5
420
      255
176
     1
290
     0
176
     1
 90
       50
176
     1
 90
       50
176
     1
 90
       50
176
     1
290
     0
176
     1
 90
       50
176
     1
 62
   256
176
     0
 40
1.0
176
     0
 90
        2
176
     1
  1
strokes_ogs.tif
176
     1
290
     0
176
     1
 40
1.0
176
     1
 40
1.0
176
     1
  0
VISUALSTYLE
  5
37
102
{ACAD_REACTORS
330
2A
102
}
330
2A
100
AcDbVisualStyle
  2
Thicken
 70
    13
177
     3
291
     1
 70
    58
 90
        2
176
     1
 90
        2
176
     1
 90
        0
176
     1
 90
        0
176
     1
 40
0.6
176
     1
 40
30.0
176
     1
 62
     7
420
 16777215
176
     1
 90
        1
176
     1
 90
        4
176
     1
 62
     7
176
     1
 62
   257
176
     1
 90
        1
176
     1
 90
        1
176
     1
 40
1.0
176
     1
 90
       12
176
     1
 62
     7
176
     1
 40
1.0
176
     1
 90
        1
176
     1
 90
        6
176
     1
 90
        2
176
     1
 62
     7
176
     1
 90
        5
176
     1
 90
        0
176
     1
 90
        0
176
     1
290
     0
176
     1
 90
        1
176
     1
 40
0.0
176
     1
 90
        0
176
     1
290
     0
176
     1
290
     1
176
     1
290
     1
176
     1
290
     0
176
     1
290
     0
176
     1
290
     0
176
     1
290
     0
176
     1
290
     0
176
     1
290
     0
176
     1
 90
       50
176
     1
 40
0.0
176
     1
 40
1.0
176
     1
 90
        0
176
     1
 62
    18
420
        0
176
     1
 90
       50
176
     1
 90
        3
176
     1
 62
     5
420
      255
176
     1
290
     0
176
     1
 90
       50
176
     1
 90
       50
176
     1
 90
       50
176
     1
290
     0
176
     1
 90
       50
176
     1
 62
   256
176
     0
 40
1.0
176
     0
 90
        2
176
     1
  1
strokes_ogs.tif
176
     1
290
     0
176
     1
 40
1.0
176
     1
 40
1.0
176
     1
  0
VISUALSTYLE
  5
30
102
{ACAD_REACTORS
330
2A
102
}
330
2A
100
AcDbVisualStyle
  2
Wireframe
 70
     5
177
     3
291
     0
 70
    58
 90
        0
176
     1
 90
        2
176
     1
 90
        0
176
     1
 90
        0
176
     1
 40
0.6
176
     1
 40
30.0
176
     1
 62
     7
420
 16777215
176
     1
 90
        1
176
     1
 90
        4
176
     1
 62
     7
176
     1
 62
   257
176
     1
 90
        1
176
     1
 90
        1
176
     1
 40
1.0
176
     1
 90
        0
176
     1
 62
   257
176
     1
 40
1.0
176
     1
 90
        1
176
     1
 90
        6
176
     1
 90
        2
176
     1
 62
     7
176
     1
 90
        3
176
     1
 90
        0
176
     1
 90
        0
176
     1
290
     0
176
     1
 90
        1
176
     1
 40
0.0
176
     1
 90
        0
176
     1
290
     0
176
     1
290
     1
176
     1
290
     1
176
     1
290
     0
176
     1
290
     0
176
     1
290
     0
176
     1
290
     0
176
     1
290
     0
176
     1
290
     0
176
     1
 90
       50
176
     1
 40
0.0
176
     1
 40
1.0
176
     1
 90
        0
176
     1
 62
    18
420
        0
176
     1
 90
       50
176
     1
 90
        3
176
     1
 62
     5
420
      255
176
     1
290
     0
176
     1
 90
       50
176
     1
 90
       50
176
     1
 90
       50
176
     1
290
     0
176
     1
 90
       50
176
     1
 62
   256
176
     0
 40
1.0
176
     0
 90
        2
176
     1
  1
strokes_ogs.tif
176
     1
290
     0
176
     1
 40
1.0
176
     1
 40
1.0
176
     1
  0
VISUALSTYLE
  5
40
102
{ACAD_REACTORS
330
2A
102
}
330
2A
100
AcDbVisualStyle
  2
X-Ray
 70
    25
177
     3
291
     0
 70
    58
 90
        2
176
     1
 90
        2
176
     1
 90
        1
176
     1
 90
        1
176
     1
 40
0.5
176
     1
 40
30.0
176
     1
 62
     7
420
 16777215
176
     1
 90
        1
176
     1
 90
        0
176
     1
 62
     7
176
     1
 62
   257
176
     1
 90
        1
176
     1
 90
        1
176
     1
 40
1.0
176
     1
 90
        8
176
     1
 62
     7
176
     1
 40
1.0
176
     1
 90
        1
176
     1
 90
        6
176
     1
 90
        2
176
     1
 62
     7
176
     1
 90
        3
176
     1
 90
        0
176
     1
 90
        0
176
     1
290
     0
176
     1
 90
       13
176
     1
 40
0.0
176
     1
 90
        0
176
     1
290
     0
176
     1
290
     1
176
     1
290
     1
176
     1
290
     0
176
     1
290
     0
176
     1
290
     0
176
     1
290
     0
176
     1
290
     0
176
     1
290
     0
176
     1
 90
       50
176
     1
 40
0.0
176
     1
 40
1.0
176
     1
 90
        0
176
     1
 62
    18
420
        0
176
     1
 90
       50
176
     1
 90
        3
176
     1
 62
     5
420
      255
176
     1
290
     0
176
     1
 90
       50
176
     1
 90
       50
176
     1
 90
       50
176
     1
290
     0
176
     1
 90
       50
176
     1
 62
   256
176
     0
 40
1.0
176
     0
 90
        2
176
     1
  1
strokes_ogs.tif
176
     1
290
     0
176
     1
 40
1.0
176
     1
 40
1.0
176
     1
  0
DICTIONARYVAR
  5
337
102
{ACAD_REACTORS
330
336
102
}
330
336
100
DictionaryVariables
280
     0
  1
1:1
  0
DICTIONARYVAR
  5
341
102
{ACAD_REACTORS
330
336
102
}
330
336
100
DictionaryVariables
280
     0
  1
3.500000
  0
DICTIONARYVAR
  5
342
102
{ACAD_REACTORS
330
336
102
}
330
336
100
DictionaryVariables
280
     0
  1
acadiso.lin
  0
DICTIONARYVAR
  5
33E
102
{ACAD_REACTORS
330
336
102
}
330
336
100
DictionaryVariables
280
     0
  1
Standard
  0
DICTIONARYVAR
  5
33D
102
{ACAD_REACTORS
330
336
102
}
330
336
100
DictionaryVariables
280
     0
  1
Standard
  0
XRECORD
  5
111
102
{ACAD_REACTORS
330
110
102
}
330
110
100
AcDbXrecord
280
     1
1000

1000
CAXA_DRAFT_CURRENTBOMSTYLE
1000
标准
  0
XRECORD
  5
113
102
{ACAD_REACTORS
330
110
102
}
330
110
100
AcDbXrecord
280
     1
1000

1000
CAXA_DRAFT_BOMSTYLE
1000
GB(4458.2-2003)
1000

1041
7.0
1071
        0
1071
     1011
1041
1.66
1041
0.5
1071
1090519039
1071
1090519039
1071
1090519039
1071
1090519039
1041
3.5
1000
标准
1000
Continuous
1041
0.5
1071
        4
1041
0.5
1071
        4
1041
0.5
1071
        4
1041
0.5
1071
        4
1041
0.5
1071
        4
1041
0.25
1071
        3
1041
0.5
1071
        4
1041
0.5
1071
        4
1041
0.5
1071
        4
1041
0.5
1071
        4
1041
0.5
1071
        4
1041
0.25
1071
        3
1070
     0
1071
       10
1000
序号
1000
IndexID
1000

1071
       10
1071
       16
1070
     2
1070
     0
1041
0.0
1041
0.0
1041
0.0
1041
8.0
1041
14.0
1041
1.66
1041
0.5
1041
5.0
1000
标准
1071
        4
1070
     3
1071
     1001
1000
代号
1000
PCPNo
1000

1071
       10
1071
       32
1070
     2
1070
     0
1041
8.0
1041
0.0
1041
0.0
1041
40.0
1041
14.0
1041
1.66
1041
0.5
1041
5.0
1000
标准
1071
        4
1070
     3
1071
     1002
1000
名称
1000
PCPName
1000

1071
       10
1071
       32
1070
     2
1070
     0
1041
48.0
1041
0.0
1041
0.0
1041
44.0
1041
14.0
1041
1.66
1041
0.5
1041
5.0
1000
标准
1071
        4
1070
     3
1071
     1003
1000
数量
1000
Amount
1000

1071
        3
1071
       32
1070
     2
1070
     0
1041
92.0
1041
0.0
1041
0.0
1041
8.0
1041
14.0
1041
1.66
1041
0.5
1041
5.0
1000
标准
1071
        4
1070
     3
1071
     1004
1000
材料
1000
MaterialName
1000

1071
       10
1071
       32
1070
     2
1070
     0
1041
100.0
1041
0.0
1041
0.0
1041
38.0
1041
14.0
1041
1.66
1041
0.5
1041
5.0
1000
标准
1071
        4
1070
     3
1071
     1005
1000
重量
1000

1000

1071
        7
1071
       32
1070
     2
1070
     0
1041
138.0
1041
0.0
1041
0.0
1041
22.0
1041
7.0
1041
1.66
1041
0.5
1041
3.5
1000
标准
1071
        4
1070
     3
1071
     1006
1000
单件
1000
Weight
1000

1071
        7
1071
       32
1070
     2
1070
     1
1041
138.0
1041
7.0
1041
0.0
1041
10.0
1041
7.0
1041
1.66
1041
0.5
1041
3.5
1000
标准
1071
        4
1070
     3
1071
     1007
1000
总计
1000
TWeight
1000

1071
        7
1071
       32
1070
     2
1070
     1
1041
148.0
1041
7.0
1041
0.0
1041
12.0
1041
7.0
1041
1.66
1041
0.5
1041
3.5
1000
标准
1071
        4
1070
     3
1071
     1008
1000
备注
1000
Remark
1000

1071
       10
1071
       50
1070
     2
1070
     0
1041
160.0
1041
0.0
1041
0.0
1041
20.0
1041
14.0
1041
1.66
1041
0.5
1041
5.0
1000
标准
1071
        4
1070
     3
1071
     1009
1000
来源
1000
Source
1000

1071
       10
1071
       32
1070
     2
1070
     0
1041
180.0
1041
0.0
1041
0.0
1041
0.0
1041
14.0
1041
1.66
1041
0.5
1041
5.0
1000
标准
1071
        4
1070
     3
1071
     1010
1071
1090519039
1071
1090519039
1071
1090519039
1071
        1
1071
        7
1000
代号
1000
名称
1000
材料
1000
单件
1000
总计
1000
备注
1000
来源
1071
        1
1000
数量
1071
1090519039
1041
1.75
1041
0.875
1041
1.2
1041
1.2
1041
1.75
1041
0.875
1041
1.2
1041
1.2
  0
XRECORD
  5
112
102
{ACAD_REACTORS
330
110
102
}
330
110
100
AcDbXrecord
280
     1
1000

1000
CAXA_DRAFT_BOMSTYLE
1000
标准
1000

1041
7.0
1071
        0
1071
     1011
1041
1.66
1041
0.5
1071
1090519039
1071
1090519039
1071
1090519039
1071
1090519039
1041
3.5
1000
标准
1000
Continuous
1041
0.5
1071
        4
1041
0.5
1071
        4
1041
0.5
1071
        4
1041
0.5
1071
        4
1041
0.5
1071
        4
1041
0.25
1071
        3
1041
0.5
1071
        4
1041
0.5
1071
        4
1041
0.5
1071
        4
1041
0.5
1071
        4
1041
0.5
1071
        4
1041
0.25
1071
        3
1070
     0
1071
       10
1000
序号
1000
IndexID
1000

1071
       10
1071
       16
1070
     2
1070
     0
1041
0.0
1041
0.0
1041
0.0
1041
8.0
1041
14.0
1041
1.66
1041
0.5
1041
5.0
1000
标准
1071
        4
1070
     3
1071
     1001
1000
代号
1000
PCPNo
1000

1071
       10
1071
       32
1070
     2
1070
     0
1041
8.0
1041
0.0
1041
0.0
1041
40.0
1041
14.0
1041
1.66
1041
0.5
1041
5.0
1000
标准
1071
        4
1070
     3
1071
     1002
1000
名称
1000
PCPName
1000

1071
       10
1071
       32
1070
     2
1070
     0
1041
48.0
1041
0.0
1041
0.0
1041
44.0
1041
14.0
1041
1.66
1041
0.5
1041
5.0
1000
标准
1071
        4
1070
     3
1071
     1003
1000
数量
1000
Amount
1000

1071
        3
1071
       32
1070
     2
1070
     0
1041
92.0
1041
0.0
1041
0.0
1041
8.0
1041
14.0
1041
1.66
1041
0.5
1041
5.0
1000
标准
1071
        4
1070
     3
1071
     1004
1000
材料
1000
MaterialName
1000

1071
       10
1071
       32
1070
     2
1070
     0
1041
100.0
1041
0.0
1041
0.0
1041
38.0
1041
14.0
1041
1.66
1041
0.5
1041
5.0
1000
标准
1071
        4
1070
     3
1071
     1005
1000
重量
1000

1000

1071
        7
1071
       32
1070
     2
1070
     0
1041
138.0
1041
0.0
1041
0.0
1041
22.0
1041
7.0
1041
1.66
1041
0.5
1041
3.5
1000
标准
1071
        4
1070
     3
1071
     1006
1000
单件
1000
Weight
1000

1071
        7
1071
       32
1070
     2
1070
     1
1041
138.0
1041
7.0
1041
0.0
1041
10.0
1041
7.0
1041
1.66
1041
0.5
1041
3.5
1000
标准
1071
        4
1070
     3
1071
     1007
1000
总计
1000
TWeight
1000

1071
        7
1071
       32
1070
     2
1070
     1
1041
148.0
1041
7.0
1041
0.0
1041
12.0
1041
7.0
1041
1.66
1041
0.5
1041
3.5
1000
标准
1071
        4
1070
     3
1071
     1008
1000
备注
1000
Remark
1000

1071
       10
1071
       50
1070
     2
1070
     0
1041
160.0
1041
0.0
1041
0.0
1041
20.0
1041
14.0
1041
1.66
1041
0.5
1041
5.0
1000
标准
1071
        4
1070
     3
1071
     1009
1000
来源
1000
Source
1000

1071
       10
1071
       32
1070
     2
1070
     0
1041
180.0
1041
0.0
1041
0.0
1041
0.0
1041
14.0
1041
1.66
1041
0.5
1041
5.0
1000
标准
1071
        4
1070
     3
1071
     1010
1071
1090519039
1071
1090519039
1071
1090519039
1071
        1
1071
        7
1000
代号
1000
名称
1000
材料
1000
单件
1000
总计
1000
备注
1000
来源
1071
        1
1000
数量
1071
1090519039
1041
1.75
1041
0.875
1041
1.2
1041
1.2
1041
1.75
1041
0.875
1041
1.2
1041
1.2
  0
XRECORD
  5
105
102
{ACAD_REACTORS
330
104
102
}
330
104
100
AcDbXrecord
280
     1
1000

1000
CAXA_DRAFT_CURRENTCUTSSTYLE
1000
标准
  0
XRECORD
  5
107
102
{ACAD_REACTORS
330
104
102
}
330
104
100
AcDbXrecord
280
     1
1000

1000
CAXA_DRAFT_CUTSSTYLE
1000
GB(17452-1998)
1000

1071
1090519039
1041
0.3499999940395355
1041
5.0
1000
标准
1070
     1
1041
4.0
1071
1090519039
1070
     0
1070
     0
1071
1090519039
1041
3.5
1070
     1
1041
1.0
1070
     0
1000
Dash Dot
1071
        1
  0
XRECORD
  5
106
102
{ACAD_REACTORS
330
104
102
}
330
104
100
AcDbXrecord
280
     1
1000

1000
CAXA_DRAFT_CUTSSTYLE
1000
标准
1000

1071
1090519039
1041
0.3499999940395355
1041
5.0
1000
标准
1070
     1
1041
4.0
1071
1090519039
1070
     0
1070
     0
1071
1090519039
1041
3.5
1070
     1
1041
1.0
1070
     0
1000
Dash Dot
1071
        1
  0
XRECORD
  5
109
102
{ACAD_REACTORS
330
108
102
}
330
108
100
AcDbXrecord
280
     1
1000

1000
CAXA_DRAFT_CUTSSTYLEOVERRIDE
1070
     0
1070
     0
1070
     0
1070
     0
1070
     0
1070
     0
1070
     0
1070
     0
1070
     0
1070
     0
1070
     0
1070
     0
1070
     0
1070
     0
1070
     0
1070
     0
1070
     0
  0
XRECORD
  5
117
102
{ACAD_REACTORS
330
116
102
}
330
116
100
AcDbXrecord
280
     1
1000

1000
CAXA_DRAFT_DATATABLE*Model_Space
1071
      101
1071
        2
1071
        0
1071
        0
1071
        0
1071
        9
1000
序号
1071
     1001
1000
代号
1071
     1002
1000
名称
1071
     1003
1000
数量
1071
     1004
1000
材料
1071
     1005
1000
单件
1071
     1007
1000
总计
1071
     1008
1000
备注
1071
     1009
1000
来源
1071
     1010
1000
序号
1070
     1
1000

1070
     1
1000

1070
     1
1000

1070
     1
1000

1070
     1
1071
        0
1071
        7
1000
代号
1000
名称
1000
材料
1000
单件
1000
总计
1000
备注
1000
来源
1071
        1
1000
数量
1071
        0
1000

1000

1070
     1
1000
标准
1071
        0
1071
        0
  0
XRECORD
  5
327
102
{ACAD_REACTORS
330
326
102
}
330
326
100
AcDbXrecord
280
     1
1000

1000
CAXA_DRAFT_DATATABLE*Paper_Space
1071
      101
1071
        2
1071
        0
1071
        0
1071
        0
1071
        9
1000
序号
1071
     1001
1000
代号
1071
     1002
1000
名称
1071
     1003
1000
数量
1071
     1004
1000
材料
1071
     1005
1000
单件
1071
     1007
1000
总计
1071
     1008
1000
备注
1071
     1009
1000
来源
1071
     1010
1000
序号
1070
     1
1000

1070
     1
1000

1070
     1
1000

1070
     1
1000

1070
     1
1071
        0
1071
        7
1000
代号
1000
名称
1000
材料
1000
单件
1000
总计
1000
备注
1000
来源
1071
        1
1000
数量
1071
        0
1000

1000

1070
     1
1000
标准
1071
        0
1071
        0
  0
XRECORD
  5
FF
102
{ACAD_REACTORS
330
FE
102
}
330
FE
100
AcDbXrecord
280
     1
1000

1000
CAXA_DRAFT_CURRENTDATUMSTYLE
1000
标准
  0
XRECORD
  5
101
102
{ACAD_REACTORS
330
FE
102
}
330
FE
100
AcDbXrecord
280
     1
1000

1000
CAXA_DRAFT_DATUMSTYLE
1000
GB(1182-2008)
1000

1070
     2
1071
1090519039
1071
1090519039
1041
3.5
1041
1.0
1000
标准
1000
标准
1071
1090519039
1070
     0
1041
0.0
1071
        1
1071
1090519039
1070
     1
1071
        1
  0
XRECORD
  5
100
102
{ACAD_REACTORS
330
FE
102
}
330
FE
100
AcDbXrecord
280
     1
1000

1000
CAXA_DRAFT_DATUMSTYLE
1000
标准
1000

1070
     2
1071
1090519039
1071
1090519039
1041
3.5
1041
1.0
1000
标准
1000
标准
1071
1090519039
1070
     0
1041
0.0
1071
        1
1071
1090519039
1070
     1
1071
        1
  0
XRECORD
  5
103
102
{ACAD_REACTORS
330
102
102
}
330
102
100
AcDbXrecord
280
     1
1000

1000
CAXA_DRAFT_DATUMSTYLEOVERRIDE
1070
     0
1070
     0
1070
     0
1070
     0
1070
     0
1070
     0
1070
     0
1070
     0
1070
     0
1070
     0
1070
     0
1070
     0
1070
     0
1070
     0
1070
     0
1070
     0
  0
XRECORD
  5
32B
102
{ACAD_REACTORS
330
32A
102
}
330
32A
100
AcDbXrecord
280
     1
1000

1000
CAXA_DRAFT_DIMSTYLE_ANGTXTVPOS
1070
     0
  0
XRECORD
  5
32F
102
{ACAD_REACTORS
330
32E
102
}
330
32E
100
AcDbXrecord
280
     1
1000

1000
CAXA_DRAFT_DIMSTYLE_ISDISPZEROTOL
1070
     0
  0
XRECORD
  5
32D
102
{ACAD_REACTORS
330
32C
102
}
330
32C
100
AcDbXrecord
280
     1
1000

1000
CAXA_DRAFT_DIMSTYLE_ISFILLDFM
1070
     1
  0
XRECORD
  5
331
102
{ACAD_REACTORS
330
330
102
}
330
330
100
AcDbXrecord
280
     1
1000

1000
CAXA_DRAFT_DIMSTYLE_SYMBOLCOLOR
1071
1090519039
  0
XRECORD
  5
333
102
{ACAD_REACTORS
330
332
102
}
330
332
100
AcDbXrecord
280
     1
1000
CAXA_DRAFT_DRAFTDATA
1071
     1085
1004
0800000030002E003000000026000000430061007800610044007200610066007400200044006F00630075006D0065006E00740000001A000000310037002E0030002E0030002E003100340030003000390000005C00000043006F007000790072006900670068007400200028006300290020003200300032003100200043
1004
004100580041002E00200041006C006C0020007200690067006800740073002000720065007300650072007600650064002E000000548667577412174CBF3357B8F4EF26120000000000000000000000000000000000000000E9070C00020010000D0039000300AD0201000000000000000000000000000000000000000000
1004
00
1004
00000000000000000000000000000000000000000000000000000000000000000000000000000000000000000000000000000000000000000000000000000000000000000000000000000000000000000000000000000000000000000000000000000000000000000000000000000000000000000000000000000000000000
1004
00000000000000000000004E0000008F00E60027008500C300EB0026008600C000FE0021008100C300E7003D008700B700E20027009E00B600950023008000D900E6002700F100CC0095002400F600B200E10026008200C600AE000000020000000E00000041007500740068006F00720000000C0000007700660065006900
1004
30
1004
0000001E000000500072006F006400750063007400560065007200730069006F006E0000000A000000320032002E0030000000000000000800000030002E0030000000000000000000000000000000000000000000000000000000000000000000000000000000000000000000000000000000000000000000000000000000
1004
00000000000000000000000000000000000000000000000000000000000000000000000000000000000000000000000000000000000000000000000000000000000000000000000000000000000000000000000000000000000000000000000000000000000000000800000030002E00300000000000000000000000000000
1004
00
1004
00000000000000000000000000000000000000000000000000000000000000000000000000000000000000000000000000000000000000000000000000000000000000000000000000000000000000000000000000000000000000000000000000000000000000000000000000000000000000000000000000000000000000
1004
0000000000000000000000000000000000000000000800000030002E003000000000000000000000000000000000000000000000000000000000000000000000000000000000000000000000000000000000000000000000000000000000000000000000000000000000000000000000000000000000000000000000000000
1004
00
1004
0000000000000000000000000000000000000000000000000000000000000000000000000000000000000000000000000000000000000000000000000000000000
  0
XRECORD
  5
D1
102
{ACAD_REACTORS
330
D0
102
}
330
D0
100
AcDbXrecord
280
     1
1000
CAXA_DRAFT_FILEVERSION
1000
17.0.0.14009
1000
10.1.0.000
1000
18.0.0.000.20170220
  0
XRECORD
  5
F9
102
{ACAD_REACTORS
330
F8
102
}
330
F8
100
AcDbXrecord
280
     1
1000

1000
CAXA_DRAFT_CURRENTGEOTOLSTYLE
1000
标准
  0
XRECORD
  5
FB
102
{ACAD_REACTORS
330
F8
102
}
330
F8
100
AcDbXrecord
280
     1
1000

1000
CAXA_DRAFT_GEOTOLSTYLE
1000
GB(1182-2008)
1000

1000
标准
1000
标准
1070
     1
1070
     0
1070
     0
1070
     0
1070
     1
1070
     0
1070
     3
1000
.
1070
     0
1070
     1
1070
     0
1070
     0
1070
     0
1070
     3
1041
1.0
1000
.
1070
     0
1070
     1
1070
     0
1000
Continuous
1071
1090519039
1071
1090519039
1041
3.5
1071
1090519039
1041
1.0
1071
1090519039
1071
        1
1070
     0
1070
     0
  0
XRECORD
  5
FA
102
{ACAD_REACTORS
330
F8
102
}
330
F8
100
AcDbXrecord
280
     1
1000

1000
CAXA_DRAFT_GEOTOLSTYLE
1000
标准
1000

1000
标准
1000
标准
1070
     1
1070
     0
1070
     0
1070
     0
1070
     1
1070
     0
1070
     3
1000
.
1070
     0
1070
     1
1070
     0
1070
     0
1070
     0
1070
     3
1041
1.0
1000
.
1070
     0
1070
     1
1070
     0
1000
Continuous
1071
1090519039
1071
1090519039
1041
3.5
1071
1090519039
1041
1.0
1071
1090519039
1071
        1
1070
     0
1070
     0
  0
XRECORD
  5
FD
102
{ACAD_REACTORS
330
FC
102
}
330
FC
100
AcDbXrecord
280
     1
1000

1000
CAXA_DRAFT_GEOTOLSTYLEOVERRIDE
1070
     0
1070
     0
1070
     0
1070
     0
1070
     0
1070
     0
1070
     0
1070
     0
1070
     0
1070
     0
1070
     0
1070
     0
1070
     0
1070
     0
1070
     0
1070
     0
1070
     0
1070
     0
1070
     0
1070
     0
1070
     0
1070
     0
1070
     0
1070
     0
1070
     0
1070
     0
1070
     0
1070
     0
1070
     0
1070
     0
  0
XRECORD
  5
EA
102
{ACAD_REACTORS
330
E9
102
}
330
E9
100
AcDbXrecord
280
     1
1000

1000
CAXA_DRAFT_CURRENTLEADERSTYLE
1000
标准
  0
XRECORD
  5
EB
102
{ACAD_REACTORS
330
E9
102
}
330
E9
100
AcDbXrecord
280
     1
1000

1000
CAXA_DRAFT_LEADERSTYLE
1000
标准
1000

1070
     1
1041
4.0
1041
0.0
1041
0.0
1041
3.5
1000
Continuous
1071
1090519039
1041
3.5
1070
     1
  0
XRECORD
  5
10B
102
{ACAD_REACTORS
330
10A
102
}
330
10A
100
AcDbXrecord
280
     1
1000

1000
CAXA_DRAFT_CURRENTPARTNOSTYLE
1000
标准
  0
XRECORD
  5
10D
102
{ACAD_REACTORS
330
10A
102
}
330
10A
100
AcDbXrecord
280
     1
1000

1000
CAXA_DRAFT_PARTNOSTYLE
1000
GB(4458.2-2003)
1000

1071
        0
1000
标准
1000
ByLayer
1041
5.0
1041
0.5
1071
        3
1041
2.0
1041
5.0
1041
10.0
1041
1.2
1041
1.1
1041
1.1
1071
        0
1000

1071
       -1
1071
       -1
1041
4.0
1041
1.0
1041
0.7
1041
0.9
1071
        1
1071
        1
1000
序号
1071
        1
1071
        2
1000

1000

1041
1.0
1071
        1
  0
XRECORD
  5
10C
102
{ACAD_REACTORS
330
10A
102
}
330
10A
100
AcDbXrecord
280
     1
1000

1000
CAXA_DRAFT_PARTNOSTYLE
1000
标准
1000

1071
        0
1000
标准
1000
ByLayer
1041
5.0
1041
0.5
1071
        3
1041
2.0
1041
5.0
1041
10.0
1041
1.2
1041
1.1
1041
1.1
1071
        0
1000

1071
       -1
1071
       -1
1041
4.0
1041
1.0
1041
0.7
1041
0.9
1071
        1
1071
        1
1000
序号
1071
        1
1071
        2
1000

1000

1041
1.0
1071
        1
  0
XRECORD
  5
10F
102
{ACAD_REACTORS
330
10E
102
}
330
10E
100
AcDbXrecord
280
     1
1000

1000
CAXA_DRAFT_PARTNOSTYLEOVERRIDE
1070
     0
1070
     0
1070
     0
1070
     0
1070
     0
1070
     0
1070
     0
1070
     0
1070
     0
1070
     0
1070
     0
1070
     0
1070
     0
1070
     0
1070
     0
1070
     0
  0
XRECORD
  5
F3
102
{ACAD_REACTORS
330
F2
102
}
330
F2
100
AcDbXrecord
280
     1
1000

1000
CAXA_DRAFT_CURRENTROUGHSTYLE
1000
标准
  0
XRECORD
  5
F5
102
{ACAD_REACTORS
330
F2
102
}
330
F2
100
AcDbXrecord
280
     1
1000

1000
CAXA_DRAFT_ROUGHSTYLE
1000
GB(131-93)
1000

1000
标准
1000
标准
1000
Continuous
1071
1090519039
1071
1090519039
1041
3.5
1041
1.0
1041
0.0
1071
        0
1041
0.0
1071
        0
1071
        1
1070
     1
1070
     0
1070
     0
  0
XRECORD
  5
F4
102
{ACAD_REACTORS
330
F2
102
}
330
F2
100
AcDbXrecord
280
     1
1000

1000
CAXA_DRAFT_ROUGHSTYLE
1000
标准
1000

1000
标准
1000
标准
1000
Continuous
1071
1090519039
1071
1090519039
1041
3.5
1041
1.0
1041
0.0
1071
        0
1041
0.0
1071
        0
1071
        1
1070
     1
1070
     0
1070
     0
  0
XRECORD
  5
F7
102
{ACAD_REACTORS
330
F6
102
}
330
F6
100
AcDbXrecord
280
     1
1000

1000
CAXA_DRAFT_ROUGHSTYLEOVERRIDE
1070
     0
1070
     0
1070
     0
1070
     0
1070
     0
1070
     0
1070
     0
1070
     0
1070
     0
1070
     0
1070
     0
1070
     0
  0
XRECORD
  5
335
102
{ACAD_REACTORS
330
334
102
}
330
334
100
AcDbXrecord
280
     1
1000
CAXA_DRAFT_STDDATA
1071
     5732
1004
1A000000310037002E0030002E0030002E003100340030003000390000001A0000002A005300740061006E0064006100720064004D006700720000003700000001000000000000000000F03F000000000100000006000000470042000000080000002A004700420000003800000006000000470042000000FFFF0000000080
1004
002B00000000008000E3FFFFFF0000000000000C40FFFFFF40010000000000000000001040FFFFFF4004000000FFFFFF40FFFF000000000C000000470042005F003A5CF85B0000060000000768C65100000D00000062180AC173A1D341AC13A517A280BD85100000002A00440049004D005300540044000000390000000100
1004
00
1004
00259DF64A6F542643BFC74B8B1F6D71FA020000000000020000000000000080002B0000000000010000000000010000000000010000000000010000000000020000000000010000000000010000000000010000000000010000000000020000000000FFFF000000000000244000000000000028400C000000470042005F00
1004
3A5CF85B0000020000000000C6214C6C6E2B124B990DDA77D01DDBDA140000002A0052004F0055004700480053005400440000003B00000001000000708C6003FCA6F84FA01B1854F3AD4C2918000000470042002F00540020003100330031002D0039003300000018000000470042002F00540020003100330031002D0039
1004
00
1004
33000000000080002F00000002000000020000000200000001000000020000000000FFFF09000000000000000400000030000000010000000100000004000000300000000100000002000000040000003000000001000000030000000400000030000000010000000400000004000000300000000100000006000000040000
1004
00300000000100000007000000040000003000000001000000080000000400000030000000010000000A000000040000003000000001000000160000004700420028003100330031002D00390033002900000018000000470042002F00540020003100330031002D003900330000005F702C7848A26047AA45EF6977F15D81
1004
12
1004
0000002A00570045004C00440053005400440000003D0000000100000009176A59B4AD5D40A81D3C0A9D8CD0312C0000004700420020003300320034002D00380038002C00200047004200200035003100380035002D003800350000002C0000004700420020003300320034002D00380038002C0020004700420020003500
1004
3100380035002D00380035000000000080002E0000000400000001000000190000000000000001000000FFFF0A0000007753B98F0A711D7F0000000000000100000001000000FFFF0A0000004900625F0A711D7F0000000000000200000001000000FFFF0A0000005600625F0A711D7F0000000000000300000001000000FF
1004
FF
1004
0E0000005553B98F5600625F0A711D7F0000000000000400000001000000FFFF10000000265E9D94B98F5600625F0A711D7F0000000000000500000001000000FFFF14000000265E9D94B98F5553B98F5600625F0A711D7F0000000000000600000001000000FFFF10000000265E9D94B98F5500625F0A711D7F0000000000
1004
000700000001000000FFFF10000000265E9D94B98F4A00625F0A711D7F0000000000000800000001000000FFFF0A000000015C955E0A711D7F0000000000000900000001000000FFFF08000000D2890A711D7F0000000000000A00000001000000FFFF100000005E580A711D7F1662FD690A711D7F0000000000000B000000
1004
01
1004
000000FFFF08000000B9700A711D7F0000000000000C00000001000000FFFF14000000B9700A711D7F28004F50BB792D4EC35F29000000000000000D00000001000000FFFF080000001D7F0A711D7F0000000000000E00000001000000FFFF140000001D7F0A711D7F28004F50BB792D4EC35F2900000000000000E8030000
1004
01000000FFFF120000006196A74F56008B576157E35306580A71000000000000E903000001000000FFFF160000005553B98F6196A74F56008B576157E35306580A71000000000000EA03000001000000FFFF0A000000EF7AA5630A711D7F000000000000EB03000001000000FFFF0A0000009862E053A563E3530000000000
1004
00
1004
EC03000001000000FFFF0A0000003E509C650A711D7F000000000000ED03000001000000FFFF0A00000006580A71A5633459000000000000EE03000001000000FFFF0A0000003E509C65A5633459000000000000F203000001000000FFFF0C000000EF53FB7964966C88AB57000000000000F303000001000000FFFF0A0000
1004
000163454E6C88AB57000000000000F403000001000000FFFF0C000000EF53FB7964966C88AB5700000000000002000000090000000000000001000000FFFF100000002C7B004ECD79735E6297267BF7530000000000000100000001000000FFFF100000002C7B8C4ECD79735E6297267BF753000000000000020000000100
1004
00
1004
00FFFF100000002C7B094ECD79735E6297267BF7530000000000000300000001000000FFFF100000002C7B004ECD79F9516297267BF7530000000000000400000001000000FFFF100000002C7B8C4ECD79F9516297267BF7530000000000000500000001000000FFFF100000002C7B004ECD79F8516297267BF75300000000
1004
00000600000001000000FFFF100000002C7B8C4ECD79F8516297267BF753000000000000F003000001000000FFFF0E000000BE8DE890735ED16EC78F216E000000000000F103000001000000FFFF0A0000004A52735E0A711D7F00000000000020000000090000000100000001000000FFFF0C000000265EAB577F67267BF7
1004
53
1004
0000000000000200000001000000FFFF0E000000094E62970A711D7F267BF7530000000000000400000001000000FFFF0E0000006854F4560A711D7F267BF7530000000000000800000001000000FFFF0A000000B0733A57267BF7530000000000001000000001000000FFFF0A0000003E5CE890267BF75300000000000020
1004
00000001000000FFFF12000000A44E1995AD65ED7E0A71A563267BF7530000000000004000000001000000FFFF0E000000094E62970A711D7F267BF7530000000000008000000001000000FFFF0E000000094E62970A711D7F267BF7530000000000000001000001000000FFFF0E000000094E62970A711D7F267BF7530000
1004
00
1004
00000040000000050000001000000001000000FFFF0C0000008755ED53625F0A711D7F0000000000001100000001000000FFFF100000005553B98F8755ED53625F0A711D7F0000000000001200000001000000FFFF0800000006580A711D7F0000000000001300000001000000FFFF0A0000000195B98F0A711D7F00000000
1004
00001400000001000000FFFF0A0000000195B98F6157E353000000000000160000004700420028003300320034002D0038003800290000002C0000004700420020003300320034002D00380038002C00200047004200200035003100380035002D0038003500000082D93BE9997F4041881A19EB1C8F9D46160000002A0047
1004
00
1004
45004F0054004F004C0053005400440000003F00000001000000DA579D9AD23AC242B38B91F0E32D71C81E000000470042002F005400200031003100380032002D00320030003000380000001E000000470042002F005400200031003100380032002D0032003000300038000000000080003000000002000000010000000E
1004
0000000000000001000000FFFF08000000F476BF7EA65E00000200000000000100000001000000FFFF08000000735E6297A65E00000200000000000200000001000000FFFF060000000657A65E00000200000000000300000001000000FFFF080000000657F167A65E00000200000000000400000001000000FFFF0A000000
1004
BF
1004
7E6E8FD35EA65E00000200000000000500000001000000FFFF0A00000062976E8FD35EA65E00000200000000000600000001000000FFFF08000000735E4C88A65E00000200000000000700000001000000FFFF080000008257F476A65E00000200000000000800000001000000FFFF080000003E509C65A65E000002000000
1004
00000900000001000000FFFF060000004D4F6E7F00000200000000000A00000001000000FFFF080000000C54748FA65E00000200000000000B00000001000000FFFF08000000F95BF079A65E00000200000000000C00000001000000FFFF080000000657F38DA85200000200000000000D00000001000000FFFF0800000068
1004
51
1004
F38DA85200000200000000000200000006000000FFFFFFFF01000000FFFF0E000000006727599E5B534F8189426C0000040000006D000000FFFFFFFF01000000FFFF0C000000F65E384F6C51EE5D265E00000400000070000000FFFFFFFF01000000FFFF0E00000000670F5C9E5B534F8189426C0000040000006C000000FF
1004
FFFFFF01000000FFFF0E000000EA813175B67201606167F64E00000400000066000000FFFFFFFF01000000FFFF0A0000000553B95B8189426C00000400000065000000FFFFFFFF01000000FFFF100000000D4E038051867972815F3A5CF85B000004000000720000001C00000047004200280031003100380032002D003200
1004
30
1004
0030003800290000001E000000470042002F005400200031003100380032002D00320030003000380000009C9ED3E9A127ED45BC38BDB2527851D1140000002A0044004100540055004D0053005400440000004100000001000000ABFD65BDD14B5A469C00E35FDA50A4141E000000470042002F0054002000310031003800
1004
32002D00320030003000380000001E000000470042002F005400200031003100380032002D003200300030003800000000008000310000001C00000047004200280031003100380032002D003200300030003800290000001E000000470042002F005400200031003100380032002D0032003000300038000000F527A1CFE2
1004
A4
1004
C24B8D50B0822447D51C120000002A004300550054005300530054004400000043000000010000000230145DFF6B0A4FAD5D7DE6F4E1A14220000000470042002F0054002000310037003400350032002D003100390039003800000020000000470042002F0054002000310037003400350032002D00310039003900380000
1004
00FFFF000000000000000000008000320000001E000000470042002800310037003400350032002D0031003900390038002900000020000000470042002F0054002000310037003400350032002D0031003900390038000000B4471AD2BD196342BD5B37F15E7019F5160000002A0050004100520054004E004F0053005400
1004
44
1004
0000004500000001000000C538618EBE14A64387B54D2A0BE42DC522000000470042002F005400200034003400350038002E0032002D003200300030003300000022000000470042002F005400200034003400350038002E0032002D0032003000300033000000FFFF02000000000080003300000020000000470042002800
1004
34003400350038002E0032002D0032003000300033002900000022000000470042002F005400200034003400350038002E0032002D0032003000300033000000B283886E965F1540BDADBD78F4779C6C100000002A0042004F004D00530054004400000047000000010000009E16704288DD1145BE6AD6C7BD512A9D220000
1004
00
1004
470042002F005400200034003400350038002E0032002D003200300030003300000022000000470042002F005400200034003400350038002E0032002D0032003000300033000000040000000100000001000000010000000100000001000000FFFF0100000000000100000001000000010000000100000001000000010000
1004
0001000000010000000100000000008000340000002000000047004200280034003400350038002E0032002D0032003000300033002900000022000000470042002F005400200034003400350038002E0032002D00320030003000330000004D03C971A7683844874BB3EDB2ECE4A11E0000002A00430045004E0054004500
1004
52
1004
004C0049004E00450053005400440000004900000001000000239CCD5064AB684FAAFCCD0171048ABB22000000470042002F005400200034003400350037002E0034002D003200300030003200000022000000470042002F005400200034003400350037002E0034002D003200300030003200000000000000000000000000
1004
0840333333333333F33FFFFF22000000470042002F005400200034003400350037002E0034002D003200300030003200000060E27056119B2C499C7549322AC316521E0000002A00440045005400410049004C00560049004500570053005400440000004B00000001000000FD693F42D5F0B04C9524885E6901AEBF1C0000
1004
00
1004
470042002F0054002000310034003600390030002D003900330000001C000000470042002F0054002000310034003600390030002D003900330000000000000000008000E3FFFFFF020000000000000000000C40FFFFFF4000008000F3FFFFFFFFFFFFFF0100000000000000000000000000104000000000060000000768C6
1004
51000010000000420079004C00610079006500720000001C000000470042002F0054002000310034003600390030002D00390033000000378324DF0EC65241979A18E3709AB2491A0000002A0048004F004C0045004C0049005300540053005400440000004D000000010000009FAC568DC972D34C8EDE1697EA2C4F3B0200
1004
00
1004
00000002000000000000000000000000000000000000000000000000000000000000000000000000000000040000000000000005000000020000000000010000000000000000002440000000000000010000000000000000000000020000000500000004000000580000000200000000000000000034400000000000000100
1004
0000010000000000000002000000050000000400000059000000030000000000000000003440000000000000010000000100000000000000020000000500000006000000545B845F0000040000000000000000003940000000000000010000000100000000000000020000000000589549FE22248744AF67DF08A8858E931C
1004
00
1004
00002A00440049004D004C004500410044004500520053005400440000004F000000010000009CB4A305A33EE242B7971B4FE93D0C5122000000470042002F005400200034003400350038002E0034002D003100390038003400000022000000470042002F005400200034003400350038002E0034002D0031003900380034
1004
000000FFFF010000000000000000001040FFFFFF400000000000000840FFFFFF4000000000000080002C0000001C000000470042005F00155FFA51F48B0E66280031003900380034002900000022000000470042002F005400200034003400350038002E0034002D003100390038003400000081C6337BDA0E9143B488CF0D
1004
53
1004
7FA318140000002A0054004100500045005200530054004400000051000000010000004AE75D8F20808C438F29EBD0D2D3A2CB44000000470042002F005400200034003400350038002E0034002D0032003000300033002C002000470042002F0054002000310035003700350034002D003100390039003500000044000000
1004
470042002F005400200034003400350038002E0034002D0032003000300033002C002000470042002F0054002000310035003700350034002D00310039003900350000000000000000000000040000003A000000010000000000000000001040FFFFFF400000000000000840FFFFFF40000080002D00000018000000470042
1004
00
1004
5F002595A65E280032003000300033002900000044000000470042002F005400200034003400350038002E0034002D0032003000300033002C002000470042002F0054002000310035003700350034002D0031003900390035000000100000002A00440049004D00530054004400000006000000470042000000
  0
XRECORD
  5
ED
102
{ACAD_REACTORS
330
EC
102
}
330
EC
100
AcDbXrecord
280
     1
1000

1000
CAXA_DRAFT_CURRENTWELDSTYLE
1000
标准
  0
XRECORD
  5
EF
102
{ACAD_REACTORS
330
EC
102
}
330
EC
100
AcDbXrecord
280
     1
1000

1000
CAXA_DRAFT_WELDSTYLE
1000
GB(324-88)
1000

1000
标准
1000
标准
1041
0.3
1070
     0
1041
1.0
1041
0.5
1041
3.5
1041
1.0
1071
1090519039
1071
1090519039
1000
Dash
1041
0.0
1071
        0
1071
        1
1071
1090519039
  0
XRECORD
  5
EE
102
{ACAD_REACTORS
330
EC
102
}
330
EC
100
AcDbXrecord
280
     1
1000

1000
CAXA_DRAFT_WELDSTYLE
1000
标准
1000

1000
标准
1000
标准
1041
0.3
1070
     0
1041
1.0
1041
0.5
1041
3.5
1041
1.0
1071
1090519039
1071
1090519039
1000
Dash
1041
0.0
1071
        0
1071
        1
1071
1090519039
  0
XRECORD
  5
F1
102
{ACAD_REACTORS
330
F0
102
}
330
F0
100
AcDbXrecord
280
     1
1000

1000
CAXA_DRAFT_WELDSTYLEOVERRIDE
1070
     0
1070
     0
1070
     0
1070
     0
1070
     0
1070
     0
1070
     0
1070
     0
1070
     0
1070
     0
1070
     0
1070
     0
1070
     0
1070
     0
  0
DICTIONARY
  5
338
330
5A
100
AcDbDictionary
280
     1
281
     1
  3
ACAD_ROUNDTRIP_2008_TABLESTYLE_CELLSTYLEMAP
360
339
  0
DICTIONARY
  5
33A
330
115
100
AcDbDictionary
280
     1
281
     1
  3
ACAD_ROUNDTRIP_2008_TABLESTYLE_CELLSTYLEMAP
360
33B
  0
CELLSTYLEMAP
  5
339
102
{ACAD_REACTORS
330
338
102
}
330
338
100
AcDbCellStyleMap
 90
        3
300
CELLSTYLE
  1
TABLEFORMAT_BEGIN
 90
        5
170
     1
 91
        0
 92
    32768
 62
   257
 93
        1
300
CONTENTFORMAT
  1
CONTENTFORMAT_BEGIN
 90
        0
 91
        0
 92
        0
 93
        0
300

 40
0.0
140
1.0
 94
        5
 62
     0
340
11
144
6.0
309
CONTENTFORMAT_END
171
     1
301
MARGIN
  1
CELLMARGIN_BEGIN
 40
1.5
 40
1.5
 40
1.5
 40
1.5
 40
1.5
 40
1.5
309
CELLMARGIN_END
 94
        6
 95
        1
302
GRIDFORMAT
  1
GRIDFORMAT_BEGIN
 90
        0
 91
        1
 62
     0
 92
       -2
340
14
 93
        0
 40
0.045
309
GRIDFORMAT_END
 95
        2
302
GRIDFORMAT
  1
GRIDFORMAT_BEGIN
 90
        0
 91
        1
 62
     0
 92
       -2
340
14
 93
        0
 40
0.045
309
GRIDFORMAT_END
 95
        4
302
GRIDFORMAT
  1
GRIDFORMAT_BEGIN
 90
        0
 91
        1
 62
     0
 92
       -2
340
14
 93
        0
 40
0.045
309
GRIDFORMAT_END
 95
        8
302
GRIDFORMAT
  1
GRIDFORMAT_BEGIN
 90
        0
 91
        1
 62
     0
 92
       -2
340
14
 93
        0
 40
0.045
309
GRIDFORMAT_END
 95
       16
302
GRIDFORMAT
  1
GRIDFORMAT_BEGIN
 90
        0
 91
        1
 62
     0
 92
       -2
340
14
 93
        0
 40
0.045
309
GRIDFORMAT_END
 95
       32
302
GRIDFORMAT
  1
GRIDFORMAT_BEGIN
 90
        0
 91
        1
 62
     0
 92
       -2
340
14
 93
        0
 40
0.045
309
GRIDFORMAT_END
309
TABLEFORMAT_END
  1
CELLSTYLE_BEGIN
 90
        1
 91
        1
300
_TITLE
309
CELLSTYLE_END
300
CELLSTYLE
  1
TABLEFORMAT_BEGIN
 90
        5
170
     1
 91
        0
 92
        0
 62
   257
 93
        1
300
CONTENTFORMAT
  1
CONTENTFORMAT_BEGIN
 90
        0
 91
        0
 92
        0
 93
        0
300

 40
0.0
140
1.0
 94
        5
 62
     0
340
11
144
4.5
309
CONTENTFORMAT_END
171
     1
301
MARGIN
  1
CELLMARGIN_BEGIN
 40
1.5
 40
1.5
 40
1.5
 40
1.5
 40
1.5
 40
1.5
309
CELLMARGIN_END
 94
        6
 95
        1
302
GRIDFORMAT
  1
GRIDFORMAT_BEGIN
 90
        0
 91
        1
 62
     0
 92
       -2
340
14
 93
        0
 40
0.045
309
GRIDFORMAT_END
 95
        2
302
GRIDFORMAT
  1
GRIDFORMAT_BEGIN
 90
        0
 91
        1
 62
     0
 92
       -2
340
14
 93
        0
 40
0.045
309
GRIDFORMAT_END
 95
        4
302
GRIDFORMAT
  1
GRIDFORMAT_BEGIN
 90
        0
 91
        1
 62
     0
 92
       -2
340
14
 93
        0
 40
0.045
309
GRIDFORMAT_END
 95
        8
302
GRIDFORMAT
  1
GRIDFORMAT_BEGIN
 90
        0
 91
        1
 62
     0
 92
       -2
340
14
 93
        0
 40
0.045
309
GRIDFORMAT_END
 95
       16
302
GRIDFORMAT
  1
GRIDFORMAT_BEGIN
 90
        0
 91
        1
 62
     0
 92
       -2
340
14
 93
        0
 40
0.045
309
GRIDFORMAT_END
 95
       32
302
GRIDFORMAT
  1
GRIDFORMAT_BEGIN
 90
        0
 91
        1
 62
     0
 92
       -2
340
14
 93
        0
 40
0.045
309
GRIDFORMAT_END
309
TABLEFORMAT_END
  1
CELLSTYLE_BEGIN
 90
        2
 91
        1
300
_HEADER
309
CELLSTYLE_END
300
CELLSTYLE
  1
TABLEFORMAT_BEGIN
 90
        5
170
     1
 91
        0
 92
        0
 62
   257
 93
        1
300
CONTENTFORMAT
  1
CONTENTFORMAT_BEGIN
 90
        0
 91
        0
 92
        0
 93
        0
300

 40
0.0
140
1.0
 94
        2
 62
     0
340
11
144
4.5
309
CONTENTFORMAT_END
171
     1
301
MARGIN
  1
CELLMARGIN_BEGIN
 40
1.5
 40
1.5
 40
1.5
 40
1.5
 40
1.5
 40
1.5
309
CELLMARGIN_END
 94
        6
 95
        1
302
GRIDFORMAT
  1
GRIDFORMAT_BEGIN
 90
        0
 91
        1
 62
     0
 92
       -2
340
14
 93
        0
 40
0.045
309
GRIDFORMAT_END
 95
        2
302
GRIDFORMAT
  1
GRIDFORMAT_BEGIN
 90
        0
 91
        1
 62
     0
 92
       -2
340
14
 93
        0
 40
0.045
309
GRIDFORMAT_END
 95
        4
302
GRIDFORMAT
  1
GRIDFORMAT_BEGIN
 90
        0
 91
        1
 62
     0
 92
       -2
340
14
 93
        0
 40
0.045
309
GRIDFORMAT_END
 95
        8
302
GRIDFORMAT
  1
GRIDFORMAT_BEGIN
 90
        0
 91
        1
 62
     0
 92
       -2
340
14
 93
        0
 40
0.045
309
GRIDFORMAT_END
 95
       16
302
GRIDFORMAT
  1
GRIDFORMAT_BEGIN
 90
        0
 91
        1
 62
     0
 92
       -2
340
14
 93
        0
 40
0.045
309
GRIDFORMAT_END
 95
       32
302
GRIDFORMAT
  1
GRIDFORMAT_BEGIN
 90
        0
 91
        1
 62
     0
 92
       -2
340
14
 93
        0
 40
0.045
309
GRIDFORMAT_END
309
TABLEFORMAT_END
  1
CELLSTYLE_BEGIN
 90
        3
 91
        2
300
_DATA
309
CELLSTYLE_END
  0
CELLSTYLEMAP
  5
33B
102
{ACAD_REACTORS
330
33A
102
}
330
33A
100
AcDbCellStyleMap
 90
        3
300
CELLSTYLE
  1
TABLEFORMAT_BEGIN
 90
        5
170
     1
 91
        0
 92
    32768
 62
   257
 93
        1
300
CONTENTFORMAT
  1
CONTENTFORMAT_BEGIN
 90
        0
 91
        0
 92
        0
 93
        0
300

 40
0.0
140
1.0
 94
        5
 62
     0
340
DE
144
6.0
309
CONTENTFORMAT_END
171
     1
301
MARGIN
  1
CELLMARGIN_BEGIN
 40
1.5
 40
1.5
 40
1.5
 40
1.5
 40
0.06
 40
0.06
309
CELLMARGIN_END
 94
        6
 95
        1
302
GRIDFORMAT
  1
GRIDFORMAT_BEGIN
 90
        0
 91
        1
 62
     0
 92
       -2
340
14
 93
        0
 40
0.045
309
GRIDFORMAT_END
 95
        2
302
GRIDFORMAT
  1
GRIDFORMAT_BEGIN
 90
        0
 91
        1
 62
     0
 92
       -2
340
14
 93
        0
 40
0.045
309
GRIDFORMAT_END
 95
        4
302
GRIDFORMAT
  1
GRIDFORMAT_BEGIN
 90
        0
 91
        1
 62
     0
 92
       -2
340
14
 93
        0
 40
0.045
309
GRIDFORMAT_END
 95
        8
302
GRIDFORMAT
  1
GRIDFORMAT_BEGIN
 90
        0
 91
        1
 62
     0
 92
       -2
340
14
 93
        0
 40
0.045
309
GRIDFORMAT_END
 95
       16
302
GRIDFORMAT
  1
GRIDFORMAT_BEGIN
 90
        0
 91
        1
 62
     0
 92
       -2
340
14
 93
        0
 40
0.045
309
GRIDFORMAT_END
 95
       32
302
GRIDFORMAT
  1
GRIDFORMAT_BEGIN
 90
        0
 91
        1
 62
     0
 92
       -2
340
14
 93
        0
 40
0.045
309
GRIDFORMAT_END
309
TABLEFORMAT_END
  1
CELLSTYLE_BEGIN
 90
        1
 91
        0
300
_TITLE
309
CELLSTYLE_END
300
CELLSTYLE
  1
TABLEFORMAT_BEGIN
 90
        5
170
     1
 91
        0
 92
        0
 62
   257
 93
        1
300
CONTENTFORMAT
  1
CONTENTFORMAT_BEGIN
 90
        0
 91
        0
 92
        0
 93
        0
300

 40
0.0
140
1.0
 94
        5
 62
     0
340
DE
144
4.5
309
CONTENTFORMAT_END
171
     1
301
MARGIN
  1
CELLMARGIN_BEGIN
 40
1.5
 40
1.5
 40
1.5
 40
1.5
 40
0.06
 40
0.06
309
CELLMARGIN_END
 94
        6
 95
        1
302
GRIDFORMAT
  1
GRIDFORMAT_BEGIN
 90
        0
 91
        1
 62
     0
 92
       -2
340
14
 93
        0
 40
0.045
309
GRIDFORMAT_END
 95
        2
302
GRIDFORMAT
  1
GRIDFORMAT_BEGIN
 90
        0
 91
        1
 62
     0
 92
       -2
340
14
 93
        0
 40
0.045
309
GRIDFORMAT_END
 95
        4
302
GRIDFORMAT
  1
GRIDFORMAT_BEGIN
 90
        0
 91
        1
 62
     0
 92
       -2
340
14
 93
        0
 40
0.045
309
GRIDFORMAT_END
 95
        8
302
GRIDFORMAT
  1
GRIDFORMAT_BEGIN
 90
        0
 91
        1
 62
     0
 92
       -2
340
14
 93
        0
 40
0.045
309
GRIDFORMAT_END
 95
       16
302
GRIDFORMAT
  1
GRIDFORMAT_BEGIN
 90
        0
 91
        1
 62
     0
 92
       -2
340
14
 93
        0
 40
0.045
309
GRIDFORMAT_END
 95
       32
302
GRIDFORMAT
  1
GRIDFORMAT_BEGIN
 90
        0
 91
        1
 62
     0
 92
       -2
340
14
 93
        0
 40
0.045
309
GRIDFORMAT_END
309
TABLEFORMAT_END
  1
CELLSTYLE_BEGIN
 90
        2
 91
        0
300
_HEADER
309
CELLSTYLE_END
300
CELLSTYLE
  1
TABLEFORMAT_BEGIN
 90
        5
170
     1
 91
        0
 92
        0
 62
   257
 93
        1
300
CONTENTFORMAT
  1
CONTENTFORMAT_BEGIN
 90
        0
 91
        0
 92
        0
 93
        0
300

 40
0.0
140
1.0
 94
        2
 62
     0
340
DE
144
4.5
309
CONTENTFORMAT_END
171
     1
301
MARGIN
  1
CELLMARGIN_BEGIN
 40
1.5
 40
1.5
 40
1.5
 40
1.5
 40
0.06
 40
0.06
309
CELLMARGIN_END
 94
        6
 95
        1
302
GRIDFORMAT
  1
GRIDFORMAT_BEGIN
 90
        0
 91
        1
 62
     0
 92
       -2
340
14
 93
        0
 40
0.045
309
GRIDFORMAT_END
 95
        2
302
GRIDFORMAT
  1
GRIDFORMAT_BEGIN
 90
        0
 91
        1
 62
     0
 92
       -2
340
14
 93
        0
 40
0.045
309
GRIDFORMAT_END
 95
        4
302
GRIDFORMAT
  1
GRIDFORMAT_BEGIN
 90
        0
 91
        1
 62
     0
 92
       -2
340
14
 93
        0
 40
0.045
309
GRIDFORMAT_END
 95
        8
302
GRIDFORMAT
  1
GRIDFORMAT_BEGIN
 90
        0
 91
        1
 62
     0
 92
       -2
340
14
 93
        0
 40
0.045
309
GRIDFORMAT_END
 95
       16
302
GRIDFORMAT
  1
GRIDFORMAT_BEGIN
 90
        0
 91
        1
 62
     0
 92
       -2
340
14
 93
        0
 40
0.045
309
GRIDFORMAT_END
 95
       32
302
GRIDFORMAT
  1
GRIDFORMAT_BEGIN
 90
        0
 91
        1
 62
     0
 92
       -2
340
14
 93
        0
 40
0.045
309
GRIDFORMAT_END
309
TABLEFORMAT_END
  1
CELLSTYLE_BEGIN
 90
        3
 91
        0
300
_DATA
309
CELLSTYLE_END
  0
ENDSEC
  0
EOF
