  0
SECTION
  2
HEADER
  9
$ACADVER
  1
AC1021
  9
$ACADMAINTVER
 70
    25
  9
$DWGCODEPAGE
  3
ANSI_936
  9
$LASTSAVEDBY
  1
wfei0
  9
$INSBASE
 10
0.0
 20
0.0
 30
0.0
  9
$EXTMIN
 10
155.2791659569488
 20
427.725850040698
 30
0.0
  9
$EXTMAX
 10
667.7943812125151
 20
639.7824100035831
 30
0.0
  9
$LIMMIN
 10
0.0
 20
0.0
  9
$LIMMAX
 10
420.0
 20
297.0
  9
$ORTHOMODE
 70
     0
  9
$REGENMODE
 70
     1
  9
$FILLMODE
 70
     1
  9
$QTEXTMODE
 70
     0
  9
$MIRRTEXT
 70
     1
  9
$LTSCALE
 40
1.0
  9
$ATTMODE
 70
     1
  9
$TEXTSIZE
 40
2.5
  9
$TRACEWID
 40
1.0
  9
$TEXTSTYLE
  7
Standard
  9
$CLAYER
  8
0
  9
$CELTYPE
  6
ByLayer
  9
$CECOLOR
 62
   256
  9
$CELTSCALE
 40
1.0
  9
$DISPSILH
 70
     0
  9
$DIMSCALE
 40
1.0
  9
$DIMASZ
 40
2.5
  9
$DIMEXO
 40
0.625
  9
$DIMDLI
 40
3.75
  9
$DIMRND
 40
0.0
  9
$DIMDLE
 40
5.0
  9
$DIMEXE
 40
1.25
  9
$DIMTP
 40
0.0
  9
$DIMTM
 40
0.0
  9
$DIMTXT
 40
2.5
  9
$DIMCEN
 40
2.5
  9
$DIMTSZ
 40
0.0
  9
$DIMTOL
 70
     0
  9
$DIMLIM
 70
     0
  9
$DIMTIH
 70
     0
  9
$DIMTOH
 70
     0
  9
$DIMSE1
 70
     0
  9
$DIMSE2
 70
     0
  9
$DIMTAD
 70
     1
  9
$DIMZIN
 70
     8
  9
$DIMBLK
  1

  9
$DIMASO
 70
     1
  9
$DIMSHO
 70
     1
  9
$DIMPOST
  1

  9
$DIMAPOST
  1

  9
$DIMALT
 70
     0
  9
$DIMALTD
 70
     3
  9
$DIMALTF
 40
0.03937007874
  9
$DIMLFAC
 40
1.0
  9
$DIMTOFL
 70
     1
  9
$DIMTVP
 40
0.0
  9
$DIMTIX
 70
     0
  9
$DIMSOXD
 70
     0
  9
$DIMSAH
 70
     0
  9
$DIMBLK1
  1

  9
$DIMBLK2
  1

  9
$DIMSTYLE
  2
Standard
  9
$DIMCLRD
 70
     0
  9
$DIMCLRE
 70
     0
  9
$DIMCLRT
 70
     0
  9
$DIMTFAC
 40
1.0
  9
$DIMGAP
 40
0.625
  9
$DIMJUST
 70
     0
  9
$DIMSD1
 70
     0
  9
$DIMSD2
 70
     0
  9
$DIMTOLJ
 70
     1
  9
$DIMTZIN
 70
     8
  9
$DIMALTZ
 70
     0
  9
$DIMALTTZ
 70
     0
  9
$DIMUPT
 70
     0
  9
$DIMDEC
 70
     2
  9
$DIMTDEC
 70
     2
  9
$DIMALTU
 70
     2
  9
$DIMALTTD
 70
     3
  9
$DIMTXSTY
  7
Standard
  9
$DIMAUNIT
 70
     0
  9
$DIMADEC
 70
     0
  9
$DIMALTRND
 40
0.0
  9
$DIMAZIN
 70
     0
  9
$DIMDSEP
 70
    44
  9
$DIMATFIT
 70
     3
  9
$DIMFRAC
 70
     0
  9
$DIMLDRBLK
  1

  9
$DIMLUNIT
 70
     2
  9
$DIMLWD
 70
    -2
  9
$DIMLWE
 70
    -2
  9
$DIMTMOVE
 70
     0
  9
$DIMFXL
 40
1.0
  9
$DIMFXLON
 70
     0
  9
$DIMJOGANG
 40
0.7853981633974483
  9
$DIMTFILL
 70
     0
  9
$DIMTFILLCLR
 70
     0
  9
$DIMARCSYM
 70
     0
  9
$DIMLTYPE
  6
Continuous
  9
$DIMLTEX1
  6
Continuous
  9
$DIMLTEX2
  6
Continuous
  9
$LUNITS
 70
     2
  9
$LUPREC
 70
     4
  9
$SKETCHINC
 40
1.0
  9
$FILLETRAD
 40
0.0
  9
$AUNITS
 70
     0
  9
$AUPREC
 70
     0
  9
$MENU
  1
.
  9
$ELEVATION
 40
0.0
  9
$PELEVATION
 40
0.0
  9
$THICKNESS
 40
0.0
  9
$LIMCHECK
 70
     0
  9
$CHAMFERA
 40
0.0
  9
$CHAMFERB
 40
0.0
  9
$CHAMFERC
 40
0.0
  9
$CHAMFERD
 40
0.0
  9
$SKPOLY
 70
     0
  9
$TDCREATE
 40
2461026.585040509
  9
$TDUCREATE
 40
2461026.251707176
  9
$TDUPDATE
 40
2461026.585040914
  9
$TDUUPDATE
 40
2461026.251707581
  9
$TDINDWG
 40
0.0000000116
  9
$TDUSRTIMER
 40
0.0000000116
  9
$USRTIMER
 70
     1
  9
$ANGBASE
 50
0.0
  9
$ANGDIR
 70
     0
  9
$PDMODE
 70
     0
  9
$PDSIZE
 40
-5.0
  9
$PLINEWID
 40
0.0
  9
$SPLFRAME
 70
     0
  9
$SPLINETYPE
 70
     6
  9
$SPLINESEGS
 70
     8
  9
$HANDSEED
  5
3EA
  9
$SURFTAB1
 70
     6
  9
$SURFTAB2
 70
     6
  9
$SURFTYPE
 70
     6
  9
$SURFU
 70
     6
  9
$SURFV
 70
     6
  9
$UCSBASE
  2

  9
$UCSNAME
  2

  9
$UCSORG
 10
0.0
 20
0.0
 30
0.0
  9
$UCSXDIR
 10
1.0
 20
0.0
 30
0.0
  9
$UCSYDIR
 10
0.0
 20
1.0
 30
0.0
  9
$UCSORTHOREF
  2

  9
$UCSORTHOVIEW
 70
     0
  9
$UCSORGTOP
 10
0.0
 20
0.0
 30
0.0
  9
$UCSORGBOTTOM
 10
0.0
 20
0.0
 30
0.0
  9
$UCSORGLEFT
 10
0.0
 20
0.0
 30
0.0
  9
$UCSORGRIGHT
 10
0.0
 20
0.0
 30
0.0
  9
$UCSORGFRONT
 10
0.0
 20
0.0
 30
0.0
  9
$UCSORGBACK
 10
0.0
 20
0.0
 30
0.0
  9
$PUCSBASE
  2

  9
$PUCSNAME
  2

  9
$PUCSORG
 10
0.0
 20
0.0
 30
0.0
  9
$PUCSXDIR
 10
1.0
 20
0.0
 30
0.0
  9
$PUCSYDIR
 10
0.0
 20
1.0
 30
0.0
  9
$PUCSORTHOREF
  2

  9
$PUCSORTHOVIEW
 70
     0
  9
$PUCSORGTOP
 10
0.0
 20
0.0
 30
0.0
  9
$PUCSORGBOTTOM
 10
0.0
 20
0.0
 30
0.0
  9
$PUCSORGLEFT
 10
0.0
 20
0.0
 30
0.0
  9
$PUCSORGRIGHT
 10
0.0
 20
0.0
 30
0.0
  9
$PUCSORGFRONT
 10
0.0
 20
0.0
 30
0.0
  9
$PUCSORGBACK
 10
0.0
 20
0.0
 30
0.0
  9
$USERI1
 70
     0
  9
$USERI2
 70
     0
  9
$USERI3
 70
     0
  9
$USERI4
 70
     0
  9
$USERI5
 70
     0
  9
$USERR1
 40
0.0
  9
$USERR2
 40
0.0
  9
$USERR3
 40
0.0
  9
$USERR4
 40
0.0
  9
$USERR5
 40
0.0
  9
$WORLDVIEW
 70
     1
  9
$SHADEDGE
 70
     3
  9
$SHADEDIF
 70
    70
  9
$TILEMODE
 70
     1
  9
$MAXACTVP
 70
    64
  9
$PINSBASE
 10
0.0
 20
0.0
 30
0.0
  9
$PLIMCHECK
 70
     0
  9
$PEXTMIN
 10
1.000000000000000E+20
 20
1.000000000000000E+20
 30
1.000000000000000E+20
  9
$PEXTMAX
 10
-1.000000000000000E+20
 20
-1.000000000000000E+20
 30
-1.000000000000000E+20
  9
$PLIMMIN
 10
0.0
 20
0.0
  9
$PLIMMAX
 10
420.0
 20
297.0
  9
$UNITMODE
 70
     0
  9
$VISRETAIN
 70
     1
  9
$PLINEGEN
 70
     0
  9
$PSLTSCALE
 70
     1
  9
$TREEDEPTH
 70
  3020
  9
$CMLSTYLE
  2
Standard
  9
$CMLJUST
 70
     0
  9
$CMLSCALE
 40
20.0
  9
$PROXYGRAPHICS
 70
     1
  9
$MEASUREMENT
 70
     1
  9
$CELWEIGHT
370
    -1
  9
$ENDCAPS
280
     0
  9
$JOINSTYLE
280
     0
  9
$LWDISPLAY
290
     0
  9
$INSUNITS
 70
     4
  9
$HYPERLINKBASE
  1

  9
$STYLESHEET
  1

  9
$XEDIT
290
     1
  9
$CEPSNTYPE
380
     0
  9
$PSTYLEMODE
290
     1
  9
$FINGERPRINTGUID
  2
{132fdf09-4e5a-4b1f-b956-8adc01af51b1}
  9
$VERSIONGUID
  2
{FAEB1C32-E019-11D5-929B-00C0DF256EC4}
  9
$EXTNAMES
290
     1
  9
$PSVPSCALE
 40
0.0
  9
$OLESTARTUP
290
     0
  9
$SORTENTS
280
   127
  9
$INDEXCTL
280
     0
  9
$HIDETEXT
280
     1
  9
$XCLIPFRAME
290
     0
  9
$HALOGAP
280
     0
  9
$OBSCOLOR
 70
   257
  9
$OBSLTYPE
280
     0
  9
$INTERSECTIONDISPLAY
280
     0
  9
$INTERSECTIONCOLOR
 70
   257
  9
$DIMASSOC
280
     2
  9
$PROJECTNAME
  1

  9
$CAMERADISPLAY
290
     0
  9
$LENSLENGTH
 40
50.0
  9
$CAMERAHEIGHT
 40
0.0
  9
$STEPSPERSEC
 40
2.0
  9
$STEPSIZE
 40
6.0
  9
$3DDWFPREC
 40
2.0
  9
$PSOLWIDTH
 40
5.0
  9
$PSOLHEIGHT
 40
80.0
  9
$LOFTANG1
 40
1.570796326794897
  9
$LOFTANG2
 40
1.570796326794897
  9
$LOFTMAG1
 40
0.0
  9
$LOFTMAG2
 40
0.0
  9
$LOFTPARAM
 70
     7
  9
$LOFTNORMALS
280
     1
  9
$LATITUDE
 40
37.795
  9
$LONGITUDE
 40
-122.394
  9
$NORTHDIRECTION
 40
0.0
  9
$TIMEZONE
 70
 -8000
  9
$LIGHTGLYPHDISPLAY
280
     1
  9
$TILEMODELIGHTSYNCH
280
     1
  9
$CMATERIAL
347
44
  9
$SOLIDHIST
280
     0
  9
$SHOWHIST
280
     1
  9
$DWFFRAME
280
     2
  9
$DGNFRAME
280
     2
  9
$REALWORLDSCALE
290
     1
  9
$INTERFERECOLOR
 62
   256
  9
$CSHADOW
280
     0
  9
$SHADOWPLANELOCATION
 40
0.0
  0
ENDSEC
  0
SECTION
  2
CLASSES
  0
CLASS
  1
ACDBDICTIONARYWDFLT
  2
AcDbDictionaryWithDefault
  3
ObjectDBX Classes
 90
        0
 91
        3
280
     0
281
     0
  0
CLASS
  1
VISUALSTYLE
  2
AcDbVisualStyle
  3
ObjectDBX Classes
 90
     4095
 91
        3
280
     0
281
     0
  0
CLASS
  1
MATERIAL
  2
AcDbMaterial
  3
ObjectDBX Classes
 90
     1153
 91
        3
280
     0
281
     0
  0
CLASS
  1
SCALE
  2
AcDbScale
  3
ObjectDBX Classes
 90
     1153
 91
        3
280
     0
281
     0
  0
CLASS
  1
TABLESTYLE
  2
AcDbTableStyle
  3
ObjectDBX Classes
 90
     4095
 91
        3
280
     0
281
     0
  0
CLASS
  1
MLEADERSTYLE
  2
AcDbMLeaderStyle
  3
ACDB_MLEADERSTYLE_CLASS
 90
     4095
 91
        3
280
     0
281
     0
  0
CLASS
  1
SUN
  2
AcDbSun
  3
SCENEOE
 90
     1153
 91
        3
280
     0
281
     0
  0
CLASS
  1
WIPEOUTVARIABLES
  2
AcDbWipeoutVariables
  3
WipeOut|AutoCAD Express Tool|expresstools@autodesk.com
 90
        0
 91
        3
280
     0
281
     0
  0
CLASS
  1
DICTIONARYVAR
  2
AcDbDictionaryVar
  3
ObjectDBX Classes
 90
        0
 91
        3
280
     0
281
     0
  0
CLASS
  1
CELLSTYLEMAP
  2
AcDbCellStyleMap
  3
ObjectDBX Classes
 90
     1152
 91
        3
280
     0
281
     0
  0
ENDSEC
  0
SECTION
  2
TABLES
  0
TABLE
  2
VPORT
  5
8
330
0
100
AcDbSymbolTable
 70
     1
  0
VPORT
  5
29
330
8
100
AcDbSymbolTableRecord
100
AcDbViewportTableRecord
  2
*Active
 70
     0
 10
0.0
 20
0.0
 11
1.0
 21
1.0
 12
411.5367735847319
 22
533.7541300221405
 13
0.0
 23
0.0
 14
0.5
 24
0.5
 15
0.5
 25
0.5
 16
0.0
 26
0.0
 36
1.0
 17
0.0
 27
0.0
 37
0.0
 40
212.0565599628851
 41
2.41687979539642
 42
50.0
 43
0.0
 44
0.0
 50
0.0
 51
0.0
 71
     0
 72
   100
 73
     1
 74
     3
 75
     0
 76
     0
 77
     0
 78
     0
281
     0
 65
     1
110
0.0
120
0.0
130
0.0
111
1.0
121
0.0
131
0.0
112
0.0
122
1.0
132
0.0
 79
     0
146
0.0
348
2F
 60
     3
 61
     5
292
     1
282
     1
141
0.0
142
0.0
 63
   250
361
5D
  0
ENDTAB
  0
TABLE
  2
LTYPE
  5
5
330
0
100
AcDbSymbolTable
 70
     4
  0
LTYPE
  5
14
330
5
100
AcDbSymbolTableRecord
100
AcDbLinetypeTableRecord
  2
ByBlock
 70
     0
  3

 72
    65
 73
     0
 40
0.0
  0
LTYPE
  5
15
330
5
100
AcDbSymbolTableRecord
100
AcDbLinetypeTableRecord
  2
ByLayer
 70
     0
  3

 72
    65
 73
     0
 40
0.0
  0
LTYPE
  5
16
330
5
100
AcDbSymbolTableRecord
100
AcDbLinetypeTableRecord
  2
Continuous
 70
     0
  3
Solid line
 72
    65
 73
     0
 40
0.0
  0
LTYPE
  5
D2
330
5
100
AcDbSymbolTableRecord
100
AcDbLinetypeTableRecord
  2
虚线
 70
     0
  3
虚线: __ __ __ __ __ __ __ __ __ __ __ __ __
 72
    65
 73
     4
 40
18.0
 49
9.0
 74
     0
 49
-9.0
 74
     0
 49
0.0
 74
     0
 49
0.0
 74
     0
  0
LTYPE
  5
D3
330
5
100
AcDbSymbolTableRecord
100
AcDbLinetypeTableRecord
  2
点画线
 70
     0
  3
点画线: ____ . ____ . ____ . ____ . ____ . ____
 72
    65
 73
     6
 40
162.0
 49
108.0
 74
     0
 49
-18.0
 74
     0
 49
18.0
 74
     0
 49
-18.0
 74
     0
 49
0.0
 74
     0
 49
0.0
 74
     0
  0
LTYPE
  5
D4
330
5
100
AcDbSymbolTableRecord
100
AcDbLinetypeTableRecord
  2
双点画线
 70
     0
  3
双点画线: ____ . . ____ . . ____ . . ____ . . ____ 
 72
    65
 73
     6
 40
22.0
 49
12.0
 74
     0
 49
-2.0
 74
     0
 49
2.0
 74
     0
 49
-2.0
 74
     0
 49
2.0
 74
     0
 49
-2.0
 74
     0
  0
ENDTAB
  0
TABLE
  2
LAYER
  5
2
330
0
100
AcDbSymbolTable
 70
     9
  0
LAYER
  5
10
330
2
100
AcDbSymbolTableRecord
100
AcDbLayerTableRecord
  2
0
 70
     0
 62
     7
  6
Continuous
370
    18
390
F
347
46
1001
AcAecLayerStandard
1000

1000

  0
LAYER
  5
D6
330
2
100
AcDbSymbolTableRecord
100
AcDbLayerTableRecord
  2
中心线层
 70
     0
 62
     1
  6
点画线
370
    18
390
F
347
46
1001
AcAecLayerStandard
1000

1000

  0
LAYER
  5
D7
330
2
100
AcDbSymbolTableRecord
100
AcDbLayerTableRecord
  2
虚线层
 70
     0
 62
     6
  6
虚线
370
    18
390
F
347
46
1001
AcAecLayerStandard
1000

1000

  0
LAYER
  5
D8
330
2
100
AcDbSymbolTableRecord
100
AcDbLayerTableRecord
  2
细实线层
 70
     0
 62
     7
  6
Continuous
370
    18
390
F
347
46
1001
AcAecLayerStandard
1000

1000

  0
LAYER
  5
D9
330
2
100
AcDbSymbolTableRecord
100
AcDbLayerTableRecord
  2
粗实线层
 70
     0
 62
     7
  6
Continuous
370
    35
390
F
347
46
1001
AcAecLayerStandard
1000

1000

  0
LAYER
  5
DA
330
2
100
AcDbSymbolTableRecord
100
AcDbLayerTableRecord
  2
尺寸线层
 70
     0
 62
     3
  6
Continuous
370
    18
390
F
347
46
1001
AcAecLayerStandard
1000

1000

  0
LAYER
  5
DB
330
2
100
AcDbSymbolTableRecord
100
AcDbLayerTableRecord
  2
剖面线层
 70
     0
 62
     4
  6
Continuous
370
    18
390
F
347
46
1001
AcAecLayerStandard
1000

1000

  0
LAYER
  5
DC
330
2
100
AcDbSymbolTableRecord
100
AcDbLayerTableRecord
  2
隐藏层
 70
     0
 62
    -7
  6
Continuous
370
    18
390
F
347
46
1001
AcAecLayerStandard
1000

1000

  0
LAYER
  5
DD
330
2
100
AcDbSymbolTableRecord
100
AcDbLayerTableRecord
  2
Defpoints
 70
     0
 62
     7
  6
Continuous
290
     0
370
    18
390
F
347
46
1001
AcAecLayerStandard
1000

1000

  0
ENDTAB
  0
TABLE
  2
STYLE
  5
3
330
0
100
AcDbSymbolTable
 70
     2
  0
STYLE
  5
11
330
3
100
AcDbSymbolTableRecord
100
AcDbTextStyleTableRecord
  2
Standard
 70
     0
 40
0.0
 41
1.0
 50
0.0
 71
     0
 42
3.5
  3
txt
  4

1001
CAXA_DRAFT_TXTSTYLE
1041
0.0
1041
1.667
1001
ACAD
1000
宋体
1071
    34306
  0
STYLE
  5
DE
330
3
100
AcDbSymbolTableRecord
100
AcDbTextStyleTableRecord
  2
标准
 70
     0
 40
0.0
 41
0.667
 50
0.0
 71
     0
 42
2.5
  3

  4

1001
CAXA_DRAFT_TXTSTYLE
1041
0.1
1041
1.918
1001
ACAD
1000
宋体
1071
    34306
  0
ENDTAB
  0
TABLE
  2
VIEW
  5
6
330
0
100
AcDbSymbolTable
 70
     0
  0
ENDTAB
  0
TABLE
  2
UCS
  5
7
330
0
100
AcDbSymbolTable
 70
     0
  0
ENDTAB
  0
TABLE
  2
APPID
  5
9
330
0
100
AcDbSymbolTable
 70
   118
  0
APPID
  5
12
330
9
100
AcDbSymbolTableRecord
100
AcDbRegAppTableRecord
  2
ACAD
 70
     0
  0
APPID
  5
5E
330
9
100
AcDbSymbolTableRecord
100
AcDbRegAppTableRecord
  2
CAXA_DRAFT_PAPERORDER
 70
     0
  0
APPID
  5
5F
330
9
100
AcDbSymbolTableRecord
100
AcDbRegAppTableRecord
  2
CAXA_DRAFT_ROUGH
 70
     0
  0
APPID
  5
60
330
9
100
AcDbSymbolTableRecord
100
AcDbRegAppTableRecord
  2
CAXA_DRAFT_ROUGH_STD
 70
     0
  0
APPID
  5
61
330
9
100
AcDbSymbolTableRecord
100
AcDbRegAppTableRecord
  2
CAXA_DRAFT_FORMATED_TXT
 70
     0
  0
APPID
  5
62
330
9
100
AcDbSymbolTableRecord
100
AcDbRegAppTableRecord
  2
CAXA_DRAFT_DATUM
 70
     0
  0
APPID
  5
63
330
9
100
AcDbSymbolTableRecord
100
AcDbRegAppTableRecord
  2
CAXA_DRAFT_WELD
 70
     0
  0
APPID
  5
64
330
9
100
AcDbSymbolTableRecord
100
AcDbRegAppTableRecord
  2
CAXA_DRAFT_GEOTOL
 70
     0
  0
APPID
  5
65
330
9
100
AcDbSymbolTableRecord
100
AcDbRegAppTableRecord
  2
CAXA_DRAFT_CUTS
 70
     0
  0
APPID
  5
66
330
9
100
AcDbSymbolTableRecord
100
AcDbRegAppTableRecord
  2
CAXA_DRAFT_DIMHALF
 70
     0
  0
APPID
  5
67
330
9
100
AcDbSymbolTableRecord
100
AcDbRegAppTableRecord
  2
CAXA_DRAFT_DIMRAY
 70
     0
  0
APPID
  5
68
330
9
100
AcDbSymbolTableRecord
100
AcDbRegAppTableRecord
  2
CAXA_DRAFT_DIMARCLEN
 70
     0
  0
APPID
  5
69
330
9
100
AcDbSymbolTableRecord
100
AcDbRegAppTableRecord
  2
CAXA_DRAFT_DIMTAPER
 70
     0
  0
APPID
  5
6A
330
9
100
AcDbSymbolTableRecord
100
AcDbRegAppTableRecord
  2
CAXA_DRAFT_DIMPITCH
 70
     0
  0
APPID
  5
6B
330
9
100
AcDbSymbolTableRecord
100
AcDbRegAppTableRecord
  2
CAXA_DRAFT_DIMCOORD
 70
     0
  0
APPID
  5
6C
330
9
100
AcDbSymbolTableRecord
100
AcDbRegAppTableRecord
  2
CAXA_DRAFT_DIMORIALIGN
 70
     0
  0
APPID
  5
6D
330
9
100
AcDbSymbolTableRecord
100
AcDbRegAppTableRecord
  2
CAXA_DRAFT_DIMHOLEPOS
 70
     0
  0
APPID
  5
6E
330
9
100
AcDbSymbolTableRecord
100
AcDbRegAppTableRecord
  2
CAXA_DRAFT_DIMCRDLEADER
 70
     0
  0
APPID
  5
6F
330
9
100
AcDbSymbolTableRecord
100
AcDbRegAppTableRecord
  2
CAXA_DRAFT_DIMCHAMFER
 70
     0
  0
APPID
  5
70
330
9
100
AcDbSymbolTableRecord
100
AcDbRegAppTableRecord
  2
CAXA_DRAFT_DIMCENTERHOLE
 70
     0
  0
APPID
  5
71
330
9
100
AcDbSymbolTableRecord
100
AcDbRegAppTableRecord
  2
CAXA_DRAFT_DIMLEADER
 70
     0
  0
APPID
  5
72
330
9
100
AcDbSymbolTableRecord
100
AcDbRegAppTableRecord
  2
CAXA_DRAFT_DIMCRDLIST
 70
     0
  0
APPID
  5
73
330
9
100
AcDbSymbolTableRecord
100
AcDbRegAppTableRecord
  2
CAXA_DRAFT_PAPERSCALE
 70
     0
  0
APPID
  5
74
330
9
100
AcDbSymbolTableRecord
100
AcDbRegAppTableRecord
  2
CAXA_DRAFT_FILEVERSION
 70
     0
  0
APPID
  5
75
330
9
100
AcDbSymbolTableRecord
100
AcDbRegAppTableRecord
  2
CAXA_DRAFT_PRODUCTVERSION
 70
     0
  0
APPID
  5
76
330
9
100
AcDbSymbolTableRecord
100
AcDbRegAppTableRecord
  2
CAXA_DRAFT_DATATABLE
 70
     0
  0
APPID
  5
77
330
9
100
AcDbSymbolTableRecord
100
AcDbRegAppTableRecord
  2
CAXA_DRAFT_PAPERINFO
 70
     0
  0
APPID
  5
78
330
9
100
AcDbSymbolTableRecord
100
AcDbRegAppTableRecord
  2
CAXA_DRAFT_PAPERFRAME
 70
     0
  0
APPID
  5
79
330
9
100
AcDbSymbolTableRecord
100
AcDbRegAppTableRecord
  2
CAXA_DRAFT_PAPERTITLE
 70
     0
  0
APPID
  5
7A
330
9
100
AcDbSymbolTableRecord
100
AcDbRegAppTableRecord
  2
CAXA_DRAFT_PAPERPAREATABLE
 70
     0
  0
APPID
  5
7B
330
9
100
AcDbSymbolTableRecord
100
AcDbRegAppTableRecord
  2
CAXA_DRAFT_PARTNO
 70
     0
  0
APPID
  5
7C
330
9
100
AcDbSymbolTableRecord
100
AcDbRegAppTableRecord
  2
CAXA_DRAFT_BOMTABLE
 70
     0
  0
APPID
  5
7D
330
9
100
AcDbSymbolTableRecord
100
AcDbRegAppTableRecord
  2
CAXA_DRAFT_BLKREF_EXTATT
 70
     0
  0
APPID
  5
7E
330
9
100
AcDbSymbolTableRecord
100
AcDbRegAppTableRecord
  2
CAXA_DRAFT_DBVIEWDATA
 70
     0
  0
APPID
  5
7F
330
9
100
AcDbSymbolTableRecord
100
AcDbRegAppTableRecord
  2
CAXA_DRAFT_DIMSYMTOL
 70
     0
  0
APPID
  5
80
330
9
100
AcDbSymbolTableRecord
100
AcDbRegAppTableRecord
  2
CAXA_DRAFT_DIMASSEMTOL
 70
     0
  0
APPID
  5
81
330
9
100
AcDbSymbolTableRecord
100
AcDbRegAppTableRecord
  2
CAXA_DRAFT_DIMANGLETOL
 70
     0
  0
APPID
  5
82
330
9
100
AcDbSymbolTableRecord
100
AcDbRegAppTableRecord
  2
CAXA_DRAFT_DRAFTDATA
 70
     0
  0
APPID
  5
83
330
9
100
AcDbSymbolTableRecord
100
AcDbRegAppTableRecord
  2
CAXA_DRAFT_DIMORIGIN
 70
     0
  0
APPID
  5
84
330
9
100
AcDbSymbolTableRecord
100
AcDbRegAppTableRecord
  2
CAXA_DRAFT_ENLARGE_EDGE
 70
     0
  0
APPID
  5
85
330
9
100
AcDbSymbolTableRecord
100
AcDbRegAppTableRecord
  2
CAXA_DRAFT_DIMSTY_T_VPOS
 70
     0
  0
APPID
  5
86
330
9
100
AcDbSymbolTableRecord
100
AcDbRegAppTableRecord
  2
CAXA_DRAFT_DIMSTY_AT_VPOS
 70
     0
  0
APPID
  5
87
330
9
100
AcDbSymbolTableRecord
100
AcDbRegAppTableRecord
  2
CAXA_DRAFT_BLKHIDE
 70
     0
  0
APPID
  5
88
330
9
100
AcDbSymbolTableRecord
100
AcDbRegAppTableRecord
  2
CAXA_DRAFT_DIMARROWREVERSE
 70
     0
  0
APPID
  5
89
330
9
100
AcDbSymbolTableRecord
100
AcDbRegAppTableRecord
  2
CAXA_DRAFT_TXTSTYLE
 70
     0
  0
APPID
  5
8A
330
9
100
AcDbSymbolTableRecord
100
AcDbRegAppTableRecord
  2
CAXA_DRAFT_ATTRIBUTE_2PT
 70
     0
  0
APPID
  5
8B
330
9
100
AcDbSymbolTableRecord
100
AcDbRegAppTableRecord
  2
CAXA_DRAFT_ATTDEF_2PT
 70
     0
  0
APPID
  5
8C
330
9
100
AcDbSymbolTableRecord
100
AcDbRegAppTableRecord
  2
CAXA_DRAFT_DIMBIGARC
 70
     0
  0
APPID
  5
8D
330
9
100
AcDbSymbolTableRecord
100
AcDbRegAppTableRecord
  2
CAXA_DRAFT_ISNEB09R3
 70
     0
  0
APPID
  5
8E
330
9
100
AcDbSymbolTableRecord
100
AcDbRegAppTableRecord
  2
CAXA_DRAFT_WIPEOUT_B_HIDE
 70
     0
  0
APPID
  5
8F
330
9
100
AcDbSymbolTableRecord
100
AcDbRegAppTableRecord
  2
CAXA_DRAFT_BLKREF_SYMBOL
 70
     0
  0
APPID
  5
90
330
9
100
AcDbSymbolTableRecord
100
AcDbRegAppTableRecord
  2
CAXA_DRAFT_ENL_COMMENTS
 70
     0
  0
APPID
  5
91
330
9
100
AcDbSymbolTableRecord
100
AcDbRegAppTableRecord
  2
CAXA_DRAFT_ENL_TSCALE
 70
     0
  0
APPID
  5
92
330
9
100
AcDbSymbolTableRecord
100
AcDbRegAppTableRecord
  2
CAXA_DRAFT_TXTSCALE
 70
     0
  0
APPID
  5
93
330
9
100
AcDbSymbolTableRecord
100
AcDbRegAppTableRecord
  2
CAXA_DRAFT_KEEPLTSEG_ZOOM
 70
     0
  0
APPID
  5
94
330
9
100
AcDbSymbolTableRecord
100
AcDbRegAppTableRecord
  2
CAXA_DRAFT_SPECLIB
 70
     0
  0
APPID
  5
95
330
9
100
AcDbSymbolTableRecord
100
AcDbRegAppTableRecord
  2
CAXA_DRAFT_DATUM_2011R2
 70
     0
  0
APPID
  5
96
330
9
100
AcDbSymbolTableRecord
100
AcDbRegAppTableRecord
  2
CAXA_DRAFT_ROUGH_2011R2
 70
     0
  0
APPID
  5
97
330
9
100
AcDbSymbolTableRecord
100
AcDbRegAppTableRecord
  2
CAXA_DRAFT_GEOTOL_2011R2
 70
     0
  0
APPID
  5
98
330
9
100
AcDbSymbolTableRecord
100
AcDbRegAppTableRecord
  2
CAXA_DRAFT_DMOVMAP_2011R3
 70
     0
  0
APPID
  5
99
330
9
100
AcDbSymbolTableRecord
100
AcDbRegAppTableRecord
  2
CAXA_DRAFT_DDTSTY_2011R3
 70
     0
  0
APPID
  5
9A
330
9
100
AcDbSymbolTableRecord
100
AcDbRegAppTableRecord
  2
CAXA_DRAFT_SDTSTY_2011R3
 70
     0
  0
APPID
  5
9B
330
9
100
AcDbSymbolTableRecord
100
AcDbRegAppTableRecord
  2
CDRAFT_TXTROT_2011R3
 70
     0
  0
APPID
  5
9C
330
9
100
AcDbSymbolTableRecord
100
AcDbRegAppTableRecord
  2
CDRAFT_TOLOUT_2011R3
 70
     0
  0
APPID
  5
9D
330
9
100
AcDbSymbolTableRecord
100
AcDbRegAppTableRecord
  2
CAXA_DRAFT_DIMARCLENSTYLE
 70
     0
  0
APPID
  5
9E
330
9
100
AcDbSymbolTableRecord
100
AcDbRegAppTableRecord
  2
CAXA_DRAFT_DMOVMAP_2013
 70
     0
  0
APPID
  5
9F
330
9
100
AcDbSymbolTableRecord
100
AcDbRegAppTableRecord
  2
CAXA_DRAFT_DS_DLLNTYPE
 70
     0
  0
APPID
  5
A0
330
9
100
AcDbSymbolTableRecord
100
AcDbRegAppTableRecord
  2
CAXA_DRAFT_DS_LBLLNTYPE
 70
     0
  0
APPID
  5
A1
330
9
100
AcDbSymbolTableRecord
100
AcDbRegAppTableRecord
  2
CAXA_DRAFT_DS_RBLLNTYPE
 70
     0
  0
APPID
  5
A2
330
9
100
AcDbSymbolTableRecord
100
AcDbRegAppTableRecord
  2
CAXA_DRAFT_DS_ISFILLDFM
 70
     0
  0
APPID
  5
A3
330
9
100
AcDbSymbolTableRecord
100
AcDbRegAppTableRecord
  2
CAXA_DRAFT_DS_DISPZTOOL
 70
     0
  0
APPID
  5
A4
330
9
100
AcDbSymbolTableRecord
100
AcDbRegAppTableRecord
  2
CAXA_DRAFT_DS_SYMCOLOR
 70
     0
  0
APPID
  5
A5
330
9
100
AcDbSymbolTableRecord
100
AcDbRegAppTableRecord
  2
CAXA_DRAFT_HATCH_SCALE_ANGLE
 70
     0
  0
APPID
  5
A6
330
9
100
AcDbSymbolTableRecord
100
AcDbRegAppTableRecord
  2
CAXA_DRAFT_GEOTOL_ISFROMDWG
 70
     0
  0
APPID
  5
A7
330
9
100
AcDbSymbolTableRecord
100
AcDbRegAppTableRecord
  2
CxDragDiaDimLnStyle
 70
     0
  0
APPID
  5
A8
330
9
100
AcDbSymbolTableRecord
100
AcDbRegAppTableRecord
  2
CxDragRadDimLnStyle
 70
     0
  0
APPID
  5
A9
330
9
100
AcDbSymbolTableRecord
100
AcDbRegAppTableRecord
  2
CX_DbAnnotate_SimDimOriTxt
 70
     0
  0
APPID
  5
AA
330
9
100
AcDbSymbolTableRecord
100
AcDbRegAppTableRecord
  2
CX_DbAnnotate_TxtLocPara
 70
     0
  0
APPID
  5
AB
330
9
100
AcDbSymbolTableRecord
100
AcDbRegAppTableRecord
  2
CX_DbAnnotate_DragTxtLoc
 70
     0
  0
APPID
  5
AC
330
9
100
AcDbSymbolTableRecord
100
AcDbRegAppTableRecord
  2
UserSetTxtLoc
 70
     0
  0
APPID
  5
AD
330
9
100
AcDbSymbolTableRecord
100
AcDbRegAppTableRecord
  2
UserSetTxtLocType
 70
     0
  0
APPID
  5
AE
330
9
100
AcDbSymbolTableRecord
100
AcDbRegAppTableRecord
  2
UserSetTxtLocPt
 70
     0
  0
APPID
  5
AF
330
9
100
AcDbSymbolTableRecord
100
AcDbRegAppTableRecord
  2
CAXA_DRAFT_IMAGE_BINARY
 70
     0
  0
APPID
  5
B0
330
9
100
AcDbSymbolTableRecord
100
AcDbRegAppTableRecord
  2
DimTxtFrmStyle_2015R1
 70
     0
  0
APPID
  5
B1
330
9
100
AcDbSymbolTableRecord
100
AcDbRegAppTableRecord
  2
CAXA_DRAFT_GEOTOL_ISSHX
 70
     0
  0
APPID
  5
B2
330
9
100
AcDbSymbolTableRecord
100
AcDbRegAppTableRecord
  2
CAXA_SUPGRAPHICDIM
 70
     0
  0
APPID
  5
B3
330
9
100
AcDbSymbolTableRecord
100
AcDbRegAppTableRecord
  2
CAXA_GRAPHICARCLEN_HASLN
 70
     0
  0
APPID
  5
B4
330
9
100
AcDbSymbolTableRecord
100
AcDbRegAppTableRecord
  2
CAXA_GRAPHICDIM_OUT
 70
     0
  0
APPID
  5
B5
330
9
100
AcDbSymbolTableRecord
100
AcDbRegAppTableRecord
  2
CAXA_DATUM_LEADLNBKMODE
 70
     0
  0
APPID
  5
B6
330
9
100
AcDbSymbolTableRecord
100
AcDbRegAppTableRecord
  2
CX_DbDim_CrdDimLineAndArrow
 70
     0
  0
APPID
  5
B7
330
9
100
AcDbSymbolTableRecord
100
AcDbRegAppTableRecord
  2
CX_DbDim_TaperAngleStd
 70
     0
  0
APPID
  5
B8
330
9
100
AcDbSymbolTableRecord
100
AcDbRegAppTableRecord
  2
CX_DbAttribDef_OptionalVal
 70
     0
  0
APPID
  5
B9
330
9
100
AcDbSymbolTableRecord
100
AcDbRegAppTableRecord
  2
CAXA_DRAFT_LEADER_MLEADERLINE
 70
     0
  0
APPID
  5
BA
330
9
100
AcDbSymbolTableRecord
100
AcDbRegAppTableRecord
  2
CAXA_DRAFT_WELD_MLEADERLINE
 70
     0
  0
APPID
  5
BB
330
9
100
AcDbSymbolTableRecord
100
AcDbRegAppTableRecord
  2
CAXA_DRAFT_GEOTOL_MLEADERLINE
 70
     0
  0
APPID
  5
BC
330
9
100
AcDbSymbolTableRecord
100
AcDbRegAppTableRecord
  2
CAXA_DRAFT_ROUGH_MLEADERLINE
 70
     0
  0
APPID
  5
BD
330
9
100
AcDbSymbolTableRecord
100
AcDbRegAppTableRecord
  2
CAXA_DRAFT_DATUM_MLEADERLINE
 70
     0
  0
APPID
  5
BE
330
9
100
AcDbSymbolTableRecord
100
AcDbRegAppTableRecord
  2
CAXA_DRAFT_ROUGH_STDSPTDATA
 70
     0
  0
APPID
  5
BF
330
9
100
AcDbSymbolTableRecord
100
AcDbRegAppTableRecord
  2
CAXA_DRAFT_CUTS_LABLEDATA
 70
     0
  0
APPID
  5
C0
330
9
100
AcDbSymbolTableRecord
100
AcDbRegAppTableRecord
  2
CAXA_DRAFT_LEADER_DISPREFLINE
 70
     0
  0
APPID
  5
C1
330
9
100
AcDbSymbolTableRecord
100
AcDbRegAppTableRecord
  2
CAXA_DRAFT_TAPER_TEXTTYPE
 70
     0
  0
APPID
  5
C2
330
9
100
AcDbSymbolTableRecord
100
AcDbRegAppTableRecord
  2
CAXA_DRAFT_TAPER_RATEFORMAT
 70
     0
  0
APPID
  5
C3
330
9
100
AcDbSymbolTableRecord
100
AcDbRegAppTableRecord
  2
CAXA_DRAFT_TAPER_RATESEPAR
 70
     0
  0
APPID
  5
C4
330
9
100
AcDbSymbolTableRecord
100
AcDbRegAppTableRecord
  2
CX_DIMSTYLE_TXTFRAME
 70
     0
  0
APPID
  5
C5
330
9
100
AcDbSymbolTableRecord
100
AcDbRegAppTableRecord
  2
CX_DBDIM_TXTFRAME
 70
     0
  0
APPID
  5
C6
330
9
100
AcDbSymbolTableRecord
100
AcDbRegAppTableRecord
  2
CAXA_DRAFT_TABLEENT
 70
     0
  0
APPID
  5
C7
330
9
100
AcDbSymbolTableRecord
100
AcDbRegAppTableRecord
  2
CDRAFT_DIM_STD_REV_NAME
 70
     0
  0
APPID
  5
C8
330
9
100
AcDbSymbolTableRecord
100
AcDbRegAppTableRecord
  2
CAXA_DRAFT_BOM_STDSPTDATA
 70
     0
  0
APPID
  5
C9
330
9
100
AcDbSymbolTableRecord
100
AcDbRegAppTableRecord
  2
CAXA_DRAFT_PARTNO_STDSPTDATA
 70
     0
  0
APPID
  5
CA
330
9
100
AcDbSymbolTableRecord
100
AcDbRegAppTableRecord
  2
CAXA_DRAFT_DATUM_LOCPTEDIT
 70
     0
  0
APPID
  5
CB
330
9
100
AcDbSymbolTableRecord
100
AcDbRegAppTableRecord
  2
CAXA_DRAFT_INFO_WMFLAG
 70
     0
  0
APPID
  5
CC
330
9
100
AcDbSymbolTableRecord
100
AcDbRegAppTableRecord
  2
CX_DbDim_CrdDimTypeAndData
 70
     0
  0
APPID
  5
CD
330
9
100
AcDbSymbolTableRecord
100
AcDbRegAppTableRecord
  2
CX_DbDim_DimOriginBiText
 70
     0
  0
APPID
  5
CE
330
9
100
AcDbSymbolTableRecord
100
AcDbRegAppTableRecord
  2
CX_DbDim_DimCrdLeaderPts
 70
     0
  0
APPID
  5
CF
330
9
100
AcDbSymbolTableRecord
100
AcDbRegAppTableRecord
  2
CAXA_SOLID_FLAG
 70
     0
  0
APPID
  5
D5
330
9
100
AcDbSymbolTableRecord
100
AcDbRegAppTableRecord
  2
AcAecLayerStandard
 70
     0
  0
APPID
  5
133
330
9
100
AcDbSymbolTableRecord
100
AcDbRegAppTableRecord
  2
ACAD_DSTYLE_DIMINSPECT
 70
     0
  0
APPID
  5
3E0
330
9
100
AcDbSymbolTableRecord
100
AcDbRegAppTableRecord
  2
ACAD_MLEADERVER
 70
     0
  0
ENDTAB
  0
TABLE
  2
DIMSTYLE
  5
A
330
0
100
AcDbSymbolTable
 70
     6
100
AcDbDimStyleTable
  0
DIMSTYLE
105
DF
330
A
100
AcDbSymbolTableRecord
100
AcDbDimStyleTableRecord
  2
标准
 70
     0
 41
4.0
 42
0.0
 43
10.0
 44
2.0
 46
8.0
 90
        1
 73
     0
 74
     0
 77
     1
 78
     8
 79
     2
140
3.5
141
0.0
143
1.0
146
0.7071067811865475
147
0.625
172
     1
178
     0
179
     2
271
     2
272
     3
274
     3
276
     2
279
     2
284
     8
340
DE
342
E0
345
15
346
15
347
15
1001
CAXA_DRAFT_DIMSTY_AT_VPOS
1070
     1
1001
CAXA_DRAFT_SDTSTY_2011R3
1070
     0
1001
CAXA_DRAFT_DS_ISFILLDFM
1070
     1
1001
CAXA_DRAFT_DS_DISPZTOOL
1070
     0
1001
CAXA_DRAFT_DS_SYMCOLOR
1071
1090519039
1001
DimTxtFrmStyle_2015R1
1070
     3
1001
CX_DIMSTYLE_TXTFRAME
1070
     0
1070
     0
  0
DIMSTYLE
105
E4
330
A
100
AcDbSymbolTableRecord
100
AcDbDimStyleTableRecord
  2
Standard
 70
     0
 41
2.5
 42
0.625
 43
3.75
 44
1.25
 46
5.0
 73
     0
 74
     0
 77
     1
 78
     8
 79
     3
140
2.5
141
2.5
143
0.03937007874
147
0.625
171
     3
172
     1
178
     0
179
     2
271
     2
272
     2
274
     3
278
    44
284
     8
340
11
345
16
346
16
347
16
1001
CAXA_DRAFT_DIMSTY_AT_VPOS
1070
     0
1001
CAXA_DRAFT_SDTSTY_2011R3
1070
     0
1001
CAXA_DRAFT_DS_ISFILLDFM
1070
     1
1001
CAXA_DRAFT_DS_DISPZTOOL
1070
     0
1001
CAXA_DRAFT_DS_SYMCOLOR
1071
1090519039
1001
DimTxtFrmStyle_2015R1
1070
     3
1001
CX_DIMSTYLE_TXTFRAME
1070
     0
1070
     0
  0
DIMSTYLE
105
E5
102
{ACAD_REACTORS
330
134
330
142
330
14C
330
171
330
17B
330
195
330
1A1
330
1AC
330
1B7
330
1FD
330
224
330
22E
330
238
330
242
330
24C
330
256
330
260
330
26A
330
298
330
2A2
330
2B9
330
2C3
330
2D4
330
2DE
330
2E8
330
2F8
330
302
330
30C
330
316
330
322
330
32C
330
38B
330
395
102
}
330
A
100
AcDbSymbolTableRecord
100
AcDbDimStyleTableRecord
  2
CUSTOM_DIMSTYLE
 70
     0
 40
5.0
 41
5.0
 42
0.0
 43
3.75
 44
1.25
 46
10.0
 73
     0
 74
     0
 77
     1
 78
     8
 79
     3
140
3.5
141
2.5
143
0.03937007874
147
0.625
171
     3
172
     1
176
     3
178
     0
179
     3
271
     2
272
     2
274
     3
284
     8
340
11
345
16
346
16
347
16
1001
CAXA_DRAFT_DIMSTY_AT_VPOS
1070
     0
1001
CAXA_DRAFT_SDTSTY_2011R3
1070
     0
1001
CAXA_DRAFT_DS_ISFILLDFM
1070
     1
1001
CAXA_DRAFT_DS_DISPZTOOL
1070
     0
1001
CAXA_DRAFT_DS_SYMCOLOR
1071
1090519039
1001
DimTxtFrmStyle_2015R1
1070
     3
1001
CX_DIMSTYLE_TXTFRAME
1070
     0
1070
     0
  0
DIMSTYLE
105
E6
330
A
100
AcDbSymbolTableRecord
100
AcDbDimStyleTableRecord
  2
GB_尺寸
 70
     0
 41
4.0
 42
0.0
 43
10.0
 44
2.0
 46
8.0
 90
        1
 73
     0
 74
     0
 77
     1
 78
     8
 79
     2
140
3.5
141
0.0
143
1.0
146
0.7071067811865475
147
0.625
172
     1
178
     0
179
     2
271
     2
272
     3
274
     3
276
     2
279
     2
284
     8
340
DE
342
E0
345
15
346
15
347
15
1001
CAXA_DRAFT_DIMSTY_AT_VPOS
1070
     1
1001
CAXA_DRAFT_SDTSTY_2011R3
1070
     0
1001
CAXA_DRAFT_DS_ISFILLDFM
1070
     1
1001
CAXA_DRAFT_DS_DISPZTOOL
1070
     0
1001
CAXA_DRAFT_DS_SYMCOLOR
1071
1090519039
1001
DimTxtFrmStyle_2015R1
1070
     3
1001
CX_DIMSTYLE_TXTFRAME
1070
     0
1070
     0
  0
DIMSTYLE
105
E7
330
A
100
AcDbSymbolTableRecord
100
AcDbDimStyleTableRecord
  2
GB_引出说明(1984)
 70
     0
 41
4.0
 42
0.0
 43
10.0
 44
2.0
 46
8.0
 90
        1
 73
     0
 74
     0
 77
     1
 78
     8
 79
     2
140
3.5
141
0.0
143
1.0
146
0.7071067811865475
147
0.625
172
     1
178
     0
179
     2
271
     2
272
     3
274
     3
276
     2
279
     2
284
     8
340
DE
342
E0
345
15
346
15
347
15
1001
CAXA_DRAFT_DIMSTY_AT_VPOS
1070
     1
1001
CAXA_DRAFT_SDTSTY_2011R3
1070
     0
1001
CAXA_DRAFT_DS_ISFILLDFM
1070
     1
1001
CAXA_DRAFT_DS_DISPZTOOL
1070
     0
1001
CAXA_DRAFT_DS_SYMCOLOR
1071
1090519039
1001
DimTxtFrmStyle_2015R1
1070
     3
1001
CX_DIMSTYLE_TXTFRAME
1070
     0
1070
     0
  0
DIMSTYLE
105
E8
330
A
100
AcDbSymbolTableRecord
100
AcDbDimStyleTableRecord
  2
GB_锥度(2003)
 70
     0
 41
4.0
 42
0.0
 43
10.0
 44
2.0
 46
8.0
 90
        1
 73
     0
 74
     0
 77
     1
 78
     8
 79
     2
140
3.5
141
0.0
143
1.0
146
0.7071067811865475
147
0.625
172
     1
178
     0
179
     2
271
     2
272
     3
274
     3
276
     2
279
     2
284
     8
340
DE
342
E0
345
15
346
15
347
15
1001
CAXA_DRAFT_DIMSTY_AT_VPOS
1070
     1
1001
CAXA_DRAFT_SDTSTY_2011R3
1070
     0
1001
CAXA_DRAFT_DS_ISFILLDFM
1070
     1
1001
CAXA_DRAFT_DS_DISPZTOOL
1070
     0
1001
CAXA_DRAFT_DS_SYMCOLOR
1071
1090519039
1001
DimTxtFrmStyle_2015R1
1070
     3
1001
CX_DIMSTYLE_TXTFRAME
1070
     0
1070
     0
  0
ENDTAB
  0
TABLE
  2
BLOCK_RECORD
  5
1
330
0
100
AcDbSymbolTable
 70
    47
  0
BLOCK_RECORD
  5
1F
330
1
100
AcDbSymbolTableRecord
100
AcDbBlockTableRecord
  2
*Model_Space
340
22
 70
     0
280
     1
281
     0
1001
CAXA_DRAFT_PAPERSCALE
1041
1.0
1001
CAXA_DRAFT_PAPERINFO
1041
2673.0
1041
1890.0
1071
        0
1070
     1
1070
     0
1070
     1
1070
     0
1001
CAXA_DRAFT_KEEPLTSEG_ZOOM
1070
     1
  0
BLOCK_RECORD
  5
1B
330
1
100
AcDbSymbolTableRecord
100
AcDbBlockTableRecord
  2
*Paper_Space
340
1E
 70
     0
280
     1
281
     0
1001
CAXA_DRAFT_PAPERSCALE
1041
1.0
1001
CAXA_DRAFT_PAPERINFO
1041
0.0
1041
0.0
1071
        0
1070
     1
1070
     0
1070
     1
1070
     0
1001
CAXA_DRAFT_KEEPLTSEG_ZOOM
1070
     1
  0
BLOCK_RECORD
  5
E0
330
1
100
AcDbSymbolTableRecord
100
AcDbBlockTableRecord
  2
_CAXARROW
340
0
 70
     0
280
     1
281
     0
  0
BLOCK_RECORD
  5
11A
330
1
100
AcDbSymbolTableRecord
100
AcDbBlockTableRecord
  2
图框
340
0
102
{BLKREFS
331
119
102
}
 70
     0
280
     1
281
     0
  0
BLOCK_RECORD
  5
126
330
1
100
AcDbSymbolTableRecord
100
AcDbBlockTableRecord
  2
主视图
340
0
102
{BLKREFS
331
125
102
}
 70
     0
280
     1
281
     0
  0
BLOCK_RECORD
  5
12A
330
1
100
AcDbSymbolTableRecord
100
AcDbBlockTableRecord
  2
*X4
340
0
 70
     0
280
     1
281
     0
  0
BLOCK_RECORD
  5
135
330
1
100
AcDbSymbolTableRecord
100
AcDbBlockTableRecord
  2
*X5
340
0
 70
     0
280
     1
281
     0
  0
BLOCK_RECORD
  5
13B
330
1
100
AcDbSymbolTableRecord
100
AcDbBlockTableRecord
  2
_CLOSEDFILLED
340
0
102
{BLKREFS
331
13A
331
13F
331
18F
331
190
331
19B
331
19C
331
2D9
102
}
 70
     0
280
     1
281
     0
  0
BLOCK_RECORD
  5
143
330
1
100
AcDbSymbolTableRecord
100
AcDbBlockTableRecord
  2
*X7
340
0
 70
     0
280
     1
281
     0
  0
BLOCK_RECORD
  5
168
330
1
100
AcDbSymbolTableRecord
100
AcDbBlockTableRecord
  2
*X8
340
0
 70
     0
280
     1
281
     0
  0
BLOCK_RECORD
  5
172
330
1
100
AcDbSymbolTableRecord
100
AcDbBlockTableRecord
  2
*X9
340
0
 70
     0
280
     1
281
     0
  0
BLOCK_RECORD
  5
18A
330
1
100
AcDbSymbolTableRecord
100
AcDbBlockTableRecord
  2
*X10
340
0
 70
     0
280
     1
281
     0
  0
BLOCK_RECORD
  5
196
330
1
100
AcDbSymbolTableRecord
100
AcDbBlockTableRecord
  2
*X11
340
0
 70
     0
280
     1
281
     0
  0
BLOCK_RECORD
  5
1A3
330
1
100
AcDbSymbolTableRecord
100
AcDbBlockTableRecord
  2
*X12
340
0
 70
     0
280
     1
281
     0
  0
BLOCK_RECORD
  5
1AF
330
1
100
AcDbSymbolTableRecord
100
AcDbBlockTableRecord
  2
*X13
340
0
 70
     0
280
     1
281
     0
  0
BLOCK_RECORD
  5
1D2
330
1
100
AcDbSymbolTableRecord
100
AcDbBlockTableRecord
  2
*X14
340
0
102
{BLKREFS
331
1D1
102
}
 70
     0
280
     1
281
     0
  0
BLOCK_RECORD
  5
1DC
330
1
100
AcDbSymbolTableRecord
100
AcDbBlockTableRecord
  2
*X15
340
0
102
{BLKREFS
331
1DB
102
}
 70
     0
280
     1
281
     0
  0
BLOCK_RECORD
  5
1E5
330
1
100
AcDbSymbolTableRecord
100
AcDbBlockTableRecord
  2
*X16
340
0
102
{BLKREFS
331
1E4
102
}
 70
     0
280
     1
281
     0
  0
BLOCK_RECORD
  5
1EE
330
1
100
AcDbSymbolTableRecord
100
AcDbBlockTableRecord
  2
端面
340
0
102
{BLKREFS
331
1ED
102
}
 70
     0
280
     1
281
     0
  0
BLOCK_RECORD
  5
1F4
330
1
100
AcDbSymbolTableRecord
100
AcDbBlockTableRecord
  2
*X18
340
0
 70
     0
280
     1
281
     0
  0
BLOCK_RECORD
  5
21B
330
1
100
AcDbSymbolTableRecord
100
AcDbBlockTableRecord
  2
*X19
340
0
 70
     0
280
     1
281
     0
  0
BLOCK_RECORD
  5
225
330
1
100
AcDbSymbolTableRecord
100
AcDbBlockTableRecord
  2
*X20
340
0
 70
     0
280
     1
281
     0
  0
BLOCK_RECORD
  5
22F
330
1
100
AcDbSymbolTableRecord
100
AcDbBlockTableRecord
  2
*X21
340
0
 70
     0
280
     1
281
     0
  0
BLOCK_RECORD
  5
239
330
1
100
AcDbSymbolTableRecord
100
AcDbBlockTableRecord
  2
*X22
340
0
 70
     0
280
     1
281
     0
  0
BLOCK_RECORD
  5
243
330
1
100
AcDbSymbolTableRecord
100
AcDbBlockTableRecord
  2
*X23
340
0
 70
     0
280
     1
281
     0
  0
BLOCK_RECORD
  5
24D
330
1
100
AcDbSymbolTableRecord
100
AcDbBlockTableRecord
  2
*X24
340
0
 70
     0
280
     1
281
     0
  0
BLOCK_RECORD
  5
257
330
1
100
AcDbSymbolTableRecord
100
AcDbBlockTableRecord
  2
*X25
340
0
 70
     0
280
     1
281
     0
  0
BLOCK_RECORD
  5
261
330
1
100
AcDbSymbolTableRecord
100
AcDbBlockTableRecord
  2
*X26
340
0
 70
     0
280
     1
281
     0
  0
BLOCK_RECORD
  5
276
330
1
100
AcDbSymbolTableRecord
100
AcDbBlockTableRecord
  2
*X27
340
0
102
{BLKREFS
331
275
102
}
 70
     0
280
     1
281
     0
  0
BLOCK_RECORD
  5
285
330
1
100
AcDbSymbolTableRecord
100
AcDbBlockTableRecord
  2
耗能面
340
0
102
{BLKREFS
331
284
102
}
 70
     0
280
     1
281
     0
  0
BLOCK_RECORD
  5
28F
330
1
100
AcDbSymbolTableRecord
100
AcDbBlockTableRecord
  2
*X29
340
0
 70
     0
280
     1
281
     0
  0
BLOCK_RECORD
  5
299
330
1
100
AcDbSymbolTableRecord
100
AcDbBlockTableRecord
  2
*X30
340
0
 70
     0
280
     1
281
     0
  0
BLOCK_RECORD
  5
2AA
330
1
100
AcDbSymbolTableRecord
100
AcDbBlockTableRecord
  2
板2
340
0
102
{BLKREFS
331
2A9
102
}
 70
     0
280
     1
281
     0
  0
BLOCK_RECORD
  5
2B0
330
1
100
AcDbSymbolTableRecord
100
AcDbBlockTableRecord
  2
*X32
340
0
 70
     0
280
     1
281
     0
  0
BLOCK_RECORD
  5
2BA
330
1
100
AcDbSymbolTableRecord
100
AcDbBlockTableRecord
  2
*X33
340
0
 70
     0
280
     1
281
     0
  0
BLOCK_RECORD
  5
2C7
330
1
100
AcDbSymbolTableRecord
100
AcDbBlockTableRecord
  2
挡板
340
0
102
{BLKREFS
331
2C6
102
}
 70
     0
280
     1
281
     0
  0
BLOCK_RECORD
  5
2CB
330
1
100
AcDbSymbolTableRecord
100
AcDbBlockTableRecord
  2
*X35
340
0
 70
     0
280
     1
281
     0
  0
BLOCK_RECORD
  5
2D6
330
1
100
AcDbSymbolTableRecord
100
AcDbBlockTableRecord
  2
*X36
340
0
 70
     0
280
     1
281
     0
  0
BLOCK_RECORD
  5
2DF
330
1
100
AcDbSymbolTableRecord
100
AcDbBlockTableRecord
  2
*X37
340
0
 70
     0
280
     1
281
     0
  0
BLOCK_RECORD
  5
2EF
330
1
100
AcDbSymbolTableRecord
100
AcDbBlockTableRecord
  2
*X38
340
0
 70
     0
280
     1
281
     0
  0
BLOCK_RECORD
  5
2F9
330
1
100
AcDbSymbolTableRecord
100
AcDbBlockTableRecord
  2
*X39
340
0
 70
     0
280
     1
281
     0
  0
BLOCK_RECORD
  5
303
330
1
100
AcDbSymbolTableRecord
100
AcDbBlockTableRecord
  2
*X40
340
0
 70
     0
280
     1
281
     0
  0
BLOCK_RECORD
  5
30D
330
1
100
AcDbSymbolTableRecord
100
AcDbBlockTableRecord
  2
*X41
340
0
 70
     0
280
     1
281
     0
  0
BLOCK_RECORD
  5
319
330
1
100
AcDbSymbolTableRecord
100
AcDbBlockTableRecord
  2
*X42
340
0
 70
     0
280
     1
281
     0
  0
BLOCK_RECORD
  5
323
330
1
100
AcDbSymbolTableRecord
100
AcDbBlockTableRecord
  2
*X43
340
0
 70
     0
280
     1
281
     0
  0
BLOCK_RECORD
  5
347
330
1
100
AcDbSymbolTableRecord
100
AcDbBlockTableRecord
  2
标题
340
0
102
{BLKREFS
331
346
102
}
 70
     0
280
     1
281
     0
  0
BLOCK_RECORD
  5
37C
330
1
100
AcDbSymbolTableRecord
100
AcDbBlockTableRecord
  2
板1
340
0
102
{BLKREFS
331
37B
102
}
 70
     0
280
     1
281
     0
  0
BLOCK_RECORD
  5
382
330
1
100
AcDbSymbolTableRecord
100
AcDbBlockTableRecord
  2
*X46
340
0
 70
     0
280
     1
281
     0
  0
BLOCK_RECORD
  5
38C
330
1
100
AcDbSymbolTableRecord
100
AcDbBlockTableRecord
  2
*X47
340
0
 70
     0
280
     1
281
     0
  0
ENDTAB
  0
ENDSEC
  0
SECTION
  2
BLOCKS
  0
BLOCK
  5
20
330
1F
100
AcDbEntity
  8
0
100
AcDbBlockBegin
  2
*Model_Space
 70
     0
 10
0.0
 20
0.0
 30
0.0
  3
*Model_Space
  1

  0
ENDBLK
  5
21
330
1F
100
AcDbEntity
  8
0
100
AcDbBlockEnd
  0
BLOCK
  5
1C
330
1B
100
AcDbEntity
 67
     1
  8
0
100
AcDbBlockBegin
  2
*Paper_Space
 70
     0
 10
0.0
 20
0.0
 30
0.0
  3
*Paper_Space
  1

  0
ENDBLK
  5
1D
330
1B
100
AcDbEntity
 67
     1
  8
0
100
AcDbBlockEnd
  0
BLOCK
  5
E2
330
E0
100
AcDbEntity
  8
0
100
AcDbBlockBegin
  2
_CAXARROW
 70
     0
 10
0.0
 20
0.0
 30
0.0
  3
_CAXARROW
  1

  0
HATCH
  5
E1
330
E0
100
AcDbEntity
  8
0
 62
     0
100
AcDbHatch
 10
0.0
 20
0.0
 30
0.0
210
0.0
220
0.0
230
1.0
  2
SOLID
 70
     1
 71
     0
 91
        1
 92
        0
 93
        3
 72
     1
 10
0.0
 20
0.0
 11
-1.0
 21
0.125
 72
     1
 10
-1.0
 20
0.125
 11
-1.0
 21
-0.125
 72
     1
 10
-1.0
 20
-0.125
 11
0.0
 21
0.0
 97
        0
 75
     0
 76
     1
 98
        1
 10
0.0
 20
0.0
  0
ENDBLK
  5
E3
330
E0
100
AcDbEntity
  8
0
100
AcDbBlockEnd
  0
BLOCK
  5
123
330
11A
100
AcDbEntity
  8
0
100
AcDbBlockBegin
  2
图框
 70
     0
 10
0.0
 20
0.0
 30
0.0
  3
图框
  1

  0
LINE
  5
11B
330
11A
100
AcDbEntity
  8
细实线层
100
AcDbLine
 10
0.0
 20
0.0
 30
0.0
 11
2673.0
 21
0.0
 31
0.0
  0
LINE
  5
11C
330
11A
100
AcDbEntity
  8
细实线层
100
AcDbLine
 10
0.0
 20
1890.0
 30
0.0
 11
0.0
 21
0.0
 31
0.0
  0
LINE
  5
11D
330
11A
100
AcDbEntity
  8
粗实线层
100
AcDbLine
 10
90.0
 20
1800.0
 30
0.0
 11
90.0
 21
90.0
 31
0.0
  0
LINE
  5
11E
330
11A
100
AcDbEntity
  8
粗实线层
100
AcDbLine
 10
90.0
 20
90.0
 30
0.0
 11
2583.0
 21
90.0
 31
0.0
  0
LINE
  5
11F
330
11A
100
AcDbEntity
  8
细实线层
100
AcDbLine
 10
2673.0
 20
0.0
 30
0.0
 11
2673.0
 21
1890.0
 31
0.0
  0
LINE
  5
120
330
11A
100
AcDbEntity
  8
粗实线层
100
AcDbLine
 10
2583.0
 20
90.0
 30
0.0
 11
2583.0
 21
1800.0
 31
0.0
  0
LINE
  5
121
330
11A
100
AcDbEntity
  8
细实线层
100
AcDbLine
 10
2673.0
 20
1890.0
 30
0.0
 11
0.0
 21
1890.0
 31
0.0
  0
LINE
  5
122
330
11A
100
AcDbEntity
  8
粗实线层
100
AcDbLine
 10
2583.0
 20
1800.0
 30
0.0
 11
90.0
 21
1800.0
 31
0.0
  0
ENDBLK
  5
124
330
11A
100
AcDbEntity
  8
0
100
AcDbBlockEnd
  0
BLOCK
  5
1CF
330
126
100
AcDbEntity
  8
0
100
AcDbBlockBegin
  2
主视图
 70
     0
 10
0.0
 20
0.0
 30
0.0
  3
主视图
  1

  0
LINE
  5
127
330
126
100
AcDbEntity
  8
粗实线层
100
AcDbLine
 10
0.0000000000000568
 20
79.99999999999999
 30
0.0
 11
0.0
 21
-79.50000095367432
 31
0.0
  0
LWPOLYLINE
  5
128
330
126
100
AcDbEntity
  8
粗实线层
100
AcDbPolyline
 90
        4
 70
     1
 43
0.0
 10
1085.01
 20
100.0
 10
1085.01
 20
-100.0
 10
150.0
 20
-100.0
 10
150.0
 20
100.0
  0
LINE
  5
129
330
126
100
AcDbEntity
  8
中心线层
100
AcDbLine
 10
-30.5
 20
0.0
 30
0.0
 11
1242.0
 21
0.0
 31
0.0
  0
DIMENSION
  5
134
330
126
100
AcDbEntity
  8
尺寸线层
100
AcDbDimension
  2
*X4
 10
1235.0
 20
185.325
 30
0.0
 11
617.5000005
 21
209.8361731843575
 31
0.0
 70
    32
  1
{\H2.5x;L}
 71
     5
 42
-1.0
 73
     0
 74
     0
 75
     0
  3
CUSTOM_DIMSTYLE
100
AcDbAlignedDimension
 13
0.0
 23
85.0
 33
0.0
 14
1235.0
 24
80.0
 34
0.0
100
AcDbRotatedDimension
1001
CX_DbAnnotate_TxtLocPara
1041
0.0
1001
CX_DbAnnotate_SimDimOriTxt
1070
     0
1001
CAXA_DRAFT_DIMARROWREVERSE
1070
     0
1001
ACAD
1000
DSTYLE
1002
{
1070
   173
1070
     1
1002
}
1001
CAXA_DRAFT_DIMARCLENSTYLE
1070
     1
1001
CAXA_DRAFT_DDTSTY_2011R3
1070
     0
1001
ACAD_DSTYLE_DIMINSPECT
1070
   396
1000

1070
   395
1000

1070
   394
1070
     0
1070
   393
1070
     0
1001
CX_DBDIM_TXTFRAME
1070
     0
1070
     0
1001
CDRAFT_DIM_STD_REV_NAME
1000
GB
1000
*DIMSTD
1000

  0
DIMENSION
  5
142
330
126
100
AcDbEntity
  8
尺寸线层
100
AcDbDimension
  2
*X5
 10
1085.0
 20
136.694
 30
0.0
 11
617.5
 21
148.569
 31
0.0
 70
    32
  1
L-300
 71
     5
 42
-1.0
 73
     0
 74
     0
 75
     0
  3
CUSTOM_DIMSTYLE
100
AcDbAlignedDimension
 13
150.0
 23
110.0
 33
0.0
 14
1085.0
 24
100.0
 34
0.0
100
AcDbRotatedDimension
1001
CX_DbAnnotate_TxtLocPara
1041
0.0
1001
CX_DbAnnotate_SimDimOriTxt
1070
     0
1001
CAXA_DRAFT_DIMARROWREVERSE
1070
     0
1001
ACAD
1000
DSTYLE
1002
{
1070
   173
1070
     1
1002
}
1001
CAXA_DRAFT_DIMARCLENSTYLE
1070
     1
1001
CAXA_DRAFT_DDTSTY_2011R3
1070
     0
1001
ACAD_DSTYLE_DIMINSPECT
1070
   396
1000

1070
   395
1000

1070
   394
1070
     0
1070
   393
1070
     0
1001
CX_DBDIM_TXTFRAME
1070
     0
1070
     0
1001
CDRAFT_DIM_STD_REV_NAME
1000
GB
1000
*DIMSTD
1000

  0
DIMENSION
  5
14C
330
126
100
AcDbEntity
  8
尺寸线层
100
AcDbDimension
  2
*X7
 10
1235.0
 20
136.694
 30
0.0
 11
1163.0000005
 21
148.5201173184357
 31
0.0
 70
    32
  1
<>
 71
     5
 42
-1.0
 73
     0
 74
     0
 75
     0
  3
CUSTOM_DIMSTYLE
100
AcDbAlignedDimension
 13
1091.0
 23
110.0
 33
0.0
 14
1235.0
 24
80.0
 34
0.0
100
AcDbRotatedDimension
1001
CX_DbAnnotate_TxtLocPara
1041
0.0
1001
CX_DbAnnotate_SimDimOriTxt
1070
     0
1001
CAXA_DRAFT_DIMARROWREVERSE
1070
     0
1001
ACAD
1000
DSTYLE
1002
{
1070
   173
1070
     1
1002
}
1001
CAXA_DRAFT_DIMARCLENSTYLE
1070
     1
1001
CAXA_DRAFT_DDTSTY_2011R3
1070
     0
1001
ACAD_DSTYLE_DIMINSPECT
1070
   396
1000

1070
   395
1000

1070
   394
1070
     0
1070
   393
1070
     0
1001
CX_DBDIM_TXTFRAME
1070
     0
1070
     0
1001
CDRAFT_DIM_STD_REV_NAME
1000
GB
1000
*DIMSTD
1000

  0
LINE
  5
14D
330
126
100
AcDbEntity
  8
粗实线层
100
AcDbLine
 10
150.0
 20
100.0
 30
0.0
 11
150.0
 21
110.194
 31
0.0
  0
LINE
  5
14E
330
126
100
AcDbEntity
  8
粗实线层
100
AcDbLine
 10
150.0
 20
110.0
 30
0.0
 11
144.0
 21
110.0
 31
0.0
  0
LINE
  5
14F
330
126
100
AcDbEntity
  8
粗实线层
100
AcDbLine
 10
144.0
 20
110.0
 30
0.0
 11
144.0
 21
-110.0
 31
0.0
  0
LINE
  5
150
330
126
100
AcDbEntity
  8
虚线层
  6
虚线
100
AcDbLine
 10
1085.01
 20
-94.0
 30
0.0
 11
150.0
 21
-94.0
 31
0.0
  0
LINE
  5
151
330
126
100
AcDbEntity
  8
虚线层
  6
虚线
100
AcDbLine
 10
150.0
 20
94.0
 30
0.0
 11
1085.01
 21
94.0
 31
0.0
  0
LINE
  5
152
330
126
100
AcDbEntity
  8
粗实线层
100
AcDbLine
 10
150.0
 20
-100.0
 30
0.0
 11
150.0
 21
-110.194
 31
0.0
  0
LINE
  5
153
330
126
100
AcDbEntity
  8
粗实线层
100
AcDbLine
 10
150.0
 20
-110.0
 30
0.0
 11
144.0
 21
-110.0
 31
0.0
  0
LINE
  5
154
330
126
100
AcDbEntity
  8
粗实线层
100
AcDbLine
 10
150.0
 20
110.194
 30
0.0
 11
160.5
 21
100.0
 31
0.0
  0
LINE
  5
155
330
126
100
AcDbEntity
  8
粗实线层
100
AcDbLine
 10
150.0
 20
-110.194
 30
0.0
 11
160.5
 21
-100.0
 31
0.0
  0
LINE
  5
156
330
126
100
AcDbEntity
  8
粗实线层
100
AcDbLine
 10
1085.0
 20
100.0
 30
0.0
 11
1085.0
 21
110.0
 31
0.0
  0
LINE
  5
157
330
126
100
AcDbEntity
  8
粗实线层
100
AcDbLine
 10
1085.0
 20
110.0
 30
0.0
 11
1091.0
 21
110.0
 31
0.0
  0
LINE
  5
158
330
126
100
AcDbEntity
  8
粗实线层
100
AcDbLine
 10
1091.0
 20
110.0
 30
0.0
 11
1091.0
 21
-110.0
 31
0.0
  0
LINE
  5
159
330
126
100
AcDbEntity
  8
粗实线层
100
AcDbLine
 10
1085.0
 20
-100.0
 30
0.0
 11
1085.0
 21
-110.0
 31
0.0
  0
LINE
  5
15A
330
126
100
AcDbEntity
  8
粗实线层
100
AcDbLine
 10
1085.0
 20
-110.0
 30
0.0
 11
1091.0
 21
-110.0
 31
0.0
  0
LINE
  5
15B
330
126
100
AcDbEntity
  8
粗实线层
100
AcDbLine
 10
1085.0
 20
110.0
 30
0.0
 11
1075.0
 21
100.0
 31
0.0
  0
LINE
  5
15C
330
126
100
AcDbEntity
  8
粗实线层
100
AcDbLine
 10
1085.0
 20
-110.0
 30
0.0
 11
1075.0
 21
-100.0
 31
0.0
  0
LINE
  5
15D
330
126
100
AcDbEntity
  8
粗实线层
100
AcDbLine
 10
144.0
 20
79.99999999999999
 30
0.0
 11
0.0000000000000568
 21
79.99999999999999
 31
0.0
  0
LINE
  5
15E
330
126
100
AcDbEntity
  8
粗实线层
100
AcDbLine
 10
144.0
 20
59.99999999999999
 30
0.0
 11
0.0
 21
59.99999999999999
 31
0.0
  0
LINE
  5
15F
330
126
100
AcDbEntity
  8
粗实线层
100
AcDbLine
 10
1235.0
 20
80.0
 30
0.0
 11
1091.0
 21
80.0
 31
0.0
  0
LINE
  5
160
330
126
100
AcDbEntity
  8
粗实线层
100
AcDbLine
 10
1091.0
 20
-80.0
 30
0.0
 11
1235.0
 21
-80.0
 31
0.0
  0
CIRCLE
  5
161
330
126
100
AcDbEntity
  8
虚线层
  6
虚线
100
AcDbCircle
 10
617.505
 20
0.0
 30
0.0
 40
12.5
  0
LINE
  5
162
330
126
100
AcDbEntity
  8
粗实线层
100
AcDbLine
 10
1091.0
 20
60.0
 30
0.0
 11
1235.0
 21
60.0
 31
0.0
  0
LINE
  5
163
330
126
100
AcDbEntity
  8
虚线层
  6
虚线
100
AcDbLine
 10
1085.01
 20
60.0
 30
0.0
 11
150.0
 21
60.0
 31
0.0
  0
LINE
  5
164
330
126
100
AcDbEntity
  8
粗实线层
100
AcDbLine
 10
144.0
 20
-80.00000095367429
 30
0.0
 11
-0.0000000000000036
 21
-80.00000095367429
 31
0.0
  0
LINE
  5
165
330
126
100
AcDbEntity
  8
粗实线层
100
AcDbLine
 10
144.0
 20
-60.0
 30
0.0
 11
0.0
 21
-60.0
 31
0.0
  0
LINE
  5
166
330
126
100
AcDbEntity
  8
虚线层
  6
虚线
100
AcDbLine
 10
150.0
 20
-60.0
 30
0.0
 11
1085.01
 21
-60.0
 31
0.0
  0
LINE
  5
167
330
126
100
AcDbEntity
  8
粗实线层
100
AcDbLine
 10
1091.0
 20
-60.0
 30
0.0
 11
1235.0
 21
-60.0
 31
0.0
  0
DIMENSION
  5
171
330
126
100
AcDbEntity
  8
尺寸线层
100
AcDbDimension
  2
*X8
 10
386.0
 20
31.597
 30
0.0
 11
336.0000005
 21
43.42311731843576
 31
0.0
 70
    32
  1
<>
 71
     5
 42
-1.0
 73
     0
 74
     0
 75
     0
  3
CUSTOM_DIMSTYLE
100
AcDbAlignedDimension
 13
286.0
 23
10.0
 33
0.0
 14
386.0
 24
10.0
 34
0.0
100
AcDbRotatedDimension
1001
CX_DbAnnotate_TxtLocPara
1041
0.0
1001
CX_DbAnnotate_SimDimOriTxt
1070
     0
1001
CAXA_DRAFT_DIMARROWREVERSE
1070
     0
1001
ACAD
1000
DSTYLE
1002
{
1070
   173
1070
     1
1002
}
1001
CAXA_DRAFT_DIMARCLENSTYLE
1070
     1
1001
CAXA_DRAFT_DDTSTY_2011R3
1070
     0
1001
ACAD_DSTYLE_DIMINSPECT
1070
   396
1000

1070
   395
1000

1070
   394
1070
     0
1070
   393
1070
     0
1001
CX_DBDIM_TXTFRAME
1070
     0
1070
     0
1001
CDRAFT_DIM_STD_REV_NAME
1000
GB
1000
*DIMSTD
1000

  0
DIMENSION
  5
17B
330
126
100
AcDbEntity
  8
尺寸线层
100
AcDbDimension
  2
*X9
 10
956.0
 20
31.597
 30
0.0
 11
906.0000004999999
 21
43.42311731843576
 31
0.0
 70
    32
  1
<>
 71
     5
 42
-1.0
 73
     0
 74
     0
 75
     0
  3
CUSTOM_DIMSTYLE
100
AcDbAlignedDimension
 13
855.9999999999999
 23
9.999999999999998
 33
0.0
 14
956.0
 24
10.0
 34
0.0
100
AcDbRotatedDimension
1001
CX_DbAnnotate_TxtLocPara
1041
0.0
1001
CX_DbAnnotate_SimDimOriTxt
1070
     0
1001
CAXA_DRAFT_DIMARROWREVERSE
1070
     0
1001
ACAD
1000
DSTYLE
1002
{
1070
   173
1070
     1
1002
}
1001
CAXA_DRAFT_DIMARCLENSTYLE
1070
     1
1001
CAXA_DRAFT_DDTSTY_2011R3
1070
     0
1001
ACAD_DSTYLE_DIMINSPECT
1070
   396
1000

1070
   395
1000

1070
   394
1070
     0
1070
   393
1070
     0
1001
CX_DBDIM_TXTFRAME
1070
     0
1070
     0
1001
CDRAFT_DIM_STD_REV_NAME
1000
GB
1000
*DIMSTD
1000

  0
LINE
  5
17C
330
126
100
AcDbEntity
  8
粗实线层
100
AcDbLine
 10
0.0
 20
10.0
 30
0.0
 11
144.0
 21
10.0
 31
0.0
  0
LINE
  5
17D
330
126
100
AcDbEntity
  8
虚线层
  6
虚线
100
AcDbLine
 10
150.0
 20
10.0
 30
0.0
 11
286.0
 21
10.0
 31
0.0
  0
LINE
  5
17E
330
126
100
AcDbEntity
  8
粗实线层
100
AcDbLine
 10
0.0
 20
-10.0
 30
0.0
 11
144.0
 21
-10.0
 31
0.0
  0
LINE
  5
17F
330
126
100
AcDbEntity
  8
虚线层
  6
虚线
100
AcDbLine
 10
150.0
 20
-10.0
 30
0.0
 11
286.0
 21
-10.0
 31
0.0
  0
LINE
  5
180
330
126
100
AcDbEntity
  8
虚线层
  6
虚线
100
AcDbLine
 10
286.0
 20
10.0
 30
0.0
 11
386.0
 21
10.0
 31
0.0
  0
LINE
  5
181
330
126
100
AcDbEntity
  8
虚线层
  6
虚线
100
AcDbLine
 10
386.0
 20
10.0
 30
0.0
 11
386.0
 21
-10.0
 31
0.0
  0
LINE
  5
182
330
126
100
AcDbEntity
  8
虚线层
  6
虚线
100
AcDbLine
 10
286.0
 20
-10.0
 30
0.0
 11
386.0
 21
-10.0
 31
0.0
  0
LINE
  5
183
330
126
100
AcDbEntity
  8
粗实线层
100
AcDbLine
 10
1235.0
 20
10.0
 30
0.0
 11
1091.0
 21
10.0
 31
0.0
  0
LINE
  5
184
330
126
100
AcDbEntity
  8
虚线层
  6
虚线
100
AcDbLine
 10
1085.01
 20
10.0
 30
0.0
 11
956.0
 21
10.0
 31
0.0
  0
LINE
  5
185
330
126
100
AcDbEntity
  8
粗实线层
100
AcDbLine
 10
1235.0
 20
-10.0
 30
0.0
 11
1091.0
 21
-10.0
 31
0.0
  0
LINE
  5
186
330
126
100
AcDbEntity
  8
虚线层
  6
虚线
100
AcDbLine
 10
1085.01
 20
-10.0
 30
0.0
 11
956.0
 21
-10.0
 31
0.0
  0
LINE
  5
187
330
126
100
AcDbEntity
  8
虚线层
  6
虚线
100
AcDbLine
 10
955.9999999999999
 20
9.999999999999998
 30
0.0
 11
855.9999999999999
 21
9.999999999999998
 31
0.0
  0
LINE
  5
188
330
126
100
AcDbEntity
  8
虚线层
  6
虚线
100
AcDbLine
 10
856.0
 20
9.999999999999998
 30
0.0
 11
856.0
 21
-10.0
 31
0.0
  0
LINE
  5
189
330
126
100
AcDbEntity
  8
虚线层
  6
虚线
100
AcDbLine
 10
956.0
 20
-10.0
 30
0.0
 11
856.0
 21
-10.0
 31
0.0
  0
DIMENSION
  5
195
330
126
100
AcDbEntity
  8
尺寸线层
100
AcDbDimension
  2
*X10
 10
150.0
 20
136.694
 30
0.0
 11
147.0
 21
148.569
 31
0.0
 70
    32
  1
<>
 71
     5
 42
-1.0
 73
     0
 74
     0
 75
     0
  3
CUSTOM_DIMSTYLE
100
AcDbAlignedDimension
 13
144.0
 23
110.0
 33
0.0
 14
150.0
 24
110.194
 34
0.0
100
AcDbRotatedDimension
1001
CX_DbAnnotate_TxtLocPara
1041
0.0
1001
CX_DbAnnotate_SimDimOriTxt
1070
     0
1001
CAXA_DRAFT_DIMARROWREVERSE
1070
     0
1001
ACAD
1000
DSTYLE
1002
{
1070
   173
1070
     1
1002
}
1001
CAXA_DRAFT_DIMARCLENSTYLE
1070
     1
1001
CAXA_DRAFT_DDTSTY_2011R3
1070
     0
1001
ACAD_DSTYLE_DIMINSPECT
1070
   396
1000

1070
   395
1000

1070
   394
1070
     0
1070
   393
1070
     0
1001
CX_DBDIM_TXTFRAME
1070
     0
1070
     0
1001
CDRAFT_DIM_STD_REV_NAME
1000
GB
1000
*DIMSTD
1000

  0
DIMENSION
  5
1A1
330
126
100
AcDbEntity
  8
尺寸线层
100
AcDbDimension
  2
*X11
 10
1091.0
 20
136.694
 30
0.0
 11
1088.0
 21
148.569
 31
0.0
 70
    32
  1
<>
 71
     5
 42
-1.0
 73
     0
 74
     0
 75
     0
  3
CUSTOM_DIMSTYLE
100
AcDbAlignedDimension
 13
1085.0
 23
110.0
 33
0.0
 14
1091.0
 24
110.0
 34
0.0
100
AcDbRotatedDimension
1001
CX_DbAnnotate_TxtLocPara
1041
0.0
1001
CX_DbAnnotate_SimDimOriTxt
1070
     0
1001
CAXA_DRAFT_DIMARROWREVERSE
1070
     0
1001
ACAD
1000
DSTYLE
1002
{
1070
   173
1070
     1
1002
}
1001
CAXA_DRAFT_DIMARCLENSTYLE
1070
     1
1001
CAXA_DRAFT_DDTSTY_2011R3
1070
     0
1001
ACAD_DSTYLE_DIMINSPECT
1070
   396
1000

1070
   395
1000

1070
   394
1070
     0
1070
   393
1070
     0
1001
CX_DBDIM_TXTFRAME
1070
     0
1070
     0
1001
CDRAFT_DIM_STD_REV_NAME
1000
GB
1000
*DIMSTD
1000

  0
LINE
  5
1A2
330
126
100
AcDbEntity
  8
粗实线层
100
AcDbLine
 10
1235.0
 20
-80.0
 30
0.0
 11
1235.0
 21
80.0
 31
0.0
  0
DIMENSION
  5
1AC
330
126
100
AcDbEntity
  8
尺寸线层
100
AcDbDimension
  2
*X12
 10
144.0
 20
136.694
 30
0.0
 11
72.00000050000004
 21
148.5201173184358
 31
0.0
 70
    32
  1
<>
 71
     5
 42
-1.0
 73
     0
 74
     0
 75
     0
  3
CUSTOM_DIMSTYLE
100
AcDbAlignedDimension
 13
0.0000000000000568
 23
79.99999999999999
 33
0.0
 14
144.0
 24
85.0
 34
0.0
100
AcDbRotatedDimension
1001
CX_DbAnnotate_TxtLocPara
1041
0.0
1001
CX_DbAnnotate_SimDimOriTxt
1070
     0
1001
CAXA_DRAFT_DIMARROWREVERSE
1070
     0
1001
ACAD
1000
DSTYLE
1002
{
1070
   173
1070
     1
1002
}
1001
CAXA_DRAFT_DIMARCLENSTYLE
1070
     1
1001
CAXA_DRAFT_DDTSTY_2011R3
1070
     0
1001
ACAD_DSTYLE_DIMINSPECT
1070
   396
1000

1070
   395
1000

1070
   394
1070
     0
1070
   393
1070
     0
1001
CX_DBDIM_TXTFRAME
1070
     0
1070
     0
1001
CDRAFT_DIM_STD_REV_NAME
1000
GB
1000
*DIMSTD
1000

  0
LINE
  5
1AD
330
126
100
AcDbEntity
  8
虚线层
  6
虚线
100
AcDbLine
 10
286.0
 20
10.0
 30
0.0
 11
286.0
 21
-10.0
 31
0.0
  0
LINE
  5
1AE
330
126
100
AcDbEntity
  8
虚线层
  6
虚线
100
AcDbLine
 10
956.0
 20
10.0
 30
0.0
 11
956.0
 21
-10.0
 31
0.0
  0
DIMENSION
  5
1B7
330
126
100
AcDbEntity
  8
尺寸线层
100
AcDbDimension
  2
*X13
 10
628.4270182924034
 20
-6.07943388979637
 30
0.0
 11
568.3017964592462
 21
27.38757755974997
 31
0.0
 70
   163
  1
<>*40
 71
     5
 42
-1.0
 73
     0
 74
     0
 75
     0
  3
CUSTOM_DIMSTYLE
100
AcDbDiametricDimension
 15
606.5829817075966
 25
6.07943388979637
 35
0.0
 40
0.0
1001
CxDragDiaDimLnStyle
1070
     1
1001
CAXA_DRAFT_DIMARROWREVERSE
1070
     0
1001
ACAD
1000
DSTYLE
1002
{
1070
     3
1000
%%C<>
1070
   173
1070
     1
1070
     4
1000
%c[]
1070
    74
1070
     1
1002
}
1001
CAXA_DRAFT_DIMARCLENSTYLE
1070
     1
1001
CAXA_DRAFT_DDTSTY_2011R3
1070
     0
1001
ACAD_DSTYLE_DIMINSPECT
1070
   396
1000

1070
   395
1000

1070
   394
1070
     0
1070
   393
1070
     0
1001
CX_DBDIM_TXTFRAME
1070
     0
1070
     0
1001
CDRAFT_DIM_STD_REV_NAME
1000
GB
1000
*DIMSTD
1000

  0
MTEXT
  5
1B8
330
126
100
AcDbEntity
  8
尺寸线层
100
AcDbMText
 10
112.7805733703065
 20
-144.2073852871596
 30
0.0
 40
45.0
 41
685.5083798882683
 46
284.2789273743019
 71
     1
 72
     1
  1
{\W0.7;\T1.1;L=3100-4件\P共计4件\P\P\P\P\H1.42943x;\W1; }
 73
     1
 44
1.0
1001
CAXA_DRAFT_TXTSCALE
1041
1.0
1001
ACAD
1000
ACAD_MTEXT_DEFINED_HEIGHT_BEGIN
1070
    46
1040
284.2789273743019
1000
ACAD_MTEXT_DEFINED_HEIGHT_END
  0
HATCH
  5
1B9
330
126
100
AcDbEntity
  8
0
100
AcDbHatch
 10
0.0
 20
0.0
 30
0.0
210
0.0
220
0.0
230
1.0
  2
SOLID
 70
     1
 71
     0
 91
        1
 92
        0
 93
        4
 72
     1
 10
150.0
 20
100.0
 11
150.0
 21
110.0
 72
     1
 10
150.0
 20
110.0
 11
150.0
 21
110.194
 72
     1
 10
150.0
 20
110.194
 11
160.5
 21
100.0
 72
     1
 10
160.5
 20
100.0
 11
150.0
 21
100.0
 97
        0
 75
     0
 76
     1
 98
        1
 10
153.6483676194633
 20
102.9772872760703
  0
HATCH
  5
1BA
330
126
100
AcDbEntity
  8
0
100
AcDbHatch
 10
0.0
 20
0.0
 30
0.0
210
0.0
220
0.0
230
1.0
  2
SOLID
 70
     1
 71
     0
 91
        1
 92
        0
 93
        4
 72
     1
 10
150.0
 20
-110.0
 11
150.0
 21
-100.0
 72
     1
 10
150.0
 20
-100.0
 11
160.5
 21
-100.0
 72
     1
 10
160.5
 20
-100.0
 11
150.0
 21
-110.194
 72
     1
 10
150.0
 20
-110.194
 11
150.0
 21
-110.0
 97
        0
 75
     0
 76
     1
 98
        1
 10
151.5292164716265
 20
-105.3475301083776
  0
HATCH
  5
1BB
330
126
100
AcDbEntity
  8
0
100
AcDbHatch
 10
0.0
 20
0.0
 30
0.0
210
0.0
220
0.0
230
1.0
  2
SOLID
 70
     1
 71
     0
 91
        1
 92
        0
 93
        3
 72
     1
 10
1075.0
 20
100.0
 11
1085.0
 21
110.0
 72
     1
 10
1085.0
 20
110.0
 11
1085.0
 21
100.0
 72
     1
 10
1085.0
 20
100.0
 11
1075.0
 21
100.0
 97
        0
 75
     0
 76
     1
 98
        1
 10
1079.065035916216
 20
103.1677481746877
  0
HATCH
  5
1BC
330
126
100
AcDbEntity
  8
0
100
AcDbHatch
 10
0.0
 20
0.0
 30
0.0
210
0.0
220
0.0
230
1.0
  2
SOLID
 70
     1
 71
     0
 91
        1
 92
        0
 93
        3
 72
     1
 10
1085.0
 20
-110.0
 11
1075.0
 21
-100.0
 72
     1
 10
1075.0
 20
-100.0
 11
1085.0
 21
-100.0
 72
     1
 10
1085.0
 20
-100.0
 11
1085.0
 21
-110.0
 97
        0
 75
     0
 76
     1
 98
        1
 10
1082.423277507933
 20
-105.0300952773483
  0
LINE
  5
1BD
330
126
100
AcDbEntity
  8
虚线层
  6
虚线
100
AcDbLine
 10
285.9999999999999
 20
80.0
 30
0.0
 11
285.9999999999999
 21
60.0
 31
0.0
  0
LINE
  5
1BE
330
126
100
AcDbEntity
  8
虚线层
  6
虚线
100
AcDbLine
 10
285.9999999999999
 20
-60.0
 30
0.0
 11
285.9999999999998
 21
-80.50000095367429
 31
0.0
  0
LINE
  5
1BF
330
126
100
AcDbEntity
  8
虚线层
  6
虚线
100
AcDbLine
 10
955.9999999999999
 20
79.99999999999999
 30
0.0
 11
955.9999999999999
 21
60.0
 31
0.0
  0
LINE
  5
1C0
330
126
100
AcDbEntity
  8
虚线层
  6
虚线
100
AcDbLine
 10
1085.01
 20
79.99999999999999
 30
0.0
 11
955.9999999999999
 21
79.99999999999999
 31
0.0
  0
LINE
  5
1C1
330
126
100
AcDbEntity
  8
虚线层
  6
虚线
100
AcDbLine
 10
285.9999999999999
 20
80.0
 30
0.0
 11
150.0
 21
79.99999999999999
 31
0.0
  0
LINE
  5
1C2
330
126
100
AcDbEntity
  8
虚线层
  6
虚线
100
AcDbLine
 10
1085.01
 20
-79.99999999999999
 30
0.0
 11
955.9999999999999
 21
-79.99999999999999
 31
0.0
  0
LINE
  5
1C3
330
126
100
AcDbEntity
  8
虚线层
  6
虚线
100
AcDbLine
 10
285.9999999999998
 20
-80.50000095367429
 30
0.0
 11
150.0
 21
-80.50000095367429
 31
0.0
  0
LINE
  5
1C4
330
126
100
AcDbEntity
  8
虚线层
  6
虚线
100
AcDbLine
 10
285.9999999999999
 20
79.99999999999999
 30
0.0
 11
385.9999999999999
 21
79.99999999999999
 31
0.0
  0
LINE
  5
1C5
330
126
100
AcDbEntity
  8
虚线层
  6
虚线
100
AcDbLine
 10
385.9999999999999
 20
79.99999999999997
 30
0.0
 11
385.9999999999999
 21
60.0
 31
0.0
  0
LINE
  5
1C6
330
126
100
AcDbEntity
  8
虚线层
  6
虚线
100
AcDbLine
 10
385.9999999999999
 20
-60.0
 30
0.0
 11
385.9999999999998
 21
-80.50000095367429
 31
0.0
  0
LINE
  5
1C7
330
126
100
AcDbEntity
  8
虚线层
  6
虚线
100
AcDbLine
 10
285.9999999999998
 20
-80.50000095367429
 30
0.0
 11
385.9999999999998
 21
-80.50000095367429
 31
0.0
  0
LINE
  5
1C8
330
126
100
AcDbEntity
  8
虚线层
  6
虚线
100
AcDbLine
 10
855.9999999999999
 20
79.99999999999997
 30
0.0
 11
855.9999999999999
 21
60.0
 31
0.0
  0
LINE
  5
1C9
330
126
100
AcDbEntity
  8
虚线层
  6
虚线
100
AcDbLine
 10
955.9999999999998
 20
79.99999999999997
 30
0.0
 11
855.9999999999998
 21
79.99999999999997
 31
0.0
  0
LINE
  5
1CA
330
126
100
AcDbEntity
  8
虚线层
  6
虚线
100
AcDbLine
 10
955.9999999999999
 20
-60.0
 30
0.0
 11
955.9999999999999
 21
-79.99999999999999
 31
0.0
  0
LINE
  5
1CB
330
126
100
AcDbEntity
  8
虚线层
  6
虚线
100
AcDbLine
 10
855.9999999999999
 20
-60.0
 30
0.0
 11
855.9999999999999
 21
-79.99999999999997
 31
0.0
  0
LINE
  5
1CC
330
126
100
AcDbEntity
  8
虚线层
  6
虚线
100
AcDbLine
 10
955.9999999999998
 20
-79.99999999999997
 30
0.0
 11
855.9999999999998
 21
-79.99999999999997
 31
0.0
  0
HATCH
  5
1CD
330
126
100
AcDbEntity
  8
剖面线层
100
AcDbHatch
 10
0.0
 20
0.0
 30
0.0
210
0.0
220
0.0
230
1.0
  2
AR-CONC
 70
     0
 71
     0
 91
        1
 92
        0
 93
       10
 72
     1
 10
385.9999999999999
 20
60.0
 11
385.9999999999999
 21
79.99999999999997
 72
     1
 10
385.9999999999999
 20
79.99999999999997
 11
285.9999999999999
 21
79.99999999999999
 72
     1
 10
285.9999999999999
 20
79.99999999999999
 11
150.0
 21
79.99999999999999
 72
     1
 10
150.0
 20
79.99999999999999
 11
150.0
 21
94.0
 72
     1
 10
150.0
 20
94.0
 11
1085.01
 21
94.0
 72
     1
 10
1085.01
 20
94.0
 11
1085.01
 21
79.99999999999999
 72
     1
 10
1085.01
 20
79.99999999999999
 11
955.9999999999999
 21
79.99999999999999
 72
     1
 10
955.9999999999999
 20
79.99999999999999
 11
855.9999999999998
 21
79.99999999999997
 72
     1
 10
855.9999999999998
 20
79.99999999999997
 11
855.9999999999999
 21
60.0
 72
     1
 10
855.9999999999999
 20
60.0
 11
385.9999999999999
 21
60.0
 97
        0
 75
     0
 76
     1
 52
0.0
 41
0.1
 77
     0
 78
    13
 53
50.0
 43
0.0
 44
0.0
 45
18.2184668996004
 46
-1.593908553890307
 79
     2
 49
1.905
 49
-20.955
 53
355.0
 43
0.0
 44
0.0
 45
-3.524342142496934
 46
19.10568452390352
 79
     2
 49
1.524
 49
-16.764058417
 53
100.4514447
 43
1.5182007
 44
-0.13282535
 45
14.69412470903534
 46
17.51177519121951
 79
     2
 49
1.61900088
 49
-17.80902446
 53
46.1842
 43
0.0
 44
5.08
 45
27.10790408921299
 46
-4.204232793272715
 79
     2
 49
2.8575
 49
-31.4325
 53
96.63555760999999
 43
2.25899
 44
4.72965
 45
23.7404134051503
 46
24.74261245977215
 79
     2
 49
2.428502314
 49
-26.713560816
 53
351.18415117
 43
0.0
 44
5.08
 45
23.74041340649773
 46
24.74261245855324
 79
     2
 49
2.285996707
 49
-25.145973192
 53
21.0
 43
2.54
 44
3.81
 45
15.16143912691325
 46
-10.22651981870876
 79
     2
 49
1.905
 49
-20.955
 53
325.9999999999999
 43
2.54
 44
3.81
 45
6.180202834764725
 46
18.41879661223192
 79
     2
 49
1.524
 49
-16.764
 53
71.45144499999999
 43
3.80345326
 44
2.95779001
 45
21.34164192787162
 46
8.192276888590527
 79
     2
 49
1.61900088
 49
-17.80899376
 53
37.5
 43
0.0
 44
0.0
 45
0.3088603250591817
 46
8.455503887315311
 79
     6
 49
0.0
 49
-16.5608
 49
0.0
 49
-17.018
 49
0.0
 49
-16.8275
 53
7.5
 43
0.0
 44
0.0
 45
6.681966251030575
 46
10.01805748181195
 79
     6
 49
0.0
 49
-9.702800000000002
 49
0.0
 49
-16.1798
 49
0.0
 49
-6.413500000000001
 53
-32.5
 43
-5.664200000000001
 44
0.0
 45
13.55905951668714
 46
-0.5728743992673444
 79
     6
 49
0.0
 49
-6.350000000000001
 49
0.0
 49
-19.812
 49
0.0
 49
-26.289
 53
-42.50000000000001
 43
-8.2042
 44
0.0
 45
14.81291813860181
 46
2.542649103333303
 79
     6
 49
0.0
 49
-8.255
 49
0.0
 49
-13.1572
 49
0.0
 49
-18.669
 98
        1
 10
463.3647114137156
 20
74.1924954966832
1001
CAXA_DRAFT_HATCH_SCALE_ANGLE
1041
0.1
1041
0.0
  0
HATCH
  5
1CE
330
126
100
AcDbEntity
  8
剖面线层
100
AcDbHatch
 10
0.0
 20
0.0
 30
0.0
210
0.0
220
0.0
230
1.0
  2
AR-CONC
 70
     0
 71
     0
 91
        1
 92
        0
 93
       10
 72
     1
 10
385.9999999999998
 20
-80.50000095367429
 11
385.9999999999999
 21
-60.0
 72
     1
 10
385.9999999999999
 20
-60.0
 11
855.9999999999999
 21
-60.0
 72
     1
 10
855.9999999999999
 20
-60.0
 11
855.9999999999999
 21
-79.99999999999997
 72
     1
 10
855.9999999999999
 20
-79.99999999999997
 11
955.9999999999998
 21
-79.99999999999997
 72
     1
 10
955.9999999999998
 20
-79.99999999999997
 11
1085.01
 21
-79.99999999999999
 72
     1
 10
1085.01
 20
-79.99999999999999
 11
1085.01
 21
-94.0
 72
     1
 10
1085.01
 20
-94.0
 11
150.0
 21
-94.0
 72
     1
 10
150.0
 20
-94.0
 11
150.0
 21
-80.50000095367429
 72
     1
 10
150.0
 20
-80.50000095367429
 11
285.9999999999998
 21
-80.50000095367429
 72
     1
 10
285.9999999999998
 20
-80.50000095367429
 11
385.9999999999998
 21
-80.50000095367429
 97
        0
 75
     0
 76
     1
 52
0.0
 41
0.1
 77
     0
 78
    13
 53
50.0
 43
0.0
 44
0.0
 45
18.2184668996004
 46
-1.593908553890307
 79
     2
 49
1.905
 49
-20.955
 53
355.0
 43
0.0
 44
0.0
 45
-3.524342142496934
 46
19.10568452390352
 79
     2
 49
1.524
 49
-16.764058417
 53
100.4514447
 43
1.5182007
 44
-0.13282535
 45
14.69412470903534
 46
17.51177519121951
 79
     2
 49
1.61900088
 49
-17.80902446
 53
46.1842
 43
0.0
 44
5.08
 45
27.10790408921299
 46
-4.204232793272715
 79
     2
 49
2.8575
 49
-31.4325
 53
96.63555760999999
 43
2.25899
 44
4.72965
 45
23.7404134051503
 46
24.74261245977215
 79
     2
 49
2.428502314
 49
-26.713560816
 53
351.18415117
 43
0.0
 44
5.08
 45
23.74041340649773
 46
24.74261245855324
 79
     2
 49
2.285996707
 49
-25.145973192
 53
21.0
 43
2.54
 44
3.81
 45
15.16143912691325
 46
-10.22651981870876
 79
     2
 49
1.905
 49
-20.955
 53
325.9999999999999
 43
2.54
 44
3.81
 45
6.180202834764725
 46
18.41879661223192
 79
     2
 49
1.524
 49
-16.764
 53
71.45144499999999
 43
3.80345326
 44
2.95779001
 45
21.34164192787162
 46
8.192276888590527
 79
     2
 49
1.61900088
 49
-17.80899376
 53
37.5
 43
0.0
 44
0.0
 45
0.3088603250591817
 46
8.455503887315311
 79
     6
 49
0.0
 49
-16.5608
 49
0.0
 49
-17.018
 49
0.0
 49
-16.8275
 53
7.5
 43
0.0
 44
0.0
 45
6.681966251030575
 46
10.01805748181195
 79
     6
 49
0.0
 49
-9.702800000000002
 49
0.0
 49
-16.1798
 49
0.0
 49
-6.413500000000001
 53
-32.5
 43
-5.664200000000001
 44
0.0
 45
13.55905951668714
 46
-0.5728743992673444
 79
     6
 49
0.0
 49
-6.350000000000001
 49
0.0
 49
-19.812
 49
0.0
 49
-26.289
 53
-42.50000000000001
 43
-8.2042
 44
0.0
 45
14.81291813860181
 46
2.542649103333303
 79
     6
 49
0.0
 49
-8.255
 49
0.0
 49
-13.1572
 49
0.0
 49
-18.669
 98
        1
 10
489.1945322709418
 20
-64.17119722302505
1001
CAXA_DRAFT_HATCH_SCALE_ANGLE
1041
0.1
1041
0.0
  0
ENDBLK
  5
1D0
330
126
100
AcDbEntity
  8
0
100
AcDbBlockEnd
  0
BLOCK
  5
12B
330
12A
100
AcDbEntity
  8
0
100
AcDbBlockBegin
  2
*X4
 70
     1
 10
0.0
 20
0.0
 30
0.0
  3
*X4
  1

  0
LINE
  5
12D
330
12A
100
AcDbEntity
  8
尺寸线层
  6
Continuous
 62
     3
100
AcDbLine
 10
0.0
 20
185.325
 30
0.0
 11
1235.0
 21
185.325
 31
0.0
  0
HATCH
  5
12E
330
12A
100
AcDbEntity
  8
尺寸线层
  6
Continuous
 62
     3
100
AcDbHatch
 10
0.0
 20
0.0
 30
0.0
210
0.0
220
0.0
230
1.0
  2
SOLID
 70
     1
 71
     0
 91
        1
 92
        0
 93
        3
 72
     1
 10
0.0
 20
185.325
 11
25.0
 21
189.4916666666666
 72
     1
 10
25.0
 20
189.4916666666666
 11
25.0
 21
181.1583333333333
 72
     1
 10
25.0
 20
181.1583333333333
 11
0.0
 21
185.325
 97
        0
 75
     0
 76
     1
 98
        1
 10
0.0
 20
0.0
  0
HATCH
  5
12F
330
12A
100
AcDbEntity
  8
尺寸线层
  6
Continuous
 62
     3
100
AcDbHatch
 10
0.0
 20
0.0
 30
0.0
210
0.0
220
0.0
230
1.0
  2
SOLID
 70
     1
 71
     0
 91
        1
 92
        0
 93
        3
 72
     1
 10
1235.0
 20
185.325
 11
1210.0
 21
189.4916666666666
 72
     1
 10
1210.0
 20
189.4916666666666
 11
1210.0
 21
181.1583333333333
 72
     1
 10
1210.0
 20
181.1583333333333
 11
1235.0
 21
185.325
 97
        0
 75
     0
 76
     1
 98
        1
 10
0.0
 20
0.0
  0
LINE
  5
130
330
12A
100
AcDbEntity
  8
尺寸线层
  6
Continuous
 62
     0
100
AcDbLine
 10
0.0
 20
85.0
 30
0.0
 11
0.0
 21
191.575
 31
0.0
  0
LINE
  5
131
330
12A
100
AcDbEntity
  8
尺寸线层
  6
Continuous
 62
     0
100
AcDbLine
 10
1235.0
 20
80.0
 30
0.0
 11
1235.0
 21
191.575
 31
0.0
  0
MTEXT
  5
132
330
12A
100
AcDbEntity
  8
尺寸线层
 62
     0
100
AcDbMText
 10
617.5000005
 20
209.8361731843575
 30
0.0
 40
17.5
 41
54.74860335195535
 46
35.0
 71
     5
 72
     1
  1
{\H2.5x;L}
 73
     1
 44
1.0
1001
CAXA_DRAFT_TXTSCALE
1041
1.0
1001
ACAD
1000
ACAD_MTEXT_DEFINED_HEIGHT_BEGIN
1070
    46
1040
35.0
1000
ACAD_MTEXT_DEFINED_HEIGHT_END
  0
ENDBLK
  5
12C
330
12A
100
AcDbEntity
  8
0
100
AcDbBlockEnd
  0
BLOCK
  5
136
330
135
100
AcDbEntity
  8
0
100
AcDbBlockBegin
  2
*X5
 70
     1
 10
0.0
 20
0.0
 30
0.0
  3
*X5
  1

  0
LINE
  5
138
330
135
100
AcDbEntity
  8
尺寸线层
100
AcDbLine
 10
150.0
 20
110.0
 30
0.0
 11
150.0
 21
136.694
 31
0.0
  0
LINE
  5
139
330
135
100
AcDbEntity
  8
尺寸线层
100
AcDbLine
 10
1085.0
 20
100.0
 30
0.0
 11
1085.0
 21
136.694
 31
0.0
  0
INSERT
  5
13A
330
135
100
AcDbEntity
  8
尺寸线层
 62
     3
100
AcDbBlockReference
  2
_CLOSEDFILLED
 10
150.0
 20
136.694
 30
0.0
 41
25.0
 42
25.0
 50
180.0
1001
CAXA_DRAFT_BLKHIDE
1070
     0
  0
INSERT
  5
13F
330
135
100
AcDbEntity
  8
尺寸线层
 62
     3
100
AcDbBlockReference
  2
_CLOSEDFILLED
 10
1085.0
 20
136.694
 30
0.0
 41
25.0
 42
25.0
1001
CAXA_DRAFT_BLKHIDE
1070
     0
  0
LINE
  5
140
330
135
100
AcDbEntity
  8
尺寸线层
 62
     3
370
     0
100
AcDbLine
 10
175.0
 20
136.694
 30
0.0
 11
1060.0
 21
136.694
 31
0.0
  0
MTEXT
  5
141
330
135
100
AcDbEntity
  8
尺寸线层
100
AcDbMText
 10
617.5
 20
148.569
 30
0.0
 40
17.5
 41
121.0335195530727
 46
34.60893854748605
 71
     5
 72
     1
  1
L-300
 73
     1
 44
1.0
1001
CAXA_DRAFT_TXTSCALE
1041
1.0
1001
ACAD
1000
ACAD_MTEXT_DEFINED_HEIGHT_BEGIN
1070
    46
1040
34.60893854748605
1000
ACAD_MTEXT_DEFINED_HEIGHT_END
  0
ENDBLK
  5
137
330
135
100
AcDbEntity
  8
0
100
AcDbBlockEnd
  0
BLOCK
  5
13D
330
13B
100
AcDbEntity
  8
0
100
AcDbBlockBegin
  2
_CLOSEDFILLED
 70
     0
 10
0.0
 20
0.0
 30
0.0
  3
_CLOSEDFILLED
  1

  0
HATCH
  5
13C
330
13B
100
AcDbEntity
  8
0
  6
ByBlock
 62
     0
100
AcDbHatch
 10
0.0
 20
0.0
 30
0.0
210
0.0
220
0.0
230
1.0
  2
SOLID
 70
     1
 71
     0
 91
        1
 92
        0
 93
        3
 72
     1
 10
-1.0
 20
0.1643989837240254
 11
0.0
 21
0.0
 72
     1
 10
0.0
 20
0.0
 11
-1.0
 21
-0.1643989837240254
 72
     1
 10
-1.0
 20
-0.1643989837240254
 11
-1.0
 21
0.1643989837240254
 97
        0
 75
     0
 76
     1
 98
        1
 10
0.0
 20
0.0
  0
ENDBLK
  5
13E
330
13B
100
AcDbEntity
  8
0
100
AcDbBlockEnd
  0
BLOCK
  5
144
330
143
100
AcDbEntity
  8
0
100
AcDbBlockBegin
  2
*X7
 70
     1
 10
0.0
 20
0.0
 30
0.0
  3
*X7
  1

  0
LINE
  5
146
330
143
100
AcDbEntity
  8
尺寸线层
  6
Continuous
 62
     3
100
AcDbLine
 10
1091.0
 20
136.694
 30
0.0
 11
1235.0
 21
136.694
 31
0.0
  0
HATCH
  5
147
330
143
100
AcDbEntity
  8
尺寸线层
  6
Continuous
 62
     3
100
AcDbHatch
 10
0.0
 20
0.0
 30
0.0
210
0.0
220
0.0
230
1.0
  2
SOLID
 70
     1
 71
     0
 91
        1
 92
        0
 93
        3
 72
     1
 10
1091.0
 20
136.694
 11
1116.0
 21
140.8606666666666
 72
     1
 10
1116.0
 20
140.8606666666666
 11
1116.0
 21
132.5273333333333
 72
     1
 10
1116.0
 20
132.5273333333333
 11
1091.0
 21
136.694
 97
        0
 75
     0
 76
     1
 98
        1
 10
0.0
 20
0.0
  0
HATCH
  5
148
330
143
100
AcDbEntity
  8
尺寸线层
  6
Continuous
 62
     3
100
AcDbHatch
 10
0.0
 20
0.0
 30
0.0
210
0.0
220
0.0
230
1.0
  2
SOLID
 70
     1
 71
     0
 91
        1
 92
        0
 93
        3
 72
     1
 10
1235.0
 20
136.694
 11
1210.0
 21
140.8606666666666
 72
     1
 10
1210.0
 20
140.8606666666666
 11
1210.0
 21
132.5273333333333
 72
     1
 10
1210.0
 20
132.5273333333333
 11
1235.0
 21
136.694
 97
        0
 75
     0
 76
     1
 98
        1
 10
0.0
 20
0.0
  0
LINE
  5
149
330
143
100
AcDbEntity
  8
尺寸线层
  6
Continuous
 62
     0
100
AcDbLine
 10
1091.0
 20
110.0
 30
0.0
 11
1091.0
 21
142.944
 31
0.0
  0
LINE
  5
14A
330
143
100
AcDbEntity
  8
尺寸线层
  6
Continuous
 62
     0
100
AcDbLine
 10
1235.0
 20
80.0
 30
0.0
 11
1235.0
 21
142.944
 31
0.0
  0
MTEXT
  5
14B
330
143
100
AcDbEntity
  8
尺寸线层
 62
     0
100
AcDbMText
 10
1163.0000005
 20
148.5201173184357
 30
0.0
 40
17.5
 41
67.65363128491617
 46
35.0
 71
     5
 72
     1
  1
144
 73
     1
 44
1.0
1001
CAXA_DRAFT_TXTSCALE
1041
1.0
1001
ACAD
1000
ACAD_MTEXT_DEFINED_HEIGHT_BEGIN
1070
    46
1040
35.0
1000
ACAD_MTEXT_DEFINED_HEIGHT_END
  0
ENDBLK
  5
145
330
143
100
AcDbEntity
  8
0
100
AcDbBlockEnd
  0
BLOCK
  5
169
330
168
100
AcDbEntity
  8
0
100
AcDbBlockBegin
  2
*X8
 70
     1
 10
0.0
 20
0.0
 30
0.0
  3
*X8
  1

  0
LINE
  5
16B
330
168
100
AcDbEntity
  8
尺寸线层
  6
Continuous
 62
     3
100
AcDbLine
 10
286.0
 20
31.597
 30
0.0
 11
386.0
 21
31.597
 31
0.0
  0
HATCH
  5
16C
330
168
100
AcDbEntity
  8
尺寸线层
  6
Continuous
 62
     3
100
AcDbHatch
 10
0.0
 20
0.0
 30
0.0
210
0.0
220
0.0
230
1.0
  2
SOLID
 70
     1
 71
     0
 91
        1
 92
        0
 93
        3
 72
     1
 10
286.0
 20
31.597
 11
311.0
 21
35.76366666666667
 72
     1
 10
311.0
 20
35.76366666666667
 11
311.0
 21
27.43033333333333
 72
     1
 10
311.0
 20
27.43033333333333
 11
286.0
 21
31.597
 97
        0
 75
     0
 76
     1
 98
        1
 10
0.0
 20
0.0
  0
HATCH
  5
16D
330
168
100
AcDbEntity
  8
尺寸线层
  6
Continuous
 62
     3
100
AcDbHatch
 10
0.0
 20
0.0
 30
0.0
210
0.0
220
0.0
230
1.0
  2
SOLID
 70
     1
 71
     0
 91
        1
 92
        0
 93
        3
 72
     1
 10
386.0
 20
31.597
 11
361.0
 21
35.76366666666667
 72
     1
 10
361.0
 20
35.76366666666667
 11
361.0
 21
27.43033333333333
 72
     1
 10
361.0
 20
27.43033333333333
 11
386.0
 21
31.597
 97
        0
 75
     0
 76
     1
 98
        1
 10
0.0
 20
0.0
  0
LINE
  5
16E
330
168
100
AcDbEntity
  8
尺寸线层
  6
Continuous
 62
     0
100
AcDbLine
 10
286.0
 20
10.0
 30
0.0
 11
286.0
 21
37.847
 31
0.0
  0
LINE
  5
16F
330
168
100
AcDbEntity
  8
尺寸线层
  6
Continuous
 62
     0
100
AcDbLine
 10
386.0
 20
10.0
 30
0.0
 11
386.0
 21
37.847
 31
0.0
  0
MTEXT
  5
170
330
168
100
AcDbEntity
  8
尺寸线层
 62
     0
100
AcDbMText
 10
336.0000005
 20
43.42311731843576
 30
0.0
 40
17.5
 41
66.87150837988816
 46
35.0
 71
     5
 72
     1
  1
100
 73
     1
 44
1.0
1001
CAXA_DRAFT_TXTSCALE
1041
1.0
1001
ACAD
1000
ACAD_MTEXT_DEFINED_HEIGHT_BEGIN
1070
    46
1040
35.0
1000
ACAD_MTEXT_DEFINED_HEIGHT_END
  0
ENDBLK
  5
16A
330
168
100
AcDbEntity
  8
0
100
AcDbBlockEnd
  0
BLOCK
  5
173
330
172
100
AcDbEntity
  8
0
100
AcDbBlockBegin
  2
*X9
 70
     1
 10
0.0
 20
0.0
 30
0.0
  3
*X9
  1

  0
LINE
  5
175
330
172
100
AcDbEntity
  8
尺寸线层
  6
Continuous
 62
     3
100
AcDbLine
 10
855.9999999999999
 20
31.597
 30
0.0
 11
956.0
 21
31.597
 31
0.0
  0
HATCH
  5
176
330
172
100
AcDbEntity
  8
尺寸线层
  6
Continuous
 62
     3
100
AcDbHatch
 10
0.0
 20
0.0
 30
0.0
210
0.0
220
0.0
230
1.0
  2
SOLID
 70
     1
 71
     0
 91
        1
 92
        0
 93
        3
 72
     1
 10
855.9999999999999
 20
31.597
 11
880.9999999999999
 21
35.76366666666667
 72
     1
 10
880.9999999999999
 20
35.76366666666667
 11
880.9999999999999
 21
27.43033333333333
 72
     1
 10
880.9999999999999
 20
27.43033333333333
 11
855.9999999999999
 21
31.597
 97
        0
 75
     0
 76
     1
 98
        1
 10
0.0
 20
0.0
  0
HATCH
  5
177
330
172
100
AcDbEntity
  8
尺寸线层
  6
Continuous
 62
     3
100
AcDbHatch
 10
0.0
 20
0.0
 30
0.0
210
0.0
220
0.0
230
1.0
  2
SOLID
 70
     1
 71
     0
 91
        1
 92
        0
 93
        3
 72
     1
 10
956.0
 20
31.597
 11
931.0
 21
35.76366666666667
 72
     1
 10
931.0
 20
35.76366666666667
 11
931.0
 21
27.43033333333333
 72
     1
 10
931.0
 20
27.43033333333333
 11
956.0
 21
31.597
 97
        0
 75
     0
 76
     1
 98
        1
 10
0.0
 20
0.0
  0
LINE
  5
178
330
172
100
AcDbEntity
  8
尺寸线层
  6
Continuous
 62
     0
100
AcDbLine
 10
855.9999999999999
 20
9.999999999999998
 30
0.0
 11
855.9999999999999
 21
37.847
 31
0.0
  0
LINE
  5
179
330
172
100
AcDbEntity
  8
尺寸线层
  6
Continuous
 62
     0
100
AcDbLine
 10
956.0
 20
10.0
 30
0.0
 11
956.0
 21
37.847
 31
0.0
  0
MTEXT
  5
17A
330
172
100
AcDbEntity
  8
尺寸线层
 62
     0
100
AcDbMText
 10
906.0000004999999
 20
43.42311731843576
 30
0.0
 40
17.5
 41
66.87150837988838
 46
35.0
 71
     5
 72
     1
  1
100
 73
     1
 44
1.0
1001
CAXA_DRAFT_TXTSCALE
1041
1.0
1001
ACAD
1000
ACAD_MTEXT_DEFINED_HEIGHT_BEGIN
1070
    46
1040
35.0
1000
ACAD_MTEXT_DEFINED_HEIGHT_END
  0
ENDBLK
  5
174
330
172
100
AcDbEntity
  8
0
100
AcDbBlockEnd
  0
BLOCK
  5
18B
330
18A
100
AcDbEntity
  8
0
100
AcDbBlockBegin
  2
*X10
 70
     1
 10
0.0
 20
0.0
 30
0.0
  3
*X10
  1

  0
LINE
  5
18D
330
18A
100
AcDbEntity
  8
尺寸线层
100
AcDbLine
 10
144.0
 20
110.0
 30
0.0
 11
144.0
 21
136.694
 31
0.0
  0
LINE
  5
18E
330
18A
100
AcDbEntity
  8
尺寸线层
100
AcDbLine
 10
150.0
 20
110.194
 30
0.0
 11
150.0
 21
136.694
 31
0.0
  0
INSERT
  5
18F
330
18A
100
AcDbEntity
  8
尺寸线层
 62
     3
100
AcDbBlockReference
  2
_CLOSEDFILLED
 10
144.0
 20
136.694
 30
0.0
 41
25.0
 42
25.0
1001
CAXA_DRAFT_BLKHIDE
1070
     0
  0
INSERT
  5
190
330
18A
100
AcDbEntity
  8
尺寸线层
 62
     3
100
AcDbBlockReference
  2
_CLOSEDFILLED
 10
150.0
 20
136.694
 30
0.0
 41
25.0
 42
25.0
 50
180.0
1001
CAXA_DRAFT_BLKHIDE
1070
     0
  0
LINE
  5
191
330
18A
100
AcDbEntity
  8
尺寸线层
 62
     3
370
     0
100
AcDbLine
 10
119.0
 20
136.694
 30
0.0
 11
94.0
 21
136.694
 31
0.0
  0
LINE
  5
192
330
18A
100
AcDbEntity
  8
尺寸线层
 62
     3
370
     0
100
AcDbLine
 10
175.0
 20
136.694
 30
0.0
 11
200.0
 21
136.694
 31
0.0
  0
LINE
  5
193
330
18A
100
AcDbEntity
  8
尺寸线层
 62
     3
370
     0
100
AcDbLine
 10
144.0
 20
136.694
 30
0.0
 11
150.0
 21
136.694
 31
0.0
  0
MTEXT
  5
194
330
18A
100
AcDbEntity
  8
尺寸线层
100
AcDbMText
 10
147.0
 20
148.569
 30
0.0
 40
17.5
 41
20.13966480446925
 46
34.60893854748605
 71
     5
 72
     1
  1
6
 73
     1
 44
1.0
1001
CAXA_DRAFT_TXTSCALE
1041
1.0
1001
ACAD
1000
ACAD_MTEXT_DEFINED_HEIGHT_BEGIN
1070
    46
1040
34.60893854748605
1000
ACAD_MTEXT_DEFINED_HEIGHT_END
  0
ENDBLK
  5
18C
330
18A
100
AcDbEntity
  8
0
100
AcDbBlockEnd
  0
BLOCK
  5
197
330
196
100
AcDbEntity
  8
0
100
AcDbBlockBegin
  2
*X11
 70
     1
 10
0.0
 20
0.0
 30
0.0
  3
*X11
  1

  0
LINE
  5
199
330
196
100
AcDbEntity
  8
尺寸线层
100
AcDbLine
 10
1085.0
 20
110.0
 30
0.0
 11
1085.0
 21
136.694
 31
0.0
  0
LINE
  5
19A
330
196
100
AcDbEntity
  8
尺寸线层
100
AcDbLine
 10
1091.0
 20
110.0
 30
0.0
 11
1091.0
 21
136.694
 31
0.0
  0
INSERT
  5
19B
330
196
100
AcDbEntity
  8
尺寸线层
 62
     3
100
AcDbBlockReference
  2
_CLOSEDFILLED
 10
1085.0
 20
136.694
 30
0.0
 41
25.0
 42
25.0
1001
CAXA_DRAFT_BLKHIDE
1070
     0
  0
INSERT
  5
19C
330
196
100
AcDbEntity
  8
尺寸线层
 62
     3
100
AcDbBlockReference
  2
_CLOSEDFILLED
 10
1091.0
 20
136.694
 30
0.0
 41
25.0
 42
25.0
 50
180.0
1001
CAXA_DRAFT_BLKHIDE
1070
     0
  0
LINE
  5
19D
330
196
100
AcDbEntity
  8
尺寸线层
 62
     3
370
     0
100
AcDbLine
 10
1060.0
 20
136.694
 30
0.0
 11
1035.0
 21
136.694
 31
0.0
  0
LINE
  5
19E
330
196
100
AcDbEntity
  8
尺寸线层
 62
     3
370
     0
100
AcDbLine
 10
1116.0
 20
136.694
 30
0.0
 11
1141.0
 21
136.694
 31
0.0
  0
LINE
  5
19F
330
196
100
AcDbEntity
  8
尺寸线层
 62
     3
370
     0
100
AcDbLine
 10
1085.0
 20
136.694
 30
0.0
 11
1091.0
 21
136.694
 31
0.0
  0
MTEXT
  5
1A0
330
196
100
AcDbEntity
  8
尺寸线层
100
AcDbMText
 10
1088.0
 20
148.569
 30
0.0
 40
17.5
 41
20.13966480446925
 46
34.60893854748605
 71
     5
 72
     1
  1
6
 73
     1
 44
1.0
1001
CAXA_DRAFT_TXTSCALE
1041
1.0
1001
ACAD
1000
ACAD_MTEXT_DEFINED_HEIGHT_BEGIN
1070
    46
1040
34.60893854748605
1000
ACAD_MTEXT_DEFINED_HEIGHT_END
  0
ENDBLK
  5
198
330
196
100
AcDbEntity
  8
0
100
AcDbBlockEnd
  0
BLOCK
  5
1A4
330
1A3
100
AcDbEntity
  8
0
100
AcDbBlockBegin
  2
*X12
 70
     1
 10
0.0
 20
0.0
 30
0.0
  3
*X12
  1

  0
LINE
  5
1A6
330
1A3
100
AcDbEntity
  8
尺寸线层
  6
Continuous
 62
     3
100
AcDbLine
 10
0.0000000000000568
 20
136.694
 30
0.0
 11
144.0
 21
136.694
 31
0.0
  0
HATCH
  5
1A7
330
1A3
100
AcDbEntity
  8
尺寸线层
  6
Continuous
 62
     3
100
AcDbHatch
 10
0.0
 20
0.0
 30
0.0
210
0.0
220
0.0
230
1.0
  2
SOLID
 70
     1
 71
     0
 91
        1
 92
        0
 93
        3
 72
     1
 10
0.0000000000000568
 20
136.694
 11
25.00000000000006
 21
140.8606666666666
 72
     1
 10
25.00000000000006
 20
140.8606666666666
 11
25.00000000000006
 21
132.5273333333333
 72
     1
 10
25.00000000000006
 20
132.5273333333333
 11
0.0000000000000568
 21
136.694
 97
        0
 75
     0
 76
     1
 98
        1
 10
0.0
 20
0.0
  0
HATCH
  5
1A8
330
1A3
100
AcDbEntity
  8
尺寸线层
  6
Continuous
 62
     3
100
AcDbHatch
 10
0.0
 20
0.0
 30
0.0
210
0.0
220
0.0
230
1.0
  2
SOLID
 70
     1
 71
     0
 91
        1
 92
        0
 93
        3
 72
     1
 10
144.0
 20
136.694
 11
119.0
 21
140.8606666666666
 72
     1
 10
119.0
 20
140.8606666666666
 11
119.0
 21
132.5273333333333
 72
     1
 10
119.0
 20
132.5273333333333
 11
144.0
 21
136.694
 97
        0
 75
     0
 76
     1
 98
        1
 10
0.0
 20
0.0
  0
LINE
  5
1A9
330
1A3
100
AcDbEntity
  8
尺寸线层
  6
Continuous
 62
     0
100
AcDbLine
 10
0.0000000000000568
 20
79.99999999999999
 30
0.0
 11
0.0000000000000568
 21
142.944
 31
0.0
  0
LINE
  5
1AA
330
1A3
100
AcDbEntity
  8
尺寸线层
  6
Continuous
 62
     0
100
AcDbLine
 10
144.0
 20
85.0
 30
0.0
 11
144.0
 21
142.944
 31
0.0
  0
MTEXT
  5
1AB
330
1A3
100
AcDbEntity
  8
尺寸线层
 62
     0
100
AcDbMText
 10
72.00000050000004
 20
148.5201173184358
 30
0.0
 40
17.5
 41
67.65363128491617
 46
35.0
 71
     5
 72
     1
  1
144
 73
     1
 44
1.0
1001
CAXA_DRAFT_TXTSCALE
1041
1.0
1001
ACAD
1000
ACAD_MTEXT_DEFINED_HEIGHT_BEGIN
1070
    46
1040
35.0
1000
ACAD_MTEXT_DEFINED_HEIGHT_END
  0
ENDBLK
  5
1A5
330
1A3
100
AcDbEntity
  8
0
100
AcDbBlockEnd
  0
BLOCK
  5
1B0
330
1AF
100
AcDbEntity
  8
0
100
AcDbBlockBegin
  2
*X13
 70
     1
 10
0.0
 20
0.0
 30
0.0
  3
*X13
  1

  0
MTEXT
  5
1B2
330
1AF
100
AcDbEntity
  8
尺寸线层
 62
     0
100
AcDbMText
 10
512.4777741128776
 20
39.16481219662148
 30
0.0
 40
17.5
 41
153.2960893854748
 46
35.0
 71
     5
 72
     1
  1
%%C25*40
 73
     1
 44
1.0
1001
CAXA_DRAFT_TXTSCALE
1041
1.0
1001
ACAD
1000
ACAD_MTEXT_DEFINED_HEIGHT_BEGIN
1070
    46
1040
35.0
1000
ACAD_MTEXT_DEFINED_HEIGHT_END
  0
LINE
  5
1B3
330
1AF
100
AcDbEntity
  8
尺寸线层
  6
Continuous
 62
     3
100
AcDbLine
 10
568.3017964592462
 20
27.38757755974997
 30
0.0
 11
672.1150914620172
 21
-30.39716944898186
 31
0.0
  0
LINE
  5
1B4
330
1AF
100
AcDbEntity
  8
尺寸线层
  6
Continuous
 62
     3
100
AcDbLine
 10
568.3017964592462
 20
27.38757755974997
 30
0.0
 11
474.1537517665088
 21
27.38757755974997
 31
0.0
  0
HATCH
  5
1B5
330
1AF
100
AcDbEntity
  8
尺寸线层
  6
Continuous
 62
     3
100
AcDbHatch
 10
0.0
 20
0.0
 30
0.0
210
0.0
220
0.0
230
1.0
  2
SOLID
 70
     1
 71
     0
 91
        1
 92
        0
 93
        3
 72
     1
 10
606.5829817075966
 20
6.07943388979637
 11
586.7654230860551
 21
21.8789744335236
 72
     1
 10
586.7654230860551
 20
21.8789744335236
 11
582.7124671595242
 21
14.59762890525463
 72
     1
 10
582.7124671595242
 20
14.59762890525463
 11
606.5829817075966
 21
6.07943388979637
 97
        0
 75
     0
 76
     1
 98
        1
 10
0.0
 20
0.0
  0
HATCH
  5
1B6
330
1AF
100
AcDbEntity
  8
尺寸线层
  6
Continuous
 62
     3
100
AcDbHatch
 10
0.0
 20
0.0
 30
0.0
210
0.0
220
0.0
230
1.0
  2
SOLID
 70
     1
 71
     0
 91
        1
 92
        0
 93
        3
 72
     1
 10
628.4270182924034
 20
-6.07943388979637
 11
652.2975328404758
 21
-14.59762890525463
 72
     1
 10
652.2975328404758
 20
-14.59762890525463
 11
648.2445769139449
 21
-21.8789744335236
 72
     1
 10
648.2445769139449
 20
-21.8789744335236
 11
628.4270182924034
 21
-6.07943388979637
 97
        0
 75
     0
 76
     1
 98
        1
 10
0.0
 20
0.0
  0
ENDBLK
  5
1B1
330
1AF
100
AcDbEntity
  8
0
100
AcDbBlockEnd
  0
BLOCK
  5
1D9
330
1D2
100
AcDbEntity
  8
0
100
AcDbBlockBegin
  2
*X14
 70
     1
 10
0.0
 20
0.0
 30
0.0
  3
*X14
  1

  0
LINE
  5
1D3
330
1D2
100
AcDbEntity
  8
尺寸线层
  6
Continuous
 62
     0
370
    -2
100
AcDbLine
 10
0.0
 20
0.0
 30
0.0
 11
26.02057688517933
 21
-26.76159517608618
 31
0.0
  0
LINE
  5
1D4
330
1D2
100
AcDbEntity
  8
尺寸线层
  6
Continuous
 62
     0
100
AcDbLine
 10
56.08568881078197
 20
-26.76159517608618
 30
0.0
 11
83.08568881078197
 21
-26.76159517608618
 31
0.0
  0
LINE
  5
1D5
330
1D2
100
AcDbEntity
  8
尺寸线层
  6
Continuous
 62
     0
100
AcDbLine
 10
56.08568881078197
 20
-26.76159517608618
 30
0.0
 11
56.08568881078197
 21
-6.561167320893226
 31
0.0
  0
LINE
  5
1D6
330
1D2
100
AcDbEntity
  8
尺寸线层
  6
Continuous
 62
     0
100
AcDbLine
 10
76.28611666597494
 20
-26.76159517608619
 30
0.0
 11
56.08568881078197
 21
-6.561167320893226
 31
0.0
  0
MTEXT
  5
1D7
330
1D2
100
AcDbEntity
  8
尺寸线层
 62
     0
100
AcDbMText
 10
31.50230058160898
 20
-6.057069104679325
 30
0.0
 40
15.0
 41
68.42011173184359
 46
53.69832402234637
 71
     1
 72
     1
  1
{\T1.1;10}
 73
     1
 44
1.0
1001
CAXA_DRAFT_TXTSCALE
1041
1.0
1001
ACAD
1000
ACAD_MTEXT_DEFINED_HEIGHT_BEGIN
1070
    46
1040
53.69832402234637
1000
ACAD_MTEXT_DEFINED_HEIGHT_END
  0
LINE
  5
1D8
330
1D2
100
AcDbEntity
  8
尺寸线层
  6
Continuous
 62
     0
370
    -2
100
AcDbLine
 10
26.02057688517933
 20
-26.76159517608618
 30
0.0
 11
88.50186876590362
 21
-26.76159517608618
 31
0.0
  0
ENDBLK
  5
1DA
330
1D2
100
AcDbEntity
  8
0
100
AcDbBlockEnd
  0
BLOCK
  5
1E2
330
1DC
100
AcDbEntity
  8
0
100
AcDbBlockBegin
  2
*X15
 70
     1
 10
0.0
 20
0.0
 30
0.0
  3
*X15
  1

  0
LINE
  5
1DD
330
1DC
100
AcDbEntity
  8
尺寸线层
  6
Continuous
 62
     0
100
AcDbLine
 10
0.0
 20
0.0
 30
0.0
 11
35.285
 21
-52.806
 31
0.0
  0
LINE
  5
1DE
330
1DC
100
AcDbEntity
  8
尺寸线层
 62
     0
100
AcDbLine
 10
35.285
 20
-52.806
 30
0.0
 11
37.5
 21
-52.806
 31
0.0
  0
MTEXT
  5
1DF
330
1DC
100
AcDbEntity
  8
尺寸线层
 62
     0
100
AcDbMText
 10
33.209
 20
-18.669
 30
0.0
 40
25.0
 41
216.0893854748604
 46
65.64245810055866
 71
     1
 72
     1
  1
{\T1.1;位移块}
 73
     1
 44
1.0
1001
CAXA_DRAFT_TXTSCALE
1041
1.0
1001
ACAD
1000
ACAD_MTEXT_DEFINED_HEIGHT_BEGIN
1070
    46
1040
65.64245810055866
1000
ACAD_MTEXT_DEFINED_HEIGHT_END
  0
LINE
  5
1E0
330
1DC
100
AcDbEntity
  8
尺寸线层
 62
     0
100
AcDbLine
 10
37.5
 20
-52.806
 30
0.0
 11
144.053
 21
-52.806
 31
0.0
  0
LINE
  5
1E1
330
1DC
100
AcDbEntity
  8
尺寸线层
 62
     0
100
AcDbLine
 10
37.5
 20
-52.806
 30
0.0
 11
37.5
 21
-52.806
 31
0.0
  0
ENDBLK
  5
1E3
330
1DC
100
AcDbEntity
  8
0
100
AcDbBlockEnd
  0
BLOCK
  5
1EB
330
1E5
100
AcDbEntity
  8
0
100
AcDbBlockBegin
  2
*X16
 70
     1
 10
0.0
 20
0.0
 30
0.0
  3
*X16
  1

  0
LINE
  5
1E6
330
1E5
100
AcDbEntity
  8
尺寸线层
  6
Continuous
 62
     0
100
AcDbLine
 10
0.0
 20
0.0
 30
0.0
 11
35.285
 21
17.069
 31
0.0
  0
LINE
  5
1E7
330
1E5
100
AcDbEntity
  8
尺寸线层
 62
     0
100
AcDbLine
 10
35.285
 20
17.069
 30
0.0
 11
37.5
 21
17.069
 31
0.0
  0
MTEXT
  5
1E8
330
1E5
100
AcDbEntity
  8
尺寸线层
 62
     0
100
AcDbMText
 10
36.379
 20
52.176
 30
0.0
 40
25.0
 41
214.4134078212291
 46
65.64245810055866
 71
     1
 72
     1
  1
{\T1.1;定位块}
 73
     1
 44
1.0
1001
CAXA_DRAFT_TXTSCALE
1041
1.0
1001
ACAD
1000
ACAD_MTEXT_DEFINED_HEIGHT_BEGIN
1070
    46
1040
65.64245810055866
1000
ACAD_MTEXT_DEFINED_HEIGHT_END
  0
LINE
  5
1E9
330
1E5
100
AcDbEntity
  8
尺寸线层
 62
     0
100
AcDbLine
 10
37.5
 20
17.069
 30
0.0
 11
143.349
 21
17.069
 31
0.0
  0
LINE
  5
1EA
330
1E5
100
AcDbEntity
  8
尺寸线层
 62
     0
100
AcDbLine
 10
37.5
 20
17.069
 30
0.0
 11
37.5
 21
17.069
 31
0.0
  0
ENDBLK
  5
1EC
330
1E5
100
AcDbEntity
  8
0
100
AcDbBlockEnd
  0
BLOCK
  5
273
330
1EE
100
AcDbEntity
  8
0
100
AcDbBlockBegin
  2
端面
 70
     0
 10
0.0
 20
0.0
 30
0.0
  3
端面
  1

  0
LWPOLYLINE
  5
1EF
330
1EE
100
AcDbEntity
  8
粗实线层
100
AcDbPolyline
 90
        8
 70
     1
 43
0.0
 10
-95.0
 20
100.0
 10
95.0
 20
100.0
 42
-0.414
 10
100.0
 20
95.0
 10
100.0
 20
-95.0
 42
-0.414
 10
95.0
 20
-100.0
 10
-95.0
 20
-100.0
 42
-0.414
 10
-100.0
 20
-95.0
 10
-100.0
 20
95.0
 42
-0.414
  0
LINE
  5
1F0
330
1EE
100
AcDbEntity
  8
中心线层
100
AcDbLine
 10
-114.766
 20
0.0
 30
0.0
 11
114.766
 21
0.0
 31
0.0
  0
LINE
  5
1F1
330
1EE
100
AcDbEntity
  8
中心线层
100
AcDbLine
 10
0.0
 20
119.5
 30
0.0
 11
0.0
 21
-119.5
 31
0.0
  0
LINE
  5
1F2
330
1EE
100
AcDbEntity
  8
粗实线层
100
AcDbLine
 10
80.0
 20
80.0
 30
0.0
 11
80.0
 21
60.0
 31
0.0
  0
MTEXT
  5
1F3
330
1EE
100
AcDbEntity
  8
尺寸线层
100
AcDbMText
 10
120.069
 20
89.14700000000002
 30
0.0
 40
20.0
 41
54.25698324022349
 46
39.55307262569832
 71
     1
 72
     1
  1
{\T1.1;16}
 73
     1
 44
1.0
1001
CAXA_DRAFT_TXTSCALE
1041
1.0
1001
ACAD
1000
ACAD_MTEXT_DEFINED_HEIGHT_BEGIN
1070
    46
1040
39.55307262569832
1000
ACAD_MTEXT_DEFINED_HEIGHT_END
  0
DIMENSION
  5
1FD
330
1EE
100
AcDbEntity
  8
尺寸线层
100
AcDbDimension
  2
*X18
 10
100.0
 20
115.1662957607814
 30
0.0
 11
116.4746713965591
 21
126.9435303976529
 31
0.0
 70
   160
  1
<>
 71
     5
 42
-1.0
 73
     0
 74
     0
 75
     0
  3
CUSTOM_DIMSTYLE
100
AcDbAlignedDimension
 13
96.0
 23
-61.806
 33
0.0
 14
100.0
 24
-61.806
 34
0.0
100
AcDbRotatedDimension
1001
CX_DbAnnotate_TxtLocPara
1041
0.0
1001
CX_DbAnnotate_SimDimOriTxt
1070
     0
1001
CAXA_DRAFT_DIMARROWREVERSE
1070
     0
1001
ACAD
1000
DSTYLE
1002
{
1070
   173
1070
     1
1002
}
1001
CAXA_DRAFT_DIMARCLENSTYLE
1070
     1
1001
CAXA_DRAFT_DDTSTY_2011R3
1070
     0
1001
ACAD_DSTYLE_DIMINSPECT
1070
   396
1000

1070
   395
1000

1070
   394
1070
     0
1070
   393
1070
     0
1001
CX_DBDIM_TXTFRAME
1070
     0
1070
     0
1001
CDRAFT_DIM_STD_REV_NAME
1000
GB
1000
*DIMSTD
1000

  0
LINE
  5
1FE
330
1EE
100
AcDbEntity
  8
粗实线层
100
AcDbLine
 10
-80.0
 20
80.0
 30
0.0
 11
80.0
 21
80.0
 31
0.0
  0
LINE
  5
1FF
330
1EE
100
AcDbEntity
  8
粗实线层
100
AcDbLine
 10
-80.0
 20
60.0
 30
0.0
 11
80.0
 21
60.0
 31
0.0
  0
LINE
  5
200
330
1EE
100
AcDbEntity
  8
粗实线层
100
AcDbLine
 10
-80.0
 20
-60.0
 30
0.0
 11
80.0
 21
-60.0
 31
0.0
  0
LINE
  5
201
330
1EE
100
AcDbEntity
  8
粗实线层
100
AcDbLine
 10
-80.0
 20
-80.0
 30
0.0
 11
80.0
 21
-80.0
 31
0.0
  0
LINE
  5
202
330
1EE
100
AcDbEntity
  8
粗实线层
100
AcDbLine
 10
10.0
 20
60.0
 30
0.0
 11
10.0
 21
-60.0
 31
0.0
  0
LINE
  5
203
330
1EE
100
AcDbEntity
  8
粗实线层
100
AcDbLine
 10
-10.0
 20
60.0
 30
0.0
 11
-10.0
 21
-60.0
 31
0.0
  0
LINE
  5
204
330
1EE
100
AcDbEntity
  8
粗实线层
100
AcDbLine
 10
80.0
 20
-80.0
 30
0.0
 11
80.0
 21
-60.0
 31
0.0
  0
LINE
  5
205
330
1EE
100
AcDbEntity
  8
粗实线层
100
AcDbLine
 10
-80.0
 20
-80.0
 30
0.0
 11
-80.0
 21
-60.0
 31
0.0
  0
LINE
  5
206
330
1EE
100
AcDbEntity
  8
粗实线层
100
AcDbLine
 10
-80.0
 20
60.0
 30
0.0
 11
-80.0
 21
80.0
 31
0.0
  0
LINE
  5
207
330
1EE
100
AcDbEntity
  8
粗实线层
100
AcDbLine
 10
-80.00000000000001
 20
10.00000000000001
 30
0.0
 11
-80.0
 21
-10.0
 31
0.0
  0
LINE
  5
208
330
1EE
100
AcDbEntity
  8
粗实线层
100
AcDbLine
 10
-10.0
 20
-10.0
 30
0.0
 11
-80.0
 21
-10.0
 31
0.0
  0
LINE
  5
209
330
1EE
100
AcDbEntity
  8
粗实线层
100
AcDbLine
 10
-10.0
 20
10.00000000000001
 30
0.0
 11
-80.00000000000001
 21
10.00000000000001
 31
0.0
  0
LINE
  5
20A
330
1EE
100
AcDbEntity
  8
粗实线层
100
AcDbLine
 10
79.99999999999999
 20
10.00000000000001
 30
0.0
 11
80.0
 21
-10.0
 31
0.0
  0
LINE
  5
20B
330
1EE
100
AcDbEntity
  8
粗实线层
100
AcDbLine
 10
10.0
 20
-10.0
 30
0.0
 11
80.0
 21
-10.0
 31
0.0
  0
LWPOLYLINE
  5
20C
330
1EE
100
AcDbEntity
  8
粗实线层
100
AcDbPolyline
 90
        8
 70
     1
 43
0.0
 10
-89.0
 20
96.0
 10
89.0
 20
96.0
 42
-0.414
 10
96.0
 20
89.0
 10
96.0
 20
-89.0
 42
-0.414
 10
89.0
 20
-96.0
 10
-89.0
 20
-96.0
 42
-0.414
 10
-96.0
 20
-89.0
 10
-96.0
 20
89.0
 42
-0.414
  0
LINE
  5
20D
330
1EE
100
AcDbEntity
  8
粗实线层
100
AcDbLine
 10
10.0
 20
10.00000000000001
 30
0.0
 11
79.99999999999999
 21
10.00000000000001
 31
0.0
  0
MTEXT
  5
20E
330
1EE
100
AcDbEntity
  8
尺寸线层
100
AcDbMText
 10
-100.0
 20
-150.0
 30
0.0
 40
45.0
 41
652.7262569832403
 46
118.659217877095
 71
     1
 72
     1
  1
{\W0.7;\T1.1;端部断面图}
 73
     1
 44
1.0
1001
CAXA_DRAFT_TXTSCALE
1041
1.0
1001
ACAD
1000
ACAD_MTEXT_DEFINED_HEIGHT_BEGIN
1070
    46
1040
118.659217877095
1000
ACAD_MTEXT_DEFINED_HEIGHT_END
  0
LINE
  5
20F
330
1EE
100
AcDbEntity
  8
0
100
AcDbLine
 10
26.0
 20
60.0
 30
0.0
 11
10.0
 21
44.0
 31
0.0
  0
LINE
  5
210
330
1EE
100
AcDbEntity
  8
0
100
AcDbLine
 10
-26.0
 20
59.99999999999999
 30
0.0
 11
-10.0
 21
43.99999999999999
 31
0.0
  0
LINE
  5
211
330
1EE
100
AcDbEntity
  8
0
100
AcDbLine
 10
-26.0
 20
-59.99999999999999
 30
0.0
 11
-9.999999999999998
 21
-43.99999999999999
 31
0.0
  0
LINE
  5
212
330
1EE
100
AcDbEntity
  8
0
100
AcDbLine
 10
26.0
 20
-60.0
 30
0.0
 11
9.999999999999998
 21
-44.0
 31
0.0
  0
LINE
  5
213
330
1EE
100
AcDbEntity
  8
0
100
AcDbLine
 10
26.0
 20
10.00000000000001
 30
0.0
 11
10.0
 21
26.00000000000001
 31
0.0
  0
LINE
  5
214
330
1EE
100
AcDbEntity
  8
0
100
AcDbLine
 10
-26.0
 20
9.999999999999993
 30
0.0
 11
-10.0
 21
25.99999999999999
 31
0.0
  0
LINE
  5
215
330
1EE
100
AcDbEntity
  8
0
100
AcDbLine
 10
-26.0
 20
-9.999999999999993
 30
0.0
 11
-9.999999999999998
 21
-25.99999999999999
 31
0.0
  0
LINE
  5
216
330
1EE
100
AcDbEntity
  8
0
100
AcDbLine
 10
26.0
 20
-10.00000000000001
 30
0.0
 11
9.999999999999998
 21
-26.00000000000001
 31
0.0
  0
HATCH
  5
217
330
1EE
100
AcDbEntity
  8
剖面线层
100
AcDbHatch
 10
0.0
 20
0.0
 30
0.0
210
0.0
220
0.0
230
1.0
  2
AR-CONC
 70
     0
 71
     0
 91
        1
 92
        0
 93
       13
 72
     1
 10
-96.0
 20
0.0
 11
-96.0
 21
89.0
 72
     2
 10
-88.99744723349191
 20
88.99744723349151
 40
7.002553231811019
 50
180.0208870601074
 51
269.9791129397627
 73
     0
 72
     1
 10
-89.00000000001627
 20
95.9999999999996
 11
0.0
 21
96.0
 72
     1
 10
0.0
 20
96.0
 11
0.0
 21
80.0
 72
     1
 10
0.0
 20
80.0
 11
-80.0
 21
80.0
 72
     1
 10
-80.0
 20
80.0
 11
-80.0
 21
60.0
 72
     1
 10
-80.0
 20
60.0
 11
-26.00000000000001
 21
60.0
 72
     1
 10
-26.00000000000001
 20
60.0
 11
-10.0
 21
43.99999999999999
 72
     1
 10
-10.0
 20
43.99999999999999
 11
-10.0
 21
25.99999999999999
 72
     1
 10
-10.0
 20
25.99999999999999
 11
-26.0
 21
9.999999999999993
 72
     1
 10
-26.0
 20
9.999999999999993
 11
-80.00000000000001
 21
10.00000000000001
 72
     1
 10
-80.00000000000001
 20
10.00000000000001
 11
-80.0
 21
-0.0000000000000036
 72
     1
 10
-80.0
 20
-0.0000000000000036
 11
-96.0
 21
0.0
 97
        0
 75
     0
 76
     1
 52
0.0
 41
0.1
 77
     0
 78
    13
 53
50.0
 43
0.0
 44
0.0
 45
18.2184668996004
 46
-1.593908553890307
 79
     2
 49
1.905
 49
-20.955
 53
355.0
 43
0.0
 44
0.0
 45
-3.524342142496934
 46
19.10568452390352
 79
     2
 49
1.524
 49
-16.764058417
 53
100.4514447
 43
1.5182007
 44
-0.13282535
 45
14.69412470903534
 46
17.51177519121951
 79
     2
 49
1.61900088
 49
-17.80902446
 53
46.1842
 43
0.0
 44
5.08
 45
27.10790408921299
 46
-4.204232793272715
 79
     2
 49
2.8575
 49
-31.4325
 53
96.63555760999999
 43
2.25899
 44
4.72965
 45
23.7404134051503
 46
24.74261245977215
 79
     2
 49
2.428502314
 49
-26.713560816
 53
351.18415117
 43
0.0
 44
5.08
 45
23.74041340649773
 46
24.74261245855324
 79
     2
 49
2.285996707
 49
-25.145973192
 53
21.0
 43
2.54
 44
3.81
 45
15.16143912691325
 46
-10.22651981870876
 79
     2
 49
1.905
 49
-20.955
 53
325.9999999999999
 43
2.54
 44
3.81
 45
6.180202834764725
 46
18.41879661223192
 79
     2
 49
1.524
 49
-16.764
 53
71.45144499999999
 43
3.80345326
 44
2.95779001
 45
21.34164192787162
 46
8.192276888590527
 79
     2
 49
1.61900088
 49
-17.80899376
 53
37.5
 43
0.0
 44
0.0
 45
0.3088603250591817
 46
8.455503887315311
 79
     6
 49
0.0
 49
-16.5608
 49
0.0
 49
-17.018
 49
0.0
 49
-16.8275
 53
7.5
 43
0.0
 44
0.0
 45
6.681966251030575
 46
10.01805748181195
 79
     6
 49
0.0
 49
-9.702800000000002
 49
0.0
 49
-16.1798
 49
0.0
 49
-6.413500000000001
 53
-32.5
 43
-5.664200000000001
 44
0.0
 45
13.55905951668714
 46
-0.5728743992673444
 79
     6
 49
0.0
 49
-6.350000000000001
 49
0.0
 49
-19.812
 49
0.0
 49
-26.289
 53
-42.50000000000001
 43
-8.2042
 44
0.0
 45
14.81291813860181
 46
2.542649103333303
 79
     6
 49
0.0
 49
-8.255
 49
0.0
 49
-13.1572
 49
0.0
 49
-18.669
 98
        1
 10
-52.1541547560377
 20
41.29040932089941
1001
CAXA_DRAFT_HATCH_SCALE_ANGLE
1041
0.1
1041
0.0
  0
HATCH
  5
218
330
1EE
100
AcDbEntity
  8
剖面线层
100
AcDbHatch
 10
0.0
 20
0.0
 30
0.0
210
0.0
220
0.0
230
1.0
  2
AR-CONC
 70
     0
 71
     0
 91
        1
 92
        0
 93
       13
 72
     1
 10
10.0
 20
26.00000000000001
 11
10.0
 21
44.00000000000001
 72
     1
 10
10.0
 20
44.00000000000001
 11
26.0
 21
60.0
 72
     1
 10
26.0
 20
60.0
 11
80.0
 21
60.0
 72
     1
 10
80.0
 20
60.0
 11
80.0
 21
80.0
 72
     1
 10
80.0
 20
80.0
 11
0.0
 21
80.0
 72
     1
 10
0.0
 20
80.0
 11
0.0
 21
96.0
 72
     1
 10
0.0
 20
96.0
 11
89.0
 21
96.0
 72
     2
 10
88.9974472334913
 20
88.99744723349147
 40
7.00255323181146
 50
270.0208870601091
 51
359.9791129398992
 73
     0
 72
     1
 10
95.99999999999983
 20
88.99999999999915
 11
96.0
 21
0.0000000000000142
 72
     1
 10
96.0
 20
0.0000000000000142
 11
80.00000000000001
 21
0.0
 72
     1
 10
80.00000000000001
 20
0.0
 11
79.99999999999999
 21
10.00000000000001
 72
     1
 10
79.99999999999999
 20
10.00000000000001
 11
25.99999999999999
 21
10.00000000000001
 72
     1
 10
25.99999999999999
 20
10.00000000000001
 11
10.0
 21
26.00000000000001
 97
        0
 75
     0
 76
     1
 52
0.0
 41
0.1
 77
     0
 78
    13
 53
50.0
 43
0.0
 44
0.0
 45
18.2184668996004
 46
-1.593908553890307
 79
     2
 49
1.905
 49
-20.955
 53
355.0
 43
0.0
 44
0.0
 45
-3.524342142496934
 46
19.10568452390352
 79
     2
 49
1.524
 49
-16.764058417
 53
100.4514447
 43
1.5182007
 44
-0.13282535
 45
14.69412470903534
 46
17.51177519121951
 79
     2
 49
1.61900088
 49
-17.80902446
 53
46.1842
 43
0.0
 44
5.08
 45
27.10790408921299
 46
-4.204232793272715
 79
     2
 49
2.8575
 49
-31.4325
 53
96.63555760999999
 43
2.25899
 44
4.72965
 45
23.7404134051503
 46
24.74261245977215
 79
     2
 49
2.428502314
 49
-26.713560816
 53
351.18415117
 43
0.0
 44
5.08
 45
23.74041340649773
 46
24.74261245855324
 79
     2
 49
2.285996707
 49
-25.145973192
 53
21.0
 43
2.54
 44
3.81
 45
15.16143912691325
 46
-10.22651981870876
 79
     2
 49
1.905
 49
-20.955
 53
325.9999999999999
 43
2.54
 44
3.81
 45
6.180202834764725
 46
18.41879661223192
 79
     2
 49
1.524
 49
-16.764
 53
71.45144499999999
 43
3.80345326
 44
2.95779001
 45
21.34164192787162
 46
8.192276888590527
 79
     2
 49
1.61900088
 49
-17.80899376
 53
37.5
 43
0.0
 44
0.0
 45
0.3088603250591817
 46
8.455503887315311
 79
     6
 49
0.0
 49
-16.5608
 49
0.0
 49
-17.018
 49
0.0
 49
-16.8275
 53
7.5
 43
0.0
 44
0.0
 45
6.681966251030575
 46
10.01805748181195
 79
     6
 49
0.0
 49
-9.702800000000002
 49
0.0
 49
-16.1798
 49
0.0
 49
-6.413500000000001
 53
-32.5
 43
-5.664200000000001
 44
0.0
 45
13.55905951668714
 46
-0.5728743992673444
 79
     6
 49
0.0
 49
-6.350000000000001
 49
0.0
 49
-19.812
 49
0.0
 49
-26.289
 53
-42.50000000000001
 43
-8.2042
 44
0.0
 45
14.81291813860181
 46
2.542649103333303
 79
     6
 49
0.0
 49
-8.255
 49
0.0
 49
-13.1572
 49
0.0
 49
-18.669
 98
        1
 10
29.43267569711585
 20
43.35589869946026
1001
CAXA_DRAFT_HATCH_SCALE_ANGLE
1041
0.1
1041
0.0
  0
HATCH
  5
219
330
1EE
100
AcDbEntity
  8
剖面线层
100
AcDbHatch
 10
0.0
 20
0.0
 30
0.0
210
0.0
220
0.0
230
1.0
  2
AR-CONC
 70
     0
 71
     0
 91
        1
 92
        0
 93
       13
 72
     1
 10
10.0
 20
-44.0
 11
10.0
 21
-26.0
 72
     1
 10
10.0
 20
-26.0
 11
26.0
 21
-10.00000000000001
 72
     1
 10
26.0
 20
-10.00000000000001
 11
80.0
 21
-10.0
 72
     1
 10
80.0
 20
-10.0
 11
80.0
 21
0.0
 72
     1
 10
80.0
 20
0.0
 11
96.0
 21
0.0
 72
     1
 10
96.0
 20
0.0
 11
96.0
 21
-89.0
 72
     2
 10
88.9974472334918
 20
-88.99744723349195
 40
7.002553231811133
 50
0.0208870601038015
 51
89.97911293979375
 73
     0
 72
     1
 10
89.00000000001236
 20
-96.00000000000014
 11
0.0000000000000142
 21
-96.0
 72
     1
 10
0.0000000000000142
 20
-96.0
 11
0.0
 21
-80.00000000000001
 72
     1
 10
0.0
 20
-80.00000000000001
 11
80.0
 21
-80.0
 72
     1
 10
80.0
 20
-80.0
 11
80.0
 21
-60.0
 72
     1
 10
80.0
 20
-60.0
 11
26.00000000000001
 21
-60.0
 72
     1
 10
26.00000000000001
 20
-60.0
 11
10.0
 21
-44.0
 97
        0
 75
     0
 76
     1
 52
0.0
 41
0.1
 77
     0
 78
    13
 53
50.0
 43
0.0
 44
0.0
 45
18.2184668996004
 46
-1.593908553890307
 79
     2
 49
1.905
 49
-20.955
 53
355.0
 43
0.0
 44
0.0
 45
-3.524342142496934
 46
19.10568452390352
 79
     2
 49
1.524
 49
-16.764058417
 53
100.4514447
 43
1.5182007
 44
-0.13282535
 45
14.69412470903534
 46
17.51177519121951
 79
     2
 49
1.61900088
 49
-17.80902446
 53
46.1842
 43
0.0
 44
5.08
 45
27.10790408921299
 46
-4.204232793272715
 79
     2
 49
2.8575
 49
-31.4325
 53
96.63555760999999
 43
2.25899
 44
4.72965
 45
23.7404134051503
 46
24.74261245977215
 79
     2
 49
2.428502314
 49
-26.713560816
 53
351.18415117
 43
0.0
 44
5.08
 45
23.74041340649773
 46
24.74261245855324
 79
     2
 49
2.285996707
 49
-25.145973192
 53
21.0
 43
2.54
 44
3.81
 45
15.16143912691325
 46
-10.22651981870876
 79
     2
 49
1.905
 49
-20.955
 53
325.9999999999999
 43
2.54
 44
3.81
 45
6.180202834764725
 46
18.41879661223192
 79
     2
 49
1.524
 49
-16.764
 53
71.45144499999999
 43
3.80345326
 44
2.95779001
 45
21.34164192787162
 46
8.192276888590527
 79
     2
 49
1.61900088
 49
-17.80899376
 53
37.5
 43
0.0
 44
0.0
 45
0.3088603250591817
 46
8.455503887315311
 79
     6
 49
0.0
 49
-16.5608
 49
0.0
 49
-17.018
 49
0.0
 49
-16.8275
 53
7.5
 43
0.0
 44
0.0
 45
6.681966251030575
 46
10.01805748181195
 79
     6
 49
0.0
 49
-9.702800000000002
 49
0.0
 49
-16.1798
 49
0.0
 49
-6.413500000000001
 53
-32.5
 43
-5.664200000000001
 44
0.0
 45
13.55905951668714
 46
-0.5728743992673444
 79
     6
 49
0.0
 49
-6.350000000000001
 49
0.0
 49
-19.812
 49
0.0
 49
-26.289
 53
-42.50000000000001
 43
-8.2042
 44
0.0
 45
14.81291813860181
 46
2.542649103333303
 79
     6
 49
0.0
 49
-8.255
 49
0.0
 49
-13.1572
 49
0.0
 49
-18.669
 98
        1
 10
37.17826086671903
 20
-27.90348486088904
1001
CAXA_DRAFT_HATCH_SCALE_ANGLE
1041
0.1
1041
0.0
  0
HATCH
  5
21A
330
1EE
100
AcDbEntity
  8
剖面线层
100
AcDbHatch
 10
0.0
 20
0.0
 30
0.0
210
0.0
220
0.0
230
1.0
  2
AR-CONC
 70
     0
 71
     0
 91
        1
 92
        0
 93
       13
 72
     1
 10
-96.0
 20
-89.0
 11
-96.0
 21
0.0
 72
     1
 10
-96.0
 20
0.0
 11
-80.00000000000001
 21
0.0
 72
     1
 10
-80.00000000000001
 20
0.0
 11
-80.0
 21
-10.0
 72
     1
 10
-80.0
 20
-10.0
 11
-25.99999999999997
 21
-10.0
 72
     1
 10
-25.99999999999997
 20
-10.0
 11
-9.999999999999998
 21
-25.99999999999999
 72
     1
 10
-9.999999999999998
 20
-25.99999999999999
 11
-10.0
 21
-43.99999999999999
 72
     1
 10
-10.0
 20
-43.99999999999999
 11
-26.0
 21
-59.99999999999999
 72
     1
 10
-26.0
 20
-59.99999999999999
 11
-80.0
 21
-60.0
 72
     1
 10
-80.0
 20
-60.0
 11
-80.0
 21
-80.0
 72
     1
 10
-80.0
 20
-80.0
 11
0.0
 21
-80.0
 72
     1
 10
0.0
 20
-80.0
 11
0.0
 21
-96.0
 72
     1
 10
0.0
 20
-96.0
 11
-89.0
 21
-96.0
 72
     2
 10
-88.99744723349184
 20
-88.99744723349185
 40
7.002553231811076
 50
90.02088706010473
 51
179.9791129398993
 73
     0
 97
        0
 75
     0
 76
     1
 52
0.0
 41
0.1
 77
     0
 78
    13
 53
50.0
 43
0.0
 44
0.0
 45
18.2184668996004
 46
-1.593908553890307
 79
     2
 49
1.905
 49
-20.955
 53
355.0
 43
0.0
 44
0.0
 45
-3.524342142496934
 46
19.10568452390352
 79
     2
 49
1.524
 49
-16.764058417
 53
100.4514447
 43
1.5182007
 44
-0.13282535
 45
14.69412470903534
 46
17.51177519121951
 79
     2
 49
1.61900088
 49
-17.80902446
 53
46.1842
 43
0.0
 44
5.08
 45
27.10790408921299
 46
-4.204232793272715
 79
     2
 49
2.8575
 49
-31.4325
 53
96.63555760999999
 43
2.25899
 44
4.72965
 45
23.7404134051503
 46
24.74261245977215
 79
     2
 49
2.428502314
 49
-26.713560816
 53
351.18415117
 43
0.0
 44
5.08
 45
23.74041340649773
 46
24.74261245855324
 79
     2
 49
2.285996707
 49
-25.145973192
 53
21.0
 43
2.54
 44
3.81
 45
15.16143912691325
 46
-10.22651981870876
 79
     2
 49
1.905
 49
-20.955
 53
325.9999999999999
 43
2.54
 44
3.81
 45
6.180202834764725
 46
18.41879661223192
 79
     2
 49
1.524
 49
-16.764
 53
71.45144499999999
 43
3.80345326
 44
2.95779001
 45
21.34164192787162
 46
8.192276888590527
 79
     2
 49
1.61900088
 49
-17.80899376
 53
37.5
 43
0.0
 44
0.0
 45
0.3088603250591817
 46
8.455503887315311
 79
     6
 49
0.0
 49
-16.5608
 49
0.0
 49
-17.018
 49
0.0
 49
-16.8275
 53
7.5
 43
0.0
 44
0.0
 45
6.681966251030575
 46
10.01805748181195
 79
     6
 49
0.0
 49
-9.702800000000002
 49
0.0
 49
-16.1798
 49
0.0
 49
-6.413500000000001
 53
-32.5
 43
-5.664200000000001
 44
0.0
 45
13.55905951668714
 46
-0.5728743992673444
 79
     6
 49
0.0
 49
-6.350000000000001
 49
0.0
 49
-19.812
 49
0.0
 49
-26.289
 53
-42.50000000000001
 43
-8.2042
 44
0.0
 45
14.81291813860181
 46
2.542649103333303
 79
     6
 49
0.0
 49
-8.255
 49
0.0
 49
-13.1572
 49
0.0
 49
-18.669
 98
        1
 10
-50.60503772211707
 20
-28.93622955016946
1001
CAXA_DRAFT_HATCH_SCALE_ANGLE
1041
0.1
1041
0.0
  0
DIMENSION
  5
224
330
1EE
100
AcDbEntity
  8
尺寸线层
100
AcDbDimension
  2
*X19
 10
79.99999999999999
 20
132.1145672726168
 30
0.0
 11
0.0000004999999987
 21
143.9406845910526
 31
0.0
 70
    32
  1
160
 71
     5
 42
-1.0
 73
     0
 74
     0
 75
     0
  3
CUSTOM_DIMSTYLE
100
AcDbAlignedDimension
 13
-80.0
 23
80.0
 33
0.0
 14
80.0
 24
80.0
 34
0.0
100
AcDbRotatedDimension
1001
CX_DbAnnotate_TxtLocPara
1041
0.0
1001
CX_DbAnnotate_SimDimOriTxt
1070
     0
1001
CAXA_DRAFT_DIMARROWREVERSE
1070
     0
1001
ACAD
1000
DSTYLE
1002
{
1070
   173
1070
     1
1002
}
1001
CAXA_DRAFT_DIMARCLENSTYLE
1070
     1
1001
CAXA_DRAFT_DDTSTY_2011R3
1070
     0
1001
ACAD_DSTYLE_DIMINSPECT
1070
   396
1000

1070
   395
1000

1070
   394
1070
     0
1070
   393
1070
     0
1001
CX_DBDIM_TXTFRAME
1070
     0
1070
     0
1001
CDRAFT_DIM_STD_REV_NAME
1000
GB
1000
*DIMSTD
1000

  0
DIMENSION
  5
22E
330
1EE
100
AcDbEntity
  8
尺寸线层
100
AcDbDimension
  2
*X20
 10
-134.3721069637515
 20
60.00000000000001
 30
0.0
 11
-146.149341600623
 21
70.23594797323132
 31
0.0
 70
   160
  1
20
 71
     5
 42
-1.0
 73
     0
 74
     0
 75
     0
  3
CUSTOM_DIMSTYLE
100
AcDbAlignedDimension
 13
-80.0
 23
80.0
 33
0.0
 14
-80.0
 24
60.0
 34
0.0
 50
90.0
100
AcDbRotatedDimension
1001
CX_DbAnnotate_TxtLocPara
1041
0.0
1001
CX_DbAnnotate_SimDimOriTxt
1070
     0
1001
CAXA_DRAFT_DIMARROWREVERSE
1070
     0
1001
ACAD
1000
DSTYLE
1002
{
1070
   173
1070
     1
1002
}
1001
CAXA_DRAFT_DIMARCLENSTYLE
1070
     1
1001
CAXA_DRAFT_DDTSTY_2011R3
1070
     0
1001
ACAD_DSTYLE_DIMINSPECT
1070
   396
1000

1070
   395
1000

1070
   394
1070
     0
1070
   393
1070
     0
1001
CX_DBDIM_TXTFRAME
1070
     0
1070
     0
1001
CDRAFT_DIM_STD_REV_NAME
1000
GB
1000
*DIMSTD
1000

  0
DIMENSION
  5
238
330
1EE
100
AcDbEntity
  8
尺寸线层
100
AcDbDimension
  2
*X21
 10
-134.5442310786316
 20
-59.99999999999999
 30
0.0
 11
-146.3703483970674
 21
3.709977572084028
 31
0.0
 70
   160
  1
120
 71
     5
 42
-1.0
 73
     0
 74
     0
 75
     0
  3
CUSTOM_DIMSTYLE
100
AcDbAlignedDimension
 13
-80.0
 23
60.0
 33
0.0
 14
-80.0
 24
-60.0
 34
0.0
 50
90.0
100
AcDbRotatedDimension
1001
CX_DbAnnotate_TxtLocPara
1041
0.0
1001
CX_DbAnnotate_SimDimOriTxt
1070
     0
1001
CAXA_DRAFT_DIMARROWREVERSE
1070
     0
1001
ACAD
1000
DSTYLE
1002
{
1070
   173
1070
     1
1002
}
1001
CAXA_DRAFT_DIMARCLENSTYLE
1070
     1
1001
CAXA_DRAFT_DDTSTY_2011R3
1070
     0
1001
ACAD_DSTYLE_DIMINSPECT
1070
   396
1000

1070
   395
1000

1070
   394
1070
     0
1070
   393
1070
     0
1001
CX_DBDIM_TXTFRAME
1070
     0
1070
     0
1001
CDRAFT_DIM_STD_REV_NAME
1000
GB
1000
*DIMSTD
1000

  0
DIMENSION
  5
242
330
1EE
100
AcDbEntity
  8
尺寸线层
100
AcDbDimension
  2
*X22
 10
-134.5718559365753
 20
-80.0
 30
0.0
 11
-146.3490905734468
 21
-68.84033684986589
 31
0.0
 70
   160
  1
20
 71
     5
 42
-1.0
 73
     0
 74
     0
 75
     0
  3
CUSTOM_DIMSTYLE
100
AcDbAlignedDimension
 13
-80.0
 23
-60.0
 33
0.0
 14
-80.0
 24
-80.0
 34
0.0
 50
90.0
100
AcDbRotatedDimension
1001
CX_DbAnnotate_TxtLocPara
1041
0.0
1001
CX_DbAnnotate_SimDimOriTxt
1070
     0
1001
CAXA_DRAFT_DIMARROWREVERSE
1070
     0
1001
ACAD
1000
DSTYLE
1002
{
1070
   173
1070
     1
1002
}
1001
CAXA_DRAFT_DIMARCLENSTYLE
1070
     1
1001
CAXA_DRAFT_DDTSTY_2011R3
1070
     0
1001
ACAD_DSTYLE_DIMINSPECT
1070
   396
1000

1070
   395
1000

1070
   394
1070
     0
1070
   393
1070
     0
1001
CX_DBDIM_TXTFRAME
1070
     0
1070
     0
1001
CDRAFT_DIM_STD_REV_NAME
1000
GB
1000
*DIMSTD
1000

  0
DIMENSION
  5
24C
330
1EE
100
AcDbEntity
  8
尺寸线层
100
AcDbDimension
  2
*X23
 10
127.2480476976657
 20
-10.00000000000001
 30
0.0
 11
115.4708130607942
 21
-53.34301775977654
 31
0.0
 70
    32
  1
20
 71
     5
 42
-1.0
 73
     0
 74
     0
 75
     0
  3
CUSTOM_DIMSTYLE
100
AcDbAlignedDimension
 13
79.99999999999999
 23
10.00000000000001
 33
0.0
 14
80.0
 24
-10.0
 34
0.0
 50
90.0
100
AcDbRotatedDimension
1001
CX_DbAnnotate_TxtLocPara
1041
0.0
1001
CX_DbAnnotate_SimDimOriTxt
1070
     0
1001
CAXA_DRAFT_DIMARROWREVERSE
1070
     0
1001
ACAD
1000
DSTYLE
1002
{
1070
   173
1070
     1
1002
}
1001
CAXA_DRAFT_DIMARCLENSTYLE
1070
     1
1001
CAXA_DRAFT_DDTSTY_2011R3
1070
     0
1001
ACAD_DSTYLE_DIMINSPECT
1070
   396
1000

1070
   395
1000

1070
   394
1070
     0
1070
   393
1070
     0
1001
CX_DBDIM_TXTFRAME
1070
     0
1070
     0
1001
CDRAFT_DIM_STD_REV_NAME
1000
GB
1000
*DIMSTD
1000

  0
DIMENSION
  5
256
330
1EE
100
AcDbEntity
  8
尺寸线层
100
AcDbDimension
  2
*X24
 10
-175.8816435077919
 20
-100.0
 30
0.0
 11
-187.6588781446634
 21
-0.3232516876984164
 31
0.0
 70
   160
  1
200
 71
     5
 42
-1.0
 73
     0
 74
     0
 75
     0
  3
CUSTOM_DIMSTYLE
100
AcDbAlignedDimension
 13
-95.00000000000034
 23
100.0
 33
0.0
 14
-95.00000000000036
 24
-100.0
 34
0.0
 50
90.0
100
AcDbRotatedDimension
1001
CX_DbAnnotate_TxtLocPara
1041
0.0
1001
CX_DbAnnotate_SimDimOriTxt
1070
     0
1001
CAXA_DRAFT_DIMARROWREVERSE
1070
     0
1001
ACAD
1000
DSTYLE
1002
{
1070
   173
1070
     1
1002
}
1001
CAXA_DRAFT_DIMARCLENSTYLE
1070
     1
1001
CAXA_DRAFT_DDTSTY_2011R3
1070
     0
1001
ACAD_DSTYLE_DIMINSPECT
1070
   396
1000

1070
   395
1000

1070
   394
1070
     0
1070
   393
1070
     0
1001
CX_DBDIM_TXTFRAME
1070
     0
1070
     0
1001
CDRAFT_DIM_STD_REV_NAME
1000
GB
1000
*DIMSTD
1000

  0
DIMENSION
  5
260
330
1EE
100
AcDbEntity
  8
尺寸线层
100
AcDbDimension
  2
*X25
 10
100.0
 20
165.2601468269295
 30
0.0
 11
0.0000004999999987
 21
177.037381463801
 31
0.0
 70
    32
  1
200
 71
     5
 42
-1.0
 73
     0
 74
     0
 75
     0
  3
CUSTOM_DIMSTYLE
100
AcDbAlignedDimension
 13
-100.0
 23
95.0
 33
0.0
 14
100.0
 24
95.0
 34
0.0
100
AcDbRotatedDimension
1001
CX_DbAnnotate_TxtLocPara
1041
0.0
1001
CX_DbAnnotate_SimDimOriTxt
1070
     0
1001
CAXA_DRAFT_DIMARROWREVERSE
1070
     0
1001
ACAD
1000
DSTYLE
1002
{
1070
   173
1070
     1
1002
}
1001
CAXA_DRAFT_DIMARCLENSTYLE
1070
     1
1001
CAXA_DRAFT_DDTSTY_2011R3
1070
     0
1001
ACAD_DSTYLE_DIMINSPECT
1070
   396
1000

1070
   395
1000

1070
   394
1070
     0
1070
   393
1070
     0
1001
CX_DBDIM_TXTFRAME
1070
     0
1070
     0
1001
CDRAFT_DIM_STD_REV_NAME
1000
GB
1000
*DIMSTD
1000

  0
DIMENSION
  5
26A
330
1EE
100
AcDbEntity
  8
尺寸线层
100
AcDbDimension
  2
*X26
 10
10.0
 20
26.03274169944937
 30
0.0
 11
53.34301775977654
 21
37.80997633632084
 31
0.0
 70
    32
  1
20
 71
     5
 42
-1.0
 73
     0
 74
     0
 75
     0
  3
CUSTOM_DIMSTYLE
100
AcDbAlignedDimension
 13
-10.0
 23
34.06119649593645
 33
0.0
 14
10.0
 24
33.7169482661763
 34
0.0
 50
360.0
100
AcDbRotatedDimension
1001
CX_DbAnnotate_TxtLocPara
1041
0.0
1001
CX_DbAnnotate_SimDimOriTxt
1070
     0
1001
CAXA_DRAFT_DIMARROWREVERSE
1070
     0
1001
ACAD
1000
DSTYLE
1002
{
1070
   173
1070
     1
1002
}
1001
CAXA_DRAFT_DIMARCLENSTYLE
1070
     1
1001
CAXA_DRAFT_DDTSTY_2011R3
1070
     0
1001
ACAD_DSTYLE_DIMINSPECT
1070
   396
1000

1070
   395
1000

1070
   394
1070
     0
1070
   393
1070
     0
1001
CX_DBDIM_TXTFRAME
1070
     0
1070
     0
1001
CDRAFT_DIM_STD_REV_NAME
1000
GB
1000
*DIMSTD
1000

  0
HATCH
  5
26B
330
1EE
100
AcDbEntity
  8
0
100
AcDbHatch
 10
0.0
 20
0.0
 30
0.0
210
0.0
220
0.0
230
1.0
  2
SOLID
 70
     1
 71
     0
 91
        1
 92
        0
 93
        3
 72
     1
 10
-26.0
 20
-59.99999999999999
 11
-10.0
 21
-43.99999999999999
 72
     1
 10
-9.999999999999998
 20
-43.99999999999999
 11
-10.0
 21
-60.0
 72
     1
 10
-10.0
 20
-60.0
 11
-26.00000000000001
 21
-60.0
 97
        0
 75
     0
 76
     1
 98
        1
 10
-15.89553044016811
 20
-57.10325785632812
  0
HATCH
  5
26C
330
1EE
100
AcDbEntity
  8
0
100
AcDbHatch
 10
0.0
 20
0.0
 30
0.0
210
0.0
220
0.0
230
1.0
  2
SOLID
 70
     1
 71
     0
 91
        1
 92
        0
 93
        3
 72
     1
 10
10.0
 20
-60.0
 11
10.0
 21
-43.99999999999999
 72
     1
 10
10.0
 20
-43.99999999999999
 11
26.0
 21
-60.0
 72
     1
 10
26.0
 20
-60.0
 11
10.0
 21
-60.0
 97
        0
 75
     0
 76
     1
 98
        1
 10
16.3272358791239
 20
-55.72970675746427
  0
HATCH
  5
26D
330
1EE
100
AcDbEntity
  8
0
100
AcDbHatch
 10
0.0
 20
0.0
 30
0.0
210
0.0
220
0.0
230
1.0
  2
SOLID
 70
     1
 71
     0
 91
        1
 92
        0
 93
        3
 72
     1
 10
10.0
 20
-26.00000000000001
 11
10.0
 21
-10.0
 72
     1
 10
10.0
 20
-10.0
 11
26.00000000000001
 21
-10.0
 72
     1
 10
26.00000000000001
 20
-10.0
 11
9.999999999999996
 21
-26.00000000000001
 97
        0
 75
     0
 76
     1
 98
        1
 10
14.65670075888411
 20
-15.30275684766124
  0
HATCH
  5
26E
330
1EE
100
AcDbEntity
  8
0
100
AcDbHatch
 10
0.0
 20
0.0
 30
0.0
210
0.0
220
0.0
230
1.0
  2
SOLID
 70
     1
 71
     0
 91
        1
 92
        0
 93
        3
 72
     1
 10
-9.999999999999998
 20
-25.99999999999999
 11
-26.0
 21
-9.999999999999993
 72
     1
 10
-26.0
 20
-9.999999999999993
 11
-10.0
 21
-10.0
 72
     1
 10
-10.0
 20
-10.0
 11
-10.0
 21
-25.99999999999999
 97
        0
 75
     0
 76
     1
 98
        1
 10
-14.74471735733627
 20
-13.29811470337349
  0
HATCH
  5
26F
330
1EE
100
AcDbEntity
  8
0
100
AcDbHatch
 10
0.0
 20
0.0
 30
0.0
210
0.0
220
0.0
230
1.0
  2
SOLID
 70
     1
 71
     0
 91
        1
 92
        0
 93
        3
 72
     1
 10
-26.0
 20
9.999999999999993
 11
-10.0
 21
25.99999999999999
 72
     1
 10
-10.0
 20
25.99999999999999
 11
-10.0
 21
10.0
 72
     1
 10
-10.0
 20
10.0
 11
-25.99999999999999
 21
10.00000000000001
 97
        0
 75
     0
 76
     1
 98
        1
 10
-14.74471735733627
 20
15.43508936475097
  0
HATCH
  5
270
330
1EE
100
AcDbEntity
  8
0
100
AcDbHatch
 10
0.0
 20
0.0
 30
0.0
210
0.0
220
0.0
230
1.0
  2
SOLID
 70
     1
 71
     0
 91
        1
 92
        0
 93
        3
 72
     1
 10
10.0
 20
10.00000000000001
 11
10.0
 21
26.00000000000001
 72
     1
 10
10.0
 20
26.00000000000001
 11
26.0
 21
10.00000000000001
 72
     1
 10
26.0
 20
10.00000000000001
 11
10.0
 21
10.00000000000001
 97
        0
 75
     0
 76
     1
 98
        1
 10
13.65437968674023
 20
15.76919638879893
  0
HATCH
  5
271
330
1EE
100
AcDbEntity
  8
0
100
AcDbHatch
 10
0.0
 20
0.0
 30
0.0
210
0.0
220
0.0
230
1.0
  2
SOLID
 70
     1
 71
     0
 91
        1
 92
        0
 93
        3
 72
     1
 10
10.0
 20
44.00000000000001
 11
10.0
 21
60.0
 72
     1
 10
10.0
 20
60.0
 11
26.0
 21
60.0
 72
     1
 10
26.0
 20
60.0
 11
10.0
 21
44.0
 97
        0
 75
     0
 76
     1
 98
        1
 10
13.98848671078819
 20
56.86436034669787
  0
HATCH
  5
272
330
1EE
100
AcDbEntity
  8
0
100
AcDbHatch
 10
0.0
 20
0.0
 30
0.0
210
0.0
220
0.0
230
1.0
  2
SOLID
 70
     1
 71
     0
 91
        1
 92
        0
 93
        3
 72
     1
 10
-10.0
 20
43.99999999999999
 11
-26.0
 21
59.99999999999999
 72
     1
 10
-26.0
 20
59.99999999999999
 11
-10.0
 21
60.0
 72
     1
 10
-10.0
 20
60.0
 11
-10.0
 21
43.99999999999999
 97
        0
 75
     0
 76
     1
 98
        1
 10
-17.7516805737679
 20
56.19614629860195
  0
ENDBLK
  5
274
330
1EE
100
AcDbEntity
  8
0
100
AcDbBlockEnd
  0
BLOCK
  5
1F5
330
1F4
100
AcDbEntity
  8
0
100
AcDbBlockBegin
  2
*X18
 70
     1
 10
0.0
 20
0.0
 30
0.0
  3
*X18
  1

  0
LINE
  5
1F7
330
1F4
100
AcDbEntity
  8
尺寸线层
  6
Continuous
 62
     3
100
AcDbLine
 10
46.00000000000001
 20
115.1662957607814
 30
0.0
 11
150.0
 21
115.1662957607814
 31
0.0
  0
HATCH
  5
1F8
330
1F4
100
AcDbEntity
  8
尺寸线层
  6
Continuous
 62
     3
100
AcDbHatch
 10
0.0
 20
0.0
 30
0.0
210
0.0
220
0.0
230
1.0
  2
SOLID
 70
     1
 71
     0
 91
        1
 92
        0
 93
        3
 72
     1
 10
96.00000000000001
 20
115.1662957607814
 11
71.00000000000001
 21
119.332962427448
 72
     1
 10
71.00000000000001
 20
119.332962427448
 11
71.00000000000001
 21
110.9996290941147
 72
     1
 10
71.00000000000001
 20
110.9996290941147
 11
96.00000000000001
 21
115.1662957607814
 97
        0
 75
     0
 76
     1
 98
        1
 10
0.0
 20
0.0
  0
HATCH
  5
1F9
330
1F4
100
AcDbEntity
  8
尺寸线层
  6
Continuous
 62
     3
100
AcDbHatch
 10
0.0
 20
0.0
 30
0.0
210
0.0
220
0.0
230
1.0
  2
SOLID
 70
     1
 71
     0
 91
        1
 92
        0
 93
        3
 72
     1
 10
100.0
 20
115.1662957607814
 11
125.0
 21
119.332962427448
 72
     1
 10
125.0
 20
119.332962427448
 11
125.0
 21
110.9996290941147
 72
     1
 10
125.0
 20
110.9996290941147
 11
100.0
 21
115.1662957607814
 97
        0
 75
     0
 76
     1
 98
        1
 10
0.0
 20
0.0
  0
LINE
  5
1FA
330
1F4
100
AcDbEntity
  8
尺寸线层
  6
Continuous
 62
     0
100
AcDbLine
 10
96.0
 20
-61.806
 30
0.0
 11
96.00000000000001
 21
121.4162957607814
 31
0.0
  0
LINE
  5
1FB
330
1F4
100
AcDbEntity
  8
尺寸线层
  6
Continuous
 62
     0
100
AcDbLine
 10
100.0
 20
-61.806
 30
0.0
 11
100.0
 21
121.4162957607814
 31
0.0
  0
MTEXT
  5
1FC
330
1F4
100
AcDbEntity
  8
尺寸线层
 62
     0
100
AcDbMText
 10
116.4746713965591
 20
126.9435303976529
 30
0.0
 40
17.5
 41
35.0
 46
35.0
 71
     5
 72
     1
  1
4
 73
     1
 44
1.0
1001
CAXA_DRAFT_TXTSCALE
1041
1.0
1001
ACAD
1000
ACAD_MTEXT_DEFINED_HEIGHT_BEGIN
1070
    46
1040
35.0
1000
ACAD_MTEXT_DEFINED_HEIGHT_END
  0
ENDBLK
  5
1F6
330
1F4
100
AcDbEntity
  8
0
100
AcDbBlockEnd
  0
BLOCK
  5
21C
330
21B
100
AcDbEntity
  8
0
100
AcDbBlockBegin
  2
*X19
 70
     1
 10
0.0
 20
0.0
 30
0.0
  3
*X19
  1

  0
LINE
  5
21E
330
21B
100
AcDbEntity
  8
尺寸线层
  6
Continuous
 62
     3
100
AcDbLine
 10
-80.0
 20
132.1145672726168
 30
0.0
 11
79.99999999999999
 21
132.1145672726168
 31
0.0
  0
HATCH
  5
21F
330
21B
100
AcDbEntity
  8
尺寸线层
  6
Continuous
 62
     3
100
AcDbHatch
 10
0.0
 20
0.0
 30
0.0
210
0.0
220
0.0
230
1.0
  2
SOLID
 70
     1
 71
     0
 91
        1
 92
        0
 93
        3
 72
     1
 10
-80.0
 20
132.1145672726168
 11
-55.0
 21
136.2812339392835
 72
     1
 10
-55.0
 20
136.2812339392835
 11
-55.0
 21
127.9479006059501
 72
     1
 10
-55.0
 20
127.9479006059501
 11
-80.0
 21
132.1145672726168
 97
        0
 75
     0
 76
     1
 98
        1
 10
0.0
 20
0.0
  0
HATCH
  5
220
330
21B
100
AcDbEntity
  8
尺寸线层
  6
Continuous
 62
     3
100
AcDbHatch
 10
0.0
 20
0.0
 30
0.0
210
0.0
220
0.0
230
1.0
  2
SOLID
 70
     1
 71
     0
 91
        1
 92
        0
 93
        3
 72
     1
 10
79.99999999999999
 20
132.1145672726168
 11
55.0
 21
136.2812339392835
 72
     1
 10
55.0
 20
136.2812339392835
 11
55.0
 21
127.9479006059501
 72
     1
 10
55.0
 20
127.9479006059501
 11
79.99999999999999
 21
132.1145672726168
 97
        0
 75
     0
 76
     1
 98
        1
 10
0.0
 20
0.0
  0
LINE
  5
221
330
21B
100
AcDbEntity
  8
尺寸线层
  6
Continuous
 62
     0
100
AcDbLine
 10
-80.0
 20
80.0
 30
0.0
 11
-80.0
 21
138.3645672726168
 31
0.0
  0
LINE
  5
222
330
21B
100
AcDbEntity
  8
尺寸线层
  6
Continuous
 62
     0
100
AcDbLine
 10
80.0
 20
80.0
 30
0.0
 11
79.99999999999999
 21
138.3645672726168
 31
0.0
  0
MTEXT
  5
223
330
21B
100
AcDbEntity
  8
尺寸线层
 62
     0
100
AcDbMText
 10
0.0000004999999987
 20
143.9406845910526
 30
0.0
 40
17.5
 41
66.87150837988825
 46
35.0
 71
     5
 72
     1
  1
160
 73
     1
 44
1.0
1001
CAXA_DRAFT_TXTSCALE
1041
1.0
1001
ACAD
1000
ACAD_MTEXT_DEFINED_HEIGHT_BEGIN
1070
    46
1040
35.0
1000
ACAD_MTEXT_DEFINED_HEIGHT_END
  0
ENDBLK
  5
21D
330
21B
100
AcDbEntity
  8
0
100
AcDbBlockEnd
  0
BLOCK
  5
226
330
225
100
AcDbEntity
  8
0
100
AcDbBlockBegin
  2
*X20
 70
     1
 10
0.0
 20
0.0
 30
0.0
  3
*X20
  1

  0
LINE
  5
228
330
225
100
AcDbEntity
  8
尺寸线层
  6
Continuous
 62
     3
100
AcDbLine
 10
-134.3721069637515
 20
130.0
 30
0.0
 11
-134.3721069637515
 21
10.00000000000001
 31
0.0
  0
HATCH
  5
229
330
225
100
AcDbEntity
  8
尺寸线层
  6
Continuous
 62
     3
100
AcDbHatch
 10
0.0
 20
0.0
 30
0.0
210
0.0
220
0.0
230
1.0
  2
SOLID
 70
     1
 71
     0
 91
        1
 92
        0
 93
        3
 72
     1
 10
-134.3721069637515
 20
80.0
 11
-130.2054402970848
 21
105.0
 72
     1
 10
-130.2054402970848
 20
105.0
 11
-138.5387736304181
 21
105.0
 72
     1
 10
-138.5387736304181
 20
105.0
 11
-134.3721069637515
 21
80.0
 97
        0
 75
     0
 76
     1
 98
        1
 10
0.0
 20
0.0
  0
HATCH
  5
22A
330
225
100
AcDbEntity
  8
尺寸线层
  6
Continuous
 62
     3
100
AcDbHatch
 10
0.0
 20
0.0
 30
0.0
210
0.0
220
0.0
230
1.0
  2
SOLID
 70
     1
 71
     0
 91
        1
 92
        0
 93
        3
 72
     1
 10
-134.3721069637515
 20
60.00000000000001
 11
-130.2054402970848
 21
35.00000000000001
 72
     1
 10
-130.2054402970848
 20
35.00000000000001
 11
-138.5387736304181
 21
35.00000000000001
 72
     1
 10
-138.5387736304181
 20
35.00000000000001
 11
-134.3721069637515
 21
60.00000000000001
 97
        0
 75
     0
 76
     1
 98
        1
 10
0.0
 20
0.0
  0
LINE
  5
22B
330
225
100
AcDbEntity
  8
尺寸线层
  6
Continuous
 62
     0
100
AcDbLine
 10
-80.0
 20
80.0
 30
0.0
 11
-140.6221069637515
 21
80.0
 31
0.0
  0
LINE
  5
22C
330
225
100
AcDbEntity
  8
尺寸线层
  6
Continuous
 62
     0
100
AcDbLine
 10
-80.0
 20
60.0
 30
0.0
 11
-140.6221069637515
 21
60.00000000000001
 31
0.0
  0
MTEXT
  5
22D
330
225
100
AcDbEntity
  8
尺寸线层
 62
     0
100
AcDbMText
 10
-146.149341600623
 20
70.23594797323132
 30
0.0
 40
17.5
 41
44.97206703910615
 46
35.0
 71
     5
 72
     1
  1
20
 11
6.123233995736766E-17
 21
1.0
 31
0.0
 73
     1
 44
1.0
1001
CAXA_DRAFT_TXTSCALE
1041
1.0
1001
ACAD
1000
ACAD_MTEXT_DEFINED_HEIGHT_BEGIN
1070
    46
1040
35.0
1000
ACAD_MTEXT_DEFINED_HEIGHT_END
  0
ENDBLK
  5
227
330
225
100
AcDbEntity
  8
0
100
AcDbBlockEnd
  0
BLOCK
  5
230
330
22F
100
AcDbEntity
  8
0
100
AcDbBlockBegin
  2
*X21
 70
     1
 10
0.0
 20
0.0
 30
0.0
  3
*X21
  1

  0
LINE
  5
232
330
22F
100
AcDbEntity
  8
尺寸线层
  6
Continuous
 62
     3
100
AcDbLine
 10
-134.5442310786316
 20
60.00000000000001
 30
0.0
 11
-134.5442310786316
 21
-59.99999999999999
 31
0.0
  0
HATCH
  5
233
330
22F
100
AcDbEntity
  8
尺寸线层
  6
Continuous
 62
     3
100
AcDbHatch
 10
0.0
 20
0.0
 30
0.0
210
0.0
220
0.0
230
1.0
  2
SOLID
 70
     1
 71
     0
 91
        1
 92
        0
 93
        3
 72
     1
 10
-134.5442310786316
 20
60.00000000000001
 11
-130.377564411965
 21
35.00000000000001
 72
     1
 10
-130.377564411965
 20
35.00000000000001
 11
-138.7108977452983
 21
35.00000000000001
 72
     1
 10
-138.7108977452983
 20
35.00000000000001
 11
-134.5442310786316
 21
60.00000000000001
 97
        0
 75
     0
 76
     1
 98
        1
 10
0.0
 20
0.0
  0
HATCH
  5
234
330
22F
100
AcDbEntity
  8
尺寸线层
  6
Continuous
 62
     3
100
AcDbHatch
 10
0.0
 20
0.0
 30
0.0
210
0.0
220
0.0
230
1.0
  2
SOLID
 70
     1
 71
     0
 91
        1
 92
        0
 93
        3
 72
     1
 10
-134.5442310786316
 20
-59.99999999999999
 11
-130.377564411965
 21
-34.99999999999999
 72
     1
 10
-130.377564411965
 20
-34.99999999999999
 11
-138.7108977452983
 21
-34.99999999999999
 72
     1
 10
-138.7108977452983
 20
-34.99999999999999
 11
-134.5442310786316
 21
-59.99999999999999
 97
        0
 75
     0
 76
     1
 98
        1
 10
0.0
 20
0.0
  0
LINE
  5
235
330
22F
100
AcDbEntity
  8
尺寸线层
  6
Continuous
 62
     0
100
AcDbLine
 10
-80.0
 20
60.0
 30
0.0
 11
-140.7942310786316
 21
60.00000000000001
 31
0.0
  0
LINE
  5
236
330
22F
100
AcDbEntity
  8
尺寸线层
  6
Continuous
 62
     0
100
AcDbLine
 10
-80.0
 20
-60.0
 30
0.0
 11
-140.7942310786316
 21
-59.99999999999999
 31
0.0
  0
MTEXT
  5
237
330
22F
100
AcDbEntity
  8
尺寸线层
 62
     0
100
AcDbMText
 10
-146.3703483970674
 20
3.709977572084028
 30
0.0
 40
17.5
 41
66.87150837988825
 46
35.0
 71
     5
 72
     1
  1
120
 11
6.123233995736766E-17
 21
1.0
 31
0.0
 73
     1
 44
1.0
1001
CAXA_DRAFT_TXTSCALE
1041
1.0
1001
ACAD
1000
ACAD_MTEXT_DEFINED_HEIGHT_BEGIN
1070
    46
1040
35.0
1000
ACAD_MTEXT_DEFINED_HEIGHT_END
  0
ENDBLK
  5
231
330
22F
100
AcDbEntity
  8
0
100
AcDbBlockEnd
  0
BLOCK
  5
23A
330
239
100
AcDbEntity
  8
0
100
AcDbBlockBegin
  2
*X22
 70
     1
 10
0.0
 20
0.0
 30
0.0
  3
*X22
  1

  0
LINE
  5
23C
330
239
100
AcDbEntity
  8
尺寸线层
  6
Continuous
 62
     3
100
AcDbLine
 10
-134.5718559365753
 20
-10.0
 30
0.0
 11
-134.5718559365753
 21
-130.0
 31
0.0
  0
HATCH
  5
23D
330
239
100
AcDbEntity
  8
尺寸线层
  6
Continuous
 62
     3
100
AcDbHatch
 10
0.0
 20
0.0
 30
0.0
210
0.0
220
0.0
230
1.0
  2
SOLID
 70
     1
 71
     0
 91
        1
 92
        0
 93
        3
 72
     1
 10
-134.5718559365753
 20
-60.0
 11
-130.4051892699086
 21
-35.0
 72
     1
 10
-130.4051892699086
 20
-35.0
 11
-138.738522603242
 21
-35.0
 72
     1
 10
-138.738522603242
 20
-35.0
 11
-134.5718559365753
 21
-60.0
 97
        0
 75
     0
 76
     1
 98
        1
 10
0.0
 20
0.0
  0
HATCH
  5
23E
330
239
100
AcDbEntity
  8
尺寸线层
  6
Continuous
 62
     3
100
AcDbHatch
 10
0.0
 20
0.0
 30
0.0
210
0.0
220
0.0
230
1.0
  2
SOLID
 70
     1
 71
     0
 91
        1
 92
        0
 93
        3
 72
     1
 10
-134.5718559365753
 20
-80.0
 11
-130.4051892699086
 21
-105.0
 72
     1
 10
-130.4051892699086
 20
-105.0
 11
-138.738522603242
 21
-105.0
 72
     1
 10
-138.738522603242
 20
-105.0
 11
-134.5718559365753
 21
-80.0
 97
        0
 75
     0
 76
     1
 98
        1
 10
0.0
 20
0.0
  0
LINE
  5
23F
330
239
100
AcDbEntity
  8
尺寸线层
  6
Continuous
 62
     0
100
AcDbLine
 10
-80.0
 20
-60.0
 30
0.0
 11
-140.8218559365753
 21
-60.0
 31
0.0
  0
LINE
  5
240
330
239
100
AcDbEntity
  8
尺寸线层
  6
Continuous
 62
     0
100
AcDbLine
 10
-80.0
 20
-80.0
 30
0.0
 11
-140.8218559365753
 21
-80.0
 31
0.0
  0
MTEXT
  5
241
330
239
100
AcDbEntity
  8
尺寸线层
 62
     0
100
AcDbMText
 10
-146.3490905734468
 20
-68.84033684986589
 30
0.0
 40
17.5
 41
44.97206703910615
 46
35.0
 71
     5
 72
     1
  1
20
 11
6.123233995736766E-17
 21
1.0
 31
0.0
 73
     1
 44
1.0
1001
CAXA_DRAFT_TXTSCALE
1041
1.0
1001
ACAD
1000
ACAD_MTEXT_DEFINED_HEIGHT_BEGIN
1070
    46
1040
35.0
1000
ACAD_MTEXT_DEFINED_HEIGHT_END
  0
ENDBLK
  5
23B
330
239
100
AcDbEntity
  8
0
100
AcDbBlockEnd
  0
BLOCK
  5
244
330
243
100
AcDbEntity
  8
0
100
AcDbBlockBegin
  2
*X23
 70
     1
 10
0.0
 20
0.0
 30
0.0
  3
*X23
  1

  0
LINE
  5
246
330
243
100
AcDbEntity
  8
尺寸线层
  6
Continuous
 62
     3
100
AcDbLine
 10
127.2480476976657
 20
60.00000000000001
 30
0.0
 11
127.2480476976657
 21
-64.58603451955307
 31
0.0
  0
HATCH
  5
247
330
243
100
AcDbEntity
  8
尺寸线层
  6
Continuous
 62
     3
100
AcDbHatch
 10
0.0
 20
0.0
 30
0.0
210
0.0
220
0.0
230
1.0
  2
SOLID
 70
     1
 71
     0
 91
        1
 92
        0
 93
        3
 72
     1
 10
127.2480476976657
 20
10.00000000000001
 11
131.4147143643324
 21
35.00000000000001
 72
     1
 10
131.4147143643324
 20
35.00000000000001
 11
123.081381030999
 21
35.00000000000001
 72
     1
 10
123.081381030999
 20
35.00000000000001
 11
127.2480476976657
 21
10.00000000000001
 97
        0
 75
     0
 76
     1
 98
        1
 10
0.0
 20
0.0
  0
HATCH
  5
248
330
243
100
AcDbEntity
  8
尺寸线层
  6
Continuous
 62
     3
100
AcDbHatch
 10
0.0
 20
0.0
 30
0.0
210
0.0
220
0.0
230
1.0
  2
SOLID
 70
     1
 71
     0
 91
        1
 92
        0
 93
        3
 72
     1
 10
127.2480476976657
 20
-10.00000000000001
 11
131.4147143643324
 21
-35.00000000000001
 72
     1
 10
131.4147143643324
 20
-35.00000000000001
 11
123.081381030999
 21
-35.00000000000001
 72
     1
 10
123.081381030999
 20
-35.00000000000001
 11
127.2480476976657
 21
-10.00000000000001
 97
        0
 75
     0
 76
     1
 98
        1
 10
0.0
 20
0.0
  0
LINE
  5
249
330
243
100
AcDbEntity
  8
尺寸线层
  6
Continuous
 62
     0
100
AcDbLine
 10
79.99999999999999
 20
10.00000000000001
 30
0.0
 11
133.4980476976657
 21
10.00000000000001
 31
0.0
  0
LINE
  5
24A
330
243
100
AcDbEntity
  8
尺寸线层
  6
Continuous
 62
     0
100
AcDbLine
 10
80.0
 20
-10.0
 30
0.0
 11
133.4980476976657
 21
-10.00000000000001
 31
0.0
  0
MTEXT
  5
24B
330
243
100
AcDbEntity
  8
尺寸线层
 62
     0
100
AcDbMText
 10
115.4708130607942
 20
-53.34301775977654
 30
0.0
 40
17.5
 41
44.97206703910614
 46
35.0
 71
     5
 72
     1
  1
20
 11
6.123233995736766E-17
 21
1.0
 31
0.0
 73
     1
 44
1.0
1001
CAXA_DRAFT_TXTSCALE
1041
1.0
1001
ACAD
1000
ACAD_MTEXT_DEFINED_HEIGHT_BEGIN
1070
    46
1040
35.0
1000
ACAD_MTEXT_DEFINED_HEIGHT_END
  0
ENDBLK
  5
245
330
243
100
AcDbEntity
  8
0
100
AcDbBlockEnd
  0
BLOCK
  5
24E
330
24D
100
AcDbEntity
  8
0
100
AcDbBlockBegin
  2
*X24
 70
     1
 10
0.0
 20
0.0
 30
0.0
  3
*X24
  1

  0
LINE
  5
250
330
24D
100
AcDbEntity
  8
尺寸线层
  6
Continuous
 62
     3
100
AcDbLine
 10
-175.8816435077919
 20
100.0
 30
0.0
 11
-175.8816435077919
 21
-100.0
 31
0.0
  0
HATCH
  5
251
330
24D
100
AcDbEntity
  8
尺寸线层
  6
Continuous
 62
     3
100
AcDbHatch
 10
0.0
 20
0.0
 30
0.0
210
0.0
220
0.0
230
1.0
  2
SOLID
 70
     1
 71
     0
 91
        1
 92
        0
 93
        3
 72
     1
 10
-175.8816435077919
 20
100.0
 11
-171.7149768411252
 21
75.0
 72
     1
 10
-171.7149768411252
 20
75.0
 11
-180.0483101744585
 21
75.0
 72
     1
 10
-180.0483101744585
 20
75.0
 11
-175.8816435077919
 21
100.0
 97
        0
 75
     0
 76
     1
 98
        1
 10
0.0
 20
0.0
  0
HATCH
  5
252
330
24D
100
AcDbEntity
  8
尺寸线层
  6
Continuous
 62
     3
100
AcDbHatch
 10
0.0
 20
0.0
 30
0.0
210
0.0
220
0.0
230
1.0
  2
SOLID
 70
     1
 71
     0
 91
        1
 92
        0
 93
        3
 72
     1
 10
-175.8816435077919
 20
-100.0
 11
-171.7149768411252
 21
-75.0
 72
     1
 10
-171.7149768411252
 20
-75.0
 11
-180.0483101744585
 21
-75.0
 72
     1
 10
-180.0483101744585
 20
-75.0
 11
-175.8816435077919
 21
-100.0
 97
        0
 75
     0
 76
     1
 98
        1
 10
0.0
 20
0.0
  0
LINE
  5
253
330
24D
100
AcDbEntity
  8
尺寸线层
  6
Continuous
 62
     0
100
AcDbLine
 10
-95.00000000000034
 20
100.0
 30
0.0
 11
-182.1316435077919
 21
100.0
 31
0.0
  0
LINE
  5
254
330
24D
100
AcDbEntity
  8
尺寸线层
  6
Continuous
 62
     0
100
AcDbLine
 10
-95.00000000000036
 20
-100.0
 30
0.0
 11
-182.1316435077919
 21
-100.0
 31
0.0
  0
MTEXT
  5
255
330
24D
100
AcDbEntity
  8
尺寸线层
 62
     0
100
AcDbMText
 10
-187.6588781446634
 20
-0.3232516876984164
 30
0.0
 40
17.5
 41
69.99999999999999
 46
35.0
 71
     5
 72
     1
  1
200
 11
6.123233995736766E-17
 21
1.0
 31
0.0
 73
     1
 44
1.0
1001
CAXA_DRAFT_TXTSCALE
1041
1.0
1001
ACAD
1000
ACAD_MTEXT_DEFINED_HEIGHT_BEGIN
1070
    46
1040
35.0
1000
ACAD_MTEXT_DEFINED_HEIGHT_END
  0
ENDBLK
  5
24F
330
24D
100
AcDbEntity
  8
0
100
AcDbBlockEnd
  0
BLOCK
  5
258
330
257
100
AcDbEntity
  8
0
100
AcDbBlockBegin
  2
*X25
 70
     1
 10
0.0
 20
0.0
 30
0.0
  3
*X25
  1

  0
LINE
  5
25A
330
257
100
AcDbEntity
  8
尺寸线层
  6
Continuous
 62
     3
100
AcDbLine
 10
-100.0
 20
165.2601468269295
 30
0.0
 11
100.0
 21
165.2601468269295
 31
0.0
  0
HATCH
  5
25B
330
257
100
AcDbEntity
  8
尺寸线层
  6
Continuous
 62
     3
100
AcDbHatch
 10
0.0
 20
0.0
 30
0.0
210
0.0
220
0.0
230
1.0
  2
SOLID
 70
     1
 71
     0
 91
        1
 92
        0
 93
        3
 72
     1
 10
-100.0
 20
165.2601468269295
 11
-75.0
 21
169.4268134935962
 72
     1
 10
-75.0
 20
169.4268134935962
 11
-75.0
 21
161.0934801602629
 72
     1
 10
-75.0
 20
161.0934801602629
 11
-100.0
 21
165.2601468269295
 97
        0
 75
     0
 76
     1
 98
        1
 10
0.0
 20
0.0
  0
HATCH
  5
25C
330
257
100
AcDbEntity
  8
尺寸线层
  6
Continuous
 62
     3
100
AcDbHatch
 10
0.0
 20
0.0
 30
0.0
210
0.0
220
0.0
230
1.0
  2
SOLID
 70
     1
 71
     0
 91
        1
 92
        0
 93
        3
 72
     1
 10
100.0
 20
165.2601468269295
 11
75.0
 21
169.4268134935962
 72
     1
 10
75.0
 20
169.4268134935962
 11
75.0
 21
161.0934801602629
 72
     1
 10
75.0
 20
161.0934801602629
 11
100.0
 21
165.2601468269295
 97
        0
 75
     0
 76
     1
 98
        1
 10
0.0
 20
0.0
  0
LINE
  5
25D
330
257
100
AcDbEntity
  8
尺寸线层
  6
Continuous
 62
     0
100
AcDbLine
 10
-100.0
 20
95.0
 30
0.0
 11
-100.0
 21
171.5101468269295
 31
0.0
  0
LINE
  5
25E
330
257
100
AcDbEntity
  8
尺寸线层
  6
Continuous
 62
     0
100
AcDbLine
 10
100.0
 20
95.0
 30
0.0
 11
100.0
 21
171.5101468269295
 31
0.0
  0
MTEXT
  5
25F
330
257
100
AcDbEntity
  8
尺寸线层
 62
     0
100
AcDbMText
 10
0.0000004999999987
 20
177.037381463801
 30
0.0
 40
17.5
 41
69.99999999999999
 46
35.0
 71
     5
 72
     1
  1
200
 73
     1
 44
1.0
1001
CAXA_DRAFT_TXTSCALE
1041
1.0
1001
ACAD
1000
ACAD_MTEXT_DEFINED_HEIGHT_BEGIN
1070
    46
1040
35.0
1000
ACAD_MTEXT_DEFINED_HEIGHT_END
  0
ENDBLK
  5
259
330
257
100
AcDbEntity
  8
0
100
AcDbBlockEnd
  0
BLOCK
  5
262
330
261
100
AcDbEntity
  8
0
100
AcDbBlockBegin
  2
*X26
 70
     1
 10
0.0
 20
0.0
 30
0.0
  3
*X26
  1

  0
LINE
  5
264
330
261
100
AcDbEntity
  8
尺寸线层
  6
Continuous
 62
     3
100
AcDbLine
 10
-60.0
 20
26.0327416994494
 30
0.0
 11
64.58603451955307
 21
26.03274169944935
 31
0.0
  0
HATCH
  5
265
330
261
100
AcDbEntity
  8
尺寸线层
  6
Continuous
 62
     3
100
AcDbHatch
 10
0.0
 20
0.0
 30
0.0
210
0.0
220
0.0
230
1.0
  2
SOLID
 70
     1
 71
     0
 91
        1
 92
        0
 93
        3
 72
     1
 10
-10.0
 20
26.03274169944938
 11
-35.0
 21
30.19940836611606
 72
     1
 10
-35.0
 20
30.19940836611606
 11
-35.0
 21
21.86607503278273
 72
     1
 10
-35.0
 20
21.86607503278273
 11
-10.0
 21
26.03274169944938
 97
        0
 75
     0
 76
     1
 98
        1
 10
0.0
 20
0.0
  0
HATCH
  5
266
330
261
100
AcDbEntity
  8
尺寸线层
  6
Continuous
 62
     3
100
AcDbHatch
 10
0.0
 20
0.0
 30
0.0
210
0.0
220
0.0
230
1.0
  2
SOLID
 70
     1
 71
     0
 91
        1
 92
        0
 93
        3
 72
     1
 10
9.999999999999998
 20
26.03274169944937
 11
35.0
 21
30.19940836611601
 72
     1
 10
35.0
 20
30.19940836611601
 11
35.0
 21
21.86607503278268
 72
     1
 10
35.0
 20
21.86607503278268
 11
10.0
 21
26.03274169944937
 97
        0
 75
     0
 76
     1
 98
        1
 10
0.0
 20
0.0
  0
LINE
  5
267
330
261
100
AcDbEntity
  8
尺寸线层
  6
Continuous
 62
     0
100
AcDbLine
 10
-10.0
 20
34.06119649593645
 30
0.0
 11
-10.0
 21
19.78274169944938
 31
0.0
  0
LINE
  5
268
330
261
100
AcDbEntity
  8
尺寸线层
  6
Continuous
 62
     0
100
AcDbLine
 10
10.0
 20
33.7169482661763
 30
0.0
 11
9.999999999999996
 21
19.78274169944937
 31
0.0
  0
MTEXT
  5
269
330
261
100
AcDbEntity
  8
尺寸线层
 62
     0
100
AcDbMText
 10
53.34301775977654
 20
37.80997633632084
 30
0.0
 40
17.5
 41
44.97206703910614
 46
35.0
 71
     5
 72
     1
  1
20
 73
     1
 44
1.0
1001
CAXA_DRAFT_TXTSCALE
1041
1.0
1001
ACAD
1000
ACAD_MTEXT_DEFINED_HEIGHT_BEGIN
1070
    46
1040
35.0
1000
ACAD_MTEXT_DEFINED_HEIGHT_END
  0
ENDBLK
  5
263
330
261
100
AcDbEntity
  8
0
100
AcDbBlockEnd
  0
BLOCK
  5
282
330
276
100
AcDbEntity
  8
0
100
AcDbBlockBegin
  2
*X27
 70
     1
 10
0.0
 20
0.0
 30
0.0
  3
*X27
  1

  0
LINE
  5
277
330
276
100
AcDbEntity
  8
尺寸线层
  6
Continuous
 62
     0
370
    -2
100
AcDbLine
 10
0.0
 20
0.0
 30
0.0
 11
106.772
 21
119.778
 31
0.0
  0
LINE
  5
278
330
276
100
AcDbEntity
  8
尺寸线层
  6
Continuous
 62
     0
100
AcDbLine
 10
135.122
 20
119.778
 30
0.0
 11
162.122
 21
119.778
 31
0.0
  0
LINE
  5
279
330
276
100
AcDbEntity
  8
尺寸线层
  6
Continuous
 62
     0
100
AcDbLine
 10
135.122
 20
119.778
 30
0.0
 11
135.122
 21
146.778
 31
0.0
  0
LINE
  5
27A
330
276
100
AcDbEntity
  8
尺寸线层
  6
Continuous
 62
     0
100
AcDbLine
 10
162.122
 20
119.778
 30
0.0
 11
135.122
 21
146.778
 31
0.0
  0
ARC
  5
27B
330
276
100
AcDbEntity
  8
尺寸线层
  6
Continuous
 62
     0
100
AcDbCircle
 10
170.222
 20
157.578
 30
0.0
 40
20.25
100
AcDbArc
 50
180.0
 51
270.0
  0
LINE
  5
27C
330
276
100
AcDbEntity
  8
尺寸线层
  6
Continuous
 62
     0
100
AcDbLine
 10
223.465
 20
119.778
 30
0.0
 11
250.465
 21
146.778
 31
0.0
  0
LINE
  5
27D
330
276
100
AcDbEntity
  8
尺寸线层
  6
Continuous
 62
     0
100
AcDbLine
 10
223.465
 20
119.778
 30
0.0
 11
250.465
 21
92.778
 31
0.0
  0
MTEXT
  5
27E
330
276
100
AcDbEntity
  8
尺寸线层
 62
     0
100
AcDbMText
 10
175.399
 20
142.176
 30
0.0
 40
20.0
 41
85.2737430167598
 46
39.55307262569832
 71
     1
 72
     1
  1
{\T1.1;300}
 73
     1
 44
1.0
1001
CAXA_DRAFT_TXTSCALE
1041
1.0
1001
ACAD
1000
ACAD_MTEXT_DEFINED_HEIGHT_BEGIN
1070
    46
1040
39.55307262569832
1000
ACAD_MTEXT_DEFINED_HEIGHT_END
  0
MTEXT
  5
27F
330
276
100
AcDbEntity
  8
尺寸线层
 62
     0
100
AcDbMText
 10
248.327
 20
138.869
 30
0.0
 40
27.0
 41
113.068156424581
 46
71.79888268156424
 71
     1
 72
     1
  1
{\T1.1;8条}
 73
     1
 44
1.0
1001
CAXA_DRAFT_TXTSCALE
1041
1.0
1001
ACAD
1000
ACAD_MTEXT_DEFINED_HEIGHT_BEGIN
1070
    46
1040
71.79888268156424
1000
ACAD_MTEXT_DEFINED_HEIGHT_END
  0
LINE
  5
280
330
276
100
AcDbEntity
  8
尺寸线层
  6
Continuous
 62
     0
370
    -2
100
AcDbLine
 10
106.772
 20
119.778
 30
0.0
 11
223.465
 21
119.778
 31
0.0
  0
LINE
  5
281
330
276
100
AcDbEntity
  8
尺寸线层
  6
虚线
 62
     0
100
AcDbLine
 10
106.772
 20
111.678
 30
0.0
 11
223.465
 21
111.678
 31
0.0
  0
ENDBLK
  5
283
330
276
100
AcDbEntity
  8
0
100
AcDbBlockEnd
  0
BLOCK
  5
2A7
330
285
100
AcDbEntity
  8
0
100
AcDbBlockBegin
  2
耗能面
 70
     0
 10
0.0
 20
0.0
 30
0.0
  3
耗能面
  1

  0
LWPOLYLINE
  5
286
330
285
100
AcDbEntity
  8
粗实线层
100
AcDbPolyline
 90
        8
 70
     1
 43
0.0
 10
-95.0
 20
100.0
 10
95.0
 20
100.0
 42
-0.414
 10
100.0
 20
95.0
 10
100.0
 20
-95.0
 42
-0.414
 10
95.0
 20
-100.0
 10
-95.0
 20
-100.0
 42
-0.414
 10
-100.0
 20
-95.0
 10
-100.0
 20
95.0
 42
-0.414
  0
LWPOLYLINE
  5
287
330
285
100
AcDbEntity
  8
粗实线层
100
AcDbPolyline
 90
        8
 70
     1
 43
0.0
 10
-89.0
 20
94.0
 10
89.0
 20
94.0
 42
-0.414
 10
94.0
 20
89.0
 10
94.0
 20
-89.0
 42
-0.414
 10
89.0
 20
-94.0
 10
-89.0
 20
-94.0
 42
-0.414
 10
-94.0
 20
-89.0
 10
-94.0
 20
89.0
 42
-0.414
  0
LINE
  5
288
330
285
100
AcDbEntity
  8
中心线层
100
AcDbLine
 10
-115.5
 20
0.0
 30
0.0
 11
115.5
 21
0.0
 31
0.0
  0
LINE
  5
289
330
285
100
AcDbEntity
  8
中心线层
100
AcDbLine
 10
0.0
 20
119.5
 30
0.0
 11
0.0
 21
-119.5
 31
0.0
  0
MTEXT
  5
28A
330
285
100
AcDbEntity
  8
尺寸线层
100
AcDbMText
 10
-150.6087024644141
 20
-157.7781570922183
 30
0.0
 40
45.0
 41
787.8770949720672
 46
118.659217877095
 71
     1
 72
     1
  1
{\W0.7;\T1.1;耗能段断面图}
 73
     1
 44
1.0
1001
CAXA_DRAFT_TXTSCALE
1041
1.0
1001
ACAD
1000
ACAD_MTEXT_DEFINED_HEIGHT_BEGIN
1070
    46
1040
118.659217877095
1000
ACAD_MTEXT_DEFINED_HEIGHT_END
  0
LINE
  5
28B
330
285
100
AcDbEntity
  8
粗实线层
100
AcDbLine
 10
-10.0
 20
60.0
 30
0.0
 11
10.0
 21
60.0
 31
0.0
  0
LINE
  5
28C
330
285
100
AcDbEntity
  8
粗实线层
100
AcDbLine
 10
-10.0
 20
-60.0
 30
0.0
 11
10.0
 21
-60.0
 31
0.0
  0
LINE
  5
28D
330
285
100
AcDbEntity
  8
粗实线层
100
AcDbLine
 10
10.0
 20
60.0
 30
0.0
 11
10.0
 21
-60.0
 31
0.0
  0
LINE
  5
28E
330
285
100
AcDbEntity
  8
粗实线层
100
AcDbLine
 10
-10.0
 20
60.0
 30
0.0
 11
-10.0
 21
-60.0
 31
0.0
  0
DIMENSION
  5
298
330
285
100
AcDbEntity
  8
尺寸线层
100
AcDbDimension
  2
*X29
 10
10.00000000000001
 20
140.6113439569083
 30
0.0
 11
0.2220076462951557
 21
152.3885785937798
 31
0.0
 70
   160
  1
20
 71
     5
 42
-1.0
 73
     0
 74
     0
 75
     0
  3
CUSTOM_DIMSTYLE
100
AcDbAlignedDimension
 13
-10.0
 23
60.0
 33
0.0
 14
10.0
 24
60.0
 34
0.0
100
AcDbRotatedDimension
1001
CX_DbAnnotate_TxtLocPara
1041
0.0
1001
CX_DbAnnotate_SimDimOriTxt
1070
     0
1001
CAXA_DRAFT_DIMARROWREVERSE
1070
     0
1001
ACAD
1000
DSTYLE
1002
{
1070
   173
1070
     1
1002
}
1001
CAXA_DRAFT_DIMARCLENSTYLE
1070
     1
1001
CAXA_DRAFT_DDTSTY_2011R3
1070
     0
1001
ACAD_DSTYLE_DIMINSPECT
1070
   396
1000

1070
   395
1000

1070
   394
1070
     0
1070
   393
1070
     0
1001
CX_DBDIM_TXTFRAME
1070
     0
1070
     0
1001
CDRAFT_DIM_STD_REV_NAME
1000
GB
1000
*DIMSTD
1000

  0
DIMENSION
  5
2A2
330
285
100
AcDbEntity
  8
尺寸线层
100
AcDbDimension
  2
*X30
 10
-132.0278079255458
 20
60.00000000000001
 30
0.0
 11
-143.8539252439816
 21
0.0517137702593544
 31
0.0
 70
   160
  1
120
 71
     5
 42
-1.0
 73
     0
 74
     0
 75
     0
  3
CUSTOM_DIMSTYLE
100
AcDbAlignedDimension
 13
-10.0
 23
-60.0
 33
0.0
 14
-10.0
 24
60.0
 34
0.0
 50
90.0
100
AcDbRotatedDimension
1001
CX_DbAnnotate_TxtLocPara
1041
0.0
1001
CX_DbAnnotate_SimDimOriTxt
1070
     0
1001
CAXA_DRAFT_DIMARROWREVERSE
1070
     0
1001
ACAD
1000
DSTYLE
1002
{
1070
   173
1070
     1
1002
}
1001
CAXA_DRAFT_DIMARCLENSTYLE
1070
     1
1001
CAXA_DRAFT_DDTSTY_2011R3
1070
     0
1001
ACAD_DSTYLE_DIMINSPECT
1070
   396
1000

1070
   395
1000

1070
   394
1070
     0
1070
   393
1070
     0
1001
CX_DBDIM_TXTFRAME
1070
     0
1070
     0
1001
CDRAFT_DIM_STD_REV_NAME
1000
GB
1000
*DIMSTD
1000

  0
HATCH
  5
2A3
330
285
100
AcDbEntity
  8
剖面线层
100
AcDbHatch
 10
0.0
 20
0.0
 30
0.0
210
0.0
220
0.0
230
1.0
  2
AR-CONC
 70
     0
 71
     0
 91
        1
 92
        0
 93
        7
 72
     1
 10
-94.0
 20
0.0
 11
-94.0
 21
89.0
 72
     2
 10
-88.9981765953513
 20
88.99817659535117
 40
5.00182373700794
 50
180.0208870601064
 51
269.9791129398625
 73
     0
 72
     1
 10
-89.00000000000284
 20
93.99999999999987
 11
0.0
 21
94.0
 72
     1
 10
0.0
 20
94.0
 11
0.0
 21
60.0
 72
     1
 10
0.0
 20
60.0
 11
-10.0
 21
60.0
 72
     1
 10
-10.0
 20
60.0
 11
-10.0
 21
0.0
 72
     1
 10
-10.0
 20
0.0
 11
-94.0
 21
0.0
 97
        0
 75
     0
 76
     1
 52
0.0
 41
0.1
 77
     0
 78
    13
 53
50.0
 43
0.0
 44
0.0
 45
18.2184668996004
 46
-1.593908553890307
 79
     2
 49
1.905
 49
-20.955
 53
355.0
 43
0.0
 44
0.0
 45
-3.524342142496934
 46
19.10568452390352
 79
     2
 49
1.524
 49
-16.764058417
 53
100.4514447
 43
1.5182007
 44
-0.13282535
 45
14.69412470903534
 46
17.51177519121951
 79
     2
 49
1.61900088
 49
-17.80902446
 53
46.1842
 43
0.0
 44
5.08
 45
27.10790408921299
 46
-4.204232793272715
 79
     2
 49
2.8575
 49
-31.4325
 53
96.63555760999999
 43
2.25899
 44
4.72965
 45
23.7404134051503
 46
24.74261245977215
 79
     2
 49
2.428502314
 49
-26.713560816
 53
351.18415117
 43
0.0
 44
5.08
 45
23.74041340649773
 46
24.74261245855324
 79
     2
 49
2.285996707
 49
-25.145973192
 53
21.0
 43
2.54
 44
3.81
 45
15.16143912691325
 46
-10.22651981870876
 79
     2
 49
1.905
 49
-20.955
 53
325.9999999999999
 43
2.54
 44
3.81
 45
6.180202834764725
 46
18.41879661223192
 79
     2
 49
1.524
 49
-16.764
 53
71.45144499999999
 43
3.80345326
 44
2.95779001
 45
21.34164192787162
 46
8.192276888590527
 79
     2
 49
1.61900088
 49
-17.80899376
 53
37.5
 43
0.0
 44
0.0
 45
0.3088603250591817
 46
8.455503887315311
 79
     6
 49
0.0
 49
-16.5608
 49
0.0
 49
-17.018
 49
0.0
 49
-16.8275
 53
7.5
 43
0.0
 44
0.0
 45
6.681966251030575
 46
10.01805748181195
 79
     6
 49
0.0
 49
-9.702800000000002
 49
0.0
 49
-16.1798
 49
0.0
 49
-6.413500000000001
 53
-32.5
 43
-5.664200000000001
 44
0.0
 45
13.55905951668714
 46
-0.5728743992673444
 79
     6
 49
0.0
 49
-6.350000000000001
 49
0.0
 49
-19.812
 49
0.0
 49
-26.289
 53
-42.50000000000001
 43
-8.2042
 44
0.0
 45
14.81291813860181
 46
2.542649103333303
 79
     6
 49
0.0
 49
-8.255
 49
0.0
 49
-13.1572
 49
0.0
 49
-18.669
 98
        1
 10
-42.12268597597198
 20
18.96980236141838
1001
CAXA_DRAFT_HATCH_SCALE_ANGLE
1041
0.1
1041
0.0
  0
HATCH
  5
2A4
330
285
100
AcDbEntity
  8
剖面线层
100
AcDbHatch
 10
0.0
 20
0.0
 30
0.0
210
0.0
220
0.0
230
1.0
  2
AR-CONC
 70
     0
 71
     0
 91
        1
 92
        0
 93
        7
 72
     1
 10
10.0
 20
0.0
 11
10.0
 21
60.0
 72
     1
 10
10.0
 20
60.0
 11
0.0
 21
60.0
 72
     1
 10
0.0
 20
60.0
 11
0.0
 21
94.0
 72
     1
 10
0.0
 20
94.0
 11
89.0
 21
94.0
 72
     2
 10
88.99817659535131
 20
88.99817659535131
 40
5.001823737007926
 50
270.0208870601048
 51
359.9791129398991
 73
     0
 72
     1
 10
94.0
 20
88.99999999999966
 11
94.0
 21
0.0
 72
     1
 10
94.0
 20
0.0
 11
10.00000000000001
 21
0.0
 97
        0
 75
     0
 76
     1
 52
0.0
 41
0.1
 77
     0
 78
    13
 53
50.0
 43
0.0
 44
0.0
 45
18.2184668996004
 46
-1.593908553890307
 79
     2
 49
1.905
 49
-20.955
 53
355.0
 43
0.0
 44
0.0
 45
-3.524342142496934
 46
19.10568452390352
 79
     2
 49
1.524
 49
-16.764058417
 53
100.4514447
 43
1.5182007
 44
-0.13282535
 45
14.69412470903534
 46
17.51177519121951
 79
     2
 49
1.61900088
 49
-17.80902446
 53
46.1842
 43
0.0
 44
5.08
 45
27.10790408921299
 46
-4.204232793272715
 79
     2
 49
2.8575
 49
-31.4325
 53
96.63555760999999
 43
2.25899
 44
4.72965
 45
23.7404134051503
 46
24.74261245977215
 79
     2
 49
2.428502314
 49
-26.713560816
 53
351.18415117
 43
0.0
 44
5.08
 45
23.74041340649773
 46
24.74261245855324
 79
     2
 49
2.285996707
 49
-25.145973192
 53
21.0
 43
2.54
 44
3.81
 45
15.16143912691325
 46
-10.22651981870876
 79
     2
 49
1.905
 49
-20.955
 53
325.9999999999999
 43
2.54
 44
3.81
 45
6.180202834764725
 46
18.41879661223192
 79
     2
 49
1.524
 49
-16.764
 53
71.45144499999999
 43
3.80345326
 44
2.95779001
 45
21.34164192787162
 46
8.192276888590527
 79
     2
 49
1.61900088
 49
-17.80899376
 53
37.5
 43
0.0
 44
0.0
 45
0.3088603250591817
 46
8.455503887315311
 79
     6
 49
0.0
 49
-16.5608
 49
0.0
 49
-17.018
 49
0.0
 49
-16.8275
 53
7.5
 43
0.0
 44
0.0
 45
6.681966251030575
 46
10.01805748181195
 79
     6
 49
0.0
 49
-9.702800000000002
 49
0.0
 49
-16.1798
 49
0.0
 49
-6.413500000000001
 53
-32.5
 43
-5.664200000000001
 44
0.0
 45
13.55905951668714
 46
-0.5728743992673444
 79
     6
 49
0.0
 49
-6.350000000000001
 49
0.0
 49
-19.812
 49
0.0
 49
-26.289
 53
-42.50000000000001
 43
-8.2042
 44
0.0
 45
14.81291813860181
 46
2.542649103333303
 79
     6
 49
0.0
 49
-8.255
 49
0.0
 49
-13.1572
 49
0.0
 49
-18.669
 98
        1
 10
61.30798529344899
 20
36.47345442239731
1001
CAXA_DRAFT_HATCH_SCALE_ANGLE
1041
0.1
1041
0.0
  0
HATCH
  5
2A5
330
285
100
AcDbEntity
  8
剖面线层
100
AcDbHatch
 10
0.0
 20
0.0
 30
0.0
210
0.0
220
0.0
230
1.0
  2
AR-CONC
 70
     0
 71
     0
 91
        1
 92
        0
 93
        7
 72
     1
 10
0.0
 20
-94.0
 11
0.0
 21
-60.0
 72
     1
 10
0.0
 20
-60.0
 11
10.0
 21
-60.0
 72
     1
 10
10.0
 20
-60.0
 11
10.0
 21
0.0
 72
     1
 10
10.0
 20
0.0
 11
94.0
 21
0.0
 72
     1
 10
94.0
 20
0.0
 11
94.0
 21
-89.0
 72
     2
 10
88.99817659535113
 20
-88.99817659535104
 40
5.00182373700811
 50
0.0208870601078727
 51
89.97911293985614
 73
     0
 72
     1
 10
89.00000000000323
 20
-93.99999999999991
 11
0.0
 21
-94.0
 97
        0
 75
     0
 76
     1
 52
0.0
 41
0.1
 77
     0
 78
    13
 53
50.0
 43
0.0
 44
0.0
 45
18.2184668996004
 46
-1.593908553890307
 79
     2
 49
1.905
 49
-20.955
 53
355.0
 43
0.0
 44
0.0
 45
-3.524342142496934
 46
19.10568452390352
 79
     2
 49
1.524
 49
-16.764058417
 53
100.4514447
 43
1.5182007
 44
-0.13282535
 45
14.69412470903534
 46
17.51177519121951
 79
     2
 49
1.61900088
 49
-17.80902446
 53
46.1842
 43
0.0
 44
5.08
 45
27.10790408921299
 46
-4.204232793272715
 79
     2
 49
2.8575
 49
-31.4325
 53
96.63555760999999
 43
2.25899
 44
4.72965
 45
23.7404134051503
 46
24.74261245977215
 79
     2
 49
2.428502314
 49
-26.713560816
 53
351.18415117
 43
0.0
 44
5.08
 45
23.74041340649773
 46
24.74261245855324
 79
     2
 49
2.285996707
 49
-25.145973192
 53
21.0
 43
2.54
 44
3.81
 45
15.16143912691325
 46
-10.22651981870876
 79
     2
 49
1.905
 49
-20.955
 53
325.9999999999999
 43
2.54
 44
3.81
 45
6.180202834764725
 46
18.41879661223192
 79
     2
 49
1.524
 49
-16.764
 53
71.45144499999999
 43
3.80345326
 44
2.95779001
 45
21.34164192787162
 46
8.192276888590527
 79
     2
 49
1.61900088
 49
-17.80899376
 53
37.5
 43
0.0
 44
0.0
 45
0.3088603250591817
 46
8.455503887315311
 79
     6
 49
0.0
 49
-16.5608
 49
0.0
 49
-17.018
 49
0.0
 49
-16.8275
 53
7.5
 43
0.0
 44
0.0
 45
6.681966251030575
 46
10.01805748181195
 79
     6
 49
0.0
 49
-9.702800000000002
 49
0.0
 49
-16.1798
 49
0.0
 49
-6.413500000000001
 53
-32.5
 43
-5.664200000000001
 44
0.0
 45
13.55905951668714
 46
-0.5728743992673444
 79
     6
 49
0.0
 49
-6.350000000000001
 49
0.0
 49
-19.812
 49
0.0
 49
-26.289
 53
-42.50000000000001
 43
-8.2042
 44
0.0
 45
14.81291813860181
 46
2.542649103333303
 79
     6
 49
0.0
 49
-8.255
 49
0.0
 49
-13.1572
 49
0.0
 49
-18.669
 98
        1
 10
36.90895514784199
 20
-65.89638944938858
1001
CAXA_DRAFT_HATCH_SCALE_ANGLE
1041
0.1
1041
0.0
  0
HATCH
  5
2A6
330
285
100
AcDbEntity
  8
剖面线层
100
AcDbHatch
 10
0.0
 20
0.0
 30
0.0
210
0.0
220
0.0
230
1.0
  2
AR-CONC
 70
     0
 71
     0
 91
        1
 92
        0
 93
        7
 72
     1
 10
-94.0
 20
-89.0
 11
-94.0
 21
0.0
 72
     1
 10
-94.0
 20
0.0
 11
-10.0
 21
0.0
 72
     1
 10
-10.0
 20
0.0
 11
-10.0
 21
-60.0
 72
     1
 10
-10.0
 20
-60.0
 11
0.0
 21
-60.0
 72
     1
 10
0.0
 20
-60.0
 11
0.0
 21
-94.0
 72
     1
 10
0.0
 20
-94.0
 11
-89.0
 21
-94.0
 72
     2
 10
-88.99817659535127
 20
-88.99817659535131
 40
5.001823737007926
 50
90.02088706010528
 51
179.9791129398993
 73
     0
 97
        0
 75
     0
 76
     1
 52
0.0
 41
0.1
 77
     0
 78
    13
 53
50.0
 43
0.0
 44
0.0
 45
18.2184668996004
 46
-1.593908553890307
 79
     2
 49
1.905
 49
-20.955
 53
355.0
 43
0.0
 44
0.0
 45
-3.524342142496934
 46
19.10568452390352
 79
     2
 49
1.524
 49
-16.764058417
 53
100.4514447
 43
1.5182007
 44
-0.13282535
 45
14.69412470903534
 46
17.51177519121951
 79
     2
 49
1.61900088
 49
-17.80902446
 53
46.1842
 43
0.0
 44
5.08
 45
27.10790408921299
 46
-4.204232793272715
 79
     2
 49
2.8575
 49
-31.4325
 53
96.63555760999999
 43
2.25899
 44
4.72965
 45
23.7404134051503
 46
24.74261245977215
 79
     2
 49
2.428502314
 49
-26.713560816
 53
351.18415117
 43
0.0
 44
5.08
 45
23.74041340649773
 46
24.74261245855324
 79
     2
 49
2.285996707
 49
-25.145973192
 53
21.0
 43
2.54
 44
3.81
 45
15.16143912691325
 46
-10.22651981870876
 79
     2
 49
1.905
 49
-20.955
 53
325.9999999999999
 43
2.54
 44
3.81
 45
6.180202834764725
 46
18.41879661223192
 79
     2
 49
1.524
 49
-16.764
 53
71.45144499999999
 43
3.80345326
 44
2.95779001
 45
21.34164192787162
 46
8.192276888590527
 79
     2
 49
1.61900088
 49
-17.80899376
 53
37.5
 43
0.0
 44
0.0
 45
0.3088603250591817
 46
8.455503887315311
 79
     6
 49
0.0
 49
-16.5608
 49
0.0
 49
-17.018
 49
0.0
 49
-16.8275
 53
7.5
 43
0.0
 44
0.0
 45
6.681966251030575
 46
10.01805748181195
 79
     6
 49
0.0
 49
-9.702800000000002
 49
0.0
 49
-16.1798
 49
0.0
 49
-6.413500000000001
 53
-32.5
 43
-5.664200000000001
 44
0.0
 45
13.55905951668714
 46
-0.5728743992673444
 79
     6
 49
0.0
 49
-6.350000000000001
 49
0.0
 49
-19.812
 49
0.0
 49
-26.289
 53
-42.50000000000001
 43
-8.2042
 44
0.0
 45
14.81291813860181
 46
2.542649103333303
 79
     6
 49
0.0
 49
-8.255
 49
0.0
 49
-13.1572
 49
0.0
 49
-18.669
 98
        1
 10
-57.50468324168074
 20
-26.11536203807282
1001
CAXA_DRAFT_HATCH_SCALE_ANGLE
1041
0.1
1041
0.0
  0
ENDBLK
  5
2A8
330
285
100
AcDbEntity
  8
0
100
AcDbBlockEnd
  0
BLOCK
  5
290
330
28F
100
AcDbEntity
  8
0
100
AcDbBlockBegin
  2
*X29
 70
     1
 10
0.0
 20
0.0
 30
0.0
  3
*X29
  1

  0
LINE
  5
292
330
28F
100
AcDbEntity
  8
尺寸线层
  6
Continuous
 62
     3
100
AcDbLine
 10
-59.99999999999999
 20
140.6113439569083
 30
0.0
 11
60.0
 21
140.6113439569083
 31
0.0
  0
HATCH
  5
293
330
28F
100
AcDbEntity
  8
尺寸线层
  6
Continuous
 62
     3
100
AcDbHatch
 10
0.0
 20
0.0
 30
0.0
210
0.0
220
0.0
230
1.0
  2
SOLID
 70
     1
 71
     0
 91
        1
 92
        0
 93
        3
 72
     1
 10
-9.999999999999995
 20
140.6113439569083
 11
-34.99999999999999
 21
144.778010623575
 72
     1
 10
-34.99999999999999
 20
144.778010623575
 11
-34.99999999999999
 21
136.4446772902417
 72
     1
 10
-34.99999999999999
 20
136.4446772902417
 11
-9.999999999999993
 21
140.6113439569083
 97
        0
 75
     0
 76
     1
 98
        1
 10
0.0
 20
0.0
  0
HATCH
  5
294
330
28F
100
AcDbEntity
  8
尺寸线层
  6
Continuous
 62
     3
100
AcDbHatch
 10
0.0
 20
0.0
 30
0.0
210
0.0
220
0.0
230
1.0
  2
SOLID
 70
     1
 71
     0
 91
        1
 92
        0
 93
        3
 72
     1
 10
10.0
 20
140.6113439569083
 11
35.00000000000001
 21
144.778010623575
 72
     1
 10
35.00000000000001
 20
144.778010623575
 11
35.00000000000001
 21
136.4446772902417
 72
     1
 10
35.00000000000001
 20
136.4446772902417
 11
10.0
 21
140.6113439569083
 97
        0
 75
     0
 76
     1
 98
        1
 10
0.0
 20
0.0
  0
LINE
  5
295
330
28F
100
AcDbEntity
  8
尺寸线层
  6
Continuous
 62
     0
100
AcDbLine
 10
-10.0
 20
60.0
 30
0.0
 11
-9.999999999999995
 21
146.8613439569083
 31
0.0
  0
LINE
  5
296
330
28F
100
AcDbEntity
  8
尺寸线层
  6
Continuous
 62
     0
100
AcDbLine
 10
10.0
 20
60.0
 30
0.0
 11
10.0
 21
146.8613439569083
 31
0.0
  0
MTEXT
  5
297
330
28F
100
AcDbEntity
  8
尺寸线层
 62
     0
100
AcDbMText
 10
0.2220076462951557
 20
152.3885785937798
 30
0.0
 40
17.5
 41
44.97206703910614
 46
35.0
 71
     5
 72
     1
  1
20
 73
     1
 44
1.0
1001
CAXA_DRAFT_TXTSCALE
1041
1.0
1001
ACAD
1000
ACAD_MTEXT_DEFINED_HEIGHT_BEGIN
1070
    46
1040
35.0
1000
ACAD_MTEXT_DEFINED_HEIGHT_END
  0
ENDBLK
  5
291
330
28F
100
AcDbEntity
  8
0
100
AcDbBlockEnd
  0
BLOCK
  5
29A
330
299
100
AcDbEntity
  8
0
100
AcDbBlockBegin
  2
*X30
 70
     1
 10
0.0
 20
0.0
 30
0.0
  3
*X30
  1

  0
LINE
  5
29C
330
299
100
AcDbEntity
  8
尺寸线层
  6
Continuous
 62
     3
100
AcDbLine
 10
-132.0278079255458
 20
-59.99999999999999
 30
0.0
 11
-132.0278079255458
 21
60.00000000000001
 31
0.0
  0
HATCH
  5
29D
330
299
100
AcDbEntity
  8
尺寸线层
  6
Continuous
 62
     3
100
AcDbHatch
 10
0.0
 20
0.0
 30
0.0
210
0.0
220
0.0
230
1.0
  2
SOLID
 70
     1
 71
     0
 91
        1
 92
        0
 93
        3
 72
     1
 10
-132.0278079255458
 20
-59.99999999999999
 11
-136.1944745922125
 21
-34.99999999999999
 72
     1
 10
-136.1944745922125
 20
-34.99999999999999
 11
-127.8611412588791
 21
-34.99999999999999
 72
     1
 10
-127.8611412588791
 20
-34.99999999999999
 11
-132.0278079255458
 21
-59.99999999999999
 97
        0
 75
     0
 76
     1
 98
        1
 10
0.0
 20
0.0
  0
HATCH
  5
29E
330
299
100
AcDbEntity
  8
尺寸线层
  6
Continuous
 62
     3
100
AcDbHatch
 10
0.0
 20
0.0
 30
0.0
210
0.0
220
0.0
230
1.0
  2
SOLID
 70
     1
 71
     0
 91
        1
 92
        0
 93
        3
 72
     1
 10
-132.0278079255458
 20
60.00000000000001
 11
-136.1944745922125
 21
35.00000000000001
 72
     1
 10
-136.1944745922125
 20
35.00000000000001
 11
-127.8611412588791
 21
35.00000000000001
 72
     1
 10
-127.8611412588791
 20
35.00000000000001
 11
-132.0278079255458
 21
60.00000000000001
 97
        0
 75
     0
 76
     1
 98
        1
 10
0.0
 20
0.0
  0
LINE
  5
29F
330
299
100
AcDbEntity
  8
尺寸线层
  6
Continuous
 62
     0
100
AcDbLine
 10
-10.0
 20
-60.0
 30
0.0
 11
-138.2778079255458
 21
-59.99999999999999
 31
0.0
  0
LINE
  5
2A0
330
299
100
AcDbEntity
  8
尺寸线层
  6
Continuous
 62
     0
100
AcDbLine
 10
-10.0
 20
60.0
 30
0.0
 11
-138.2778079255458
 21
60.00000000000001
 31
0.0
  0
MTEXT
  5
2A1
330
299
100
AcDbEntity
  8
尺寸线层
 62
     0
100
AcDbMText
 10
-143.8539252439816
 20
0.0517137702593544
 30
0.0
 40
17.5
 41
66.87150837988825
 46
35.0
 71
     5
 72
     1
  1
120
 11
6.123233995736766E-17
 21
1.0
 31
0.0
 73
     1
 44
1.0
1001
CAXA_DRAFT_TXTSCALE
1041
1.0
1001
ACAD
1000
ACAD_MTEXT_DEFINED_HEIGHT_BEGIN
1070
    46
1040
35.0
1000
ACAD_MTEXT_DEFINED_HEIGHT_END
  0
ENDBLK
  5
29B
330
299
100
AcDbEntity
  8
0
100
AcDbBlockEnd
  0
BLOCK
  5
2C4
330
2AA
100
AcDbEntity
  8
0
100
AcDbBlockBegin
  2
板2
 70
     0
 10
0.0
 20
0.0
 30
0.0
  3
板2
  1

  0
LINE
  5
2AB
330
2AA
100
AcDbEntity
  8
粗实线层
100
AcDbLine
 10
0.0
 20
70.0
 30
0.0
 11
0.0
 21
0.0
 31
0.0
  0
LINE
  5
2AC
330
2AA
100
AcDbEntity
  8
粗实线层
100
AcDbLine
 10
300.0
 20
0.0
 30
0.0
 11
300.0
 21
70.0
 31
0.0
  0
LINE
  5
2AD
330
2AA
100
AcDbEntity
  8
粗实线层
100
AcDbLine
 10
300.0
 20
70.0
 30
0.0
 11
0.0
 21
70.0
 31
0.0
  0
LINE
  5
2AE
330
2AA
100
AcDbEntity
  8
粗实线层
100
AcDbLine
 10
300.0
 20
0.0
 30
0.0
 11
0.0
 21
0.0
 31
0.0
  0
MTEXT
  5
2AF
330
2AA
100
AcDbEntity
  8
尺寸线层
100
AcDbMText
 10
-33.999
 20
-53.21399999999998
 30
0.0
 40
45.0
 41
1089.45251396648
 46
119.6648044692737
 71
     1
 72
     1
  1
{\W0.7;\T1.1;连接板2 H=20-16件}
 73
     1
 44
1.0
1001
CAXA_DRAFT_TXTSCALE
1041
1.0
1001
ACAD
1000
ACAD_MTEXT_DEFINED_HEIGHT_BEGIN
1070
    46
1040
119.6648044692737
1000
ACAD_MTEXT_DEFINED_HEIGHT_END
  0
DIMENSION
  5
2B9
330
2AA
100
AcDbEntity
  8
尺寸线层
100
AcDbDimension
  2
*X32
 10
300.0
 20
114.214
 30
0.0
 11
150.0000005
 21
125.9912346368715
 31
0.0
 70
    32
  1
<>
 71
     5
 42
-1.0
 73
     0
 74
     0
 75
     0
  3
CUSTOM_DIMSTYLE
100
AcDbAlignedDimension
 13
0.0
 23
70.0
 33
0.0
 14
300.0
 24
70.0
 34
0.0
100
AcDbRotatedDimension
1001
CX_DbAnnotate_TxtLocPara
1041
0.0
1001
CX_DbAnnotate_SimDimOriTxt
1070
     0
1001
CAXA_DRAFT_DIMARROWREVERSE
1070
     0
1001
ACAD
1000
DSTYLE
1002
{
1070
   173
1070
     1
1002
}
1001
CAXA_DRAFT_DIMARCLENSTYLE
1070
     1
1001
CAXA_DRAFT_DDTSTY_2011R3
1070
     0
1001
ACAD_DSTYLE_DIMINSPECT
1070
   396
1000

1070
   395
1000

1070
   394
1070
     0
1070
   393
1070
     0
1001
CX_DBDIM_TXTFRAME
1070
     0
1070
     0
1001
CDRAFT_DIM_STD_REV_NAME
1000
GB
1000
*DIMSTD
1000

  0
DIMENSION
  5
2C3
330
2AA
100
AcDbEntity
  8
尺寸线层
100
AcDbDimension
  2
*X33
 10
-37.439
 20
70.0
 30
0.0
 11
-49.2162346368715
 21
35.00000050000001
 31
0.0
 70
    32
  1
70
 71
     5
 42
-1.0
 73
     0
 74
     0
 75
     0
  3
CUSTOM_DIMSTYLE
100
AcDbAlignedDimension
 13
0.0
 23
0.0
 33
0.0
 14
0.0
 24
70.0
 34
0.0
 50
90.0
100
AcDbRotatedDimension
1001
CX_DbAnnotate_TxtLocPara
1041
0.0
1001
CX_DbAnnotate_SimDimOriTxt
1070
     0
1001
CAXA_DRAFT_DIMARROWREVERSE
1070
     0
1001
ACAD
1000
DSTYLE
1002
{
1070
   173
1070
     1
1002
}
1001
CAXA_DRAFT_DIMARCLENSTYLE
1070
     1
1001
CAXA_DRAFT_DDTSTY_2011R3
1070
     0
1001
ACAD_DSTYLE_DIMINSPECT
1070
   396
1000

1070
   395
1000

1070
   394
1070
     0
1070
   393
1070
     0
1001
CX_DBDIM_TXTFRAME
1070
     0
1070
     0
1001
CDRAFT_DIM_STD_REV_NAME
1000
GB
1000
*DIMSTD
1000

  0
ENDBLK
  5
2C5
330
2AA
100
AcDbEntity
  8
0
100
AcDbBlockEnd
  0
BLOCK
  5
2B1
330
2B0
100
AcDbEntity
  8
0
100
AcDbBlockBegin
  2
*X32
 70
     1
 10
0.0
 20
0.0
 30
0.0
  3
*X32
  1

  0
LINE
  5
2B3
330
2B0
100
AcDbEntity
  8
尺寸线层
  6
Continuous
 62
     3
100
AcDbLine
 10
0.0
 20
114.214
 30
0.0
 11
300.0
 21
114.214
 31
0.0
  0
HATCH
  5
2B4
330
2B0
100
AcDbEntity
  8
尺寸线层
  6
Continuous
 62
     3
100
AcDbHatch
 10
0.0
 20
0.0
 30
0.0
210
0.0
220
0.0
230
1.0
  2
SOLID
 70
     1
 71
     0
 91
        1
 92
        0
 93
        3
 72
     1
 10
0.0
 20
114.214
 11
25.0
 21
118.3806666666667
 72
     1
 10
25.0
 20
118.3806666666667
 11
25.0
 21
110.0473333333333
 72
     1
 10
25.0
 20
110.0473333333333
 11
0.0
 21
114.214
 97
        0
 75
     0
 76
     1
 98
        1
 10
0.0
 20
0.0
  0
HATCH
  5
2B5
330
2B0
100
AcDbEntity
  8
尺寸线层
  6
Continuous
 62
     3
100
AcDbHatch
 10
0.0
 20
0.0
 30
0.0
210
0.0
220
0.0
230
1.0
  2
SOLID
 70
     1
 71
     0
 91
        1
 92
        0
 93
        3
 72
     1
 10
300.0
 20
114.214
 11
275.0
 21
118.3806666666667
 72
     1
 10
275.0
 20
118.3806666666667
 11
275.0
 21
110.0473333333333
 72
     1
 10
275.0
 20
110.0473333333333
 11
300.0
 21
114.214
 97
        0
 75
     0
 76
     1
 98
        1
 10
0.0
 20
0.0
  0
LINE
  5
2B6
330
2B0
100
AcDbEntity
  8
尺寸线层
  6
Continuous
 62
     0
100
AcDbLine
 10
0.0
 20
70.0
 30
0.0
 11
0.0
 21
120.464
 31
0.0
  0
LINE
  5
2B7
330
2B0
100
AcDbEntity
  8
尺寸线层
  6
Continuous
 62
     0
100
AcDbLine
 10
300.0
 20
70.0
 30
0.0
 11
300.0
 21
120.464
 31
0.0
  0
MTEXT
  5
2B8
330
2B0
100
AcDbEntity
  8
尺寸线层
 62
     0
100
AcDbMText
 10
150.0000005
 20
125.9912346368715
 30
0.0
 40
17.5
 41
69.60893854748599
 46
35.0
 71
     5
 72
     1
  1
300
 73
     1
 44
1.0
1001
CAXA_DRAFT_TXTSCALE
1041
1.0
1001
ACAD
1000
ACAD_MTEXT_DEFINED_HEIGHT_BEGIN
1070
    46
1040
35.0
1000
ACAD_MTEXT_DEFINED_HEIGHT_END
  0
ENDBLK
  5
2B2
330
2B0
100
AcDbEntity
  8
0
100
AcDbBlockEnd
  0
BLOCK
  5
2BB
330
2BA
100
AcDbEntity
  8
0
100
AcDbBlockBegin
  2
*X33
 70
     1
 10
0.0
 20
0.0
 30
0.0
  3
*X33
  1

  0
LINE
  5
2BD
330
2BA
100
AcDbEntity
  8
尺寸线层
  6
Continuous
 62
     3
100
AcDbLine
 10
-37.439
 20
0.0000000000000071
 30
0.0
 11
-37.439
 21
70.0
 31
0.0
  0
HATCH
  5
2BE
330
2BA
100
AcDbEntity
  8
尺寸线层
  6
Continuous
 62
     3
100
AcDbHatch
 10
0.0
 20
0.0
 30
0.0
210
0.0
220
0.0
230
1.0
  2
SOLID
 70
     1
 71
     0
 91
        1
 92
        0
 93
        3
 72
     1
 10
-37.439
 20
0.0000000000000071
 11
-41.60566666666666
 21
25.00000000000001
 72
     1
 10
-41.60566666666666
 20
25.00000000000001
 11
-33.27233333333334
 21
25.00000000000001
 72
     1
 10
-33.27233333333334
 20
25.00000000000001
 11
-37.439
 21
0.0000000000000071
 97
        0
 75
     0
 76
     1
 98
        1
 10
0.0
 20
0.0
  0
HATCH
  5
2BF
330
2BA
100
AcDbEntity
  8
尺寸线层
  6
Continuous
 62
     3
100
AcDbHatch
 10
0.0
 20
0.0
 30
0.0
210
0.0
220
0.0
230
1.0
  2
SOLID
 70
     1
 71
     0
 91
        1
 92
        0
 93
        3
 72
     1
 10
-37.439
 20
70.0
 11
-41.60566666666666
 21
45.00000000000001
 72
     1
 10
-41.60566666666666
 20
45.00000000000001
 11
-33.27233333333334
 21
45.00000000000001
 72
     1
 10
-33.27233333333334
 20
45.00000000000001
 11
-37.439
 21
70.0
 97
        0
 75
     0
 76
     1
 98
        1
 10
0.0
 20
0.0
  0
LINE
  5
2C0
330
2BA
100
AcDbEntity
  8
尺寸线层
  6
Continuous
 62
     0
100
AcDbLine
 10
0.0
 20
0.0
 30
0.0
 11
-43.689
 21
0.0000000000000083
 31
0.0
  0
LINE
  5
2C1
330
2BA
100
AcDbEntity
  8
尺寸线层
  6
Continuous
 62
     0
100
AcDbLine
 10
0.0
 20
70.0
 30
0.0
 11
-43.689
 21
70.0
 31
0.0
  0
MTEXT
  5
2C2
330
2BA
100
AcDbEntity
  8
尺寸线层
 62
     0
100
AcDbMText
 10
-49.2162346368715
 20
35.00000050000001
 30
0.0
 40
17.5
 41
44.38547486033519
 46
35.0
 71
     5
 72
     1
  1
70
 11
6.123233995736766E-17
 21
1.0
 31
0.0
 73
     1
 44
1.0
1001
CAXA_DRAFT_TXTSCALE
1041
1.0
1001
ACAD
1000
ACAD_MTEXT_DEFINED_HEIGHT_BEGIN
1070
    46
1040
35.0
1000
ACAD_MTEXT_DEFINED_HEIGHT_END
  0
ENDBLK
  5
2BC
330
2BA
100
AcDbEntity
  8
0
100
AcDbBlockEnd
  0
BLOCK
  5
344
330
2C7
100
AcDbEntity
  8
0
100
AcDbBlockBegin
  2
挡板
 70
     0
 10
0.0
 20
0.0
 30
0.0
  3
挡板
  1

  0
LWPOLYLINE
  5
2C8
330
2C7
100
AcDbEntity
  8
粗实线层
100
AcDbPolyline
 90
        8
 70
     1
 43
0.0
 10
-100.0
 20
110.0
 10
100.0
 20
110.0
 42
-0.414
 10
110.0
 20
100.0
 10
110.0
 20
-100.0
 42
-0.414
 10
100.0
 20
-110.0
 10
-100.0
 20
-110.0
 42
-0.414
 10
-110.0
 20
-100.0
 10
-110.0
 20
100.0
 42
-0.414
  0
LINE
  5
2C9
330
2C7
100
AcDbEntity
  8
中心线层
100
AcDbLine
 10
-132.5
 20
0.0
 30
0.0
 11
132.5
 21
0.0
 31
0.0
  0
LINE
  5
2CA
330
2C7
100
AcDbEntity
  8
中心线层
100
AcDbLine
 10
0.0
 20
132.25
 30
0.0
 11
0.0
 21
-132.25
 31
0.0
  0
DIMENSION
  5
2D4
330
2C7
100
AcDbEntity
  8
尺寸线层
100
AcDbDimension
  2
*X35
 10
170.427
 20
110.0
 30
0.0
 11
158.6497653631285
 21
0.0000004999999845
 31
0.0
 70
    32
  1
220
 71
     5
 42
-1.0
 73
     0
 74
     0
 75
     0
  3
CUSTOM_DIMSTYLE
100
AcDbAlignedDimension
 13
100.0
 23
-110.0
 33
0.0
 14
100.0
 24
110.0
 34
0.0
 50
90.0
100
AcDbRotatedDimension
1001
CX_DbAnnotate_TxtLocPara
1041
0.0
1001
CX_DbAnnotate_SimDimOriTxt
1070
     0
1001
CAXA_DRAFT_DIMARROWREVERSE
1070
     0
1001
ACAD
1000
DSTYLE
1002
{
1070
   173
1070
     1
1002
}
1001
CAXA_DRAFT_DIMARCLENSTYLE
1070
     1
1001
CAXA_DRAFT_DDTSTY_2011R3
1070
     0
1001
ACAD_DSTYLE_DIMINSPECT
1070
   396
1000

1070
   395
1000

1070
   394
1070
     0
1070
   393
1070
     0
1001
CX_DBDIM_TXTFRAME
1070
     0
1070
     0
1001
CDRAFT_DIM_STD_REV_NAME
1000
GB
1000
*DIMSTD
1000

  0
MTEXT
  5
2D5
330
2C7
100
AcDbEntity
  8
尺寸线层
100
AcDbMText
 10
-104.964
 20
-169.375
 30
0.0
 40
45.0
 41
671.6312849162011
 46
119.1620111731844
 71
     1
 72
     1
  1
{\W0.7;\T1.1;挡板=6-8件}
 73
     1
 44
1.0
1001
CAXA_DRAFT_TXTSCALE
1041
1.0
1001
ACAD
1000
ACAD_MTEXT_DEFINED_HEIGHT_BEGIN
1070
    46
1040
119.1620111731844
1000
ACAD_MTEXT_DEFINED_HEIGHT_END
  0
DIMENSION
  5
2DE
330
2C7
100
AcDbEntity
  8
尺寸线层
100
AcDbDimension
  2
*X36
 10
105.0
 20
-105.0
 30
0.0
 11
180.3395851821165
 21
-139.4994583529615
 31
0.0
 70
   164
  1
<>
 71
     5
 42
-1.0
 73
     0
 74
     0
 75
     0
  3
CUSTOM_DIMSTYLE
100
AcDbRadialDimension
 15
113.1815975303528
 25
-110.7499097254936
 35
0.0
 40
0.0
1001
CAXA_DRAFT_ISNEB09R3
1070
     1
1001
CxDragRadDimLnStyle
1070
     1
1001
CAXA_DRAFT_DIMARROWREVERSE
1070
     0
1001
ACAD
1000
DSTYLE
1002
{
1070
     3
1000
R<>
1070
   173
1070
     1
1070
    74
1070
     1
1002
}
1001
CAXA_DRAFT_DIMARCLENSTYLE
1070
     1
1001
CAXA_DRAFT_DDTSTY_2011R3
1070
     0
1001
ACAD_DSTYLE_DIMINSPECT
1070
   396
1000

1070
   395
1000

1070
   394
1070
     0
1070
   393
1070
     0
1001
CX_DBDIM_TXTFRAME
1070
     0
1070
     0
1001
CDRAFT_DIM_STD_REV_NAME
1000
GB
1000
*DIMSTD
1000

  0
DIMENSION
  5
2E8
330
2C7
100
AcDbEntity
  8
尺寸线层
100
AcDbDimension
  2
*X37
 10
110.0
 20
181.239
 30
0.0
 11
0.0000004999999987
 21
193.0162346368715
 31
0.0
 70
    32
  1
220
 71
     5
 42
-1.0
 73
     0
 74
     0
 75
     0
  3
CUSTOM_DIMSTYLE
100
AcDbAlignedDimension
 13
-110.0
 23
100.0
 33
0.0
 14
110.0
 24
100.0
 34
0.0
100
AcDbRotatedDimension
1001
CX_DbAnnotate_TxtLocPara
1041
0.0
1001
CX_DbAnnotate_SimDimOriTxt
1070
     0
1001
CAXA_DRAFT_DIMARROWREVERSE
1070
     0
1001
ACAD
1000
DSTYLE
1002
{
1070
   173
1070
     1
1002
}
1001
CAXA_DRAFT_DIMARCLENSTYLE
1070
     1
1001
CAXA_DRAFT_DDTSTY_2011R3
1070
     0
1001
ACAD_DSTYLE_DIMINSPECT
1070
   396
1000

1070
   395
1000

1070
   394
1070
     0
1070
   393
1070
     0
1001
CX_DBDIM_TXTFRAME
1070
     0
1070
     0
1001
CDRAFT_DIM_STD_REV_NAME
1000
GB
1000
*DIMSTD
1000

  0
LINE
  5
2E9
330
2C7
100
AcDbEntity
  8
粗实线层
100
AcDbLine
 10
82.5
 20
82.5
 30
0.0
 11
82.5
 21
57.5
 31
0.0
  0
LINE
  5
2EA
330
2C7
100
AcDbEntity
  8
粗实线层
100
AcDbLine
 10
-82.5
 20
82.5
 30
0.0
 11
82.5
 21
82.5
 31
0.0
  0
LINE
  5
2EB
330
2C7
100
AcDbEntity
  8
粗实线层
100
AcDbLine
 10
-82.5
 20
-82.5
 30
0.0
 11
82.5
 21
-82.5
 31
0.0
  0
LINE
  5
2EC
330
2C7
100
AcDbEntity
  8
粗实线层
100
AcDbLine
 10
-82.5
 20
82.5
 30
0.0
 11
-82.5
 21
57.5
 31
0.0
  0
LINE
  5
2ED
330
2C7
100
AcDbEntity
  8
粗实线层
100
AcDbLine
 10
82.5
 20
-82.5
 30
0.0
 11
82.5
 21
-57.5
 31
0.0
  0
LINE
  5
2EE
330
2C7
100
AcDbEntity
  8
粗实线层
100
AcDbLine
 10
-82.5
 20
-82.5
 30
0.0
 11
-82.5
 21
-57.5
 31
0.0
  0
DIMENSION
  5
2F8
330
2C7
100
AcDbEntity
  8
尺寸线层
100
AcDbDimension
  2
*X38
 10
82.5
 20
140.91
 30
0.0
 11
0.0000004999999987
 21
152.7361173184358
 31
0.0
 70
    32
  1
165
 71
     5
 42
-1.0
 73
     0
 74
     0
 75
     0
  3
CUSTOM_DIMSTYLE
100
AcDbAlignedDimension
 13
-82.5
 23
82.5
 33
0.0
 14
82.5
 24
82.5
 34
0.0
100
AcDbRotatedDimension
1001
CX_DbAnnotate_TxtLocPara
1041
0.0
1001
CX_DbAnnotate_SimDimOriTxt
1070
     0
1001
CAXA_DRAFT_DIMARROWREVERSE
1070
     0
1001
ACAD
1000
DSTYLE
1002
{
1070
   173
1070
     1
1002
}
1001
CAXA_DRAFT_DIMARCLENSTYLE
1070
     1
1001
CAXA_DRAFT_DDTSTY_2011R3
1070
     0
1001
ACAD_DSTYLE_DIMINSPECT
1070
   396
1000

1070
   395
1000

1070
   394
1070
     0
1070
   393
1070
     0
1001
CX_DBDIM_TXTFRAME
1070
     0
1070
     0
1001
CDRAFT_DIM_STD_REV_NAME
1000
GB
1000
*DIMSTD
1000

  0
DIMENSION
  5
302
330
2C7
100
AcDbEntity
  8
尺寸线层
100
AcDbDimension
  2
*X39
 10
-141.086
 20
82.5
 30
0.0
 11
-152.8632346368715
 21
70.00000050000001
 31
0.0
 70
    32
  1
25
 71
     5
 42
-1.0
 73
     0
 74
     0
 75
     0
  3
CUSTOM_DIMSTYLE
100
AcDbAlignedDimension
 13
-82.5
 23
57.5
 33
0.0
 14
-82.5
 24
82.5
 34
0.0
 50
90.0
100
AcDbRotatedDimension
1001
CX_DbAnnotate_TxtLocPara
1041
0.0
1001
CX_DbAnnotate_SimDimOriTxt
1070
     0
1001
CAXA_DRAFT_DIMARROWREVERSE
1070
     0
1001
ACAD
1000
DSTYLE
1002
{
1070
   173
1070
     1
1002
}
1001
CAXA_DRAFT_DIMARCLENSTYLE
1070
     1
1001
CAXA_DRAFT_DDTSTY_2011R3
1070
     0
1001
ACAD_DSTYLE_DIMINSPECT
1070
   396
1000

1070
   395
1000

1070
   394
1070
     0
1070
   393
1070
     0
1001
CX_DBDIM_TXTFRAME
1070
     0
1070
     0
1001
CDRAFT_DIM_STD_REV_NAME
1000
GB
1000
*DIMSTD
1000

  0
DIMENSION
  5
30C
330
2C7
100
AcDbEntity
  8
尺寸线层
100
AcDbDimension
  2
*X40
 10
-141.086
 20
-57.49999999999999
 30
0.0
 11
-152.8632346368716
 21
-69.99999949999997
 31
0.0
 70
    32
  1
25
 71
     5
 42
-1.0
 73
     0
 74
     0
 75
     0
  3
CUSTOM_DIMSTYLE
100
AcDbAlignedDimension
 13
-82.5
 23
-82.5
 33
0.0
 14
-82.5
 24
-57.5
 34
0.0
 50
90.0
100
AcDbRotatedDimension
1001
CX_DbAnnotate_TxtLocPara
1041
0.0
1001
CX_DbAnnotate_SimDimOriTxt
1070
     0
1001
CAXA_DRAFT_DIMARROWREVERSE
1070
     0
1001
ACAD
1000
DSTYLE
1002
{
1070
   173
1070
     1
1002
}
1001
CAXA_DRAFT_DIMARCLENSTYLE
1070
     1
1001
CAXA_DRAFT_DDTSTY_2011R3
1070
     0
1001
ACAD_DSTYLE_DIMINSPECT
1070
   396
1000

1070
   395
1000

1070
   394
1070
     0
1070
   393
1070
     0
1001
CX_DBDIM_TXTFRAME
1070
     0
1070
     0
1001
CDRAFT_DIM_STD_REV_NAME
1000
GB
1000
*DIMSTD
1000

  0
DIMENSION
  5
316
330
2C7
100
AcDbEntity
  8
尺寸线层
100
AcDbDimension
  2
*X41
 10
12.5
 20
23.007
 30
0.0
 11
0.0000005000000005
 21
34.78423463687151
 31
0.0
 70
    32
  1
25
 71
     5
 42
-1.0
 73
     0
 74
     0
 75
     0
  3
CUSTOM_DIMSTYLE
100
AcDbAlignedDimension
 13
-12.5
 23
35.0
 33
0.0
 14
12.5
 24
34.398
 34
0.0
100
AcDbRotatedDimension
1001
CX_DbAnnotate_TxtLocPara
1041
0.0
1001
CX_DbAnnotate_SimDimOriTxt
1070
     0
1001
CAXA_DRAFT_DIMARROWREVERSE
1070
     0
1001
ACAD
1000
DSTYLE
1002
{
1070
   173
1070
     1
1002
}
1001
CAXA_DRAFT_DIMARCLENSTYLE
1070
     1
1001
CAXA_DRAFT_DDTSTY_2011R3
1070
     0
1001
ACAD_DSTYLE_DIMINSPECT
1070
   396
1000

1070
   395
1000

1070
   394
1070
     0
1070
   393
1070
     0
1001
CX_DBDIM_TXTFRAME
1070
     0
1070
     0
1001
CDRAFT_DIM_STD_REV_NAME
1000
GB
1000
*DIMSTD
1000

  0
LINE
  5
317
330
2C7
100
AcDbEntity
  8
粗实线层
100
AcDbLine
 10
-82.586
 20
12.5
 30
0.0
 11
-82.586
 21
-12.5
 31
0.0
  0
LINE
  5
318
330
2C7
100
AcDbEntity
  8
粗实线层
100
AcDbLine
 10
82.586
 20
12.5
 30
0.0
 11
82.586
 21
-12.5
 31
0.0
  0
DIMENSION
  5
322
330
2C7
100
AcDbEntity
  8
尺寸线层
100
AcDbDimension
  2
*X42
 10
-141.086
 20
12.50000000000001
 30
0.0
 11
-152.8632346368715
 21
0.0000005000000076
 31
0.0
 70
    32
  1
25
 71
     5
 42
-1.0
 73
     0
 74
     0
 75
     0
  3
CUSTOM_DIMSTYLE
100
AcDbAlignedDimension
 13
-82.586
 23
-12.5
 33
0.0
 14
-82.586
 24
12.5
 34
0.0
 50
90.0
100
AcDbRotatedDimension
1001
CX_DbAnnotate_TxtLocPara
1041
0.0
1001
CX_DbAnnotate_SimDimOriTxt
1070
     0
1001
CAXA_DRAFT_DIMARROWREVERSE
1070
     0
1001
ACAD
1000
DSTYLE
1002
{
1070
   173
1070
     1
1002
}
1001
CAXA_DRAFT_DIMARCLENSTYLE
1070
     1
1001
CAXA_DRAFT_DDTSTY_2011R3
1070
     0
1001
ACAD_DSTYLE_DIMINSPECT
1070
   396
1000

1070
   395
1000

1070
   394
1070
     0
1070
   393
1070
     0
1001
CX_DBDIM_TXTFRAME
1070
     0
1070
     0
1001
CDRAFT_DIM_STD_REV_NAME
1000
GB
1000
*DIMSTD
1000

  0
DIMENSION
  5
32C
330
2C7
100
AcDbEntity
  8
尺寸线层
100
AcDbDimension
  2
*X43
 10
-185.2233126026951
 20
57.50000000000001
 30
0.0
 11
-197.0494299211309
 21
-0.939673034405871
 31
0.0
 70
   160
  1
115
 71
     5
 42
-1.0
 73
     0
 74
     0
 75
     0
  3
CUSTOM_DIMSTYLE
100
AcDbAlignedDimension
 13
-82.5
 23
-57.5
 33
0.0
 14
-82.5
 24
57.5
 34
0.0
 50
90.0
100
AcDbRotatedDimension
1001
CX_DbAnnotate_TxtLocPara
1041
0.0
1001
CX_DbAnnotate_SimDimOriTxt
1070
     0
1001
CAXA_DRAFT_DIMARROWREVERSE
1070
     0
1001
ACAD
1000
DSTYLE
1002
{
1070
   173
1070
     1
1002
}
1001
CAXA_DRAFT_DIMARCLENSTYLE
1070
     1
1001
CAXA_DRAFT_DDTSTY_2011R3
1070
     0
1001
ACAD_DSTYLE_DIMINSPECT
1070
   396
1000

1070
   395
1000

1070
   394
1070
     0
1070
   393
1070
     0
1001
CX_DBDIM_TXTFRAME
1070
     0
1070
     0
1001
CDRAFT_DIM_STD_REV_NAME
1000
GB
1000
*DIMSTD
1000

  0
LINE
  5
32D
330
2C7
100
AcDbEntity
  8
粗实线层
100
AcDbLine
 10
-28.5
 20
57.5
 30
0.0
 11
-12.5
 21
41.5
 31
0.0
  0
LINE
  5
32E
330
2C7
100
AcDbEntity
  8
粗实线层
100
AcDbLine
 10
12.5
 20
41.5
 30
0.0
 11
28.5
 21
57.5
 31
0.0
  0
LINE
  5
32F
330
2C7
100
AcDbEntity
  8
粗实线层
100
AcDbLine
 10
-82.5
 20
57.5
 30
0.0
 11
-28.5
 21
57.5
 31
0.0
  0
LINE
  5
330
330
2C7
100
AcDbEntity
  8
粗实线层
100
AcDbLine
 10
28.49999999999999
 20
57.5
 30
0.0
 11
82.5
 21
57.5
 31
0.0
  0
LINE
  5
331
330
2C7
100
AcDbEntity
  8
粗实线层
100
AcDbLine
 10
12.5
 20
28.5
 30
0.0
 11
28.50000000000001
 21
12.5
 31
0.0
  0
LINE
  5
332
330
2C7
100
AcDbEntity
  8
粗实线层
100
AcDbLine
 10
12.5
 20
41.5
 30
0.0
 11
12.5
 21
28.5
 31
0.0
  0
LINE
  5
333
330
2C7
100
AcDbEntity
  8
粗实线层
100
AcDbLine
 10
28.50000000000001
 20
12.5
 30
0.0
 11
82.586
 21
12.5
 31
0.0
  0
LINE
  5
334
330
2C7
100
AcDbEntity
  8
粗实线层
100
AcDbLine
 10
-28.5
 20
12.5
 30
0.0
 11
-12.5
 21
28.5
 31
0.0
  0
LINE
  5
335
330
2C7
100
AcDbEntity
  8
粗实线层
100
AcDbLine
 10
-28.5
 20
12.5
 30
0.0
 11
-82.586
 21
12.5
 31
0.0
  0
LINE
  5
336
330
2C7
100
AcDbEntity
  8
粗实线层
100
AcDbLine
 10
-12.5
 20
41.5
 30
0.0
 11
-12.5
 21
28.5
 31
0.0
  0
LINE
  5
337
330
2C7
100
AcDbEntity
  8
粗实线层
100
AcDbLine
 10
-28.5
 20
-12.5
 30
0.0
 11
-12.5
 21
-28.5
 31
0.0
  0
LINE
  5
338
330
2C7
100
AcDbEntity
  8
粗实线层
100
AcDbLine
 10
-28.5
 20
-12.5
 30
0.0
 11
-82.586
 21
-12.5
 31
0.0
  0
LINE
  5
339
330
2C7
100
AcDbEntity
  8
粗实线层
100
AcDbLine
 10
-12.5
 20
-41.5
 30
0.0
 11
-28.5
 21
-57.5
 31
0.0
  0
LINE
  5
33A
330
2C7
100
AcDbEntity
  8
粗实线层
100
AcDbLine
 10
-12.5
 20
-28.5
 30
0.0
 11
-12.5
 21
-41.5
 31
0.0
  0
LINE
  5
33B
330
2C7
100
AcDbEntity
  8
粗实线层
100
AcDbLine
 10
-82.5
 20
-57.5
 30
0.0
 11
-28.5
 21
-57.5
 31
0.0
  0
LINE
  5
33C
330
2C7
100
AcDbEntity
  8
粗实线层
100
AcDbLine
 10
12.5
 20
-41.5
 30
0.0
 11
28.5
 21
-57.5
 31
0.0
  0
LINE
  5
33D
330
2C7
100
AcDbEntity
  8
粗实线层
100
AcDbLine
 10
28.5
 20
-57.5
 30
0.0
 11
82.5
 21
-57.5
 31
0.0
  0
LINE
  5
33E
330
2C7
100
AcDbEntity
  8
粗实线层
100
AcDbLine
 10
28.5
 20
-12.5
 30
0.0
 11
12.5
 21
-28.5
 31
0.0
  0
LINE
  5
33F
330
2C7
100
AcDbEntity
  8
粗实线层
100
AcDbLine
 10
28.5
 20
-12.5
 30
0.0
 11
82.586
 21
-12.5
 31
0.0
  0
LINE
  5
340
330
2C7
100
AcDbEntity
  8
粗实线层
100
AcDbLine
 10
12.5
 20
-28.5
 30
0.0
 11
12.5
 21
-41.5
 31
0.0
  0
LINE
  5
341
330
2C7
100
AcDbEntity
  8
尺寸线层
100
AcDbLine
 10
22.62152663640339
 20
-19.04414753770743
 30
0.0
 11
57.58890248280564
 21
-48.61441706372202
 31
0.0
  0
MTEXT
  5
342
330
2C7
100
AcDbEntity
  8
尺寸线层
100
AcDbMText
 10
56.90942705847931
 20
-25.86108464638696
 30
0.0
 40
20.0
 41
68.42011173184359
 46
53.69832402234637
 71
     1
 72
     1
  1
{\T1.1;C16}
 73
     1
 44
1.0
1001
CAXA_DRAFT_TXTSCALE
1041
1.0
1001
ACAD
1000
ACAD_MTEXT_DEFINED_HEIGHT_BEGIN
1070
    46
1040
53.69832402234637
1000
ACAD_MTEXT_DEFINED_HEIGHT_END
  0
LINE
  5
343
330
2C7
100
AcDbEntity
  8
尺寸线层
100
AcDbLine
 10
57.58890248280564
 20
-48.61441706372202
 30
0.0
 11
103.0768974969083
 21
-48.61441706372202
 31
0.0
  0
ENDBLK
  5
345
330
2C7
100
AcDbEntity
  8
0
100
AcDbBlockEnd
  0
BLOCK
  5
2CC
330
2CB
100
AcDbEntity
  8
0
100
AcDbBlockBegin
  2
*X35
 70
     1
 10
0.0
 20
0.0
 30
0.0
  3
*X35
  1

  0
LINE
  5
2CE
330
2CB
100
AcDbEntity
  8
尺寸线层
  6
Continuous
 62
     3
100
AcDbLine
 10
170.427
 20
-110.0
 30
0.0
 11
170.427
 21
110.0
 31
0.0
  0
HATCH
  5
2CF
330
2CB
100
AcDbEntity
  8
尺寸线层
  6
Continuous
 62
     3
100
AcDbHatch
 10
0.0
 20
0.0
 30
0.0
210
0.0
220
0.0
230
1.0
  2
SOLID
 70
     1
 71
     0
 91
        1
 92
        0
 93
        3
 72
     1
 10
170.427
 20
-110.0
 11
166.2603333333333
 21
-85.00000000000001
 72
     1
 10
166.2603333333333
 20
-85.00000000000001
 11
174.5936666666666
 21
-85.00000000000001
 72
     1
 10
174.5936666666666
 20
-85.00000000000001
 11
170.427
 21
-110.0
 97
        0
 75
     0
 76
     1
 98
        1
 10
0.0
 20
0.0
  0
HATCH
  5
2D0
330
2CB
100
AcDbEntity
  8
尺寸线层
  6
Continuous
 62
     3
100
AcDbHatch
 10
0.0
 20
0.0
 30
0.0
210
0.0
220
0.0
230
1.0
  2
SOLID
 70
     1
 71
     0
 91
        1
 92
        0
 93
        3
 72
     1
 10
170.427
 20
110.0
 11
166.2603333333333
 21
84.99999999999999
 72
     1
 10
166.2603333333333
 20
84.99999999999999
 11
174.5936666666666
 21
84.99999999999999
 72
     1
 10
174.5936666666666
 20
84.99999999999999
 11
170.427
 21
110.0
 97
        0
 75
     0
 76
     1
 98
        1
 10
0.0
 20
0.0
  0
LINE
  5
2D1
330
2CB
100
AcDbEntity
  8
尺寸线层
  6
Continuous
 62
     0
100
AcDbLine
 10
100.0
 20
-110.0
 30
0.0
 11
176.677
 21
-110.0
 31
0.0
  0
LINE
  5
2D2
330
2CB
100
AcDbEntity
  8
尺寸线层
  6
Continuous
 62
     0
100
AcDbLine
 10
100.0
 20
110.0
 30
0.0
 11
176.677
 21
110.0
 31
0.0
  0
MTEXT
  5
2D3
330
2CB
100
AcDbEntity
  8
尺寸线层
 62
     0
100
AcDbMText
 10
158.6497653631285
 20
0.0000004999999845
 30
0.0
 40
17.5
 41
69.99999999999999
 46
35.0
 71
     5
 72
     1
  1
220
 11
6.123233995736766E-17
 21
1.0
 31
0.0
 73
     1
 44
1.0
1001
CAXA_DRAFT_TXTSCALE
1041
1.0
1001
ACAD
1000
ACAD_MTEXT_DEFINED_HEIGHT_BEGIN
1070
    46
1040
35.0
1000
ACAD_MTEXT_DEFINED_HEIGHT_END
  0
ENDBLK
  5
2CD
330
2CB
100
AcDbEntity
  8
0
100
AcDbBlockEnd
  0
BLOCK
  5
2D7
330
2D6
100
AcDbEntity
  8
0
100
AcDbBlockBegin
  2
*X36
 70
     1
 10
0.0
 20
0.0
 30
0.0
  3
*X36
  1

  0
INSERT
  5
2D9
330
2D6
100
AcDbEntity
  8
尺寸线层
 62
     3
100
AcDbBlockReference
  2
_CLOSEDFILLED
 10
113.1815975303528
 20
-110.7499097254936
 30
0.0
 41
25.0
 42
25.0
 50
144.901
1001
CAXA_DRAFT_BLKHIDE
1070
     0
  0
LINE
  5
2DA
330
2D6
100
AcDbEntity
  8
尺寸线层
 62
     3
370
     0
100
AcDbLine
 10
105.0
 20
-105.0
 30
0.0
 11
113.1815975303528
 21
-110.7499097254936
 31
0.0
  0
LINE
  5
2DB
330
2D6
100
AcDbEntity
  8
尺寸线层
 62
     3
370
     0
100
AcDbLine
 10
133.6355913562347
 20
-125.1246840392275
 30
0.0
 11
154.0895851821165
 21
-139.4994583529615
 31
0.0
  0
LINE
  5
2DC
330
2D6
100
AcDbEntity
  8
尺寸线层
 62
     3
370
     0
100
AcDbLine
 10
154.0895851821165
 20
-139.4994583529615
 30
0.0
 11
206.5895851821165
 21
-139.4994583529615
 31
0.0
  0
MTEXT
  5
2DD
330
2D6
100
AcDbEntity
  8
尺寸线层
100
AcDbMText
 10
180.3395851821165
 20
-127.6244583529615
 30
0.0
 40
17.5
 41
70.97765363128491
 46
34.80446927374302
 71
     5
 72
     1
  1
R10
 73
     1
 44
1.0
1001
CAXA_DRAFT_TXTSCALE
1041
1.0
1001
ACAD
1000
ACAD_MTEXT_DEFINED_HEIGHT_BEGIN
1070
    46
1040
34.80446927374302
1000
ACAD_MTEXT_DEFINED_HEIGHT_END
  0
ENDBLK
  5
2D8
330
2D6
100
AcDbEntity
  8
0
100
AcDbBlockEnd
  0
BLOCK
  5
2E0
330
2DF
100
AcDbEntity
  8
0
100
AcDbBlockBegin
  2
*X37
 70
     1
 10
0.0
 20
0.0
 30
0.0
  3
*X37
  1

  0
LINE
  5
2E2
330
2DF
100
AcDbEntity
  8
尺寸线层
  6
Continuous
 62
     3
100
AcDbLine
 10
-110.0
 20
181.239
 30
0.0
 11
110.0
 21
181.239
 31
0.0
  0
HATCH
  5
2E3
330
2DF
100
AcDbEntity
  8
尺寸线层
  6
Continuous
 62
     3
100
AcDbHatch
 10
0.0
 20
0.0
 30
0.0
210
0.0
220
0.0
230
1.0
  2
SOLID
 70
     1
 71
     0
 91
        1
 92
        0
 93
        3
 72
     1
 10
-110.0
 20
181.239
 11
-85.0
 21
185.4056666666667
 72
     1
 10
-85.0
 20
185.4056666666667
 11
-85.0
 21
177.0723333333333
 72
     1
 10
-85.0
 20
177.0723333333333
 11
-110.0
 21
181.239
 97
        0
 75
     0
 76
     1
 98
        1
 10
0.0
 20
0.0
  0
HATCH
  5
2E4
330
2DF
100
AcDbEntity
  8
尺寸线层
  6
Continuous
 62
     3
100
AcDbHatch
 10
0.0
 20
0.0
 30
0.0
210
0.0
220
0.0
230
1.0
  2
SOLID
 70
     1
 71
     0
 91
        1
 92
        0
 93
        3
 72
     1
 10
110.0
 20
181.239
 11
85.0
 21
185.4056666666667
 72
     1
 10
85.0
 20
185.4056666666667
 11
85.0
 21
177.0723333333333
 72
     1
 10
85.0
 20
177.0723333333333
 11
110.0
 21
181.239
 97
        0
 75
     0
 76
     1
 98
        1
 10
0.0
 20
0.0
  0
LINE
  5
2E5
330
2DF
100
AcDbEntity
  8
尺寸线层
  6
Continuous
 62
     0
100
AcDbLine
 10
-110.0
 20
100.0
 30
0.0
 11
-110.0
 21
187.489
 31
0.0
  0
LINE
  5
2E6
330
2DF
100
AcDbEntity
  8
尺寸线层
  6
Continuous
 62
     0
100
AcDbLine
 10
110.0
 20
100.0
 30
0.0
 11
110.0
 21
187.489
 31
0.0
  0
MTEXT
  5
2E7
330
2DF
100
AcDbEntity
  8
尺寸线层
 62
     0
100
AcDbMText
 10
0.0000004999999987
 20
193.0162346368715
 30
0.0
 40
17.5
 41
69.99999999999999
 46
35.0
 71
     5
 72
     1
  1
220
 73
     1
 44
1.0
1001
CAXA_DRAFT_TXTSCALE
1041
1.0
1001
ACAD
1000
ACAD_MTEXT_DEFINED_HEIGHT_BEGIN
1070
    46
1040
35.0
1000
ACAD_MTEXT_DEFINED_HEIGHT_END
  0
ENDBLK
  5
2E1
330
2DF
100
AcDbEntity
  8
0
100
AcDbBlockEnd
  0
BLOCK
  5
2F0
330
2EF
100
AcDbEntity
  8
0
100
AcDbBlockBegin
  2
*X38
 70
     1
 10
0.0
 20
0.0
 30
0.0
  3
*X38
  1

  0
LINE
  5
2F2
330
2EF
100
AcDbEntity
  8
尺寸线层
  6
Continuous
 62
     3
100
AcDbLine
 10
-82.5
 20
140.91
 30
0.0
 11
82.5
 21
140.91
 31
0.0
  0
HATCH
  5
2F3
330
2EF
100
AcDbEntity
  8
尺寸线层
  6
Continuous
 62
     3
100
AcDbHatch
 10
0.0
 20
0.0
 30
0.0
210
0.0
220
0.0
230
1.0
  2
SOLID
 70
     1
 71
     0
 91
        1
 92
        0
 93
        3
 72
     1
 10
-82.5
 20
140.91
 11
-57.5
 21
145.0766666666667
 72
     1
 10
-57.5
 20
145.0766666666667
 11
-57.5
 21
136.7433333333333
 72
     1
 10
-57.5
 20
136.7433333333333
 11
-82.5
 21
140.91
 97
        0
 75
     0
 76
     1
 98
        1
 10
0.0
 20
0.0
  0
HATCH
  5
2F4
330
2EF
100
AcDbEntity
  8
尺寸线层
  6
Continuous
 62
     3
100
AcDbHatch
 10
0.0
 20
0.0
 30
0.0
210
0.0
220
0.0
230
1.0
  2
SOLID
 70
     1
 71
     0
 91
        1
 92
        0
 93
        3
 72
     1
 10
82.5
 20
140.91
 11
57.5
 21
145.0766666666667
 72
     1
 10
57.5
 20
145.0766666666667
 11
57.5
 21
136.7433333333333
 72
     1
 10
57.5
 20
136.7433333333333
 11
82.5
 21
140.91
 97
        0
 75
     0
 76
     1
 98
        1
 10
0.0
 20
0.0
  0
LINE
  5
2F5
330
2EF
100
AcDbEntity
  8
尺寸线层
  6
Continuous
 62
     0
100
AcDbLine
 10
-82.5
 20
82.5
 30
0.0
 11
-82.5
 21
147.16
 31
0.0
  0
LINE
  5
2F6
330
2EF
100
AcDbEntity
  8
尺寸线层
  6
Continuous
 62
     0
100
AcDbLine
 10
82.5
 20
82.5
 30
0.0
 11
82.5
 21
147.16
 31
0.0
  0
MTEXT
  5
2F7
330
2EF
100
AcDbEntity
  8
尺寸线层
 62
     0
100
AcDbMText
 10
0.0000004999999987
 20
152.7361173184358
 30
0.0
 40
17.5
 41
66.28491620111731
 46
35.0
 71
     5
 72
     1
  1
165
 73
     1
 44
1.0
1001
CAXA_DRAFT_TXTSCALE
1041
1.0
1001
ACAD
1000
ACAD_MTEXT_DEFINED_HEIGHT_BEGIN
1070
    46
1040
35.0
1000
ACAD_MTEXT_DEFINED_HEIGHT_END
  0
ENDBLK
  5
2F1
330
2EF
100
AcDbEntity
  8
0
100
AcDbBlockEnd
  0
BLOCK
  5
2FA
330
2F9
100
AcDbEntity
  8
0
100
AcDbBlockBegin
  2
*X39
 70
     1
 10
0.0
 20
0.0
 30
0.0
  3
*X39
  1

  0
LINE
  5
2FC
330
2F9
100
AcDbEntity
  8
尺寸线层
  6
Continuous
 62
     3
100
AcDbLine
 10
-141.086
 20
7.500000000000007
 30
0.0
 11
-141.086
 21
132.5
 31
0.0
  0
HATCH
  5
2FD
330
2F9
100
AcDbEntity
  8
尺寸线层
  6
Continuous
 62
     3
100
AcDbHatch
 10
0.0
 20
0.0
 30
0.0
210
0.0
220
0.0
230
1.0
  2
SOLID
 70
     1
 71
     0
 91
        1
 92
        0
 93
        3
 72
     1
 10
-141.086
 20
57.50000000000001
 11
-145.2526666666667
 21
32.50000000000001
 72
     1
 10
-145.2526666666667
 20
32.50000000000001
 11
-136.9193333333334
 21
32.50000000000001
 72
     1
 10
-136.9193333333334
 20
32.50000000000001
 11
-141.086
 21
57.50000000000001
 97
        0
 75
     0
 76
     1
 98
        1
 10
0.0
 20
0.0
  0
HATCH
  5
2FE
330
2F9
100
AcDbEntity
  8
尺寸线层
  6
Continuous
 62
     3
100
AcDbHatch
 10
0.0
 20
0.0
 30
0.0
210
0.0
220
0.0
230
1.0
  2
SOLID
 70
     1
 71
     0
 91
        1
 92
        0
 93
        3
 72
     1
 10
-141.086
 20
82.50000000000001
 11
-145.2526666666667
 21
107.5
 72
     1
 10
-145.2526666666667
 20
107.5
 11
-136.9193333333334
 21
107.5
 72
     1
 10
-136.9193333333334
 20
107.5
 11
-141.086
 21
82.50000000000001
 97
        0
 75
     0
 76
     1
 98
        1
 10
0.0
 20
0.0
  0
LINE
  5
2FF
330
2F9
100
AcDbEntity
  8
尺寸线层
  6
Continuous
 62
     0
100
AcDbLine
 10
-82.5
 20
57.5
 30
0.0
 11
-147.336
 21
57.50000000000001
 31
0.0
  0
LINE
  5
300
330
2F9
100
AcDbEntity
  8
尺寸线层
  6
Continuous
 62
     0
100
AcDbLine
 10
-82.5
 20
82.5
 30
0.0
 11
-147.336
 21
82.50000000000001
 31
0.0
  0
MTEXT
  5
301
330
2F9
100
AcDbEntity
  8
尺寸线层
 62
     0
100
AcDbMText
 10
-152.8632346368715
 20
70.00000050000001
 30
0.0
 40
17.5
 41
44.38547486033519
 46
35.0
 71
     5
 72
     1
  1
25
 11
6.123233995736766E-17
 21
1.0
 31
0.0
 73
     1
 44
1.0
1001
CAXA_DRAFT_TXTSCALE
1041
1.0
1001
ACAD
1000
ACAD_MTEXT_DEFINED_HEIGHT_BEGIN
1070
    46
1040
35.0
1000
ACAD_MTEXT_DEFINED_HEIGHT_END
  0
ENDBLK
  5
2FB
330
2F9
100
AcDbEntity
  8
0
100
AcDbBlockEnd
  0
BLOCK
  5
304
330
303
100
AcDbEntity
  8
0
100
AcDbBlockBegin
  2
*X40
 70
     1
 10
0.0
 20
0.0
 30
0.0
  3
*X40
  1

  0
LINE
  5
306
330
303
100
AcDbEntity
  8
尺寸线层
  6
Continuous
 62
     3
100
AcDbLine
 10
-141.0860000000002
 20
-132.5
 30
0.0
 11
-141.086
 21
-7.499999999999993
 31
0.0
  0
HATCH
  5
307
330
303
100
AcDbEntity
  8
尺寸线层
  6
Continuous
 62
     3
100
AcDbHatch
 10
0.0
 20
0.0
 30
0.0
210
0.0
220
0.0
230
1.0
  2
SOLID
 70
     1
 71
     0
 91
        1
 92
        0
 93
        3
 72
     1
 10
-141.0860000000001
 20
-82.49999999999999
 11
-145.2526666666668
 21
-107.5
 72
     1
 10
-145.2526666666668
 20
-107.5
 11
-136.9193333333334
 21
-107.5
 72
     1
 10
-136.9193333333334
 20
-107.5
 11
-141.0860000000001
 21
-82.49999999999999
 97
        0
 75
     0
 76
     1
 98
        1
 10
0.0
 20
0.0
  0
HATCH
  5
308
330
303
100
AcDbEntity
  8
尺寸线层
  6
Continuous
 62
     3
100
AcDbHatch
 10
0.0
 20
0.0
 30
0.0
210
0.0
220
0.0
230
1.0
  2
SOLID
 70
     1
 71
     0
 91
        1
 92
        0
 93
        3
 72
     1
 10
-141.0860000000001
 20
-57.49999999999999
 11
-145.2526666666668
 21
-32.49999999999999
 72
     1
 10
-145.2526666666668
 20
-32.49999999999999
 11
-136.9193333333334
 21
-32.5
 72
     1
 10
-136.9193333333334
 20
-32.5
 11
-141.0860000000001
 21
-57.49999999999999
 97
        0
 75
     0
 76
     1
 98
        1
 10
0.0
 20
0.0
  0
LINE
  5
309
330
303
100
AcDbEntity
  8
尺寸线层
  6
Continuous
 62
     0
100
AcDbLine
 10
-82.5
 20
-82.5
 30
0.0
 11
-147.3360000000001
 21
-82.49999999999999
 31
0.0
  0
LINE
  5
30A
330
303
100
AcDbEntity
  8
尺寸线层
  6
Continuous
 62
     0
100
AcDbLine
 10
-82.5
 20
-57.5
 30
0.0
 11
-147.3360000000001
 21
-57.49999999999999
 31
0.0
  0
MTEXT
  5
30B
330
303
100
AcDbEntity
  8
尺寸线层
 62
     0
100
AcDbMText
 10
-152.8632346368716
 20
-69.99999949999997
 30
0.0
 40
17.5
 41
44.38547486033519
 46
35.0
 71
     5
 72
     1
  1
25
 11
6.123233995736766E-17
 21
1.0
 31
0.0
 73
     1
 44
1.0
1001
CAXA_DRAFT_TXTSCALE
1041
1.0
1001
ACAD
1000
ACAD_MTEXT_DEFINED_HEIGHT_BEGIN
1070
    46
1040
35.0
1000
ACAD_MTEXT_DEFINED_HEIGHT_END
  0
ENDBLK
  5
305
330
303
100
AcDbEntity
  8
0
100
AcDbBlockEnd
  0
BLOCK
  5
30E
330
30D
100
AcDbEntity
  8
0
100
AcDbBlockBegin
  2
*X41
 70
     1
 10
0.0
 20
0.0
 30
0.0
  3
*X41
  1

  0
LINE
  5
310
330
30D
100
AcDbEntity
  8
尺寸线层
  6
Continuous
 62
     3
100
AcDbLine
 10
-62.5
 20
23.007
 30
0.0
 11
62.5
 21
23.007
 31
0.0
  0
HATCH
  5
311
330
30D
100
AcDbEntity
  8
尺寸线层
  6
Continuous
 62
     3
100
AcDbHatch
 10
0.0
 20
0.0
 30
0.0
210
0.0
220
0.0
230
1.0
  2
SOLID
 70
     1
 71
     0
 91
        1
 92
        0
 93
        3
 72
     1
 10
-12.5
 20
23.007
 11
-37.5
 21
27.17366666666667
 72
     1
 10
-37.5
 20
27.17366666666667
 11
-37.5
 21
18.84033333333333
 72
     1
 10
-37.5
 20
18.84033333333333
 11
-12.5
 21
23.007
 97
        0
 75
     0
 76
     1
 98
        1
 10
0.0
 20
0.0
  0
HATCH
  5
312
330
30D
100
AcDbEntity
  8
尺寸线层
  6
Continuous
 62
     3
100
AcDbHatch
 10
0.0
 20
0.0
 30
0.0
210
0.0
220
0.0
230
1.0
  2
SOLID
 70
     1
 71
     0
 91
        1
 92
        0
 93
        3
 72
     1
 10
12.5
 20
23.007
 11
37.5
 21
27.17366666666667
 72
     1
 10
37.5
 20
27.17366666666667
 11
37.5
 21
18.84033333333333
 72
     1
 10
37.5
 20
18.84033333333333
 11
12.5
 21
23.007
 97
        0
 75
     0
 76
     1
 98
        1
 10
0.0
 20
0.0
  0
LINE
  5
313
330
30D
100
AcDbEntity
  8
尺寸线层
  6
Continuous
 62
     0
100
AcDbLine
 10
-12.5
 20
35.0
 30
0.0
 11
-12.5
 21
16.757
 31
0.0
  0
LINE
  5
314
330
30D
100
AcDbEntity
  8
尺寸线层
  6
Continuous
 62
     0
100
AcDbLine
 10
12.5
 20
34.398
 30
0.0
 11
12.5
 21
16.757
 31
0.0
  0
MTEXT
  5
315
330
30D
100
AcDbEntity
  8
尺寸线层
 62
     0
100
AcDbMText
 10
0.0000005000000005
 20
34.78423463687151
 30
0.0
 40
17.5
 41
44.38547486033519
 46
35.0
 71
     5
 72
     1
  1
25
 73
     1
 44
1.0
1001
CAXA_DRAFT_TXTSCALE
1041
1.0
1001
ACAD
1000
ACAD_MTEXT_DEFINED_HEIGHT_BEGIN
1070
    46
1040
35.0
1000
ACAD_MTEXT_DEFINED_HEIGHT_END
  0
ENDBLK
  5
30F
330
30D
100
AcDbEntity
  8
0
100
AcDbBlockEnd
  0
BLOCK
  5
31A
330
319
100
AcDbEntity
  8
0
100
AcDbBlockBegin
  2
*X42
 70
     1
 10
0.0
 20
0.0
 30
0.0
  3
*X42
  1

  0
LINE
  5
31C
330
319
100
AcDbEntity
  8
尺寸线层
  6
Continuous
 62
     3
100
AcDbLine
 10
-141.086
 20
-62.49999999999999
 30
0.0
 11
-141.086
 21
62.50000000000001
 31
0.0
  0
HATCH
  5
31D
330
319
100
AcDbEntity
  8
尺寸线层
  6
Continuous
 62
     3
100
AcDbHatch
 10
0.0
 20
0.0
 30
0.0
210
0.0
220
0.0
230
1.0
  2
SOLID
 70
     1
 71
     0
 91
        1
 92
        0
 93
        3
 72
     1
 10
-141.086
 20
-12.49999999999999
 11
-145.2526666666667
 21
-37.49999999999999
 72
     1
 10
-145.2526666666667
 20
-37.49999999999999
 11
-136.9193333333334
 21
-37.49999999999999
 72
     1
 10
-136.9193333333334
 20
-37.49999999999999
 11
-141.086
 21
-12.49999999999999
 97
        0
 75
     0
 76
     1
 98
        1
 10
0.0
 20
0.0
  0
HATCH
  5
31E
330
319
100
AcDbEntity
  8
尺寸线层
  6
Continuous
 62
     3
100
AcDbHatch
 10
0.0
 20
0.0
 30
0.0
210
0.0
220
0.0
230
1.0
  2
SOLID
 70
     1
 71
     0
 91
        1
 92
        0
 93
        3
 72
     1
 10
-141.086
 20
12.50000000000001
 11
-145.2526666666667
 21
37.50000000000001
 72
     1
 10
-145.2526666666667
 20
37.50000000000001
 11
-136.9193333333334
 21
37.50000000000001
 72
     1
 10
-136.9193333333334
 20
37.50000000000001
 11
-141.086
 21
12.50000000000001
 97
        0
 75
     0
 76
     1
 98
        1
 10
0.0
 20
0.0
  0
LINE
  5
31F
330
319
100
AcDbEntity
  8
尺寸线层
  6
Continuous
 62
     0
100
AcDbLine
 10
-82.586
 20
-12.5
 30
0.0
 11
-147.336
 21
-12.49999999999999
 31
0.0
  0
LINE
  5
320
330
319
100
AcDbEntity
  8
尺寸线层
  6
Continuous
 62
     0
100
AcDbLine
 10
-82.586
 20
12.5
 30
0.0
 11
-147.336
 21
12.50000000000001
 31
0.0
  0
MTEXT
  5
321
330
319
100
AcDbEntity
  8
尺寸线层
 62
     0
100
AcDbMText
 10
-152.8632346368715
 20
0.0000005000000076
 30
0.0
 40
17.5
 41
44.38547486033519
 46
35.0
 71
     5
 72
     1
  1
25
 11
6.123233995736766E-17
 21
1.0
 31
0.0
 73
     1
 44
1.0
1001
CAXA_DRAFT_TXTSCALE
1041
1.0
1001
ACAD
1000
ACAD_MTEXT_DEFINED_HEIGHT_BEGIN
1070
    46
1040
35.0
1000
ACAD_MTEXT_DEFINED_HEIGHT_END
  0
ENDBLK
  5
31B
330
319
100
AcDbEntity
  8
0
100
AcDbBlockEnd
  0
BLOCK
  5
324
330
323
100
AcDbEntity
  8
0
100
AcDbBlockBegin
  2
*X43
 70
     1
 10
0.0
 20
0.0
 30
0.0
  3
*X43
  1

  0
LINE
  5
326
330
323
100
AcDbEntity
  8
尺寸线层
  6
Continuous
 62
     3
100
AcDbLine
 10
-185.2233126026951
 20
-57.49999999999999
 30
0.0
 11
-185.2233126026951
 21
57.50000000000001
 31
0.0
  0
HATCH
  5
327
330
323
100
AcDbEntity
  8
尺寸线层
  6
Continuous
 62
     3
100
AcDbHatch
 10
0.0
 20
0.0
 30
0.0
210
0.0
220
0.0
230
1.0
  2
SOLID
 70
     1
 71
     0
 91
        1
 92
        0
 93
        3
 72
     1
 10
-185.2233126026951
 20
-57.49999999999999
 11
-189.3899792693618
 21
-32.49999999999999
 72
     1
 10
-189.3899792693618
 20
-32.49999999999999
 11
-181.0566459360284
 21
-32.49999999999999
 72
     1
 10
-181.0566459360284
 20
-32.49999999999999
 11
-185.2233126026951
 21
-57.49999999999999
 97
        0
 75
     0
 76
     1
 98
        1
 10
0.0
 20
0.0
  0
HATCH
  5
328
330
323
100
AcDbEntity
  8
尺寸线层
  6
Continuous
 62
     3
100
AcDbHatch
 10
0.0
 20
0.0
 30
0.0
210
0.0
220
0.0
230
1.0
  2
SOLID
 70
     1
 71
     0
 91
        1
 92
        0
 93
        3
 72
     1
 10
-185.2233126026951
 20
57.50000000000001
 11
-189.3899792693618
 21
32.50000000000001
 72
     1
 10
-189.3899792693618
 20
32.50000000000001
 11
-181.0566459360284
 21
32.50000000000001
 72
     1
 10
-181.0566459360284
 20
32.50000000000001
 11
-185.2233126026951
 21
57.50000000000001
 97
        0
 75
     0
 76
     1
 98
        1
 10
0.0
 20
0.0
  0
LINE
  5
329
330
323
100
AcDbEntity
  8
尺寸线层
  6
Continuous
 62
     0
100
AcDbLine
 10
-82.5
 20
-57.5
 30
0.0
 11
-191.4733126026951
 21
-57.49999999999999
 31
0.0
  0
LINE
  5
32A
330
323
100
AcDbEntity
  8
尺寸线层
  6
Continuous
 62
     0
100
AcDbLine
 10
-82.5
 20
57.5
 30
0.0
 11
-191.4733126026951
 21
57.50000000000001
 31
0.0
  0
MTEXT
  5
32B
330
323
100
AcDbEntity
  8
尺寸线层
 62
     0
100
AcDbMText
 10
-197.0494299211309
 20
-0.939673034405871
 30
0.0
 40
17.5
 41
66.28491620111731
 46
35.0
 71
     5
 72
     1
  1
115
 11
6.123233995736766E-17
 21
1.0
 31
0.0
 73
     1
 44
1.0
1001
CAXA_DRAFT_TXTSCALE
1041
1.0
1001
ACAD
1000
ACAD_MTEXT_DEFINED_HEIGHT_BEGIN
1070
    46
1040
35.0
1000
ACAD_MTEXT_DEFINED_HEIGHT_END
  0
ENDBLK
  5
325
330
323
100
AcDbEntity
  8
0
100
AcDbBlockEnd
  0
BLOCK
  5
379
330
347
100
AcDbEntity
  8
0
100
AcDbBlockBegin
  2
标题
 70
     0
 10
0.0
 20
0.0
 30
0.0
  3
标题
  1

  0
LINE
  5
348
330
347
100
AcDbEntity
  8
粗实线层
100
AcDbLine
 10
-1620.0
 20
0.0
 30
0.0
 11
0.0
 21
0.0
 31
0.0
  0
LINE
  5
349
330
347
100
AcDbEntity
  8
粗实线层
100
AcDbLine
 10
0.0
 20
0.0
 30
0.0
 11
0.0
 21
405.0
 31
0.0
  0
LINE
  5
34A
330
347
100
AcDbEntity
  8
粗实线层
100
AcDbLine
 10
-1620.0
 20
405.0
 30
0.0
 11
-1620.0
 21
0.0
 31
0.0
  0
LINE
  5
34B
330
347
100
AcDbEntity
  8
粗实线层
100
AcDbLine
 10
-1080.0
 20
405.0
 30
0.0
 11
-1080.0
 21
0.0
 31
0.0
  0
LINE
  5
34C
330
347
100
AcDbEntity
  8
粗实线层
100
AcDbLine
 10
-540.0
 20
405.0
 30
0.0
 11
-540.0
 21
0.0
 31
0.0
  0
LINE
  5
34D
330
347
100
AcDbEntity
  8
细实线层
100
AcDbLine
 10
-1620.0
 20
225.0
 30
0.0
 11
-1080.0
 21
225.0
 31
0.0
  0
LINE
  5
34E
330
347
100
AcDbEntity
  8
细实线层
100
AcDbLine
 10
-1620.0
 20
270.0
 30
0.0
 11
-1080.0
 21
270.0
 31
0.0
  0
LINE
  5
34F
330
347
100
AcDbEntity
  8
细实线层
100
AcDbLine
 10
-1620.0
 20
315.0
 30
0.0
 11
-1080.0
 21
315.0
 31
0.0
  0
LINE
  5
350
330
347
100
AcDbEntity
  8
细实线层
100
AcDbLine
 10
-1620.0
 20
360.0
 30
0.0
 11
-1080.0
 21
360.0
 31
0.0
  0
LINE
  5
351
330
347
100
AcDbEntity
  8
细实线层
100
AcDbLine
 10
-1485.0
 20
405.0
 30
0.0
 11
-1485.0
 21
0.0
 31
0.0
  0
LINE
  5
352
330
347
100
AcDbEntity
  8
细实线层
100
AcDbLine
 10
-1215.0
 20
180.0
 30
0.0
 11
-1215.0
 21
0.0
 31
0.0
  0
LINE
  5
353
330
347
100
AcDbEntity
  8
粗实线层
100
AcDbLine
 10
-1350.0
 20
180.0
 30
0.0
 11
-1350.0
 21
0.0
 31
0.0
  0
LINE
  5
354
330
347
100
AcDbEntity
  8
细实线层
100
AcDbLine
 10
-1548.0
 20
405.0
 30
0.0
 11
-1548.0
 21
180.0
 31
0.0
  0
LINE
  5
355
330
347
100
AcDbEntity
  8
粗实线层
100
AcDbLine
 10
-1620.0
 20
180.0
 30
0.0
 11
-540.0
 21
180.0
 31
0.0
  0
LINE
  5
356
330
347
100
AcDbEntity
  8
细实线层
100
AcDbLine
 10
-1305.0
 20
405.0
 30
0.0
 11
-1305.0
 21
180.0
 31
0.0
  0
LINE
  5
357
330
347
100
AcDbEntity
  8
细实线层
100
AcDbLine
 10
-1170.0
 20
405.0
 30
0.0
 11
-1170.0
 21
180.0
 31
0.0
  0
MTEXT
  5
358
330
347
100
AcDbEntity
  8
尺寸线层
100
AcDbMText
 10
-1615.492
 20
216.278
 30
0.0
 40
22.5
 41
126.1508379888269
 46
59.32960893854749
 71
     1
 72
     1
  1
{\T1.1;标记}
 73
     1
 44
1.0
1001
CAXA_DRAFT_TXTSCALE
1041
1.0
1001
ACAD
1000
ACAD_MTEXT_DEFINED_HEIGHT_BEGIN
1070
    46
1040
59.32960893854749
1000
ACAD_MTEXT_DEFINED_HEIGHT_END
  0
MTEXT
  5
359
330
347
100
AcDbEntity
  8
尺寸线层
100
AcDbMText
 10
-1547.008
 20
216.934
 30
0.0
 40
22.5
 41
125.3966480446929
 46
59.32960893854749
 71
     1
 72
     1
  1
{\T1.1;处数}
 73
     1
 44
1.0
1001
CAXA_DRAFT_TXTSCALE
1041
1.0
1001
ACAD
1000
ACAD_MTEXT_DEFINED_HEIGHT_BEGIN
1070
    46
1040
59.32960893854749
1000
ACAD_MTEXT_DEFINED_HEIGHT_END
  0
MTEXT
  5
35A
330
347
100
AcDbEntity
  8
尺寸线层
100
AcDbMText
 10
-1474.714
 20
218.902
 30
0.0
 40
22.5
 41
323.0949720670392
 46
59.32960893854749
 71
     1
 72
     1
  1
{\T1.1;更改文件名}
 73
     1
 44
1.0
1001
CAXA_DRAFT_TXTSCALE
1041
1.0
1001
ACAD
1000
ACAD_MTEXT_DEFINED_HEIGHT_BEGIN
1070
    46
1040
59.32960893854749
1000
ACAD_MTEXT_DEFINED_HEIGHT_END
  0
MTEXT
  5
35B
330
347
100
AcDbEntity
  8
尺寸线层
100
AcDbMText
 10
-1283.426
 20
219.886
 30
0.0
 40
22.5
 41
197.1955307262569
 46
59.5810055865922
 71
     1
 72
     1
  1
{\T1.1;签  字}
 73
     1
 44
1.0
1001
CAXA_DRAFT_TXTSCALE
1041
1.0
1001
ACAD
1000
ACAD_MTEXT_DEFINED_HEIGHT_BEGIN
1070
    46
1040
59.5810055865922
1000
ACAD_MTEXT_DEFINED_HEIGHT_END
  0
MTEXT
  5
35C
330
347
100
AcDbEntity
  8
尺寸线层
100
AcDbMText
 10
-1161.522
 20
217.809
 30
0.0
 40
22.5
 41
149.4804469273745
 46
58.32402234636874
 71
     1
 72
     1
  1
{\T1.1;日 期}
 73
     1
 44
1.0
1001
CAXA_DRAFT_TXTSCALE
1041
1.0
1001
ACAD
1000
ACAD_MTEXT_DEFINED_HEIGHT_BEGIN
1070
    46
1040
58.32402234636874
1000
ACAD_MTEXT_DEFINED_HEIGHT_END
  0
MTEXT
  5
35D
330
347
100
AcDbEntity
  8
尺寸线层
100
AcDbMText
 10
-1600.066
 20
172.59
 30
0.0
 40
22.5
 41
196.441340782123
 46
57.31843575418998
 71
     1
 72
     1
  1
{\T1.1;设  计}
 73
     1
 44
1.0
1001
CAXA_DRAFT_TXTSCALE
1041
1.0
1001
ACAD
1000
ACAD_MTEXT_DEFINED_HEIGHT_BEGIN
1070
    46
1040
57.31843575418998
1000
ACAD_MTEXT_DEFINED_HEIGHT_END
  0
MTEXT
  5
35E
330
347
100
AcDbEntity
  8
尺寸线层
100
AcDbMText
 10
-1324.817
 20
37.262
 30
0.0
 40
22.5
 41
184.877094972067
 46
58.32402234636872
 71
     1
 72
     1
  1
{\T1.1;日  期}
 73
     1
 44
1.0
1001
CAXA_DRAFT_TXTSCALE
1041
1.0
1001
ACAD
1000
ACAD_MTEXT_DEFINED_HEIGHT_BEGIN
1070
    46
1040
58.32402234636872
1000
ACAD_MTEXT_DEFINED_HEIGHT_END
  0
LINE
  5
35F
330
347
100
AcDbEntity
  8
细实线层
100
AcDbLine
 10
-1080.0
 20
126.0
 30
0.0
 11
-540.0
 21
126.0
 31
0.0
  0
LINE
  5
360
330
347
100
AcDbEntity
  8
粗实线层
100
AcDbLine
 10
-1080.0
 20
54.0
 30
0.0
 11
-540.0
 21
54.0
 31
0.0
  0
LINE
  5
361
330
347
100
AcDbEntity
  8
粗实线层
100
AcDbLine
 10
-810.0
 20
180.0
 30
0.0
 11
-810.0
 21
0.0
 31
0.0
  0
LINE
  5
362
330
347
100
AcDbEntity
  8
粗实线层
100
AcDbLine
 10
-675.0
 20
180.0
 30
0.0
 11
-675.0
 21
54.0
 31
0.0
  0
LINE
  5
363
330
347
100
AcDbEntity
  8
细实线层
100
AcDbLine
 10
-1012.5
 20
126.0
 30
0.0
 11
-1012.5
 21
54.0
 31
0.0
  0
LINE
  5
364
330
347
100
AcDbEntity
  8
细实线层
100
AcDbLine
 10
-945.0
 20
126.0
 30
0.0
 11
-945.0
 21
54.0
 31
0.0
  0
LINE
  5
365
330
347
100
AcDbEntity
  8
细实线层
100
AcDbLine
 10
-877.5
 20
126.0
 30
0.0
 11
-877.5
 21
54.0
 31
0.0
  0
LINE
  5
366
330
347
100
AcDbEntity
  8
粗实线层
100
AcDbLine
 10
0.0
 20
270.0
 30
0.0
 11
-540.0
 21
270.0
 31
0.0
  0
LINE
  5
367
330
347
100
AcDbEntity
  8
粗实线层
100
AcDbLine
 10
0.0
 20
135.0
 30
0.0
 11
-540.0
 21
135.0
 31
0.0
  0
MTEXT
  5
368
330
347
100
AcDbEntity
  8
尺寸线层
100
AcDbMText
 10
-1065.309
 20
166.286
 30
0.0
 40
22.5
 41
467.6480446927374
 46
59.5810055865922
 71
     1
 72
     1
  1
{\T1.1;图  样  标  记}
 73
     1
 44
1.0
1001
CAXA_DRAFT_TXTSCALE
1041
1.0
1001
ACAD
1000
ACAD_MTEXT_DEFINED_HEIGHT_BEGIN
1070
    46
1040
59.5810055865922
1000
ACAD_MTEXT_DEFINED_HEIGHT_END
  0
MTEXT
  5
369
330
347
100
AcDbEntity
  8
尺寸线层
100
AcDbMText
 10
-792.198
 20
165.302
 30
0.0
 40
22.5
 41
197.4469273743016
 46
56.56424581005587
 71
     1
 72
     1
  1
{\T1.1;重  量}
 73
     1
 44
1.0
1001
CAXA_DRAFT_TXTSCALE
1041
1.0
1001
ACAD
1000
ACAD_MTEXT_DEFINED_HEIGHT_BEGIN
1070
    46
1040
56.56424581005587
1000
ACAD_MTEXT_DEFINED_HEIGHT_END
  0
MTEXT
  5
36A
330
347
100
AcDbEntity
  8
尺寸线层
100
AcDbMText
 10
-657.69
 20
167.27
 30
0.0
 40
22.5
 41
187.8938547486034
 46
58.32402234636874
 71
     1
 72
     1
  1
{\T1.1;比  例}
 73
     1
 44
1.0
1001
CAXA_DRAFT_TXTSCALE
1041
1.0
1001
ACAD
1000
ACAD_MTEXT_DEFINED_HEIGHT_BEGIN
1070
    46
1040
58.32402234636874
1000
ACAD_MTEXT_DEFINED_HEIGHT_END
  0
MTEXT
  5
36B
330
347
100
AcDbEntity
  8
尺寸线层
100
AcDbMText
 10
-749.481
 20
41.762
 30
0.0
 40
22.5
 41
57.56983240223462
 46
59.0782122905028
 71
     1
 72
     1
  1
{\T1.1;第}
 73
     1
 44
1.0
1001
CAXA_DRAFT_TXTSCALE
1041
1.0
1001
ACAD
1000
ACAD_MTEXT_DEFINED_HEIGHT_BEGIN
1070
    46
1040
59.0782122905028
1000
ACAD_MTEXT_DEFINED_HEIGHT_END
  0
MTEXT
  5
36C
330
347
100
AcDbEntity
  8
尺寸线层
100
AcDbMText
 10
-891.841
 20
40.778
 30
0.0
 40
22.5
 41
57.56983240223462
 46
57.82122905027934
 71
     1
 72
     1
  1
{\T1.1;张}
 73
     1
 44
1.0
1001
CAXA_DRAFT_TXTSCALE
1041
1.0
1001
ACAD
1000
ACAD_MTEXT_DEFINED_HEIGHT_BEGIN
1070
    46
1040
57.82122905027934
1000
ACAD_MTEXT_DEFINED_HEIGHT_END
  0
MTEXT
  5
36D
330
347
100
AcDbEntity
  8
尺寸线层
100
AcDbMText
 10
-1017.841
 20
40.778
 30
0.0
 40
22.5
 41
59.32960893854738
 46
58.32402234636872
 71
     1
 72
     1
  1
{\T1.1;共}
 73
     1
 44
1.0
1001
CAXA_DRAFT_TXTSCALE
1041
1.0
1001
ACAD
1000
ACAD_MTEXT_DEFINED_HEIGHT_BEGIN
1070
    46
1040
58.32402234636872
1000
ACAD_MTEXT_DEFINED_HEIGHT_END
  0
MTEXT
  5
36E
330
347
100
AcDbEntity
  8
尺寸线层
100
AcDbMText
 10
-623.481
 20
41.762
 30
0.0
 40
22.5
 41
57.56983240223462
 46
57.82122905027934
 71
     1
 72
     1
  1
{\T1.1;张}
 73
     1
 44
1.0
1001
CAXA_DRAFT_TXTSCALE
1041
1.0
1001
ACAD
1000
ACAD_MTEXT_DEFINED_HEIGHT_BEGIN
1070
    46
1040
57.82122905027934
1000
ACAD_MTEXT_DEFINED_HEIGHT_END
  0
LINE
  5
36F
330
347
100
AcDbEntity
  8
粗实线层
100
AcDbLine
 10
0.0
 20
405.0
 30
0.0
 11
-1620.0
 21
405.0
 31
0.0
  0
LINE
  5
370
330
347
100
AcDbEntity
  8
粗实线层
100
AcDbLine
 10
-1620.0
 20
45.0
 30
0.0
 11
-1080.0
 21
45.0
 31
0.0
  0
LINE
  5
371
330
347
100
AcDbEntity
  8
粗实线层
100
AcDbLine
 10
-1620.0
 20
90.0
 30
0.0
 11
-1080.0
 21
90.0
 31
0.0
  0
LINE
  5
372
330
347
100
AcDbEntity
  8
粗实线层
100
AcDbLine
 10
-1620.0
 20
135.0
 30
0.0
 11
-1080.0
 21
135.0
 31
0.0
  0
MTEXT
  5
373
330
347
100
AcDbEntity
  8
尺寸线层
100
AcDbMText
 10
-1080.0
 20
325.0
 30
0.0
 40
40.0
 41
812.4245810055863
 46
252.6924692737431
 71
     1
 72
     1
  1
{\W0.7;\T1.1;羿射旭减隔震张家口有限公司}
 73
     1
 44
1.0
1001
CAXA_DRAFT_TXTSCALE
1041
1.0
1001
ACAD
1000
ACAD_MTEXT_DEFINED_HEIGHT_BEGIN
1070
    46
1040
252.6924692737431
1000
ACAD_MTEXT_DEFINED_HEIGHT_END
  0
MTEXT
  5
374
330
347
100
AcDbEntity
  8
尺寸线层
100
AcDbMText
 10
-487.7278966740705
 20
367.0021466045261
 30
0.0
 40
40.0
 41
540.0
 46
66.20111731843576
 71
     1
 72
     1
  1
{\W0.5;\T1.1;阳谷县职业中等专业学校建设项目}
 73
     1
 44
1.0
1001
CAXA_DRAFT_TXTSCALE
1041
1.0
1001
ACAD
1000
ACAD_MTEXT_DEFINED_HEIGHT_BEGIN
1070
    46
1040
66.20111731843576
1000
ACAD_MTEXT_DEFINED_HEIGHT_END
  0
MTEXT
  5
375
330
347
100
AcDbEntity
  8
尺寸线层
100
AcDbMText
 10
-410.8275815193307
 20
233.5
 30
0.0
 40
45.0
 41
791.3966480446929
 46
119.1620111731844
 71
     1
 72
     1
  1
{\W0.7;\T1.1;屈曲约束支撑}
 73
     1
 44
1.0
1001
CAXA_DRAFT_TXTSCALE
1041
1.0
1001
ACAD
1000
ACAD_MTEXT_DEFINED_HEIGHT_BEGIN
1070
    46
1040
119.1620111731844
1000
ACAD_MTEXT_DEFINED_HEIGHT_END
  0
MTEXT
  5
376
330
347
100
AcDbEntity
  8
尺寸线层
100
AcDbMText
 10
-416.2674353845314
 20
85.42413479611372
 30
0.0
 40
40.0
 41
869.0055865921787
 46
79.10614525139664
 71
     1
 72
     1
  1
{\W0.7;\T1.1;YSX-BRB-2500-L}
 73
     1
 44
1.0
1001
CAXA_DRAFT_TXTSCALE
1041
1.0
1001
ACAD
1000
ACAD_MTEXT_DEFINED_HEIGHT_BEGIN
1070
    46
1040
79.10614525139664
1000
ACAD_MTEXT_DEFINED_HEIGHT_END
  0
MTEXT
  5
377
330
347
100
AcDbEntity
  8
尺寸线层
100
AcDbMText
 10
-629.8771158484737
 20
98.47537968475103
 30
0.0
 40
22.5
 41
187.8938547486034
 46
58.32402234636874
 71
     1
 72
     1
  1
{\T1.1;1:9}
 73
     1
 44
1.0
1001
CAXA_DRAFT_TXTSCALE
1041
1.0
1001
ACAD
1000
ACAD_MTEXT_DEFINED_HEIGHT_BEGIN
1070
    46
1040
58.32402234636874
1000
ACAD_MTEXT_DEFINED_HEIGHT_END
  0
MTEXT
  5
378
330
347
100
AcDbEntity
  8
尺寸线层
100
AcDbMText
 10
-751.6064877124808
 20
107.1592543523905
 30
0.0
 40
22.5
 41
197.4469273743016
 46
56.56424581005587
 71
     1
 72
     1
  1
{\T1.1;/}
 73
     1
 44
1.0
1001
CAXA_DRAFT_TXTSCALE
1041
1.0
1001
ACAD
1000
ACAD_MTEXT_DEFINED_HEIGHT_BEGIN
1070
    46
1040
56.56424581005587
1000
ACAD_MTEXT_DEFINED_HEIGHT_END
  0
ENDBLK
  5
37A
330
347
100
AcDbEntity
  8
0
100
AcDbBlockEnd
  0
BLOCK
  5
396
330
37C
100
AcDbEntity
  8
0
100
AcDbBlockBegin
  2
板1
 70
     0
 10
0.0
 20
0.0
 30
0.0
  3
板1
  1

  0
LINE
  5
37D
330
37C
100
AcDbEntity
  8
粗实线层
100
AcDbLine
 10
0.0
 20
160.0
 30
0.0
 11
300.0
 21
160.0
 31
0.0
  0
LINE
  5
37E
330
37C
100
AcDbEntity
  8
粗实线层
100
AcDbLine
 10
0.0
 20
160.0
 30
0.0
 11
0.0
 21
0.0
 31
0.0
  0
LINE
  5
37F
330
37C
100
AcDbEntity
  8
粗实线层
100
AcDbLine
 10
0.0
 20
0.0
 30
0.0
 11
300.0
 21
0.0
 31
0.0
  0
LINE
  5
380
330
37C
100
AcDbEntity
  8
粗实线层
100
AcDbLine
 10
300.0
 20
0.0
 30
0.0
 11
300.0
 21
160.0
 31
0.0
  0
MTEXT
  5
381
330
37C
100
AcDbEntity
  8
尺寸线层
100
AcDbMText
 10
-50.0
 20
-40.00000000000006
 30
0.0
 40
45.0
 41
1089.45251396648
 46
119.6648044692737
 71
     1
 72
     1
  1
{\W0.7;\T1.1;连接板1 H=20-16件}
 73
     1
 44
1.0
1001
CAXA_DRAFT_TXTSCALE
1041
1.0
1001
ACAD
1000
ACAD_MTEXT_DEFINED_HEIGHT_BEGIN
1070
    46
1040
119.6648044692737
1000
ACAD_MTEXT_DEFINED_HEIGHT_END
  0
DIMENSION
  5
38B
330
37C
100
AcDbEntity
  8
尺寸线层
100
AcDbDimension
  2
*X46
 10
300.0
 20
209.1448099202779
 30
0.0
 11
150.0000004999999
 21
220.9220445571494
 31
0.0
 70
    32
  1
<>
 71
     5
 42
-1.0
 73
     0
 74
     0
 75
     0
  3
CUSTOM_DIMSTYLE
100
AcDbAlignedDimension
 13
0.0
 23
160.0
 33
0.0
 14
300.0
 24
160.0
 34
0.0
100
AcDbRotatedDimension
1001
CX_DbAnnotate_TxtLocPara
1041
0.0
1001
CX_DbAnnotate_SimDimOriTxt
1070
     0
1001
CAXA_DRAFT_DIMARROWREVERSE
1070
     0
1001
ACAD
1000
DSTYLE
1002
{
1070
   173
1070
     1
1002
}
1001
CAXA_DRAFT_DIMARCLENSTYLE
1070
     1
1001
CAXA_DRAFT_DDTSTY_2011R3
1070
     0
1001
ACAD_DSTYLE_DIMINSPECT
1070
   396
1000

1070
   395
1000

1070
   394
1070
     0
1070
   393
1070
     0
1001
CX_DBDIM_TXTFRAME
1070
     0
1070
     0
1001
CDRAFT_DIM_STD_REV_NAME
1000
GB
1000
*DIMSTD
1000

  0
DIMENSION
  5
395
330
37C
100
AcDbEntity
  8
尺寸线层
100
AcDbDimension
  2
*X47
 10
-38.86300849041493
 20
0.0000000000000142
 30
0.0
 11
-50.68912580885058
 21
79.9999995
 31
0.0
 70
    32
  1
160
 71
     5
 42
-1.0
 73
     0
 74
     0
 75
     0
  3
CUSTOM_DIMSTYLE
100
AcDbAlignedDimension
 13
0.0
 23
160.0
 33
0.0
 14
0.0
 24
0.0
 34
0.0
 50
270.0
100
AcDbRotatedDimension
1001
CX_DbAnnotate_TxtLocPara
1041
0.0
1001
CX_DbAnnotate_SimDimOriTxt
1070
     0
1001
CAXA_DRAFT_DIMARROWREVERSE
1070
     0
1001
ACAD
1000
DSTYLE
1002
{
1070
   173
1070
     1
1002
}
1001
CAXA_DRAFT_DIMARCLENSTYLE
1070
     1
1001
CAXA_DRAFT_DDTSTY_2011R3
1070
     0
1001
ACAD_DSTYLE_DIMINSPECT
1070
   396
1000

1070
   395
1000

1070
   394
1070
     0
1070
   393
1070
     0
1001
CX_DBDIM_TXTFRAME
1070
     0
1070
     0
1001
CDRAFT_DIM_STD_REV_NAME
1000
GB
1000
*DIMSTD
1000

  0
ENDBLK
  5
397
330
37C
100
AcDbEntity
  8
0
100
AcDbBlockEnd
  0
BLOCK
  5
383
330
382
100
AcDbEntity
  8
0
100
AcDbBlockBegin
  2
*X46
 70
     1
 10
0.0
 20
0.0
 30
0.0
  3
*X46
  1

  0
LINE
  5
385
330
382
100
AcDbEntity
  8
尺寸线层
  6
Continuous
 62
     3
100
AcDbLine
 10
0.0
 20
209.1448099202779
 30
0.0
 11
300.0
 21
209.1448099202779
 31
0.0
  0
HATCH
  5
386
330
382
100
AcDbEntity
  8
尺寸线层
  6
Continuous
 62
     3
100
AcDbHatch
 10
0.0
 20
0.0
 30
0.0
210
0.0
220
0.0
230
1.0
  2
SOLID
 70
     1
 71
     0
 91
        1
 92
        0
 93
        3
 72
     1
 10
0.0
 20
209.1448099202779
 11
25.0
 21
213.3114765869446
 72
     1
 10
25.0
 20
213.3114765869446
 11
25.0
 21
204.9781432536113
 72
     1
 10
25.0
 20
204.9781432536113
 11
0.0
 21
209.1448099202779
 97
        0
 75
     0
 76
     1
 98
        1
 10
984.7514710679397
 20
121.957880216783
  0
HATCH
  5
387
330
382
100
AcDbEntity
  8
尺寸线层
  6
Continuous
 62
     3
100
AcDbHatch
 10
0.0
 20
0.0
 30
0.0
210
0.0
220
0.0
230
1.0
  2
SOLID
 70
     1
 71
     0
 91
        1
 92
        0
 93
        3
 72
     1
 10
300.0
 20
209.1448099202779
 11
275.0
 21
213.3114765869446
 72
     1
 10
275.0
 20
213.3114765869446
 11
275.0
 21
204.9781432536113
 72
     1
 10
275.0
 20
204.9781432536113
 11
300.0
 21
209.1448099202779
 97
        0
 75
     0
 76
     1
 98
        1
 10
984.7514710679397
 20
121.957880216783
  0
LINE
  5
388
330
382
100
AcDbEntity
  8
尺寸线层
  6
Continuous
 62
     0
100
AcDbLine
 10
0.0
 20
160.0
 30
0.0
 11
0.0
 21
215.3948099202779
 31
0.0
  0
LINE
  5
389
330
382
100
AcDbEntity
  8
尺寸线层
  6
Continuous
 62
     0
100
AcDbLine
 10
300.0
 20
160.0
 30
0.0
 11
300.0
 21
215.3948099202779
 31
0.0
  0
MTEXT
  5
38A
330
382
100
AcDbEntity
  8
尺寸线层
 62
     0
100
AcDbMText
 10
150.0000004999999
 20
220.9220445571494
 30
0.0
 40
17.5
 41
69.6089385474861
 46
35.0
 71
     5
 72
     1
  1
300
 73
     1
 44
1.0
1001
CAXA_DRAFT_TXTSCALE
1041
1.0
1001
ACAD
1000
ACAD_MTEXT_DEFINED_HEIGHT_BEGIN
1070
    46
1040
35.0
1000
ACAD_MTEXT_DEFINED_HEIGHT_END
  0
ENDBLK
  5
384
330
382
100
AcDbEntity
  8
0
100
AcDbBlockEnd
  0
BLOCK
  5
38D
330
38C
100
AcDbEntity
  8
0
100
AcDbBlockBegin
  2
*X47
 70
     1
 10
0.0
 20
0.0
 30
0.0
  3
*X47
  1

  0
LINE
  5
38F
330
38C
100
AcDbEntity
  8
尺寸线层
  6
Continuous
 62
     3
100
AcDbLine
 10
-38.86300849041481
 20
160.0
 30
0.0
 11
-38.86300849041481
 21
0.0
 31
0.0
  0
HATCH
  5
390
330
38C
100
AcDbEntity
  8
尺寸线层
  6
Continuous
 62
     3
100
AcDbHatch
 10
0.0
 20
0.0
 30
0.0
210
0.0
220
0.0
230
1.0
  2
SOLID
 70
     1
 71
     0
 91
        1
 92
        0
 93
        3
 72
     1
 10
-38.86300849041481
 20
160.0
 11
-34.69634182374818
 21
135.0
 72
     1
 10
-34.69634182374818
 20
135.0
 11
-43.02967515708156
 21
135.0
 72
     1
 10
-43.02967515708156
 20
135.0
 11
-38.86300849041481
 21
160.0
 97
        0
 75
     0
 76
     1
 98
        1
 10
984.7514710679397
 20
121.957880216783
  0
HATCH
  5
391
330
38C
100
AcDbEntity
  8
尺寸线层
  6
Continuous
 62
     3
100
AcDbHatch
 10
0.0
 20
0.0
 30
0.0
210
0.0
220
0.0
230
1.0
  2
SOLID
 70
     1
 71
     0
 91
        1
 92
        0
 93
        3
 72
     1
 10
-38.86300849041481
 20
0.0
 11
-34.69634182374818
 21
25.0
 72
     1
 10
-34.69634182374818
 20
25.0
 11
-43.02967515708156
 21
25.0
 72
     1
 10
-43.02967515708156
 20
25.0
 11
-38.86300849041481
 21
0.0
 97
        0
 75
     0
 76
     1
 98
        1
 10
984.7514710679397
 20
121.957880216783
  0
LINE
  5
392
330
38C
100
AcDbEntity
  8
尺寸线层
  6
Continuous
 62
     0
100
AcDbLine
 10
0.0
 20
160.0
 30
0.0
 11
-45.11300849041481
 21
160.0
 31
0.0
  0
LINE
  5
393
330
38C
100
AcDbEntity
  8
尺寸线层
  6
Continuous
 62
     0
100
AcDbLine
 10
0.0
 20
0.0
 30
0.0
 11
-45.11300849041481
 21
0.0
 31
0.0
  0
MTEXT
  5
394
330
38C
100
AcDbEntity
  8
尺寸线层
 62
     0
100
AcDbMText
 10
-50.68912580885058
 20
79.9999995
 30
0.0
 40
17.5
 41
66.87150837988827
 46
35.0
 71
     5
 72
     1
  1
160
 11
6.123233995736766E-17
 21
1.0
 31
0.0
 73
     1
 44
1.0
1001
CAXA_DRAFT_TXTSCALE
1041
1.0
1001
ACAD
1000
ACAD_MTEXT_DEFINED_HEIGHT_BEGIN
1070
    46
1040
35.0
1000
ACAD_MTEXT_DEFINED_HEIGHT_END
  0
ENDBLK
  5
38E
330
38C
100
AcDbEntity
  8
0
100
AcDbBlockEnd
  0
ENDSEC
  0
SECTION
  2
ENTITIES
  0
MTEXT
  5
118
330
1F
100
AcDbEntity
  8
尺寸线层
100
AcDbMText
 10
573.2853232252536
 20
-198.1425095335573
 30
0.0
 40
45.0
 41
1853.859217877095
 46
460.4688402234638
 71
     1
 72
     1
  1
{\W0.7;\T1.1;       技术要求 \P\H0.6x;1.焊缝满足图纸大小要求，不得有气孔、夹渣等。\P2.表面喷涂环氧富锌底漆2遍，面漆一遍，表面光滑。\P3.产品总长度控制在正负3毫米以内。\P\H1.66667x;\W1;\T1; }
 73
     1
 44
1.0
1001
CAXA_DRAFT_TXTSCALE
1041
1.0
1001
ACAD
1000
ACAD_MTEXT_DEFINED_HEIGHT_BEGIN
1070
    46
1040
460.4688402234638
1000
ACAD_MTEXT_DEFINED_HEIGHT_END
  0
INSERT
  5
119
330
1F
100
AcDbEntity
  8
粗实线层
100
AcDbBlockReference
  2
图框
 10
-1336.5
 20
-945.0
 30
0.0
 41
0.9999999999999999
1001
CAXA_DRAFT_BLKHIDE
1070
     0
  0
INSERT
  5
125
330
1F
100
AcDbEntity
  8
0
100
AcDbBlockReference
  2
主视图
 10
-1100.0
 20
550.0
 30
0.0
 41
0.9999999999999998
1001
CAXA_DRAFT_BLKHIDE
1070
     0
  0
INSERT
  5
1D1
330
1F
100
AcDbEntity
  8
尺寸线层
100
AcDbBlockReference
  2
*X14
 10
-944.9645936192927
 20
444.0861652868721
 30
0.0
 41
0.9999999999999998
1001
CAXA_DRAFT_BLKHIDE
1070
     0
  0
INSERT
  5
1DB
330
1F
100
AcDbEntity
  8
尺寸线层
100
AcDbBlockReference
  2
*X15
 10
-737.0589999999997
 20
547.177687656849
 30
0.0
 41
0.9999999999999998
1001
CAXA_DRAFT_BLKHIDE
1070
     0
  0
INSERT
  5
1E4
330
1F
100
AcDbEntity
  8
尺寸线层
100
AcDbBlockReference
  2
*X16
 10
-479.9979507023982
 20
550.5020045576488
 30
0.0
 41
0.9999999999999999
1001
CAXA_DRAFT_BLKHIDE
1070
     0
  0
INSERT
  5
1ED
330
1F
100
AcDbEntity
  8
0
100
AcDbBlockReference
  2
端面
 10
450.0
 20
550.797999382019
 30
0.0
 41
0.9999999999999999
1001
CAXA_DRAFT_BLKHIDE
1070
     0
  0
INSERT
  5
275
330
1F
100
AcDbEntity
  8
尺寸线层
100
AcDbBlockReference
  2
*X27
 10
468.0
 20
498.797999382019
 30
0.0
 41
0.9999999999999999
1001
CAXA_DRAFT_BLKHIDE
1070
     0
  0
INSERT
  5
284
330
1F
100
AcDbEntity
  8
0
100
AcDbBlockReference
  2
耗能面
 10
1000.0
 20
550.7980000000016
 30
0.0
 41
0.9999999999999999
1001
CAXA_DRAFT_BLKHIDE
1070
     0
  0
INSERT
  5
2A9
330
1F
100
AcDbEntity
  8
0
100
AcDbBlockReference
  2
板2
 10
-421.1267096630721
 20
-253.3956639477761
 30
0.0
 41
0.9999999999999996
1001
CAXA_DRAFT_BLKHIDE
1070
     0
  0
INSERT
  5
2C6
330
1F
100
AcDbEntity
  8
0
100
AcDbBlockReference
  2
挡板
 10
310.5515400867346
 20
-172.0211962245143
 30
0.0
 41
0.9999999999999999
 42
0.9999999999999999
1001
CAXA_DRAFT_BLKHIDE
1070
     0
  0
INSERT
  5
346
330
1F
100
AcDbEntity
  8
0
100
AcDbBlockReference
  2
标题
 10
1246.5
 20
-854.9999999999976
 30
0.0
 41
0.9999999999999999
1001
CAXA_DRAFT_BLKHIDE
1070
     0
  0
INSERT
  5
37B
330
1F
100
AcDbEntity
  8
0
100
AcDbBlockReference
  2
板1
 10
-1031.296825635625
 20
-305.975153877852
 30
0.0
1001
CAXA_DRAFT_BLKHIDE
1070
     0
  0
MTEXT
  5
398
330
1F
100
AcDbEntity
  8
尺寸线层
100
AcDbMText
 10
-1063.601527140232
 20
-650.6837239854767
 30
0.0
 40
50.0
 41
546.381677397596
 46
66.20111731843576
 71
     1
 72
     1
  1
芯板材料：Q235
 73
     1
 44
1.0
1001
CAXA_DRAFT_TXTSCALE
1041
1.0
1001
ACAD
1000
ACAD_MTEXT_DEFINED_HEIGHT_BEGIN
1070
    46
1040
66.20111731843576
1000
ACAD_MTEXT_DEFINED_HEIGHT_END
  0
VIEWPORT
  5
39B
330
1B
100
AcDbEntity
 67
     1
  8
0
100
AcDbViewport
 10
0.0
 20
0.0
 30
0.0
 40
300.0
 41
220.0
 68
     1
 69
     1
 12
0.0
 22
0.0
 13
0.0
 23
0.0
 14
10.0
 24
10.0
 15
10.0
 25
10.0
 16
0.0
 26
0.0
 36
1.0
 17
0.0
 27
0.0
 37
0.0
 42
50.0
 43
0.0
 44
0.0
 45
1.0
 50
0.0
 51
0.0
 72
   100
 90
   557152
  1

281
     0
 71
     1
 74
     0
110
0.0
120
0.0
130
0.0
111
1.0
121
0.0
131
0.0
112
0.0
122
1.0
132
0.0
 79
     0
146
0.0
170
     0
 61
     5
348
2F
292
     1
282
     1
141
0.0
142
0.0
 63
   256
  0
ENDSEC
  0
SECTION
  2
OBJECTS
  0
DICTIONARY
  5
C
330
0
100
AcDbDictionary
281
     1
  3
ACAD_DETAILVIEWSTYLE
350
3E6
  3
ACAD_GROUP
350
D
  3
ACAD_LAYOUT
350
1A
  3
ACAD_MATERIAL
350
43
  3
ACAD_MLEADERSTYLE
350
5B
  3
ACAD_MLINESTYLE
350
17
  3
ACAD_PLOTSETTINGS
350
19
  3
ACAD_PLOTSTYLENAME
350
E
  3
ACAD_SCALELIST
350
47
  3
ACAD_SECTIONVIEWSTYLE
350
3E7
  3
ACAD_TABLESTYLE
350
59
  3
ACAD_VISUALSTYLE
350
2A
  3
ACAD_WIPEOUT_VARS
350
39C
  3
ACDB_RECOMPOSE_DATA
350
3E3
  3
AcDbVariableDictionary
350
3A9
  3
CAXA_DRAFT_BOMSTYLE
350
110
  3
CAXA_DRAFT_CUTSSTYLE
350
104
  3
CAXA_DRAFT_CUTSSTYLEOVERRIDE
350
108
  3
CAXA_DRAFT_DATATABLE*Model_Space
350
116
  3
CAXA_DRAFT_DATATABLE*Paper_Space
350
399
  3
CAXA_DRAFT_DATUMSTYLE
350
FE
  3
CAXA_DRAFT_DATUMSTYLEOVERRIDE
350
102
  3
CAXA_DRAFT_DIMSTYLE_ANGTXTVPOS
350
39D
  3
CAXA_DRAFT_DIMSTYLE_ISDISPZEROTOL
350
3A1
  3
CAXA_DRAFT_DIMSTYLE_ISFILLDFM
350
39F
  3
CAXA_DRAFT_DIMSTYLE_SYMBOLCOLOR
350
3A3
  3
CAXA_DRAFT_DRAFTDATA
350
3A5
  3
CAXA_DRAFT_FILEVERSION
350
D0
  3
CAXA_DRAFT_GEOTOLSTYLE
350
F8
  3
CAXA_DRAFT_GEOTOLSTYLEOVERRIDE
350
FC
  3
CAXA_DRAFT_LEADERSTYLE
350
E9
  3
CAXA_DRAFT_PARTNOSTYLE
350
10A
  3
CAXA_DRAFT_PARTNOSTYLEOVERRIDE
350
10E
  3
CAXA_DRAFT_ROUGHSTYLE
350
F2
  3
CAXA_DRAFT_ROUGHSTYLEOVERRIDE
350
F6
  3
CAXA_DRAFT_STDDATA
350
3A7
  3
CAXA_DRAFT_WELDSTYLE
350
EC
  3
CAXA_DRAFT_WELDSTYLEOVERRIDE
350
F0
  0
SUN
  5
5D
330
29
100
AcDbSun
 90
        1
290
     0
 63
     7
421
 16777215
 40
1.0
291
     1
 91
  2455826
 92
 54000000
292
     0
 70
     2
 71
   256
280
     1
  0
DICTIONARY
  5
3E6
102
{ACAD_REACTORS
330
C
102
}
330
C
100
AcDbDictionary
281
     1
  0
DICTIONARY
  5
D
102
{ACAD_REACTORS
330
C
102
}
330
C
100
AcDbDictionary
281
     1
  0
DICTIONARY
  5
1A
102
{ACAD_REACTORS
330
C
102
}
330
C
100
AcDbDictionary
281
     1
  3
Layout1
350
1E
  3
Model
350
22
  0
DICTIONARY
  5
43
102
{ACAD_REACTORS
330
C
102
}
330
C
100
AcDbDictionary
281
     1
  3
ByBlock
350
45
  3
ByLayer
350
44
  3
Global
350
46
  0
DICTIONARY
  5
5B
102
{ACAD_REACTORS
330
C
102
}
330
C
100
AcDbDictionary
281
     1
  3
Standard
350
5C
  0
DICTIONARY
  5
17
102
{ACAD_REACTORS
330
C
102
}
330
C
100
AcDbDictionary
281
     1
  3
Standard
350
18
  3
标准
350
114
  0
DICTIONARY
  5
19
102
{ACAD_REACTORS
330
C
102
}
330
C
100
AcDbDictionary
281
     1
  0
ACDBDICTIONARYWDFLT
  5
E
102
{ACAD_REACTORS
330
C
102
}
330
C
100
AcDbDictionary
281
     1
  3
Normal
350
F
100
AcDbDictionaryWithDefault
340
F
  0
DICTIONARY
  5
47
102
{ACAD_REACTORS
330
C
102
}
330
C
100
AcDbDictionary
281
     1
  3
A0
350
48
  3
A1
350
49
  3
A2
350
4A
  3
A3
350
4B
  3
A4
350
4C
  3
A5
350
4D
  3
A6
350
4E
  3
A7
350
4F
  3
A8
350
50
  3
A9
350
51
  3
B0
350
52
  3
B1
350
53
  3
B2
350
54
  3
B3
350
55
  3
B4
350
56
  3
B5
350
57
  3
B6
350
58
  0
DICTIONARY
  5
3E7
102
{ACAD_REACTORS
330
C
102
}
330
C
100
AcDbDictionary
281
     1
  0
DICTIONARY
  5
59
102
{ACAD_REACTORS
330
C
102
}
330
C
100
AcDbDictionary
281
     1
  3
Standard
350
5A
  3
标准
350
115
  0
DICTIONARY
  5
2A
102
{ACAD_REACTORS
330
C
102
}
330
C
100
AcDbDictionary
281
     1
  3
2dWireframe
350
2F
  3
Basic
350
32
  3
Brighten
350
36
  3
ColorChange
350
3A
  3
Conceptual
350
34
  3
Dim
350
35
  3
EdgeColorOff
350
3D
  3
Facepattern
350
39
  3
Flat
350
2B
  3
FlatWithEdges
350
2C
  3
Gouraud
350
2D
  3
GouraudWithEdges
350
2E
  3
Hidden
350
31
  3
JitterOff
350
3B
  3
Linepattern
350
38
  3
OverhangOff
350
3C
  3
Realistic
350
33
  3
Shaded
350
42
  3
Shaded with edges
350
41
  3
Shades of Gray
350
3E
  3
Sketchy
350
3F
  3
Thicken
350
37
  3
Wireframe
350
30
  3
X-Ray
350
40
  0
WIPEOUTVARIABLES
  5
39C
102
{ACAD_REACTORS
330
C
102
}
330
C
100
AcDbWipeoutVariables
 70
     1
  0
XRECORD
  5
3E3
102
{ACAD_REACTORS
330
C
102
}
330
C
100
AcDbXrecord
280
     1
 90
        1
330
5A
330
115
  0
DICTIONARY
  5
3A9
102
{ACAD_REACTORS
330
C
102
}
330
C
100
AcDbDictionary
281
     1
  3
CANNOSCALE
350
3AA
  3
CENTEREXE
350
3E8
  3
CENTERLTYPEFILE
350
3E9
  3
CMLEADERSTYLE
350
3E5
  3
CTABLESTYLE
350
3E4
  3
XCLIPFRAME
350
3AB
  0
DICTIONARY
  5
110
102
{ACAD_REACTORS
330
C
102
}
330
C
100
AcDbDictionary
281
     1
  3
CAXA_DRAFT_CURRENTBOMSTYLE
350
111
  3
GB(4458.2-2003)
350
113
  3
标准
350
112
  0
DICTIONARY
  5
104
102
{ACAD_REACTORS
330
C
102
}
330
C
100
AcDbDictionary
281
     1
  3
CAXA_DRAFT_CURRENTCUTSSTYLE
350
105
  3
GB(17452-1998)
350
107
  3
标准
350
106
  0
DICTIONARY
  5
108
102
{ACAD_REACTORS
330
C
102
}
330
C
100
AcDbDictionary
281
     1
  3
CAXA_DRAFT_CUTSSTYLEOVERRIDE
350
109
  0
DICTIONARY
  5
116
102
{ACAD_REACTORS
330
C
102
}
330
C
100
AcDbDictionary
281
     1
  3
CAXA_DRAFT_DATATABLE*Model_Space
350
117
  0
DICTIONARY
  5
399
102
{ACAD_REACTORS
330
C
102
}
330
C
100
AcDbDictionary
281
     1
  3
CAXA_DRAFT_DATATABLE*Paper_Space
350
39A
  0
DICTIONARY
  5
FE
102
{ACAD_REACTORS
330
C
102
}
330
C
100
AcDbDictionary
281
     1
  3
CAXA_DRAFT_CURRENTDATUMSTYLE
350
FF
  3
GB(1182-2008)
350
101
  3
标准
350
100
  0
DICTIONARY
  5
102
102
{ACAD_REACTORS
330
C
102
}
330
C
100
AcDbDictionary
281
     1
  3
CAXA_DRAFT_DATUMSTYLEOVERRIDE
350
103
  0
DICTIONARY
  5
39D
102
{ACAD_REACTORS
330
C
102
}
330
C
100
AcDbDictionary
281
     1
  3
CAXA_DRAFT_DIMSTYLE_ANGTXTVPOS
350
39E
  0
DICTIONARY
  5
3A1
102
{ACAD_REACTORS
330
C
102
}
330
C
100
AcDbDictionary
281
     1
  3
CAXA_DRAFT_DIMSTYLE_ISDISPZEROTOL
350
3A2
  0
DICTIONARY
  5
39F
102
{ACAD_REACTORS
330
C
102
}
330
C
100
AcDbDictionary
281
     1
  3
CAXA_DRAFT_DIMSTYLE_ISFILLDFM
350
3A0
  0
DICTIONARY
  5
3A3
102
{ACAD_REACTORS
330
C
102
}
330
C
100
AcDbDictionary
281
     1
  3
CAXA_DRAFT_DIMSTYLE_SYMBOLCOLOR
350
3A4
  0
DICTIONARY
  5
3A5
102
{ACAD_REACTORS
330
C
102
}
330
C
100
AcDbDictionary
281
     1
  3
CAXA_DRAFT_DRAFTDATA
350
3A6
  0
DICTIONARY
  5
D0
102
{ACAD_REACTORS
330
C
102
}
330
C
100
AcDbDictionary
281
     1
  3
CAXA_DRAFT_FILEVERSION
350
D1
  0
DICTIONARY
  5
F8
102
{ACAD_REACTORS
330
C
102
}
330
C
100
AcDbDictionary
281
     1
  3
CAXA_DRAFT_CURRENTGEOTOLSTYLE
350
F9
  3
GB(1182-2008)
350
FB
  3
标准
350
FA
  0
DICTIONARY
  5
FC
102
{ACAD_REACTORS
330
C
102
}
330
C
100
AcDbDictionary
281
     1
  3
CAXA_DRAFT_GEOTOLSTYLEOVERRIDE
350
FD
  0
DICTIONARY
  5
E9
102
{ACAD_REACTORS
330
C
102
}
330
C
100
AcDbDictionary
281
     1
  3
CAXA_DRAFT_CURRENTLEADERSTYLE
350
EA
  3
标准
350
EB
  0
DICTIONARY
  5
10A
102
{ACAD_REACTORS
330
C
102
}
330
C
100
AcDbDictionary
281
     1
  3
CAXA_DRAFT_CURRENTPARTNOSTYLE
350
10B
  3
GB(4458.2-2003)
350
10D
  3
标准
350
10C
  0
DICTIONARY
  5
10E
102
{ACAD_REACTORS
330
C
102
}
330
C
100
AcDbDictionary
281
     1
  3
CAXA_DRAFT_PARTNOSTYLEOVERRIDE
350
10F
  0
DICTIONARY
  5
F2
102
{ACAD_REACTORS
330
C
102
}
330
C
100
AcDbDictionary
281
     1
  3
CAXA_DRAFT_CURRENTROUGHSTYLE
350
F3
  3
GB(131-93)
350
F5
  3
标准
350
F4
  0
DICTIONARY
  5
F6
102
{ACAD_REACTORS
330
C
102
}
330
C
100
AcDbDictionary
281
     1
  3
CAXA_DRAFT_ROUGHSTYLEOVERRIDE
350
F7
  0
DICTIONARY
  5
3A7
102
{ACAD_REACTORS
330
C
102
}
330
C
100
AcDbDictionary
281
     1
  3
CAXA_DRAFT_STDDATA
350
3A8
  0
DICTIONARY
  5
EC
102
{ACAD_REACTORS
330
C
102
}
330
C
100
AcDbDictionary
281
     1
  3
CAXA_DRAFT_CURRENTWELDSTYLE
350
ED
  3
GB(324-88)
350
EF
  3
标准
350
EE
  0
DICTIONARY
  5
F0
102
{ACAD_REACTORS
330
C
102
}
330
C
100
AcDbDictionary
281
     1
  3
CAXA_DRAFT_WELDSTYLEOVERRIDE
350
F1
  0
LAYOUT
  5
1E
102
{ACAD_REACTORS
330
1A
102
}
330
1A
100
AcDbPlotSettings
  1

  2
none_device
  4
ISO_A3_(297.00_x_420.00_MM)
  6

 40
7.5
 41
20.0
 42
7.5
 43
20.0
 44
297.0
 45
420.0
 46
0.0
 47
0.0
 48
0.0
 49
0.0
140
0.0
141
0.0
142
1.0
143
1.0
 70
   672
 72
     1
 73
     0
 74
     5
  7

 75
    16
 76
     0
 77
     2
 78
   300
147
1.0
148
0.0
149
0.0
100
AcDbLayout
  1
Layout1
 70
     1
 71
     1
 10
0.0
 20
0.0
 11
420.0
 21
297.0
 12
0.0
 22
0.0
 32
0.0
 14
1.000000000000000E+20
 24
1.000000000000000E+20
 34
1.000000000000000E+20
 15
-1.000000000000000E+20
 25
-1.000000000000000E+20
 35
-1.000000000000000E+20
146
0.0
 13
0.0
 23
0.0
 33
0.0
 16
1.0
 26
0.0
 36
0.0
 17
0.0
 27
1.0
 37
0.0
 76
     0
330
1B
331
39B
  0
LAYOUT
  5
22
102
{ACAD_REACTORS
330
1A
102
}
330
1A
100
AcDbPlotSettings
  1

  2
none_device
  4
Letter_(8.50_x_11.00_Inches)
  6

 40
6.35
 41
6.35
 42
6.35000508
 43
6.35000508
 44
215.9
 45
279.4
 46
0.0
 47
0.0
 48
0.0
 49
0.0
140
0.0
141
0.0
142
1.0
143
1.0
 70
  1712
 72
     1
 73
     0
 74
     0
  7

 75
     0
 76
     0
 77
     2
 78
   300
147
1.0
148
0.0
149
0.0
100
AcDbLayout
  1
Model
 70
     1
 71
     0
 10
0.0
 20
0.0
 11
420.0
 21
297.0
 12
0.0
 22
0.0
 32
0.0
 14
155.2791659569488
 24
427.725850040698
 34
0.0
 15
667.7943812125151
 25
639.7824100035831
 35
0.0
146
0.0
 13
0.0
 23
0.0
 33
0.0
 16
1.0
 26
0.0
 36
0.0
 17
0.0
 27
1.0
 37
0.0
 76
     0
330
1F
331
29
  0
MATERIAL
  5
45
102
{ACAD_REACTORS
330
43
102
}
330
43
100
AcDbMaterial
  1
ByBlock
 72
     1
 94
      127
  0
MATERIAL
  5
44
102
{ACAD_REACTORS
330
43
102
}
330
43
100
AcDbMaterial
  1
ByLayer
 72
     1
 94
      127
  0
MATERIAL
  5
46
102
{ACAD_REACTORS
330
43
102
}
330
43
100
AcDbMaterial
  1
Global
 72
     1
 94
      127
  0
MLEADERSTYLE
  5
5C
102
{ACAD_REACTORS
330
5B
102
}
102
{ACAD_XDICTIONARY
360
3E1
102
}
330
5B
100
AcDbMLeaderStyle
170
     2
171
     1
172
     0
 90
        2
 40
0.0
 41
0.0
173
     1
 91
-1056964608
340
14
 92
       -2
290
     1
 42
2.0
291
     1
 43
8.0
  3
Standard
341
0
 44
4.0
300

342
11
174
     1
178
     6
175
     1
176
     0
 93
-1056964608
 45
4.0
292
     0
297
     0
 46
4.0
343
0
 94
-1056964608
 47
1.0
 49
1.0
140
1.0
293
     1
141
0.0
294
     1
177
     0
142
1.0
295
     0
296
     0
143
3.75
1001
ACAD_MLEADERVER
1070
     2
  0
MLINESTYLE
  5
18
102
{ACAD_REACTORS
330
17
102
}
330
17
100
AcDbMlineStyle
  2
Standard
 70
     0
  3

 62
   256
 51
90.0
 52
90.0
 71
     2
 49
0.5
 62
   256
  6
BYLAYER
 49
-0.5
 62
   256
  6
BYLAYER
  0
MLINESTYLE
  5
114
102
{ACAD_REACTORS
330
17
102
}
330
17
100
AcDbMlineStyle
  2
标准
 70
     0
  3
标准
 62
   256
 51
90.0
 52
90.0
 71
     2
 49
0.5
 62
   256
  6
BYLAYER
 49
-0.5
 62
   256
  6
BYLAYER
  0
ACDBPLACEHOLDER
  5
F
102
{ACAD_REACTORS
330
E
102
}
330
E
  0
SCALE
  5
48
102
{ACAD_REACTORS
330
47
102
}
330
47
100
AcDbScale
 70
     0
300
1:1
140
1.0
141
1.0
290
     1
  0
SCALE
  5
49
102
{ACAD_REACTORS
330
47
102
}
330
47
100
AcDbScale
 70
     0
300
1:2
140
1.0
141
2.0
290
     0
  0
SCALE
  5
4A
102
{ACAD_REACTORS
330
47
102
}
330
47
100
AcDbScale
 70
     0
300
1:4
140
1.0
141
4.0
290
     0
  0
SCALE
  5
4B
102
{ACAD_REACTORS
330
47
102
}
330
47
100
AcDbScale
 70
     0
300
1:5
140
1.0
141
5.0
290
     0
  0
SCALE
  5
4C
102
{ACAD_REACTORS
330
47
102
}
330
47
100
AcDbScale
 70
     0
300
1:8
140
1.0
141
8.0
290
     0
  0
SCALE
  5
4D
102
{ACAD_REACTORS
330
47
102
}
330
47
100
AcDbScale
 70
     0
300
1:10
140
1.0
141
10.0
290
     0
  0
SCALE
  5
4E
102
{ACAD_REACTORS
330
47
102
}
330
47
100
AcDbScale
 70
     0
300
1:16
140
1.0
141
16.0
290
     0
  0
SCALE
  5
4F
102
{ACAD_REACTORS
330
47
102
}
330
47
100
AcDbScale
 70
     0
300
1:20
140
1.0
141
20.0
290
     0
  0
SCALE
  5
50
102
{ACAD_REACTORS
330
47
102
}
330
47
100
AcDbScale
 70
     0
300
1:30
140
1.0
141
30.0
290
     0
  0
SCALE
  5
51
102
{ACAD_REACTORS
330
47
102
}
330
47
100
AcDbScale
 70
     0
300
1:40
140
1.0
141
40.0
290
     0
  0
SCALE
  5
52
102
{ACAD_REACTORS
330
47
102
}
330
47
100
AcDbScale
 70
     0
300
1:50
140
1.0
141
50.0
290
     0
  0
SCALE
  5
53
102
{ACAD_REACTORS
330
47
102
}
330
47
100
AcDbScale
 70
     0
300
1:100
140
1.0
141
100.0
290
     0
  0
SCALE
  5
54
102
{ACAD_REACTORS
330
47
102
}
330
47
100
AcDbScale
 70
     0
300
2:1
140
2.0
141
1.0
290
     0
  0
SCALE
  5
55
102
{ACAD_REACTORS
330
47
102
}
330
47
100
AcDbScale
 70
     0
300
4:1
140
4.0
141
1.0
290
     0
  0
SCALE
  5
56
102
{ACAD_REACTORS
330
47
102
}
330
47
100
AcDbScale
 70
     0
300
8:1
140
8.0
141
1.0
290
     0
  0
SCALE
  5
57
102
{ACAD_REACTORS
330
47
102
}
330
47
100
AcDbScale
 70
     0
300
10:1
140
10.0
141
1.0
290
     0
  0
SCALE
  5
58
102
{ACAD_REACTORS
330
47
102
}
330
47
100
AcDbScale
 70
     0
300
100:1
140
100.0
141
1.0
290
     0
  0
TABLESTYLE
  5
5A
102
{ACAD_REACTORS
330
59
102
}
102
{ACAD_XDICTIONARY
360
3DC
102
}
330
59
100
AcDbTableStyle
  3
Standard
 70
     0
 71
     0
 40
0.06
 41
0.06
280
     0
281
     0
  7
Standard
140
4.5
170
     2
 62
     0
 63
   257
283
     0
 90
        0
 91
        0
  1

274
    -2
284
     1
 64
     0
275
    -2
285
     1
 65
     0
276
    -2
286
     1
 66
     0
277
    -2
287
     1
 67
     0
278
    -2
288
     1
 68
     0
279
    -2
289
     1
 69
     0
  7
Standard
140
6.0
170
     5
 62
     0
 63
   257
283
     0
 90
        0
 91
        0
  1

274
    -2
284
     1
 64
     0
275
    -2
285
     1
 65
     0
276
    -2
286
     1
 66
     0
277
    -2
287
     1
 67
     0
278
    -2
288
     1
 68
     0
279
    -2
289
     1
 69
     0
  7
Standard
140
4.5
170
     5
 62
     0
 63
   257
283
     0
 90
        0
 91
        0
  1

274
    -2
284
     1
 64
     0
275
    -2
285
     1
 65
     0
276
    -2
286
     1
 66
     0
277
    -2
287
     1
 67
     0
278
    -2
288
     1
 68
     0
279
    -2
289
     1
 69
     0
  0
TABLESTYLE
  5
115
102
{ACAD_REACTORS
330
59
102
}
102
{ACAD_XDICTIONARY
360
3DE
102
}
330
59
100
AcDbTableStyle
  3

 70
     0
 71
     1
 40
0.06
 41
0.06
280
     0
281
     0
  7
标准
140
4.5
170
     2
 62
     0
 63
   257
283
     0
 90
        0
 91
        0
  1

274
    -2
284
     1
 64
     0
275
    -2
285
     1
 65
     0
276
    -2
286
     1
 66
     0
277
    -2
287
     1
 67
     0
278
    -2
288
     1
 68
     0
279
    -2
289
     1
 69
     0
  7
标准
140
6.0
170
     5
 62
     0
 63
   257
283
     0
 90
        0
 91
        0
  1

274
    -2
284
     1
 64
     0
275
    -2
285
     1
 65
     0
276
    -2
286
     1
 66
     0
277
    -2
287
     1
 67
     0
278
    -2
288
     1
 68
     0
279
    -2
289
     1
 69
     0
  7
标准
140
4.5
170
     5
 62
     0
 63
   257
283
     0
 90
        0
 91
        0
  1

274
    -2
284
     1
 64
     0
275
    -2
285
     1
 65
     0
276
    -2
286
     1
 66
     0
277
    -2
287
     1
 67
     0
278
    -2
288
     1
 68
     0
279
    -2
289
     1
 69
     0
  0
VISUALSTYLE
  5
2F
102
{ACAD_REACTORS
330
2A
102
}
102
{ACAD_XDICTIONARY
360
3B4
102
}
330
2A
100
AcDbVisualStyle
  2
2dWireframe
 70
     4
 71
     0
 72
     2
 73
     0
 90
        0
 40
0.6
 41
30.0
 62
     5
 63
     7
421
 16777215
 74
     1
 91
        4
 64
     7
 65
   257
 75
     1
175
     1
 42
1.0
 92
        0
 66
   257
 43
1.0
 76
     1
 77
     6
 78
     2
 67
     7
 79
     5
170
     0
171
     0
290
     0
174
     0
 93
        1
 44
0.0
173
     0
291
     0
 45
0.0
  0
VISUALSTYLE
  5
32
102
{ACAD_REACTORS
330
2A
102
}
102
{ACAD_XDICTIONARY
360
3BA
102
}
330
2A
100
AcDbVisualStyle
  2
Basic
 70
     7
 71
     1
 72
     0
 73
     1
 90
        0
 40
0.6
 41
30.0
 62
     5
 63
     7
421
 16777215
 74
     0
 91
        4
 64
     7
 65
   257
 75
     1
175
     1
 42
1.0
 92
        8
 66
     7
 43
1.0
 76
     1
 77
     6
 78
     2
 67
     7
 79
     5
170
     0
171
     0
290
     0
174
     0
 93
        1
 44
0.0
173
     0
291
     1
 45
0.0
  0
VISUALSTYLE
  5
36
102
{ACAD_REACTORS
330
2A
102
}
102
{ACAD_XDICTIONARY
360
3C2
102
}
330
2A
100
AcDbVisualStyle
  2
Brighten
 70
    12
 71
     2
 72
     2
 73
     0
 90
        0
 40
0.6
 41
30.0
 62
     5
 63
     7
421
 16777215
 74
     1
 91
        4
 64
     7
 65
   257
 75
     1
175
     1
 42
1.0
 92
        8
 66
     7
 43
1.0
 76
     1
 77
     6
 78
     2
 67
     7
 79
     5
170
     0
171
     0
290
     0
174
     0
 93
        1
 44
50.0
173
     0
291
     1
 45
0.0
  0
VISUALSTYLE
  5
3A
102
{ACAD_REACTORS
330
2A
102
}
102
{ACAD_XDICTIONARY
360
3CA
102
}
330
2A
100
AcDbVisualStyle
  2
ColorChange
 70
    16
 71
     2
 72
     2
 73
     3
 90
        0
 40
0.6
 41
30.0
 62
     5
 63
     8
421
  8421504
 74
     1
 91
        4
 64
     7
 65
   257
 75
     1
175
     1
 42
1.0
 92
        8
 66
     8
424
  8421504
 43
1.0
 76
     1
 77
     6
 78
     2
 67
     7
 79
     5
170
     0
171
     0
290
     0
174
     0
 93
        1
 44
0.0
173
     0
291
     1
 45
0.0
  0
VISUALSTYLE
  5
34
102
{ACAD_REACTORS
330
2A
102
}
102
{ACAD_XDICTIONARY
360
3BE
102
}
330
2A
100
AcDbVisualStyle
  2
Conceptual
 70
     9
 71
     3
 72
     2
 73
     0
 90
        0
 40
0.6
 41
30.0
 62
     5
 63
     7
421
 16777215
 74
     2
 91
        2
 64
     7
 65
   257
 75
     1
175
     1
 42
179.0
 92
        8
 66
     7
 43
1.0
 76
     1
 77
     6
 78
     2
 67
     7
 79
     3
170
     0
171
     0
290
     0
174
     0
 93
        1
 44
0.0
173
     0
291
     0
 45
0.0
  0
VISUALSTYLE
  5
35
102
{ACAD_REACTORS
330
2A
102
}
102
{ACAD_XDICTIONARY
360
3C0
102
}
330
2A
100
AcDbVisualStyle
  2
Dim
 70
    11
 71
     2
 72
     2
 73
     0
 90
        0
 40
0.6
 41
30.0
 62
     5
 63
     7
421
 16777215
 74
     1
 91
        4
 64
     7
 65
   257
 75
     1
175
     1
 42
1.0
 92
        8
 66
     7
 43
1.0
 76
     1
 77
     6
 78
     2
 67
     7
 79
     5
170
     0
171
     0
290
     0
174
     0
 93
        1
 44
-50.0
173
     0
291
     1
 45
0.0
  0
VISUALSTYLE
  5
3D
102
{ACAD_REACTORS
330
2A
102
}
102
{ACAD_XDICTIONARY
360
3D0
102
}
330
2A
100
AcDbVisualStyle
  2
EdgeColorOff
 70
    22
 71
     2
 72
     2
 73
     0
 90
        0
 40
0.6
 41
30.0
 62
     5
 63
     7
421
 16777215
 74
     1
 91
        4
 64
     7
 65
   257
 75
     1
175
     1
 42
1.0
 92
        8
 66
     7
 43
1.0
 76
     1
 77
     6
 78
     2
 67
     7
 79
     5
170
     0
171
     0
290
     0
174
     0
 93
        1
 44
0.0
173
     0
291
     1
 45
0.0
  0
VISUALSTYLE
  5
39
102
{ACAD_REACTORS
330
2A
102
}
102
{ACAD_XDICTIONARY
360
3C8
102
}
330
2A
100
AcDbVisualStyle
  2
Facepattern
 70
    15
 71
     2
 72
     2
 73
     0
 90
        0
 40
0.6
 41
30.0
 62
     5
 63
     7
421
 16777215
 74
     1
 91
        4
 64
     7
 65
   257
 75
     1
175
     1
 42
1.0
 92
        8
 66
     7
 43
1.0
 76
     1
 77
     6
 78
     2
 67
     7
 79
     5
170
     0
171
     0
290
     0
174
     0
 93
        1
 44
0.0
173
     0
291
     1
 45
0.0
  0
VISUALSTYLE
  5
2B
102
{ACAD_REACTORS
330
2A
102
}
102
{ACAD_XDICTIONARY
360
3AC
102
}
330
2A
100
AcDbVisualStyle
  2
Flat
 70
     0
 71
     2
 72
     1
 73
     1
 90
        2
 40
0.6
 41
30.0
 62
     5
 63
     7
421
 16777215
 74
     0
 91
        0
 64
     7
 65
   257
 75
     1
175
     1
 42
1.0
 92
        8
 66
     7
 43
1.0
 76
     1
 77
     6
 78
     2
 67
     7
 79
     5
170
     0
171
     0
290
     0
174
     0
 93
       13
 44
0.0
173
     0
291
     1
 45
0.0
  0
VISUALSTYLE
  5
2C
102
{ACAD_REACTORS
330
2A
102
}
102
{ACAD_XDICTIONARY
360
3AE
102
}
330
2A
100
AcDbVisualStyle
  2
FlatWithEdges
 70
     1
 71
     2
 72
     1
 73
     1
 90
        2
 40
0.6
 41
30.0
 62
     5
 63
     7
421
 16777215
 74
     1
 91
        0
 64
     7
 65
   257
 75
     1
175
     1
 42
1.0
 92
        0
 66
   257
 43
1.0
 76
     1
 77
     6
 78
     2
 67
     7
 79
     5
170
     0
171
     0
290
     0
174
     0
 93
       13
 44
0.0
173
     0
291
     1
 45
0.0
  0
VISUALSTYLE
  5
2D
102
{ACAD_REACTORS
330
2A
102
}
102
{ACAD_XDICTIONARY
360
3B0
102
}
330
2A
100
AcDbVisualStyle
  2
Gouraud
 70
     2
 71
     2
 72
     2
 73
     1
 90
        2
 40
0.6
 41
30.0
 62
     5
 63
     7
421
 16777215
 74
     0
 91
        0
 64
     7
 65
   257
 75
     1
175
     1
 42
1.0
 92
        0
 66
     7
 43
1.0
 76
     1
 77
     6
 78
     2
 67
     7
 79
     5
170
     0
171
     0
290
     0
174
     0
 93
       13
 44
0.0
173
     0
291
     1
 45
0.0
  0
VISUALSTYLE
  5
2E
102
{ACAD_REACTORS
330
2A
102
}
102
{ACAD_XDICTIONARY
360
3B2
102
}
330
2A
100
AcDbVisualStyle
  2
GouraudWithEdges
 70
     3
 71
     2
 72
     2
 73
     1
 90
        2
 40
0.6
 41
30.0
 62
     5
 63
     7
421
 16777215
 74
     1
 91
        0
 64
     7
 65
   257
 75
     1
175
     1
 42
1.0
 92
        0
 66
   257
 43
1.0
 76
     1
 77
     6
 78
     2
 67
     7
 79
     5
170
     0
171
     0
290
     0
174
     0
 93
       13
 44
0.0
173
     0
291
     1
 45
0.0
  0
VISUALSTYLE
  5
31
102
{ACAD_REACTORS
330
2A
102
}
102
{ACAD_XDICTIONARY
360
3B8
102
}
330
2A
100
AcDbVisualStyle
  2
Hidden
 70
     6
 71
     1
 72
     2
 73
     2
 90
        0
 40
0.6
 41
30.0
 62
     5
 63
     7
421
 16777215
 74
     2
 91
        2
 64
     7
 65
   257
 75
     2
175
     1
 42
40.0
 92
        0
 66
   257
 43
1.0
 76
     1
 77
     6
 78
     2
 67
     7
 79
     3
170
     0
171
     0
290
     0
174
     0
 93
        1
 44
0.0
173
     0
291
     0
 45
0.0
  0
VISUALSTYLE
  5
3B
102
{ACAD_REACTORS
330
2A
102
}
102
{ACAD_XDICTIONARY
360
3CC
102
}
330
2A
100
AcDbVisualStyle
  2
JitterOff
 70
    20
 71
     2
 72
     2
 73
     0
 90
        0
 40
0.6
 41
30.0
 62
     5
 63
     7
421
 16777215
 74
     1
 91
        4
 64
     7
 65
   257
 75
     1
175
     1
 42
1.0
 92
       10
 66
     7
 43
1.0
 76
     1
 77
     6
 78
     2
 67
     7
 79
     5
170
     0
171
     0
290
     0
174
     0
 93
        1
 44
0.0
173
     0
291
     1
 45
0.0
  0
VISUALSTYLE
  5
38
102
{ACAD_REACTORS
330
2A
102
}
102
{ACAD_XDICTIONARY
360
3C6
102
}
330
2A
100
AcDbVisualStyle
  2
Linepattern
 70
    14
 71
     2
 72
     2
 73
     0
 90
        0
 40
0.6
 41
30.0
 62
     5
 63
     7
421
 16777215
 74
     1
 91
        4
 64
     7
 65
   257
 75
     7
175
     7
 42
1.0
 92
        8
 66
     7
 43
1.0
 76
     1
 77
     6
 78
     2
 67
     7
 79
     5
170
     0
171
     0
290
     0
174
     0
 93
        1
 44
0.0
173
     0
291
     1
 45
0.0
  0
VISUALSTYLE
  5
3C
102
{ACAD_REACTORS
330
2A
102
}
102
{ACAD_XDICTIONARY
360
3CE
102
}
330
2A
100
AcDbVisualStyle
  2
OverhangOff
 70
    21
 71
     2
 72
     2
 73
     0
 90
        0
 40
0.6
 41
30.0
 62
     5
 63
     7
421
 16777215
 74
     1
 91
        4
 64
     7
 65
   257
 75
     1
175
     1
 42
1.0
 92
        9
 66
     7
 43
1.0
 76
     1
 77
     6
 78
     2
 67
     7
 79
     5
170
     0
171
     0
290
     0
174
     0
 93
        1
 44
0.0
173
     0
291
     1
 45
0.0
  0
VISUALSTYLE
  5
33
102
{ACAD_REACTORS
330
2A
102
}
102
{ACAD_XDICTIONARY
360
3BC
102
}
330
2A
100
AcDbVisualStyle
  2
Realistic
 70
     8
 71
     2
 72
     3
 73
     0
 90
        2
 40
0.6
 41
30.0
 62
     5
 63
     7
421
 16777215
 74
     0
 91
        0
 64
     7
 65
   257
 75
     1
175
     1
 42
1.0
 92
        8
 66
   257
 43
1.0
 76
     1
 77
     6
 78
     2
 67
     7
 79
     3
170
     0
171
     0
290
     0
174
     0
 93
       13
 44
0.0
173
     0
291
     0
 45
0.0
  0
VISUALSTYLE
  5
42
102
{ACAD_REACTORS
330
2A
102
}
102
{ACAD_XDICTIONARY
360
3DA
102
}
330
2A
100
AcDbVisualStyle
  2
Shaded
 70
    27
 71
     2
 72
     2
 73
     1
 90
        2
 40
0.6
 41
30.0
 62
     5
 63
     7
421
 16777215
 74
     0
 91
        4
 64
     7
 65
   257
 75
     1
175
     1
 42
1.0
 92
        8
 66
   257
 43
1.0
 76
     1
 77
     6
 78
     2
 67
     8
425
  7895160
 79
     3
170
     0
171
     0
290
     0
174
     0
 93
        5
 44
0.0
173
     0
291
     0
 45
0.0
  0
VISUALSTYLE
  5
41
102
{ACAD_REACTORS
330
2A
102
}
102
{ACAD_XDICTIONARY
360
3D8
102
}
330
2A
100
AcDbVisualStyle
  2
Shaded with edges
 70
    26
 71
     2
 72
     2
 73
     1
 90
        2
 40
0.6
 41
30.0
 62
     5
 63
     7
421
 16777215
 74
     1
 91
       10
 64
     7
 65
   257
 75
     2
175
     1
 42
1.0
 92
        8
 66
   257
 43
1.0
 76
     1
 77
     6
 78
     2
 67
     7
 79
     3
170
     0
171
     0
290
     0
174
     0
 93
        5
 44
0.0
173
     0
291
     0
 45
0.0
  0
VISUALSTYLE
  5
3E
102
{ACAD_REACTORS
330
2A
102
}
102
{ACAD_XDICTIONARY
360
3D2
102
}
330
2A
100
AcDbVisualStyle
  2
Shades of Gray
 70
    23
 71
     2
 72
     2
 73
     3
 90
        0
 40
0.6
 41
30.0
 62
     5
 63
     7
421
 16777215
 74
     2
 91
        2
 64
     7
 65
     7
 75
     1
175
     1
 42
40.0
 92
        8
 66
     7
 43
1.0
 76
     1
 77
     6
 78
     2
 67
     7
 79
     3
170
     0
171
     0
290
     0
174
     0
 93
        1
 44
0.0
173
     0
291
     0
 45
0.0
  0
VISUALSTYLE
  5
3F
102
{ACAD_REACTORS
330
2A
102
}
102
{ACAD_XDICTIONARY
360
3D4
102
}
330
2A
100
AcDbVisualStyle
  2
Sketchy
 70
    24
 71
     1
 72
     2
 73
     2
 90
        0
 40
0.6
 41
30.0
 62
     5
 63
     7
421
 16777215
 74
     2
 91
        2
 64
     7
 65
     7
 75
     1
175
     1
 42
40.0
 92
       11
 66
     7
 43
1.0
 76
     1
 77
     6
 78
     2
 67
     7
 79
     6
170
     0
171
     0
290
     0
174
     0
 93
        1
 44
0.0
173
     0
291
     0
 45
0.0
  0
VISUALSTYLE
  5
37
102
{ACAD_REACTORS
330
2A
102
}
102
{ACAD_XDICTIONARY
360
3C4
102
}
330
2A
100
AcDbVisualStyle
  2
Thicken
 70
    13
 71
     2
 72
     2
 73
     0
 90
        0
 40
0.6
 41
30.0
 62
     5
 63
     7
421
 16777215
 74
     1
 91
        4
 64
     7
 65
   257
 75
     1
175
     1
 42
1.0
 92
       12
 66
     7
 43
1.0
 76
     1
 77
     6
 78
     2
 67
     7
 79
     5
170
     0
171
     0
290
     0
174
     0
 93
        1
 44
0.0
173
     0
291
     1
 45
0.0
  0
VISUALSTYLE
  5
30
102
{ACAD_REACTORS
330
2A
102
}
102
{ACAD_XDICTIONARY
360
3B6
102
}
330
2A
100
AcDbVisualStyle
  2
Wireframe
 70
     5
 71
     0
 72
     2
 73
     0
 90
        0
 40
0.6
 41
30.0
 62
     5
 63
     7
421
 16777215
 74
     1
 91
        4
 64
     7
 65
   257
 75
     1
175
     1
 42
1.0
 92
        0
 66
   257
 43
1.0
 76
     1
 77
     6
 78
     2
 67
     7
 79
     3
170
     0
171
     0
290
     0
174
     0
 93
        1
 44
0.0
173
     0
291
     0
 45
0.0
  0
VISUALSTYLE
  5
40
102
{ACAD_REACTORS
330
2A
102
}
102
{ACAD_XDICTIONARY
360
3D6
102
}
330
2A
100
AcDbVisualStyle
  2
X-Ray
 70
    25
 71
     2
 72
     2
 73
     1
 90
        1
 40
0.5
 41
30.0
 62
     5
 63
     7
421
 16777215
 74
     1
 91
        0
 64
     7
 65
   257
 75
     1
175
     1
 42
1.0
 92
        8
 66
     7
 43
1.0
 76
     1
 77
     6
 78
     2
 67
     7
 79
     3
170
     0
171
     0
290
     0
174
     0
 93
       13
 44
0.0
173
     0
291
     0
 45
0.0
  0
DICTIONARYVAR
  5
3AA
102
{ACAD_REACTORS
330
3A9
102
}
330
3A9
100
DictionaryVariables
280
     0
  1
1:1
  0
DICTIONARYVAR
  5
3E8
102
{ACAD_REACTORS
330
3A9
102
}
330
3A9
100
DictionaryVariables
280
     0
  1
3.500000
  0
DICTIONARYVAR
  5
3E9
102
{ACAD_REACTORS
330
3A9
102
}
330
3A9
100
DictionaryVariables
280
     0
  1
acadiso.lin
  0
DICTIONARYVAR
  5
3E5
102
{ACAD_REACTORS
330
3A9
102
}
330
3A9
100
DictionaryVariables
280
     0
  1
Standard
  0
DICTIONARYVAR
  5
3E4
102
{ACAD_REACTORS
330
3A9
102
}
330
3A9
100
DictionaryVariables
280
     0
  1
Standard
  0
DICTIONARYVAR
  5
3AB
102
{ACAD_REACTORS
330
3A9
102
}
330
3A9
100
DictionaryVariables
280
     0
  1
2
  0
XRECORD
  5
111
102
{ACAD_REACTORS
330
110
102
}
330
110
100
AcDbXrecord
280
     1
1000

1000
CAXA_DRAFT_CURRENTBOMSTYLE
1000
标准
  0
XRECORD
  5
113
102
{ACAD_REACTORS
330
110
102
}
330
110
100
AcDbXrecord
280
     1
1000

1000
CAXA_DRAFT_BOMSTYLE
1000
GB(4458.2-2003)
1000

1041
7.0
1071
        0
1071
     1011
1041
1.66
1041
0.5
1071
1090519039
1071
1090519039
1071
1090519039
1071
1090519039
1041
3.5
1000
标准
1000
Continuous
1041
0.5
1071
        4
1041
0.5
1071
        4
1041
0.5
1071
        4
1041
0.5
1071
        4
1041
0.5
1071
        4
1041
0.25
1071
        3
1041
0.5
1071
        4
1041
0.5
1071
        4
1041
0.5
1071
        4
1041
0.5
1071
        4
1041
0.5
1071
        4
1041
0.25
1071
        3
1070
     0
1071
       10
1000
序号
1000
IndexID
1000

1071
       10
1071
       16
1070
     2
1070
     0
1041
0.0
1041
0.0
1041
0.0
1041
8.0
1041
14.0
1041
1.66
1041
0.5
1041
5.0
1000
标准
1071
        4
1070
     3
1071
     1001
1000
代号
1000
PCPNo
1000

1071
       10
1071
       32
1070
     2
1070
     0
1041
8.0
1041
0.0
1041
0.0
1041
40.0
1041
14.0
1041
1.66
1041
0.5
1041
5.0
1000
标准
1071
        4
1070
     3
1071
     1002
1000
名称
1000
PCPName
1000

1071
       10
1071
       32
1070
     2
1070
     0
1041
48.0
1041
0.0
1041
0.0
1041
44.0
1041
14.0
1041
1.66
1041
0.5
1041
5.0
1000
标准
1071
        4
1070
     3
1071
     1003
1000
数量
1000
Amount
1000

1071
        3
1071
       32
1070
     2
1070
     0
1041
92.0
1041
0.0
1041
0.0
1041
8.0
1041
14.0
1041
1.66
1041
0.5
1041
5.0
1000
标准
1071
        4
1070
     3
1071
     1004
1000
材料
1000
MaterialName
1000

1071
       10
1071
       32
1070
     2
1070
     0
1041
100.0
1041
0.0
1041
0.0
1041
38.0
1041
14.0
1041
1.66
1041
0.5
1041
5.0
1000
标准
1071
        4
1070
     3
1071
     1005
1000
重量
1000

1000

1071
        7
1071
       32
1070
     2
1070
     0
1041
138.0
1041
0.0
1041
0.0
1041
22.0
1041
7.0
1041
1.66
1041
0.5
1041
3.5
1000
标准
1071
        4
1070
     3
1071
     1006
1000
单件
1000
Weight
1000

1071
        7
1071
       32
1070
     2
1070
     1
1041
138.0
1041
7.0
1041
0.0
1041
10.0
1041
7.0
1041
1.66
1041
0.5
1041
3.5
1000
标准
1071
        4
1070
     3
1071
     1007
1000
总计
1000
TWeight
1000

1071
        7
1071
       32
1070
     2
1070
     1
1041
148.0
1041
7.0
1041
0.0
1041
12.0
1041
7.0
1041
1.66
1041
0.5
1041
3.5
1000
标准
1071
        4
1070
     3
1071
     1008
1000
备注
1000
Remark
1000

1071
       10
1071
       50
1070
     2
1070
     0
1041
160.0
1041
0.0
1041
0.0
1041
20.0
1041
14.0
1041
1.66
1041
0.5
1041
5.0
1000
标准
1071
        4
1070
     3
1071
     1009
1000
来源
1000
Source
1000

1071
       10
1071
       32
1070
     2
1070
     0
1041
180.0
1041
0.0
1041
0.0
1041
0.0
1041
14.0
1041
1.66
1041
0.5
1041
5.0
1000
标准
1071
        4
1070
     3
1071
     1010
1071
1090519039
1071
1090519039
1071
1090519039
1071
        1
1071
        7
1000
代号
1000
名称
1000
材料
1000
单件
1000
总计
1000
备注
1000
来源
1071
        1
1000
数量
1071
1090519039
1041
1.75
1041
0.875
1041
1.2
1041
1.2
1041
1.75
1041
0.875
1041
1.2
1041
1.2
  0
XRECORD
  5
112
102
{ACAD_REACTORS
330
110
102
}
330
110
100
AcDbXrecord
280
     1
1000

1000
CAXA_DRAFT_BOMSTYLE
1000
标准
1000

1041
7.0
1071
        0
1071
     1011
1041
1.66
1041
0.5
1071
1090519039
1071
1090519039
1071
1090519039
1071
1090519039
1041
3.5
1000
标准
1000
Continuous
1041
0.5
1071
        4
1041
0.5
1071
        4
1041
0.5
1071
        4
1041
0.5
1071
        4
1041
0.5
1071
        4
1041
0.25
1071
        3
1041
0.5
1071
        4
1041
0.5
1071
        4
1041
0.5
1071
        4
1041
0.5
1071
        4
1041
0.5
1071
        4
1041
0.25
1071
        3
1070
     0
1071
       10
1000
序号
1000
IndexID
1000

1071
       10
1071
       16
1070
     2
1070
     0
1041
0.0
1041
0.0
1041
0.0
1041
8.0
1041
14.0
1041
1.66
1041
0.5
1041
5.0
1000
标准
1071
        4
1070
     3
1071
     1001
1000
代号
1000
PCPNo
1000

1071
       10
1071
       32
1070
     2
1070
     0
1041
8.0
1041
0.0
1041
0.0
1041
40.0
1041
14.0
1041
1.66
1041
0.5
1041
5.0
1000
标准
1071
        4
1070
     3
1071
     1002
1000
名称
1000
PCPName
1000

1071
       10
1071
       32
1070
     2
1070
     0
1041
48.0
1041
0.0
1041
0.0
1041
44.0
1041
14.0
1041
1.66
1041
0.5
1041
5.0
1000
标准
1071
        4
1070
     3
1071
     1003
1000
数量
1000
Amount
1000

1071
        3
1071
       32
1070
     2
1070
     0
1041
92.0
1041
0.0
1041
0.0
1041
8.0
1041
14.0
1041
1.66
1041
0.5
1041
5.0
1000
标准
1071
        4
1070
     3
1071
     1004
1000
材料
1000
MaterialName
1000

1071
       10
1071
       32
1070
     2
1070
     0
1041
100.0
1041
0.0
1041
0.0
1041
38.0
1041
14.0
1041
1.66
1041
0.5
1041
5.0
1000
标准
1071
        4
1070
     3
1071
     1005
1000
重量
1000

1000

1071
        7
1071
       32
1070
     2
1070
     0
1041
138.0
1041
0.0
1041
0.0
1041
22.0
1041
7.0
1041
1.66
1041
0.5
1041
3.5
1000
标准
1071
        4
1070
     3
1071
     1006
1000
单件
1000
Weight
1000

1071
        7
1071
       32
1070
     2
1070
     1
1041
138.0
1041
7.0
1041
0.0
1041
10.0
1041
7.0
1041
1.66
1041
0.5
1041
3.5
1000
标准
1071
        4
1070
     3
1071
     1007
1000
总计
1000
TWeight
1000

1071
        7
1071
       32
1070
     2
1070
     1
1041
148.0
1041
7.0
1041
0.0
1041
12.0
1041
7.0
1041
1.66
1041
0.5
1041
3.5
1000
标准
1071
        4
1070
     3
1071
     1008
1000
备注
1000
Remark
1000

1071
       10
1071
       50
1070
     2
1070
     0
1041
160.0
1041
0.0
1041
0.0
1041
20.0
1041
14.0
1041
1.66
1041
0.5
1041
5.0
1000
标准
1071
        4
1070
     3
1071
     1009
1000
来源
1000
Source
1000

1071
       10
1071
       32
1070
     2
1070
     0
1041
180.0
1041
0.0
1041
0.0
1041
0.0
1041
14.0
1041
1.66
1041
0.5
1041
5.0
1000
标准
1071
        4
1070
     3
1071
     1010
1071
1090519039
1071
1090519039
1071
1090519039
1071
        1
1071
        7
1000
代号
1000
名称
1000
材料
1000
单件
1000
总计
1000
备注
1000
来源
1071
        1
1000
数量
1071
1090519039
1041
1.75
1041
0.875
1041
1.2
1041
1.2
1041
1.75
1041
0.875
1041
1.2
1041
1.2
  0
XRECORD
  5
105
102
{ACAD_REACTORS
330
104
102
}
330
104
100
AcDbXrecord
280
     1
1000

1000
CAXA_DRAFT_CURRENTCUTSSTYLE
1000
标准
  0
XRECORD
  5
107
102
{ACAD_REACTORS
330
104
102
}
330
104
100
AcDbXrecord
280
     1
1000

1000
CAXA_DRAFT_CUTSSTYLE
1000
GB(17452-1998)
1000

1071
1090519039
1041
0.3499999940395355
1041
5.0
1000
标准
1070
     1
1041
4.0
1071
1090519039
1070
     0
1070
     0
1071
1090519039
1041
3.5
1070
     1
1041
1.0
1070
     0
1000
Dash Dot
1071
        1
  0
XRECORD
  5
106
102
{ACAD_REACTORS
330
104
102
}
330
104
100
AcDbXrecord
280
     1
1000

1000
CAXA_DRAFT_CUTSSTYLE
1000
标准
1000

1071
1090519039
1041
0.3499999940395355
1041
5.0
1000
标准
1070
     1
1041
4.0
1071
1090519039
1070
     0
1070
     0
1071
1090519039
1041
3.5
1070
     1
1041
1.0
1070
     0
1000
Dash Dot
1071
        1
  0
XRECORD
  5
109
102
{ACAD_REACTORS
330
108
102
}
330
108
100
AcDbXrecord
280
     1
1000

1000
CAXA_DRAFT_CUTSSTYLEOVERRIDE
1070
     0
1070
     0
1070
     0
1070
     0
1070
     0
1070
     0
1070
     0
1070
     0
1070
     0
1070
     0
1070
     0
1070
     0
1070
     0
1070
     0
1070
     0
1070
     0
1070
     0
  0
XRECORD
  5
117
102
{ACAD_REACTORS
330
116
102
}
330
116
100
AcDbXrecord
280
     1
1000

1000
CAXA_DRAFT_DATATABLE*Model_Space
1071
      101
1071
        2
1071
        0
1071
        0
1071
        0
1071
        9
1000
序号
1071
     1001
1000
代号
1071
     1002
1000
名称
1071
     1003
1000
数量
1071
     1004
1000
材料
1071
     1005
1000
单件
1071
     1007
1000
总计
1071
     1008
1000
备注
1071
     1009
1000
来源
1071
     1010
1000
序号
1070
     1
1000

1070
     1
1000

1070
     1
1000

1070
     1
1000

1070
     1
1071
        0
1071
        7
1000
代号
1000
名称
1000
材料
1000
单件
1000
总计
1000
备注
1000
来源
1071
        1
1000
数量
1071
        0
1000

1000

1070
     1
1000
标准
1071
        0
1071
        0
  0
XRECORD
  5
39A
102
{ACAD_REACTORS
330
399
102
}
330
399
100
AcDbXrecord
280
     1
1000

1000
CAXA_DRAFT_DATATABLE*Paper_Space
1071
      101
1071
        2
1071
        0
1071
        0
1071
        0
1071
        9
1000
序号
1071
     1001
1000
代号
1071
     1002
1000
名称
1071
     1003
1000
数量
1071
     1004
1000
材料
1071
     1005
1000
单件
1071
     1007
1000
总计
1071
     1008
1000
备注
1071
     1009
1000
来源
1071
     1010
1000
序号
1070
     1
1000

1070
     1
1000

1070
     1
1000

1070
     1
1000

1070
     1
1071
        0
1071
        7
1000
代号
1000
名称
1000
材料
1000
单件
1000
总计
1000
备注
1000
来源
1071
        1
1000
数量
1071
        0
1000

1000

1070
     1
1000
标准
1071
        0
1071
        0
  0
XRECORD
  5
FF
102
{ACAD_REACTORS
330
FE
102
}
330
FE
100
AcDbXrecord
280
     1
1000

1000
CAXA_DRAFT_CURRENTDATUMSTYLE
1000
标准
  0
XRECORD
  5
101
102
{ACAD_REACTORS
330
FE
102
}
330
FE
100
AcDbXrecord
280
     1
1000

1000
CAXA_DRAFT_DATUMSTYLE
1000
GB(1182-2008)
1000

1070
     2
1071
1090519039
1071
1090519039
1041
3.5
1041
1.0
1000
标准
1000
标准
1071
1090519039
1070
     0
1041
0.0
1071
        1
1071
1090519039
1070
     1
1071
        1
  0
XRECORD
  5
100
102
{ACAD_REACTORS
330
FE
102
}
330
FE
100
AcDbXrecord
280
     1
1000

1000
CAXA_DRAFT_DATUMSTYLE
1000
标准
1000

1070
     2
1071
1090519039
1071
1090519039
1041
3.5
1041
1.0
1000
标准
1000
标准
1071
1090519039
1070
     0
1041
0.0
1071
        1
1071
1090519039
1070
     1
1071
        1
  0
XRECORD
  5
103
102
{ACAD_REACTORS
330
102
102
}
330
102
100
AcDbXrecord
280
     1
1000

1000
CAXA_DRAFT_DATUMSTYLEOVERRIDE
1070
     0
1070
     0
1070
     0
1070
     0
1070
     0
1070
     0
1070
     0
1070
     0
1070
     0
1070
     0
1070
     0
1070
     0
1070
     0
1070
     0
1070
     0
1070
     0
  0
XRECORD
  5
39E
102
{ACAD_REACTORS
330
39D
102
}
330
39D
100
AcDbXrecord
280
     1
1000

1000
CAXA_DRAFT_DIMSTYLE_ANGTXTVPOS
1070
     0
  0
XRECORD
  5
3A2
102
{ACAD_REACTORS
330
3A1
102
}
330
3A1
100
AcDbXrecord
280
     1
1000

1000
CAXA_DRAFT_DIMSTYLE_ISDISPZEROTOL
1070
     0
  0
XRECORD
  5
3A0
102
{ACAD_REACTORS
330
39F
102
}
330
39F
100
AcDbXrecord
280
     1
1000

1000
CAXA_DRAFT_DIMSTYLE_ISFILLDFM
1070
     1
  0
XRECORD
  5
3A4
102
{ACAD_REACTORS
330
3A3
102
}
330
3A3
100
AcDbXrecord
280
     1
1000

1000
CAXA_DRAFT_DIMSTYLE_SYMBOLCOLOR
1071
1090519039
  0
XRECORD
  5
3A6
102
{ACAD_REACTORS
330
3A5
102
}
330
3A5
100
AcDbXrecord
280
     1
1000
CAXA_DRAFT_DRAFTDATA
1071
     1085
1004
0800000030002E003000000026000000430061007800610044007200610066007400200044006F00630075006D0065006E00740000001A000000310037002E0030002E0030002E003100340030003000390000005C00000043006F007000790072006900670068007400200028006300290020003200300032003100200043
1004
004100580041002E00200041006C006C0020007200690067006800740073002000720065007300650072007600650064002E000000163E53F95F0E9D41B8126EB5724C013C0000000000000000000000000000000000000000E9070C00020010000E0002001B00160201000000000000000000000000000000000000000000
1004
00
1004
00000000000000000000000000000000000000000000000000000000000000000000000000000000000000000000000000000000000000000000000000000000000000000000000000000000000000000000000000000000000000000000000000000000000000000000000000000000000000000000000000000000000000
1004
00000000000000000000004E0000008F00950029008600C700E00055008200C200FE002000F600C10095003D008700C500EA0054009E00B600EB0021008100D900E5005500F100C100E40022008700B700E30021008000B700AE000000020000000E00000041007500740068006F00720000000C0000007700660065006900
1004
30
1004
0000001E000000500072006F006400750063007400560065007200730069006F006E0000000A000000320032002E0030000000000000000800000030002E0030000000000000000000000000000000000000000000000000000000000000000000000000000000000000000000000000000000000000000000000000000000
1004
00000000000000000000000000000000000000000000000000000000000000000000000000000000000000000000000000000000000000000000000000000000000000000000000000000000000000000000000000000000000000000000000000000000000000000800000030002E00300000000000000000000000000000
1004
00
1004
00000000000000000000000000000000000000000000000000000000000000000000000000000000000000000000000000000000000000000000000000000000000000000000000000000000000000000000000000000000000000000000000000000000000000000000000000000000000000000000000000000000000000
1004
0000000000000000000000000000000000000000000800000030002E003000000000000000000000000000000000000000000000000000000000000000000000000000000000000000000000000000000000000000000000000000000000000000000000000000000000000000000000000000000000000000000000000000
1004
00
1004
0000000000000000000000000000000000000000000000000000000000000000000000000000000000000000000000000000000000000000000000000000000000
  0
XRECORD
  5
D1
102
{ACAD_REACTORS
330
D0
102
}
330
D0
100
AcDbXrecord
280
     1
1000
CAXA_DRAFT_FILEVERSION
1000
17.0.0.14009
1000
10.1.0.000
1000
18.0.0.000.20170220
  0
XRECORD
  5
F9
102
{ACAD_REACTORS
330
F8
102
}
330
F8
100
AcDbXrecord
280
     1
1000

1000
CAXA_DRAFT_CURRENTGEOTOLSTYLE
1000
标准
  0
XRECORD
  5
FB
102
{ACAD_REACTORS
330
F8
102
}
330
F8
100
AcDbXrecord
280
     1
1000

1000
CAXA_DRAFT_GEOTOLSTYLE
1000
GB(1182-2008)
1000

1000
标准
1000
标准
1070
     1
1070
     0
1070
     0
1070
     0
1070
     1
1070
     0
1070
     3
1000
.
1070
     0
1070
     1
1070
     0
1070
     0
1070
     0
1070
     3
1041
1.0
1000
.
1070
     0
1070
     1
1070
     0
1000
Continuous
1071
1090519039
1071
1090519039
1041
3.5
1071
1090519039
1041
1.0
1071
1090519039
1071
        1
1070
     0
1070
     0
  0
XRECORD
  5
FA
102
{ACAD_REACTORS
330
F8
102
}
330
F8
100
AcDbXrecord
280
     1
1000

1000
CAXA_DRAFT_GEOTOLSTYLE
1000
标准
1000

1000
标准
1000
标准
1070
     1
1070
     0
1070
     0
1070
     0
1070
     1
1070
     0
1070
     3
1000
.
1070
     0
1070
     1
1070
     0
1070
     0
1070
     0
1070
     3
1041
1.0
1000
.
1070
     0
1070
     1
1070
     0
1000
Continuous
1071
1090519039
1071
1090519039
1041
3.5
1071
1090519039
1041
1.0
1071
1090519039
1071
        1
1070
     0
1070
     0
  0
XRECORD
  5
FD
102
{ACAD_REACTORS
330
FC
102
}
330
FC
100
AcDbXrecord
280
     1
1000

1000
CAXA_DRAFT_GEOTOLSTYLEOVERRIDE
1070
     0
1070
     0
1070
     0
1070
     0
1070
     0
1070
     0
1070
     0
1070
     0
1070
     0
1070
     0
1070
     0
1070
     0
1070
     0
1070
     0
1070
     0
1070
     0
1070
     0
1070
     0
1070
     0
1070
     0
1070
     0
1070
     0
1070
     0
1070
     0
1070
     0
1070
     0
1070
     0
1070
     0
1070
     0
1070
     0
  0
XRECORD
  5
EA
102
{ACAD_REACTORS
330
E9
102
}
330
E9
100
AcDbXrecord
280
     1
1000

1000
CAXA_DRAFT_CURRENTLEADERSTYLE
1000
标准
  0
XRECORD
  5
EB
102
{ACAD_REACTORS
330
E9
102
}
330
E9
100
AcDbXrecord
280
     1
1000

1000
CAXA_DRAFT_LEADERSTYLE
1000
标准
1000

1070
     1
1041
4.0
1041
0.0
1041
0.0
1041
3.5
1000
Continuous
1071
1090519039
1041
3.5
1070
     1
  0
XRECORD
  5
10B
102
{ACAD_REACTORS
330
10A
102
}
330
10A
100
AcDbXrecord
280
     1
1000

1000
CAXA_DRAFT_CURRENTPARTNOSTYLE
1000
标准
  0
XRECORD
  5
10D
102
{ACAD_REACTORS
330
10A
102
}
330
10A
100
AcDbXrecord
280
     1
1000

1000
CAXA_DRAFT_PARTNOSTYLE
1000
GB(4458.2-2003)
1000

1071
        0
1000
标准
1000
ByLayer
1041
5.0
1041
0.5
1071
        3
1041
2.0
1041
5.0
1041
10.0
1041
1.2
1041
1.1
1041
1.1
1071
        0
1000

1071
       -1
1071
       -1
1041
4.0
1041
1.0
1041
0.7
1041
0.9
1071
        1
1071
        1
1000
序号
1071
        1
1071
        2
1000

1000

1041
1.0
1071
        1
  0
XRECORD
  5
10C
102
{ACAD_REACTORS
330
10A
102
}
330
10A
100
AcDbXrecord
280
     1
1000

1000
CAXA_DRAFT_PARTNOSTYLE
1000
标准
1000

1071
        0
1000
标准
1000
ByLayer
1041
5.0
1041
0.5
1071
        3
1041
2.0
1041
5.0
1041
10.0
1041
1.2
1041
1.1
1041
1.1
1071
        0
1000

1071
       -1
1071
       -1
1041
4.0
1041
1.0
1041
0.7
1041
0.9
1071
        1
1071
        1
1000
序号
1071
        1
1071
        2
1000

1000

1041
1.0
1071
        1
  0
XRECORD
  5
10F
102
{ACAD_REACTORS
330
10E
102
}
330
10E
100
AcDbXrecord
280
     1
1000

1000
CAXA_DRAFT_PARTNOSTYLEOVERRIDE
1070
     0
1070
     0
1070
     0
1070
     0
1070
     0
1070
     0
1070
     0
1070
     0
1070
     0
1070
     0
1070
     0
1070
     0
1070
     0
1070
     0
1070
     0
1070
     0
  0
XRECORD
  5
F3
102
{ACAD_REACTORS
330
F2
102
}
330
F2
100
AcDbXrecord
280
     1
1000

1000
CAXA_DRAFT_CURRENTROUGHSTYLE
1000
标准
  0
XRECORD
  5
F5
102
{ACAD_REACTORS
330
F2
102
}
330
F2
100
AcDbXrecord
280
     1
1000

1000
CAXA_DRAFT_ROUGHSTYLE
1000
GB(131-93)
1000

1000
标准
1000
标准
1000
Continuous
1071
1090519039
1071
1090519039
1041
3.5
1041
1.0
1041
0.0
1071
        0
1041
0.0
1071
        0
1071
        1
1070
     1
1070
     0
1070
     0
  0
XRECORD
  5
F4
102
{ACAD_REACTORS
330
F2
102
}
330
F2
100
AcDbXrecord
280
     1
1000

1000
CAXA_DRAFT_ROUGHSTYLE
1000
标准
1000

1000
标准
1000
标准
1000
Continuous
1071
1090519039
1071
1090519039
1041
3.5
1041
1.0
1041
0.0
1071
        0
1041
0.0
1071
        0
1071
        1
1070
     1
1070
     0
1070
     0
  0
XRECORD
  5
F7
102
{ACAD_REACTORS
330
F6
102
}
330
F6
100
AcDbXrecord
280
     1
1000

1000
CAXA_DRAFT_ROUGHSTYLEOVERRIDE
1070
     0
1070
     0
1070
     0
1070
     0
1070
     0
1070
     0
1070
     0
1070
     0
1070
     0
1070
     0
1070
     0
1070
     0
  0
XRECORD
  5
3A8
102
{ACAD_REACTORS
330
3A7
102
}
330
3A7
100
AcDbXrecord
280
     1
1000
CAXA_DRAFT_STDDATA
1071
     5732
1004
1A000000310037002E0030002E0030002E003100340030003000390000001A0000002A005300740061006E0064006100720064004D006700720000003700000001000000000000000000F03F000000000100000006000000470042000000080000002A004700420000003800000006000000470042000000FFFF0000000080
1004
002B00000000008000E3FFFFFF0000000000000C40FFFFFF40010000000000000000001040FFFFFF4004000000FFFFFF40FFFF000000000C000000470042005F003A5CF85B0000060000000768C65100000D00000062180AC173A1D341AC13A517A280BD85100000002A00440049004D005300540044000000390000000100
1004
00
1004
00259DF64A6F542643BFC74B8B1F6D71FA020000000000020000000000000080002B0000000000010000000000010000000000010000000000010000000000020000000000010000000000010000000000010000000000010000000000020000000000FFFF000000000000244000000000000028400C000000470042005F00
1004
3A5CF85B0000020000000000C6214C6C6E2B124B990DDA77D01DDBDA140000002A0052004F0055004700480053005400440000003B00000001000000708C6003FCA6F84FA01B1854F3AD4C2918000000470042002F00540020003100330031002D0039003300000018000000470042002F00540020003100330031002D0039
1004
00
1004
33000000000080002F00000002000000020000000200000001000000020000000000FFFF09000000000000000400000030000000010000000100000004000000300000000100000002000000040000003000000001000000030000000400000030000000010000000400000004000000300000000100000006000000040000
1004
00300000000100000007000000040000003000000001000000080000000400000030000000010000000A000000040000003000000001000000160000004700420028003100330031002D00390033002900000018000000470042002F00540020003100330031002D003900330000005F702C7848A26047AA45EF6977F15D81
1004
12
1004
0000002A00570045004C00440053005400440000003D0000000100000009176A59B4AD5D40A81D3C0A9D8CD0312C0000004700420020003300320034002D00380038002C00200047004200200035003100380035002D003800350000002C0000004700420020003300320034002D00380038002C0020004700420020003500
1004
3100380035002D00380035000000000080002E0000000400000001000000190000000000000001000000FFFF0A0000007753B98F0A711D7F0000000000000100000001000000FFFF0A0000004900625F0A711D7F0000000000000200000001000000FFFF0A0000005600625F0A711D7F0000000000000300000001000000FF
1004
FF
1004
0E0000005553B98F5600625F0A711D7F0000000000000400000001000000FFFF10000000265E9D94B98F5600625F0A711D7F0000000000000500000001000000FFFF14000000265E9D94B98F5553B98F5600625F0A711D7F0000000000000600000001000000FFFF10000000265E9D94B98F5500625F0A711D7F0000000000
1004
000700000001000000FFFF10000000265E9D94B98F4A00625F0A711D7F0000000000000800000001000000FFFF0A000000015C955E0A711D7F0000000000000900000001000000FFFF08000000D2890A711D7F0000000000000A00000001000000FFFF100000005E580A711D7F1662FD690A711D7F0000000000000B000000
1004
01
1004
000000FFFF08000000B9700A711D7F0000000000000C00000001000000FFFF14000000B9700A711D7F28004F50BB792D4EC35F29000000000000000D00000001000000FFFF080000001D7F0A711D7F0000000000000E00000001000000FFFF140000001D7F0A711D7F28004F50BB792D4EC35F2900000000000000E8030000
1004
01000000FFFF120000006196A74F56008B576157E35306580A71000000000000E903000001000000FFFF160000005553B98F6196A74F56008B576157E35306580A71000000000000EA03000001000000FFFF0A000000EF7AA5630A711D7F000000000000EB03000001000000FFFF0A0000009862E053A563E3530000000000
1004
00
1004
EC03000001000000FFFF0A0000003E509C650A711D7F000000000000ED03000001000000FFFF0A00000006580A71A5633459000000000000EE03000001000000FFFF0A0000003E509C65A5633459000000000000F203000001000000FFFF0C000000EF53FB7964966C88AB57000000000000F303000001000000FFFF0A0000
1004
000163454E6C88AB57000000000000F403000001000000FFFF0C000000EF53FB7964966C88AB5700000000000002000000090000000000000001000000FFFF100000002C7B004ECD79735E6297267BF7530000000000000100000001000000FFFF100000002C7B8C4ECD79735E6297267BF753000000000000020000000100
1004
00
1004
00FFFF100000002C7B094ECD79735E6297267BF7530000000000000300000001000000FFFF100000002C7B004ECD79F9516297267BF7530000000000000400000001000000FFFF100000002C7B8C4ECD79F9516297267BF7530000000000000500000001000000FFFF100000002C7B004ECD79F8516297267BF75300000000
1004
00000600000001000000FFFF100000002C7B8C4ECD79F8516297267BF753000000000000F003000001000000FFFF0E000000BE8DE890735ED16EC78F216E000000000000F103000001000000FFFF0A0000004A52735E0A711D7F00000000000020000000090000000100000001000000FFFF0C000000265EAB577F67267BF7
1004
53
1004
0000000000000200000001000000FFFF0E000000094E62970A711D7F267BF7530000000000000400000001000000FFFF0E0000006854F4560A711D7F267BF7530000000000000800000001000000FFFF0A000000B0733A57267BF7530000000000001000000001000000FFFF0A0000003E5CE890267BF75300000000000020
1004
00000001000000FFFF12000000A44E1995AD65ED7E0A71A563267BF7530000000000004000000001000000FFFF0E000000094E62970A711D7F267BF7530000000000008000000001000000FFFF0E000000094E62970A711D7F267BF7530000000000000001000001000000FFFF0E000000094E62970A711D7F267BF7530000
1004
00
1004
00000040000000050000001000000001000000FFFF0C0000008755ED53625F0A711D7F0000000000001100000001000000FFFF100000005553B98F8755ED53625F0A711D7F0000000000001200000001000000FFFF0800000006580A711D7F0000000000001300000001000000FFFF0A0000000195B98F0A711D7F00000000
1004
00001400000001000000FFFF0A0000000195B98F6157E353000000000000160000004700420028003300320034002D0038003800290000002C0000004700420020003300320034002D00380038002C00200047004200200035003100380035002D0038003500000082D93BE9997F4041881A19EB1C8F9D46160000002A0047
1004
00
1004
45004F0054004F004C0053005400440000003F00000001000000DA579D9AD23AC242B38B91F0E32D71C81E000000470042002F005400200031003100380032002D00320030003000380000001E000000470042002F005400200031003100380032002D0032003000300038000000000080003000000002000000010000000E
1004
0000000000000001000000FFFF08000000F476BF7EA65E00000200000000000100000001000000FFFF08000000735E6297A65E00000200000000000200000001000000FFFF060000000657A65E00000200000000000300000001000000FFFF080000000657F167A65E00000200000000000400000001000000FFFF0A000000
1004
BF
1004
7E6E8FD35EA65E00000200000000000500000001000000FFFF0A00000062976E8FD35EA65E00000200000000000600000001000000FFFF08000000735E4C88A65E00000200000000000700000001000000FFFF080000008257F476A65E00000200000000000800000001000000FFFF080000003E509C65A65E000002000000
1004
00000900000001000000FFFF060000004D4F6E7F00000200000000000A00000001000000FFFF080000000C54748FA65E00000200000000000B00000001000000FFFF08000000F95BF079A65E00000200000000000C00000001000000FFFF080000000657F38DA85200000200000000000D00000001000000FFFF0800000068
1004
51
1004
F38DA85200000200000000000200000006000000FFFFFFFF01000000FFFF0E000000006727599E5B534F8189426C0000040000006D000000FFFFFFFF01000000FFFF0C000000F65E384F6C51EE5D265E00000400000070000000FFFFFFFF01000000FFFF0E00000000670F5C9E5B534F8189426C0000040000006C000000FF
1004
FFFFFF01000000FFFF0E000000EA813175B67201606167F64E00000400000066000000FFFFFFFF01000000FFFF0A0000000553B95B8189426C00000400000065000000FFFFFFFF01000000FFFF100000000D4E038051867972815F3A5CF85B000004000000720000001C00000047004200280031003100380032002D003200
1004
30
1004
0030003800290000001E000000470042002F005400200031003100380032002D00320030003000380000009C9ED3E9A127ED45BC38BDB2527851D1140000002A0044004100540055004D0053005400440000004100000001000000ABFD65BDD14B5A469C00E35FDA50A4141E000000470042002F0054002000310031003800
1004
32002D00320030003000380000001E000000470042002F005400200031003100380032002D003200300030003800000000008000310000001C00000047004200280031003100380032002D003200300030003800290000001E000000470042002F005400200031003100380032002D0032003000300038000000F527A1CFE2
1004
A4
1004
C24B8D50B0822447D51C120000002A004300550054005300530054004400000043000000010000000230145DFF6B0A4FAD5D7DE6F4E1A14220000000470042002F0054002000310037003400350032002D003100390039003800000020000000470042002F0054002000310037003400350032002D00310039003900380000
1004
00FFFF000000000000000000008000320000001E000000470042002800310037003400350032002D0031003900390038002900000020000000470042002F0054002000310037003400350032002D0031003900390038000000B4471AD2BD196342BD5B37F15E7019F5160000002A0050004100520054004E004F0053005400
1004
44
1004
0000004500000001000000C538618EBE14A64387B54D2A0BE42DC522000000470042002F005400200034003400350038002E0032002D003200300030003300000022000000470042002F005400200034003400350038002E0032002D0032003000300033000000FFFF02000000000080003300000020000000470042002800
1004
34003400350038002E0032002D0032003000300033002900000022000000470042002F005400200034003400350038002E0032002D0032003000300033000000B283886E965F1540BDADBD78F4779C6C100000002A0042004F004D00530054004400000047000000010000009E16704288DD1145BE6AD6C7BD512A9D220000
1004
00
1004
470042002F005400200034003400350038002E0032002D003200300030003300000022000000470042002F005400200034003400350038002E0032002D0032003000300033000000040000000100000001000000010000000100000001000000FFFF0100000000000100000001000000010000000100000001000000010000
1004
0001000000010000000100000000008000340000002000000047004200280034003400350038002E0032002D0032003000300033002900000022000000470042002F005400200034003400350038002E0032002D00320030003000330000004D03C971A7683844874BB3EDB2ECE4A11E0000002A00430045004E0054004500
1004
52
1004
004C0049004E00450053005400440000004900000001000000239CCD5064AB684FAAFCCD0171048ABB22000000470042002F005400200034003400350037002E0034002D003200300030003200000022000000470042002F005400200034003400350037002E0034002D003200300030003200000000000000000000000000
1004
0840333333333333F33FFFFF22000000470042002F005400200034003400350037002E0034002D003200300030003200000060E27056119B2C499C7549322AC316521E0000002A00440045005400410049004C00560049004500570053005400440000004B00000001000000FD693F42D5F0B04C9524885E6901AEBF1C0000
1004
00
1004
470042002F0054002000310034003600390030002D003900330000001C000000470042002F0054002000310034003600390030002D003900330000000000000000008000E3FFFFFF020000000000000000000C40FFFFFF4000008000F3FFFFFFFFFFFFFF0100000000000000000000000000104000000000060000000768C6
1004
51000010000000420079004C00610079006500720000001C000000470042002F0054002000310034003600390030002D00390033000000378324DF0EC65241979A18E3709AB2491A0000002A0048004F004C0045004C0049005300540053005400440000004D000000010000009FAC568DC972D34C8EDE1697EA2C4F3B0200
1004
00
1004
00000002000000000000000000000000000000000000000000000000000000000000000000000000000000040000000000000005000000020000000000010000000000000000002440000000000000010000000000000000000000020000000500000004000000580000000200000000000000000034400000000000000100
1004
0000010000000000000002000000050000000400000059000000030000000000000000003440000000000000010000000100000000000000020000000500000006000000545B845F0000040000000000000000003940000000000000010000000100000000000000020000000000589549FE22248744AF67DF08A8858E931C
1004
00
1004
00002A00440049004D004C004500410044004500520053005400440000004F000000010000009CB4A305A33EE242B7971B4FE93D0C5122000000470042002F005400200034003400350038002E0034002D003100390038003400000022000000470042002F005400200034003400350038002E0034002D0031003900380034
1004
000000FFFF010000000000000000001040FFFFFF400000000000000840FFFFFF4000000000000080002C0000001C000000470042005F00155FFA51F48B0E66280031003900380034002900000022000000470042002F005400200034003400350038002E0034002D003100390038003400000081C6337BDA0E9143B488CF0D
1004
53
1004
7FA318140000002A0054004100500045005200530054004400000051000000010000004AE75D8F20808C438F29EBD0D2D3A2CB44000000470042002F005400200034003400350038002E0034002D0032003000300033002C002000470042002F0054002000310035003700350034002D003100390039003500000044000000
1004
470042002F005400200034003400350038002E0034002D0032003000300033002C002000470042002F0054002000310035003700350034002D00310039003900350000000000000000000000040000003A000000010000000000000000001040FFFFFF400000000000000840FFFFFF40000080002D00000018000000470042
1004
00
1004
5F002595A65E280032003000300033002900000044000000470042002F005400200034003400350038002E0034002D0032003000300033002C002000470042002F0054002000310035003700350034002D0031003900390035000000100000002A00440049004D00530054004400000006000000470042000000
  0
XRECORD
  5
ED
102
{ACAD_REACTORS
330
EC
102
}
330
EC
100
AcDbXrecord
280
     1
1000

1000
CAXA_DRAFT_CURRENTWELDSTYLE
1000
标准
  0
XRECORD
  5
EF
102
{ACAD_REACTORS
330
EC
102
}
330
EC
100
AcDbXrecord
280
     1
1000

1000
CAXA_DRAFT_WELDSTYLE
1000
GB(324-88)
1000

1000
标准
1000
标准
1041
0.3
1070
     0
1041
1.0
1041
0.5
1041
3.5
1041
1.0
1071
1090519039
1071
1090519039
1000
Dash
1041
0.0
1071
        0
1071
        1
1071
1090519039
  0
XRECORD
  5
EE
102
{ACAD_REACTORS
330
EC
102
}
330
EC
100
AcDbXrecord
280
     1
1000

1000
CAXA_DRAFT_WELDSTYLE
1000
标准
1000

1000
标准
1000
标准
1041
0.3
1070
     0
1041
1.0
1041
0.5
1041
3.5
1041
1.0
1071
1090519039
1071
1090519039
1000
Dash
1041
0.0
1071
        0
1071
        1
1071
1090519039
  0
XRECORD
  5
F1
102
{ACAD_REACTORS
330
F0
102
}
330
F0
100
AcDbXrecord
280
     1
1000

1000
CAXA_DRAFT_WELDSTYLEOVERRIDE
1070
     0
1070
     0
1070
     0
1070
     0
1070
     0
1070
     0
1070
     0
1070
     0
1070
     0
1070
     0
1070
     0
1070
     0
1070
     0
1070
     0
  0
DICTIONARY
  5
3E1
330
5C
100
AcDbDictionary
280
     1
281
     1
  3
ACAD_XREC_ROUNDTRIP
360
3E2
  0
DICTIONARY
  5
3DC
330
5A
100
AcDbDictionary
280
     1
281
     1
  3
ACAD_ROUNDTRIP_2008_TABLESTYLE_CELLSTYLEMAP
360
3DD
  0
DICTIONARY
  5
3DE
330
115
100
AcDbDictionary
280
     1
281
     1
  3
ACAD_ROUNDTRIP_2008_TABLESTYLE_CELLSTYLEMAP
360
3DF
  0
DICTIONARY
  5
3B4
330
2F
100
AcDbDictionary
280
     1
281
     1
  3
ACAD_XREC_ROUNDTRIP
360
3B5
  0
DICTIONARY
  5
3BA
330
32
100
AcDbDictionary
280
     1
281
     1
  3
ACAD_XREC_ROUNDTRIP
360
3BB
  0
DICTIONARY
  5
3C2
330
36
100
AcDbDictionary
280
     1
281
     1
  3
ACAD_XREC_ROUNDTRIP
360
3C3
  0
DICTIONARY
  5
3CA
330
3A
100
AcDbDictionary
280
     1
281
     1
  3
ACAD_XREC_ROUNDTRIP
360
3CB
  0
DICTIONARY
  5
3BE
330
34
100
AcDbDictionary
280
     1
281
     1
  3
ACAD_XREC_ROUNDTRIP
360
3BF
  0
DICTIONARY
  5
3C0
330
35
100
AcDbDictionary
280
     1
281
     1
  3
ACAD_XREC_ROUNDTRIP
360
3C1
  0
DICTIONARY
  5
3D0
330
3D
100
AcDbDictionary
280
     1
281
     1
  3
ACAD_XREC_ROUNDTRIP
360
3D1
  0
DICTIONARY
  5
3C8
330
39
100
AcDbDictionary
280
     1
281
     1
  3
ACAD_XREC_ROUNDTRIP
360
3C9
  0
DICTIONARY
  5
3AC
330
2B
100
AcDbDictionary
280
     1
281
     1
  3
ACAD_XREC_ROUNDTRIP
360
3AD
  0
DICTIONARY
  5
3AE
330
2C
100
AcDbDictionary
280
     1
281
     1
  3
ACAD_XREC_ROUNDTRIP
360
3AF
  0
DICTIONARY
  5
3B0
330
2D
100
AcDbDictionary
280
     1
281
     1
  3
ACAD_XREC_ROUNDTRIP
360
3B1
  0
DICTIONARY
  5
3B2
330
2E
100
AcDbDictionary
280
     1
281
     1
  3
ACAD_XREC_ROUNDTRIP
360
3B3
  0
DICTIONARY
  5
3B8
330
31
100
AcDbDictionary
280
     1
281
     1
  3
ACAD_XREC_ROUNDTRIP
360
3B9
  0
DICTIONARY
  5
3CC
330
3B
100
AcDbDictionary
280
     1
281
     1
  3
ACAD_XREC_ROUNDTRIP
360
3CD
  0
DICTIONARY
  5
3C6
330
38
100
AcDbDictionary
280
     1
281
     1
  3
ACAD_XREC_ROUNDTRIP
360
3C7
  0
DICTIONARY
  5
3CE
330
3C
100
AcDbDictionary
280
     1
281
     1
  3
ACAD_XREC_ROUNDTRIP
360
3CF
  0
DICTIONARY
  5
3BC
330
33
100
AcDbDictionary
280
     1
281
     1
  3
ACAD_XREC_ROUNDTRIP
360
3BD
  0
DICTIONARY
  5
3DA
330
42
100
AcDbDictionary
280
     1
281
     1
  3
ACAD_XREC_ROUNDTRIP
360
3DB
  0
DICTIONARY
  5
3D8
330
41
100
AcDbDictionary
280
     1
281
     1
  3
ACAD_XREC_ROUNDTRIP
360
3D9
  0
DICTIONARY
  5
3D2
330
3E
100
AcDbDictionary
280
     1
281
     1
  3
ACAD_XREC_ROUNDTRIP
360
3D3
  0
DICTIONARY
  5
3D4
330
3F
100
AcDbDictionary
280
     1
281
     1
  3
ACAD_XREC_ROUNDTRIP
360
3D5
  0
DICTIONARY
  5
3C4
330
37
100
AcDbDictionary
280
     1
281
     1
  3
ACAD_XREC_ROUNDTRIP
360
3C5
  0
DICTIONARY
  5
3B6
330
30
100
AcDbDictionary
280
     1
281
     1
  3
ACAD_XREC_ROUNDTRIP
360
3B7
  0
DICTIONARY
  5
3D6
330
40
100
AcDbDictionary
280
     1
281
     1
  3
ACAD_XREC_ROUNDTRIP
360
3D7
  0
XRECORD
  5
3E2
102
{ACAD_REACTORS
330
3E1
102
}
330
3E1
100
AcDbXrecord
280
     1
102
ACAD_ROUNDTRIP_2010_MLEADER_STYLE
  0
CELLSTYLEMAP
  5
3DD
102
{ACAD_REACTORS
330
3DC
102
}
330
3DC
100
AcDbCellStyleMap
 90
        3
300
CELLSTYLE
  1
TABLEFORMAT_BEGIN
 90
        5
170
     1
 91
        0
 92
    32768
 62
   257
 93
        1
300
CONTENTFORMAT
  1
CONTENTFORMAT_BEGIN
 90
        0
 91
        0
 92
        0
 93
        0
300

 40
0.0
140
1.0
 94
        5
 62
     0
340
11
144
6.0
309
CONTENTFORMAT_END
171
     1
301
MARGIN
  1
CELLMARGIN_BEGIN
 40
1.5
 40
1.5
 40
1.5
 40
1.5
 40
1.5
 40
1.5
309
CELLMARGIN_END
 94
        6
 95
        1
302
GRIDFORMAT
  1
GRIDFORMAT_BEGIN
 90
        0
 91
        1
 62
     0
 92
       -2
340
14
 93
        0
 40
0.045
309
GRIDFORMAT_END
 95
        2
302
GRIDFORMAT
  1
GRIDFORMAT_BEGIN
 90
        0
 91
        1
 62
     0
 92
       -2
340
14
 93
        0
 40
0.045
309
GRIDFORMAT_END
 95
        4
302
GRIDFORMAT
  1
GRIDFORMAT_BEGIN
 90
        0
 91
        1
 62
     0
 92
       -2
340
14
 93
        0
 40
0.045
309
GRIDFORMAT_END
 95
        8
302
GRIDFORMAT
  1
GRIDFORMAT_BEGIN
 90
        0
 91
        1
 62
     0
 92
       -2
340
14
 93
        0
 40
0.045
309
GRIDFORMAT_END
 95
       16
302
GRIDFORMAT
  1
GRIDFORMAT_BEGIN
 90
        0
 91
        1
 62
     0
 92
       -2
340
14
 93
        0
 40
0.045
309
GRIDFORMAT_END
 95
       32
302
GRIDFORMAT
  1
GRIDFORMAT_BEGIN
 90
        0
 91
        1
 62
     0
 92
       -2
340
14
 93
        0
 40
0.045
309
GRIDFORMAT_END
309
TABLEFORMAT_END
  1
CELLSTYLE_BEGIN
 90
        1
 91
        1
300
_TITLE
309
CELLSTYLE_END
300
CELLSTYLE
  1
TABLEFORMAT_BEGIN
 90
        5
170
     1
 91
        0
 92
        0
 62
   257
 93
        1
300
CONTENTFORMAT
  1
CONTENTFORMAT_BEGIN
 90
        0
 91
        0
 92
        0
 93
        0
300

 40
0.0
140
1.0
 94
        5
 62
     0
340
11
144
4.5
309
CONTENTFORMAT_END
171
     1
301
MARGIN
  1
CELLMARGIN_BEGIN
 40
1.5
 40
1.5
 40
1.5
 40
1.5
 40
1.5
 40
1.5
309
CELLMARGIN_END
 94
        6
 95
        1
302
GRIDFORMAT
  1
GRIDFORMAT_BEGIN
 90
        0
 91
        1
 62
     0
 92
       -2
340
14
 93
        0
 40
0.045
309
GRIDFORMAT_END
 95
        2
302
GRIDFORMAT
  1
GRIDFORMAT_BEGIN
 90
        0
 91
        1
 62
     0
 92
       -2
340
14
 93
        0
 40
0.045
309
GRIDFORMAT_END
 95
        4
302
GRIDFORMAT
  1
GRIDFORMAT_BEGIN
 90
        0
 91
        1
 62
     0
 92
       -2
340
14
 93
        0
 40
0.045
309
GRIDFORMAT_END
 95
        8
302
GRIDFORMAT
  1
GRIDFORMAT_BEGIN
 90
        0
 91
        1
 62
     0
 92
       -2
340
14
 93
        0
 40
0.045
309
GRIDFORMAT_END
 95
       16
302
GRIDFORMAT
  1
GRIDFORMAT_BEGIN
 90
        0
 91
        1
 62
     0
 92
       -2
340
14
 93
        0
 40
0.045
309
GRIDFORMAT_END
 95
       32
302
GRIDFORMAT
  1
GRIDFORMAT_BEGIN
 90
        0
 91
        1
 62
     0
 92
       -2
340
14
 93
        0
 40
0.045
309
GRIDFORMAT_END
309
TABLEFORMAT_END
  1
CELLSTYLE_BEGIN
 90
        2
 91
        1
300
_HEADER
309
CELLSTYLE_END
300
CELLSTYLE
  1
TABLEFORMAT_BEGIN
 90
        5
170
     1
 91
        0
 92
        0
 62
   257
 93
        1
300
CONTENTFORMAT
  1
CONTENTFORMAT_BEGIN
 90
        0
 91
        0
 92
        0
 93
        0
300

 40
0.0
140
1.0
 94
        2
 62
     0
340
11
144
4.5
309
CONTENTFORMAT_END
171
     1
301
MARGIN
  1
CELLMARGIN_BEGIN
 40
1.5
 40
1.5
 40
1.5
 40
1.5
 40
1.5
 40
1.5
309
CELLMARGIN_END
 94
        6
 95
        1
302
GRIDFORMAT
  1
GRIDFORMAT_BEGIN
 90
        0
 91
        1
 62
     0
 92
       -2
340
14
 93
        0
 40
0.045
309
GRIDFORMAT_END
 95
        2
302
GRIDFORMAT
  1
GRIDFORMAT_BEGIN
 90
        0
 91
        1
 62
     0
 92
       -2
340
14
 93
        0
 40
0.045
309
GRIDFORMAT_END
 95
        4
302
GRIDFORMAT
  1
GRIDFORMAT_BEGIN
 90
        0
 91
        1
 62
     0
 92
       -2
340
14
 93
        0
 40
0.045
309
GRIDFORMAT_END
 95
        8
302
GRIDFORMAT
  1
GRIDFORMAT_BEGIN
 90
        0
 91
        1
 62
     0
 92
       -2
340
14
 93
        0
 40
0.045
309
GRIDFORMAT_END
 95
       16
302
GRIDFORMAT
  1
GRIDFORMAT_BEGIN
 90
        0
 91
        1
 62
     0
 92
       -2
340
14
 93
        0
 40
0.045
309
GRIDFORMAT_END
 95
       32
302
GRIDFORMAT
  1
GRIDFORMAT_BEGIN
 90
        0
 91
        1
 62
     0
 92
       -2
340
14
 93
        0
 40
0.045
309
GRIDFORMAT_END
309
TABLEFORMAT_END
  1
CELLSTYLE_BEGIN
 90
        3
 91
        2
300
_DATA
309
CELLSTYLE_END
  0
CELLSTYLEMAP
  5
3DF
102
{ACAD_REACTORS
330
3DE
102
}
330
3DE
100
AcDbCellStyleMap
 90
        3
300
CELLSTYLE
  1
TABLEFORMAT_BEGIN
 90
        5
170
     1
 91
        0
 92
    32768
 62
   257
 93
        1
300
CONTENTFORMAT
  1
CONTENTFORMAT_BEGIN
 90
        0
 91
        0
 92
        0
 93
        0
300

 40
0.0
140
1.0
 94
        5
 62
     0
340
DE
144
6.0
309
CONTENTFORMAT_END
171
     1
301
MARGIN
  1
CELLMARGIN_BEGIN
 40
1.5
 40
1.5
 40
1.5
 40
1.5
 40
0.06
 40
0.06
309
CELLMARGIN_END
 94
        6
 95
        1
302
GRIDFORMAT
  1
GRIDFORMAT_BEGIN
 90
        0
 91
        1
 62
     0
 92
       -2
340
14
 93
        0
 40
0.045
309
GRIDFORMAT_END
 95
        2
302
GRIDFORMAT
  1
GRIDFORMAT_BEGIN
 90
        0
 91
        1
 62
     0
 92
       -2
340
14
 93
        0
 40
0.045
309
GRIDFORMAT_END
 95
        4
302
GRIDFORMAT
  1
GRIDFORMAT_BEGIN
 90
        0
 91
        1
 62
     0
 92
       -2
340
14
 93
        0
 40
0.045
309
GRIDFORMAT_END
 95
        8
302
GRIDFORMAT
  1
GRIDFORMAT_BEGIN
 90
        0
 91
        1
 62
     0
 92
       -2
340
14
 93
        0
 40
0.045
309
GRIDFORMAT_END
 95
       16
302
GRIDFORMAT
  1
GRIDFORMAT_BEGIN
 90
        0
 91
        1
 62
     0
 92
       -2
340
14
 93
        0
 40
0.045
309
GRIDFORMAT_END
 95
       32
302
GRIDFORMAT
  1
GRIDFORMAT_BEGIN
 90
        0
 91
        1
 62
     0
 92
       -2
340
14
 93
        0
 40
0.045
309
GRIDFORMAT_END
309
TABLEFORMAT_END
  1
CELLSTYLE_BEGIN
 90
        1
 91
        0
300
_TITLE
309
CELLSTYLE_END
300
CELLSTYLE
  1
TABLEFORMAT_BEGIN
 90
        5
170
     1
 91
        0
 92
        0
 62
   257
 93
        1
300
CONTENTFORMAT
  1
CONTENTFORMAT_BEGIN
 90
        0
 91
        0
 92
        0
 93
        0
300

 40
0.0
140
1.0
 94
        5
 62
     0
340
DE
144
4.5
309
CONTENTFORMAT_END
171
     1
301
MARGIN
  1
CELLMARGIN_BEGIN
 40
1.5
 40
1.5
 40
1.5
 40
1.5
 40
0.06
 40
0.06
309
CELLMARGIN_END
 94
        6
 95
        1
302
GRIDFORMAT
  1
GRIDFORMAT_BEGIN
 90
        0
 91
        1
 62
     0
 92
       -2
340
14
 93
        0
 40
0.045
309
GRIDFORMAT_END
 95
        2
302
GRIDFORMAT
  1
GRIDFORMAT_BEGIN
 90
        0
 91
        1
 62
     0
 92
       -2
340
14
 93
        0
 40
0.045
309
GRIDFORMAT_END
 95
        4
302
GRIDFORMAT
  1
GRIDFORMAT_BEGIN
 90
        0
 91
        1
 62
     0
 92
       -2
340
14
 93
        0
 40
0.045
309
GRIDFORMAT_END
 95
        8
302
GRIDFORMAT
  1
GRIDFORMAT_BEGIN
 90
        0
 91
        1
 62
     0
 92
       -2
340
14
 93
        0
 40
0.045
309
GRIDFORMAT_END
 95
       16
302
GRIDFORMAT
  1
GRIDFORMAT_BEGIN
 90
        0
 91
        1
 62
     0
 92
       -2
340
14
 93
        0
 40
0.045
309
GRIDFORMAT_END
 95
       32
302
GRIDFORMAT
  1
GRIDFORMAT_BEGIN
 90
        0
 91
        1
 62
     0
 92
       -2
340
14
 93
        0
 40
0.045
309
GRIDFORMAT_END
309
TABLEFORMAT_END
  1
CELLSTYLE_BEGIN
 90
        2
 91
        0
300
_HEADER
309
CELLSTYLE_END
300
CELLSTYLE
  1
TABLEFORMAT_BEGIN
 90
        5
170
     1
 91
        0
 92
        0
 62
   257
 93
        1
300
CONTENTFORMAT
  1
CONTENTFORMAT_BEGIN
 90
        0
 91
        0
 92
        0
 93
        0
300

 40
0.0
140
1.0
 94
        2
 62
     0
340
DE
144
4.5
309
CONTENTFORMAT_END
171
     1
301
MARGIN
  1
CELLMARGIN_BEGIN
 40
1.5
 40
1.5
 40
1.5
 40
1.5
 40
0.06
 40
0.06
309
CELLMARGIN_END
 94
        6
 95
        1
302
GRIDFORMAT
  1
GRIDFORMAT_BEGIN
 90
        0
 91
        1
 62
     0
 92
       -2
340
14
 93
        0
 40
0.045
309
GRIDFORMAT_END
 95
        2
302
GRIDFORMAT
  1
GRIDFORMAT_BEGIN
 90
        0
 91
        1
 62
     0
 92
       -2
340
14
 93
        0
 40
0.045
309
GRIDFORMAT_END
 95
        4
302
GRIDFORMAT
  1
GRIDFORMAT_BEGIN
 90
        0
 91
        1
 62
     0
 92
       -2
340
14
 93
        0
 40
0.045
309
GRIDFORMAT_END
 95
        8
302
GRIDFORMAT
  1
GRIDFORMAT_BEGIN
 90
        0
 91
        1
 62
     0
 92
       -2
340
14
 93
        0
 40
0.045
309
GRIDFORMAT_END
 95
       16
302
GRIDFORMAT
  1
GRIDFORMAT_BEGIN
 90
        0
 91
        1
 62
     0
 92
       -2
340
14
 93
        0
 40
0.045
309
GRIDFORMAT_END
 95
       32
302
GRIDFORMAT
  1
GRIDFORMAT_BEGIN
 90
        0
 91
        1
 62
     0
 92
       -2
340
14
 93
        0
 40
0.045
309
GRIDFORMAT_END
309
TABLEFORMAT_END
  1
CELLSTYLE_BEGIN
 90
        3
 91
        0
300
_DATA
309
CELLSTYLE_END
  0
XRECORD
  5
3B5
102
{ACAD_REACTORS
330
3B4
102
}
330
3B4
100
AcDbXrecord
280
     1
102
RTVSPropertyOp0
 70
     1
102
RTVSPropertyOp1
 70
     1
102
RTVSPropertyOp2
 70
     1
102
RTVSPropertyOp3
 70
     1
102
RTVSPropertyOp4
 70
     1
102
RTVSPropertyOp5
 70
     1
102
RTVSPropertyOp6
 70
     1
102
RTVSPropertyOp7
 70
     1
102
RTVSPropertyOp8
 70
     1
102
RTVSPropertyOp9
 70
     1
102
RTVSPropertyOp10
 70
     1
102
RTVSPropertyOp11
 70
     1
102
RTVSPropertyOp12
 70
     1
102
RTVSPropertyOp13
 70
     1
102
RTVSPropertyOp14
 70
     1
102
RTVSPropertyOp15
 70
     1
102
RTVSPropertyOp16
 70
     1
102
RTVSPropertyOp17
 70
     1
102
RTVSPropertyOp18
 70
     1
102
RTVSPropertyOp19
 70
     1
102
RTVSPropertyOp20
 70
     1
102
RTVSPropertyOp21
 70
     1
102
RTVSPropertyOp22
 70
     1
102
RTVSPropertyOp23
 70
     1
102
RTVSPropertyOp24
 70
     1
102
RTVSPropertyOp25
 70
     1
102
RTVSPropertyOp26
 70
     1
102
RTVSPropertyOp27
 70
     1
102
RTVSPropertyOp28
 70
     1
102
RTVSPropertyOp29
 70
     1
102
RTVSPropertyOp30
 70
     1
102
RTVSPropertyOp31
 70
     1
102
RTVSPropertyOp32
 70
     1
102
RTVSPropertyOp33
 70
     1
102
RTVSPropertyOp34
 70
     1
102
RTVSPropertyOp35
 70
     1
102
RTVSPropertyOp36
 70
     1
102
RTVSPropertyOp37
 70
     1
102
RTVSPropertyOp38
 70
     1
102
RTVSPropertyOp39
 70
     1
102
RTVSPropertyOp40
 70
     1
102
RTVSPropertyOp41
 70
     1
102
RTVSPropertyOp42
 70
     1
102
RTVSPropertyOp43
 70
     1
102
RTVSPropertyOp44
 70
     1
102
RTVSPropertyOp45
 70
     1
102
RTVSPropertyOp46
 70
     1
102
RTVSPropertyOp47
 70
     1
102
RTVSPropertyOp48
 70
     1
102
RTVSPropertyOp49
 70
     1
102
RTVSPropertyOp50
 70
     1
102
RTVSPropertyOp51
 70
     0
102
RTVSPropertyOp52
 70
     0
102
RTVSPropertyOp53
 70
     1
102
RTVSPropertyOp54
 70
     1
102
RTVSPropertyOp55
 70
     1
102
RTVSPropertyOp56
 70
     1
102
RTVSPropertyOp57
 70
     1
102
RTVSPost2010Prop28
280
     1
102
RTVSPost2010PropOp28
 70
     1
102
RTVSPost2010Prop29
280
     1
102
RTVSPost2010PropOp29
 70
     1
102
RTVSPost2010Prop30
280
     0
102
RTVSPost2010PropOp30
 70
     1
102
RTVSPost2010Prop31
280
     0
102
RTVSPost2010PropOp31
 70
     1
102
RTVSPost2010Prop32
280
     0
102
RTVSPost2010PropOp32
 70
     1
102
RTVSPost2010Prop33
280
     0
102
RTVSPost2010PropOp33
 70
     1
102
RTVSPost2010Prop34
280
     0
102
RTVSPost2010PropOp34
 70
     1
102
RTVSPost2010Prop35
280
     0
102
RTVSPost2010PropOp35
 70
     1
102
RTVSPost2010Prop36
280
     0
102
RTVSPost2010PropOp36
 70
     1
102
RTVSPost2010Prop37
 90
       50
102
RTVSPost2010PropOp37
 70
     1
102
RTVSPost2010Prop38
140
0.0
102
RTVSPost2010PropOp38
 70
     1
102
RTVSPost2010Prop39
140
1.0
102
RTVSPost2010PropOp39
 70
     1
102
RTVSPost2010Prop40
 90
        0
102
RTVSPost2010PropOp40
 70
     1
102
RTVSPost2010Prop41ColorIndex
 90
       18
102
RTVSPost2010Prop41ColorRGB
 90
        0
102
RTVSPost2010PropOp41
 70
     1
102
RTVSPost2010Prop42
 90
       50
102
RTVSPost2010PropOp42
 70
     1
102
RTVSPost2010Prop43
 90
        3
102
RTVSPost2010PropOp43
 70
     1
102
RTVSPost2010Prop44ColorIndex
 90
        5
102
RTVSPost2010Prop44ColorRGB
 90
      255
102
RTVSPost2010PropOp44
 70
     1
102
RTVSPost2010Prop45
280
     0
102
RTVSPost2010PropOp45
 70
     1
102
RTVSPost2010Prop46
 90
       50
102
RTVSPost2010PropOp46
 70
     1
102
RTVSPost2010Prop47
 90
       50
102
RTVSPost2010PropOp47
 70
     1
102
RTVSPost2010Prop48
 90
       50
102
RTVSPost2010PropOp48
 70
     1
102
RTVSPost2010Prop49
280
     0
102
RTVSPost2010PropOp49
 70
     1
102
RTVSPost2010Prop50
 90
       50
102
RTVSPost2010PropOp50
 70
     1
102
RTVSPost2010Prop51ColorIndex
 90
      256
102
RTVSPost2010Prop51ColorRGB
 90
-16777216
102
RTVSPost2010PropOp51
 70
     0
102
RTVSPost2010Prop52
140
1.0
102
RTVSPost2010PropOp52
 70
     0
102
RTVSPost2010Prop53
 90
        2
102
RTVSPost2010PropOp53
 70
     1
102
RTVSPost2010Prop54
  1
strokes_ogs.tif
102
RTVSPost2010PropOp54
 70
     1
102
RTVSPost2010Prop55
280
     0
102
RTVSPost2010PropOp55
 70
     1
102
RTVSPost2010Prop56
140
1.0
102
RTVSPost2010PropOp56
 70
     1
102
RTVSPost2010Prop57
140
1.0
102
RTVSPost2010PropOp57
 70
     1
  0
XRECORD
  5
3BB
102
{ACAD_REACTORS
330
3BA
102
}
330
3BA
100
AcDbXrecord
280
     1
102
RTVSPropertyOp0
 70
     1
102
RTVSPropertyOp1
 70
     1
102
RTVSPropertyOp2
 70
     1
102
RTVSPropertyOp3
 70
     1
102
RTVSPropertyOp4
 70
     1
102
RTVSPropertyOp5
 70
     1
102
RTVSPropertyOp6
 70
     1
102
RTVSPropertyOp7
 70
     1
102
RTVSPropertyOp8
 70
     1
102
RTVSPropertyOp9
 70
     1
102
RTVSPropertyOp10
 70
     1
102
RTVSPropertyOp11
 70
     1
102
RTVSPropertyOp12
 70
     1
102
RTVSPropertyOp13
 70
     1
102
RTVSPropertyOp14
 70
     1
102
RTVSPropertyOp15
 70
     1
102
RTVSPropertyOp16
 70
     1
102
RTVSPropertyOp17
 70
     1
102
RTVSPropertyOp18
 70
     1
102
RTVSPropertyOp19
 70
     1
102
RTVSPropertyOp20
 70
     1
102
RTVSPropertyOp21
 70
     1
102
RTVSPropertyOp22
 70
     1
102
RTVSPropertyOp23
 70
     1
102
RTVSPropertyOp24
 70
     1
102
RTVSPropertyOp25
 70
     1
102
RTVSPropertyOp26
 70
     1
102
RTVSPropertyOp27
 70
     1
102
RTVSPropertyOp28
 70
     1
102
RTVSPropertyOp29
 70
     1
102
RTVSPropertyOp30
 70
     1
102
RTVSPropertyOp31
 70
     1
102
RTVSPropertyOp32
 70
     1
102
RTVSPropertyOp33
 70
     1
102
RTVSPropertyOp34
 70
     1
102
RTVSPropertyOp35
 70
     1
102
RTVSPropertyOp36
 70
     1
102
RTVSPropertyOp37
 70
     1
102
RTVSPropertyOp38
 70
     1
102
RTVSPropertyOp39
 70
     1
102
RTVSPropertyOp40
 70
     1
102
RTVSPropertyOp41
 70
     1
102
RTVSPropertyOp42
 70
     1
102
RTVSPropertyOp43
 70
     1
102
RTVSPropertyOp44
 70
     1
102
RTVSPropertyOp45
 70
     1
102
RTVSPropertyOp46
 70
     1
102
RTVSPropertyOp47
 70
     1
102
RTVSPropertyOp48
 70
     1
102
RTVSPropertyOp49
 70
     1
102
RTVSPropertyOp50
 70
     1
102
RTVSPropertyOp51
 70
     0
102
RTVSPropertyOp52
 70
     0
102
RTVSPropertyOp53
 70
     1
102
RTVSPropertyOp54
 70
     1
102
RTVSPropertyOp55
 70
     1
102
RTVSPropertyOp56
 70
     1
102
RTVSPropertyOp57
 70
     1
102
RTVSPost2010Prop28
280
     0
102
RTVSPost2010PropOp28
 70
     1
102
RTVSPost2010Prop29
280
     1
102
RTVSPost2010PropOp29
 70
     1
102
RTVSPost2010Prop30
280
     1
102
RTVSPost2010PropOp30
 70
     1
102
RTVSPost2010Prop31
280
     0
102
RTVSPost2010PropOp31
 70
     1
102
RTVSPost2010Prop32
280
     0
102
RTVSPost2010PropOp32
 70
     1
102
RTVSPost2010Prop33
280
     0
102
RTVSPost2010PropOp33
 70
     1
102
RTVSPost2010Prop34
280
     0
102
RTVSPost2010PropOp34
 70
     1
102
RTVSPost2010Prop35
280
     0
102
RTVSPost2010PropOp35
 70
     1
102
RTVSPost2010Prop36
280
     0
102
RTVSPost2010PropOp36
 70
     1
102
RTVSPost2010Prop37
 90
       50
102
RTVSPost2010PropOp37
 70
     1
102
RTVSPost2010Prop38
140
0.0
102
RTVSPost2010PropOp38
 70
     1
102
RTVSPost2010Prop39
140
1.0
102
RTVSPost2010PropOp39
 70
     1
102
RTVSPost2010Prop40
 90
        0
102
RTVSPost2010PropOp40
 70
     1
102
RTVSPost2010Prop41ColorIndex
 90
       18
102
RTVSPost2010Prop41ColorRGB
 90
        0
102
RTVSPost2010PropOp41
 70
     1
102
RTVSPost2010Prop42
 90
       50
102
RTVSPost2010PropOp42
 70
     1
102
RTVSPost2010Prop43
 90
        3
102
RTVSPost2010PropOp43
 70
     1
102
RTVSPost2010Prop44ColorIndex
 90
        5
102
RTVSPost2010Prop44ColorRGB
 90
      255
102
RTVSPost2010PropOp44
 70
     1
102
RTVSPost2010Prop45
280
     0
102
RTVSPost2010PropOp45
 70
     1
102
RTVSPost2010Prop46
 90
       50
102
RTVSPost2010PropOp46
 70
     1
102
RTVSPost2010Prop47
 90
       50
102
RTVSPost2010PropOp47
 70
     1
102
RTVSPost2010Prop48
 90
       50
102
RTVSPost2010PropOp48
 70
     1
102
RTVSPost2010Prop49
280
     0
102
RTVSPost2010PropOp49
 70
     1
102
RTVSPost2010Prop50
 90
       50
102
RTVSPost2010PropOp50
 70
     1
102
RTVSPost2010Prop51ColorIndex
 90
      256
102
RTVSPost2010Prop51ColorRGB
 90
-16777216
102
RTVSPost2010PropOp51
 70
     0
102
RTVSPost2010Prop52
140
1.0
102
RTVSPost2010PropOp52
 70
     0
102
RTVSPost2010Prop53
 90
        2
102
RTVSPost2010PropOp53
 70
     1
102
RTVSPost2010Prop54
  1
strokes_ogs.tif
102
RTVSPost2010PropOp54
 70
     1
102
RTVSPost2010Prop55
280
     0
102
RTVSPost2010PropOp55
 70
     1
102
RTVSPost2010Prop56
140
1.0
102
RTVSPost2010PropOp56
 70
     1
102
RTVSPost2010Prop57
140
1.0
102
RTVSPost2010PropOp57
 70
     1
  0
XRECORD
  5
3C3
102
{ACAD_REACTORS
330
3C2
102
}
330
3C2
100
AcDbXrecord
280
     1
102
RTVSPropertyOp0
 70
     1
102
RTVSPropertyOp1
 70
     1
102
RTVSPropertyOp2
 70
     1
102
RTVSPropertyOp3
 70
     1
102
RTVSPropertyOp4
 70
     1
102
RTVSPropertyOp5
 70
     1
102
RTVSPropertyOp6
 70
     1
102
RTVSPropertyOp7
 70
     1
102
RTVSPropertyOp8
 70
     1
102
RTVSPropertyOp9
 70
     1
102
RTVSPropertyOp10
 70
     1
102
RTVSPropertyOp11
 70
     1
102
RTVSPropertyOp12
 70
     1
102
RTVSPropertyOp13
 70
     1
102
RTVSPropertyOp14
 70
     1
102
RTVSPropertyOp15
 70
     1
102
RTVSPropertyOp16
 70
     1
102
RTVSPropertyOp17
 70
     1
102
RTVSPropertyOp18
 70
     1
102
RTVSPropertyOp19
 70
     1
102
RTVSPropertyOp20
 70
     1
102
RTVSPropertyOp21
 70
     1
102
RTVSPropertyOp22
 70
     1
102
RTVSPropertyOp23
 70
     1
102
RTVSPropertyOp24
 70
     1
102
RTVSPropertyOp25
 70
     1
102
RTVSPropertyOp26
 70
     1
102
RTVSPropertyOp27
 70
     1
102
RTVSPropertyOp28
 70
     1
102
RTVSPropertyOp29
 70
     1
102
RTVSPropertyOp30
 70
     1
102
RTVSPropertyOp31
 70
     1
102
RTVSPropertyOp32
 70
     1
102
RTVSPropertyOp33
 70
     1
102
RTVSPropertyOp34
 70
     1
102
RTVSPropertyOp35
 70
     1
102
RTVSPropertyOp36
 70
     1
102
RTVSPropertyOp37
 70
     1
102
RTVSPropertyOp38
 70
     1
102
RTVSPropertyOp39
 70
     1
102
RTVSPropertyOp40
 70
     1
102
RTVSPropertyOp41
 70
     1
102
RTVSPropertyOp42
 70
     1
102
RTVSPropertyOp43
 70
     1
102
RTVSPropertyOp44
 70
     1
102
RTVSPropertyOp45
 70
     1
102
RTVSPropertyOp46
 70
     1
102
RTVSPropertyOp47
 70
     1
102
RTVSPropertyOp48
 70
     1
102
RTVSPropertyOp49
 70
     1
102
RTVSPropertyOp50
 70
     1
102
RTVSPropertyOp51
 70
     0
102
RTVSPropertyOp52
 70
     0
102
RTVSPropertyOp53
 70
     1
102
RTVSPropertyOp54
 70
     1
102
RTVSPropertyOp55
 70
     1
102
RTVSPropertyOp56
 70
     1
102
RTVSPropertyOp57
 70
     1
102
RTVSPost2010Prop28
280
     0
102
RTVSPost2010PropOp28
 70
     1
102
RTVSPost2010Prop29
280
     1
102
RTVSPost2010PropOp29
 70
     1
102
RTVSPost2010Prop30
280
     1
102
RTVSPost2010PropOp30
 70
     1
102
RTVSPost2010Prop31
280
     0
102
RTVSPost2010PropOp31
 70
     1
102
RTVSPost2010Prop32
280
     0
102
RTVSPost2010PropOp32
 70
     1
102
RTVSPost2010Prop33
280
     0
102
RTVSPost2010PropOp33
 70
     1
102
RTVSPost2010Prop34
280
     0
102
RTVSPost2010PropOp34
 70
     1
102
RTVSPost2010Prop35
280
     0
102
RTVSPost2010PropOp35
 70
     1
102
RTVSPost2010Prop36
280
     0
102
RTVSPost2010PropOp36
 70
     1
102
RTVSPost2010Prop37
 90
       50
102
RTVSPost2010PropOp37
 70
     1
102
RTVSPost2010Prop38
140
0.0
102
RTVSPost2010PropOp38
 70
     1
102
RTVSPost2010Prop39
140
1.0
102
RTVSPost2010PropOp39
 70
     1
102
RTVSPost2010Prop40
 90
        0
102
RTVSPost2010PropOp40
 70
     1
102
RTVSPost2010Prop41ColorIndex
 90
       18
102
RTVSPost2010Prop41ColorRGB
 90
        0
102
RTVSPost2010PropOp41
 70
     1
102
RTVSPost2010Prop42
 90
       50
102
RTVSPost2010PropOp42
 70
     1
102
RTVSPost2010Prop43
 90
        3
102
RTVSPost2010PropOp43
 70
     1
102
RTVSPost2010Prop44ColorIndex
 90
        5
102
RTVSPost2010Prop44ColorRGB
 90
      255
102
RTVSPost2010PropOp44
 70
     1
102
RTVSPost2010Prop45
280
     0
102
RTVSPost2010PropOp45
 70
     1
102
RTVSPost2010Prop46
 90
       50
102
RTVSPost2010PropOp46
 70
     1
102
RTVSPost2010Prop47
 90
       50
102
RTVSPost2010PropOp47
 70
     1
102
RTVSPost2010Prop48
 90
       50
102
RTVSPost2010PropOp48
 70
     1
102
RTVSPost2010Prop49
280
     0
102
RTVSPost2010PropOp49
 70
     1
102
RTVSPost2010Prop50
 90
       50
102
RTVSPost2010PropOp50
 70
     1
102
RTVSPost2010Prop51ColorIndex
 90
      256
102
RTVSPost2010Prop51ColorRGB
 90
-16777216
102
RTVSPost2010PropOp51
 70
     0
102
RTVSPost2010Prop52
140
1.0
102
RTVSPost2010PropOp52
 70
     0
102
RTVSPost2010Prop53
 90
        2
102
RTVSPost2010PropOp53
 70
     1
102
RTVSPost2010Prop54
  1
strokes_ogs.tif
102
RTVSPost2010PropOp54
 70
     1
102
RTVSPost2010Prop55
280
     0
102
RTVSPost2010PropOp55
 70
     1
102
RTVSPost2010Prop56
140
1.0
102
RTVSPost2010PropOp56
 70
     1
102
RTVSPost2010Prop57
140
1.0
102
RTVSPost2010PropOp57
 70
     1
  0
XRECORD
  5
3CB
102
{ACAD_REACTORS
330
3CA
102
}
330
3CA
100
AcDbXrecord
280
     1
102
RTVSPropertyOp0
 70
     1
102
RTVSPropertyOp1
 70
     1
102
RTVSPropertyOp2
 70
     1
102
RTVSPropertyOp3
 70
     1
102
RTVSPropertyOp4
 70
     1
102
RTVSPropertyOp5
 70
     1
102
RTVSPropertyOp6
 70
     1
102
RTVSPropertyOp7
 70
     1
102
RTVSPropertyOp8
 70
     1
102
RTVSPropertyOp9
 70
     1
102
RTVSPropertyOp10
 70
     1
102
RTVSPropertyOp11
 70
     1
102
RTVSPropertyOp12
 70
     1
102
RTVSPropertyOp13
 70
     1
102
RTVSPropertyOp14
 70
     1
102
RTVSPropertyOp15
 70
     1
102
RTVSPropertyOp16
 70
     1
102
RTVSPropertyOp17
 70
     1
102
RTVSPropertyOp18
 70
     1
102
RTVSPropertyOp19
 70
     1
102
RTVSPropertyOp20
 70
     1
102
RTVSPropertyOp21
 70
     1
102
RTVSPropertyOp22
 70
     1
102
RTVSPropertyOp23
 70
     1
102
RTVSPropertyOp24
 70
     1
102
RTVSPropertyOp25
 70
     1
102
RTVSPropertyOp26
 70
     1
102
RTVSPropertyOp27
 70
     1
102
RTVSPropertyOp28
 70
     1
102
RTVSPropertyOp29
 70
     1
102
RTVSPropertyOp30
 70
     1
102
RTVSPropertyOp31
 70
     1
102
RTVSPropertyOp32
 70
     1
102
RTVSPropertyOp33
 70
     1
102
RTVSPropertyOp34
 70
     1
102
RTVSPropertyOp35
 70
     1
102
RTVSPropertyOp36
 70
     1
102
RTVSPropertyOp37
 70
     1
102
RTVSPropertyOp38
 70
     1
102
RTVSPropertyOp39
 70
     1
102
RTVSPropertyOp40
 70
     1
102
RTVSPropertyOp41
 70
     1
102
RTVSPropertyOp42
 70
     1
102
RTVSPropertyOp43
 70
     1
102
RTVSPropertyOp44
 70
     1
102
RTVSPropertyOp45
 70
     1
102
RTVSPropertyOp46
 70
     1
102
RTVSPropertyOp47
 70
     1
102
RTVSPropertyOp48
 70
     1
102
RTVSPropertyOp49
 70
     1
102
RTVSPropertyOp50
 70
     1
102
RTVSPropertyOp51
 70
     0
102
RTVSPropertyOp52
 70
     0
102
RTVSPropertyOp53
 70
     1
102
RTVSPropertyOp54
 70
     1
102
RTVSPropertyOp55
 70
     1
102
RTVSPropertyOp56
 70
     1
102
RTVSPropertyOp57
 70
     1
102
RTVSPost2010Prop28
280
     0
102
RTVSPost2010PropOp28
 70
     1
102
RTVSPost2010Prop29
280
     1
102
RTVSPost2010PropOp29
 70
     1
102
RTVSPost2010Prop30
280
     1
102
RTVSPost2010PropOp30
 70
     1
102
RTVSPost2010Prop31
280
     0
102
RTVSPost2010PropOp31
 70
     1
102
RTVSPost2010Prop32
280
     0
102
RTVSPost2010PropOp32
 70
     1
102
RTVSPost2010Prop33
280
     0
102
RTVSPost2010PropOp33
 70
     1
102
RTVSPost2010Prop34
280
     0
102
RTVSPost2010PropOp34
 70
     1
102
RTVSPost2010Prop35
280
     0
102
RTVSPost2010PropOp35
 70
     1
102
RTVSPost2010Prop36
280
     0
102
RTVSPost2010PropOp36
 70
     1
102
RTVSPost2010Prop37
 90
       50
102
RTVSPost2010PropOp37
 70
     1
102
RTVSPost2010Prop38
140
0.0
102
RTVSPost2010PropOp38
 70
     1
102
RTVSPost2010Prop39
140
1.0
102
RTVSPost2010PropOp39
 70
     1
102
RTVSPost2010Prop40
 90
        0
102
RTVSPost2010PropOp40
 70
     1
102
RTVSPost2010Prop41ColorIndex
 90
       18
102
RTVSPost2010Prop41ColorRGB
 90
        0
102
RTVSPost2010PropOp41
 70
     1
102
RTVSPost2010Prop42
 90
       50
102
RTVSPost2010PropOp42
 70
     1
102
RTVSPost2010Prop43
 90
        3
102
RTVSPost2010PropOp43
 70
     1
102
RTVSPost2010Prop44ColorIndex
 90
        5
102
RTVSPost2010Prop44ColorRGB
 90
      255
102
RTVSPost2010PropOp44
 70
     1
102
RTVSPost2010Prop45
280
     0
102
RTVSPost2010PropOp45
 70
     1
102
RTVSPost2010Prop46
 90
       50
102
RTVSPost2010PropOp46
 70
     1
102
RTVSPost2010Prop47
 90
       50
102
RTVSPost2010PropOp47
 70
     1
102
RTVSPost2010Prop48
 90
       50
102
RTVSPost2010PropOp48
 70
     1
102
RTVSPost2010Prop49
280
     0
102
RTVSPost2010PropOp49
 70
     1
102
RTVSPost2010Prop50
 90
       50
102
RTVSPost2010PropOp50
 70
     1
102
RTVSPost2010Prop51ColorIndex
 90
      256
102
RTVSPost2010Prop51ColorRGB
 90
-16777216
102
RTVSPost2010PropOp51
 70
     0
102
RTVSPost2010Prop52
140
1.0
102
RTVSPost2010PropOp52
 70
     0
102
RTVSPost2010Prop53
 90
        2
102
RTVSPost2010PropOp53
 70
     1
102
RTVSPost2010Prop54
  1
strokes_ogs.tif
102
RTVSPost2010PropOp54
 70
     1
102
RTVSPost2010Prop55
280
     0
102
RTVSPost2010PropOp55
 70
     1
102
RTVSPost2010Prop56
140
1.0
102
RTVSPost2010PropOp56
 70
     1
102
RTVSPost2010Prop57
140
1.0
102
RTVSPost2010PropOp57
 70
     1
  0
XRECORD
  5
3BF
102
{ACAD_REACTORS
330
3BE
102
}
330
3BE
100
AcDbXrecord
280
     1
102
RTVSPropertyOp0
 70
     1
102
RTVSPropertyOp1
 70
     1
102
RTVSPropertyOp2
 70
     1
102
RTVSPropertyOp3
 70
     1
102
RTVSPropertyOp4
 70
     1
102
RTVSPropertyOp5
 70
     1
102
RTVSPropertyOp6
 70
     1
102
RTVSPropertyOp7
 70
     1
102
RTVSPropertyOp8
 70
     1
102
RTVSPropertyOp9
 70
     1
102
RTVSPropertyOp10
 70
     1
102
RTVSPropertyOp11
 70
     1
102
RTVSPropertyOp12
 70
     1
102
RTVSPropertyOp13
 70
     1
102
RTVSPropertyOp14
 70
     1
102
RTVSPropertyOp15
 70
     1
102
RTVSPropertyOp16
 70
     1
102
RTVSPropertyOp17
 70
     1
102
RTVSPropertyOp18
 70
     1
102
RTVSPropertyOp19
 70
     1
102
RTVSPropertyOp20
 70
     1
102
RTVSPropertyOp21
 70
     1
102
RTVSPropertyOp22
 70
     1
102
RTVSPropertyOp23
 70
     1
102
RTVSPropertyOp24
 70
     1
102
RTVSPropertyOp25
 70
     1
102
RTVSPropertyOp26
 70
     1
102
RTVSPropertyOp27
 70
     1
102
RTVSPropertyOp28
 70
     1
102
RTVSPropertyOp29
 70
     1
102
RTVSPropertyOp30
 70
     1
102
RTVSPropertyOp31
 70
     1
102
RTVSPropertyOp32
 70
     1
102
RTVSPropertyOp33
 70
     1
102
RTVSPropertyOp34
 70
     1
102
RTVSPropertyOp35
 70
     1
102
RTVSPropertyOp36
 70
     1
102
RTVSPropertyOp37
 70
     1
102
RTVSPropertyOp38
 70
     1
102
RTVSPropertyOp39
 70
     1
102
RTVSPropertyOp40
 70
     1
102
RTVSPropertyOp41
 70
     1
102
RTVSPropertyOp42
 70
     1
102
RTVSPropertyOp43
 70
     1
102
RTVSPropertyOp44
 70
     1
102
RTVSPropertyOp45
 70
     1
102
RTVSPropertyOp46
 70
     1
102
RTVSPropertyOp47
 70
     1
102
RTVSPropertyOp48
 70
     1
102
RTVSPropertyOp49
 70
     1
102
RTVSPropertyOp50
 70
     1
102
RTVSPropertyOp51
 70
     0
102
RTVSPropertyOp52
 70
     0
102
RTVSPropertyOp53
 70
     1
102
RTVSPropertyOp54
 70
     1
102
RTVSPropertyOp55
 70
     1
102
RTVSPropertyOp56
 70
     1
102
RTVSPropertyOp57
 70
     1
102
RTVSPost2010Prop28
280
     0
102
RTVSPost2010PropOp28
 70
     1
102
RTVSPost2010Prop29
280
     1
102
RTVSPost2010PropOp29
 70
     1
102
RTVSPost2010Prop30
280
     1
102
RTVSPost2010PropOp30
 70
     1
102
RTVSPost2010Prop31
280
     0
102
RTVSPost2010PropOp31
 70
     1
102
RTVSPost2010Prop32
280
     0
102
RTVSPost2010PropOp32
 70
     1
102
RTVSPost2010Prop33
280
     0
102
RTVSPost2010PropOp33
 70
     1
102
RTVSPost2010Prop34
280
     0
102
RTVSPost2010PropOp34
 70
     1
102
RTVSPost2010Prop35
280
     0
102
RTVSPost2010PropOp35
 70
     1
102
RTVSPost2010Prop36
280
     0
102
RTVSPost2010PropOp36
 70
     1
102
RTVSPost2010Prop37
 90
       50
102
RTVSPost2010PropOp37
 70
     1
102
RTVSPost2010Prop38
140
0.0
102
RTVSPost2010PropOp38
 70
     1
102
RTVSPost2010Prop39
140
1.0
102
RTVSPost2010PropOp39
 70
     1
102
RTVSPost2010Prop40
 90
        0
102
RTVSPost2010PropOp40
 70
     1
102
RTVSPost2010Prop41ColorIndex
 90
       18
102
RTVSPost2010Prop41ColorRGB
 90
        0
102
RTVSPost2010PropOp41
 70
     1
102
RTVSPost2010Prop42
 90
       50
102
RTVSPost2010PropOp42
 70
     1
102
RTVSPost2010Prop43
 90
        3
102
RTVSPost2010PropOp43
 70
     1
102
RTVSPost2010Prop44ColorIndex
 90
        5
102
RTVSPost2010Prop44ColorRGB
 90
      255
102
RTVSPost2010PropOp44
 70
     1
102
RTVSPost2010Prop45
280
     0
102
RTVSPost2010PropOp45
 70
     1
102
RTVSPost2010Prop46
 90
       50
102
RTVSPost2010PropOp46
 70
     1
102
RTVSPost2010Prop47
 90
       50
102
RTVSPost2010PropOp47
 70
     1
102
RTVSPost2010Prop48
 90
       50
102
RTVSPost2010PropOp48
 70
     1
102
RTVSPost2010Prop49
280
     0
102
RTVSPost2010PropOp49
 70
     1
102
RTVSPost2010Prop50
 90
       50
102
RTVSPost2010PropOp50
 70
     1
102
RTVSPost2010Prop51ColorIndex
 90
      256
102
RTVSPost2010Prop51ColorRGB
 90
-16777216
102
RTVSPost2010PropOp51
 70
     0
102
RTVSPost2010Prop52
140
1.0
102
RTVSPost2010PropOp52
 70
     0
102
RTVSPost2010Prop53
 90
        2
102
RTVSPost2010PropOp53
 70
     1
102
RTVSPost2010Prop54
  1
strokes_ogs.tif
102
RTVSPost2010PropOp54
 70
     1
102
RTVSPost2010Prop55
280
     0
102
RTVSPost2010PropOp55
 70
     1
102
RTVSPost2010Prop56
140
1.0
102
RTVSPost2010PropOp56
 70
     1
102
RTVSPost2010Prop57
140
1.0
102
RTVSPost2010PropOp57
 70
     1
  0
XRECORD
  5
3C1
102
{ACAD_REACTORS
330
3C0
102
}
330
3C0
100
AcDbXrecord
280
     1
102
RTVSPropertyOp0
 70
     1
102
RTVSPropertyOp1
 70
     1
102
RTVSPropertyOp2
 70
     1
102
RTVSPropertyOp3
 70
     1
102
RTVSPropertyOp4
 70
     1
102
RTVSPropertyOp5
 70
     1
102
RTVSPropertyOp6
 70
     1
102
RTVSPropertyOp7
 70
     1
102
RTVSPropertyOp8
 70
     1
102
RTVSPropertyOp9
 70
     1
102
RTVSPropertyOp10
 70
     1
102
RTVSPropertyOp11
 70
     1
102
RTVSPropertyOp12
 70
     1
102
RTVSPropertyOp13
 70
     1
102
RTVSPropertyOp14
 70
     1
102
RTVSPropertyOp15
 70
     1
102
RTVSPropertyOp16
 70
     1
102
RTVSPropertyOp17
 70
     1
102
RTVSPropertyOp18
 70
     1
102
RTVSPropertyOp19
 70
     1
102
RTVSPropertyOp20
 70
     1
102
RTVSPropertyOp21
 70
     1
102
RTVSPropertyOp22
 70
     1
102
RTVSPropertyOp23
 70
     1
102
RTVSPropertyOp24
 70
     1
102
RTVSPropertyOp25
 70
     1
102
RTVSPropertyOp26
 70
     1
102
RTVSPropertyOp27
 70
     1
102
RTVSPropertyOp28
 70
     1
102
RTVSPropertyOp29
 70
     1
102
RTVSPropertyOp30
 70
     1
102
RTVSPropertyOp31
 70
     1
102
RTVSPropertyOp32
 70
     1
102
RTVSPropertyOp33
 70
     1
102
RTVSPropertyOp34
 70
     1
102
RTVSPropertyOp35
 70
     1
102
RTVSPropertyOp36
 70
     1
102
RTVSPropertyOp37
 70
     1
102
RTVSPropertyOp38
 70
     1
102
RTVSPropertyOp39
 70
     1
102
RTVSPropertyOp40
 70
     1
102
RTVSPropertyOp41
 70
     1
102
RTVSPropertyOp42
 70
     1
102
RTVSPropertyOp43
 70
     1
102
RTVSPropertyOp44
 70
     1
102
RTVSPropertyOp45
 70
     1
102
RTVSPropertyOp46
 70
     1
102
RTVSPropertyOp47
 70
     1
102
RTVSPropertyOp48
 70
     1
102
RTVSPropertyOp49
 70
     1
102
RTVSPropertyOp50
 70
     1
102
RTVSPropertyOp51
 70
     0
102
RTVSPropertyOp52
 70
     0
102
RTVSPropertyOp53
 70
     1
102
RTVSPropertyOp54
 70
     1
102
RTVSPropertyOp55
 70
     1
102
RTVSPropertyOp56
 70
     1
102
RTVSPropertyOp57
 70
     1
102
RTVSPost2010Prop28
280
     0
102
RTVSPost2010PropOp28
 70
     1
102
RTVSPost2010Prop29
280
     1
102
RTVSPost2010PropOp29
 70
     1
102
RTVSPost2010Prop30
280
     1
102
RTVSPost2010PropOp30
 70
     1
102
RTVSPost2010Prop31
280
     0
102
RTVSPost2010PropOp31
 70
     1
102
RTVSPost2010Prop32
280
     0
102
RTVSPost2010PropOp32
 70
     1
102
RTVSPost2010Prop33
280
     0
102
RTVSPost2010PropOp33
 70
     1
102
RTVSPost2010Prop34
280
     0
102
RTVSPost2010PropOp34
 70
     1
102
RTVSPost2010Prop35
280
     0
102
RTVSPost2010PropOp35
 70
     1
102
RTVSPost2010Prop36
280
     0
102
RTVSPost2010PropOp36
 70
     1
102
RTVSPost2010Prop37
 90
       50
102
RTVSPost2010PropOp37
 70
     1
102
RTVSPost2010Prop38
140
0.0
102
RTVSPost2010PropOp38
 70
     1
102
RTVSPost2010Prop39
140
1.0
102
RTVSPost2010PropOp39
 70
     1
102
RTVSPost2010Prop40
 90
        0
102
RTVSPost2010PropOp40
 70
     1
102
RTVSPost2010Prop41ColorIndex
 90
       18
102
RTVSPost2010Prop41ColorRGB
 90
        0
102
RTVSPost2010PropOp41
 70
     1
102
RTVSPost2010Prop42
 90
       50
102
RTVSPost2010PropOp42
 70
     1
102
RTVSPost2010Prop43
 90
        3
102
RTVSPost2010PropOp43
 70
     1
102
RTVSPost2010Prop44ColorIndex
 90
        5
102
RTVSPost2010Prop44ColorRGB
 90
      255
102
RTVSPost2010PropOp44
 70
     1
102
RTVSPost2010Prop45
280
     0
102
RTVSPost2010PropOp45
 70
     1
102
RTVSPost2010Prop46
 90
       50
102
RTVSPost2010PropOp46
 70
     1
102
RTVSPost2010Prop47
 90
       50
102
RTVSPost2010PropOp47
 70
     1
102
RTVSPost2010Prop48
 90
       50
102
RTVSPost2010PropOp48
 70
     1
102
RTVSPost2010Prop49
280
     0
102
RTVSPost2010PropOp49
 70
     1
102
RTVSPost2010Prop50
 90
       50
102
RTVSPost2010PropOp50
 70
     1
102
RTVSPost2010Prop51ColorIndex
 90
      256
102
RTVSPost2010Prop51ColorRGB
 90
-16777216
102
RTVSPost2010PropOp51
 70
     0
102
RTVSPost2010Prop52
140
1.0
102
RTVSPost2010PropOp52
 70
     0
102
RTVSPost2010Prop53
 90
        2
102
RTVSPost2010PropOp53
 70
     1
102
RTVSPost2010Prop54
  1
strokes_ogs.tif
102
RTVSPost2010PropOp54
 70
     1
102
RTVSPost2010Prop55
280
     0
102
RTVSPost2010PropOp55
 70
     1
102
RTVSPost2010Prop56
140
1.0
102
RTVSPost2010PropOp56
 70
     1
102
RTVSPost2010Prop57
140
1.0
102
RTVSPost2010PropOp57
 70
     1
  0
XRECORD
  5
3D1
102
{ACAD_REACTORS
330
3D0
102
}
330
3D0
100
AcDbXrecord
280
     1
102
RTVSPropertyOp0
 70
     0
102
RTVSPropertyOp1
 70
     0
102
RTVSPropertyOp2
 70
     0
102
RTVSPropertyOp3
 70
     0
102
RTVSPropertyOp4
 70
     0
102
RTVSPropertyOp5
 70
     0
102
RTVSPropertyOp6
 70
     0
102
RTVSPropertyOp7
 70
     0
102
RTVSPropertyOp8
 70
     0
102
RTVSPropertyOp9
 70
     0
102
RTVSPropertyOp10
 70
     0
102
RTVSPropertyOp11
 70
     0
102
RTVSPropertyOp12
 70
     0
102
RTVSPropertyOp13
 70
     0
102
RTVSPropertyOp14
 70
     2
102
RTVSPropertyOp15
 70
     0
102
RTVSPropertyOp16
 70
     0
102
RTVSPropertyOp17
 70
     0
102
RTVSPropertyOp18
 70
     0
102
RTVSPropertyOp19
 70
     0
102
RTVSPropertyOp20
 70
     0
102
RTVSPropertyOp21
 70
     0
102
RTVSPropertyOp22
 70
     0
102
RTVSPropertyOp23
 70
     0
102
RTVSPropertyOp24
 70
     0
102
RTVSPropertyOp25
 70
     0
102
RTVSPropertyOp26
 70
     0
102
RTVSPropertyOp27
 70
     0
102
RTVSPropertyOp28
 70
     0
102
RTVSPropertyOp29
 70
     0
102
RTVSPropertyOp30
 70
     0
102
RTVSPropertyOp31
 70
     0
102
RTVSPropertyOp32
 70
     0
102
RTVSPropertyOp33
 70
     0
102
RTVSPropertyOp34
 70
     0
102
RTVSPropertyOp35
 70
     0
102
RTVSPropertyOp36
 70
     0
102
RTVSPropertyOp37
 70
     0
102
RTVSPropertyOp38
 70
     0
102
RTVSPropertyOp39
 70
     0
102
RTVSPropertyOp40
 70
     0
102
RTVSPropertyOp41
 70
     0
102
RTVSPropertyOp42
 70
     0
102
RTVSPropertyOp43
 70
     0
102
RTVSPropertyOp44
 70
     0
102
RTVSPropertyOp45
 70
     0
102
RTVSPropertyOp46
 70
     0
102
RTVSPropertyOp47
 70
     0
102
RTVSPropertyOp48
 70
     0
102
RTVSPropertyOp49
 70
     0
102
RTVSPropertyOp50
 70
     0
102
RTVSPropertyOp51
 70
     0
102
RTVSPropertyOp52
 70
     0
102
RTVSPropertyOp53
 70
     0
102
RTVSPropertyOp54
 70
     0
102
RTVSPropertyOp55
 70
     0
102
RTVSPropertyOp56
 70
     0
102
RTVSPropertyOp57
 70
     0
102
RTVSPost2010Prop28
280
     0
102
RTVSPost2010PropOp28
 70
     0
102
RTVSPost2010Prop29
280
     1
102
RTVSPost2010PropOp29
 70
     0
102
RTVSPost2010Prop30
280
     1
102
RTVSPost2010PropOp30
 70
     0
102
RTVSPost2010Prop31
280
     0
102
RTVSPost2010PropOp31
 70
     0
102
RTVSPost2010Prop32
280
     0
102
RTVSPost2010PropOp32
 70
     0
102
RTVSPost2010Prop33
280
     0
102
RTVSPost2010PropOp33
 70
     0
102
RTVSPost2010Prop34
280
     0
102
RTVSPost2010PropOp34
 70
     0
102
RTVSPost2010Prop35
280
     0
102
RTVSPost2010PropOp35
 70
     0
102
RTVSPost2010Prop36
280
     0
102
RTVSPost2010PropOp36
 70
     0
102
RTVSPost2010Prop37
 90
       50
102
RTVSPost2010PropOp37
 70
     0
102
RTVSPost2010Prop38
140
0.0
102
RTVSPost2010PropOp38
 70
     0
102
RTVSPost2010Prop39
140
1.0
102
RTVSPost2010PropOp39
 70
     0
102
RTVSPost2010Prop40
 90
        0
102
RTVSPost2010PropOp40
 70
     0
102
RTVSPost2010Prop41ColorIndex
 90
       18
102
RTVSPost2010Prop41ColorRGB
 90
        0
102
RTVSPost2010PropOp41
 70
     0
102
RTVSPost2010Prop42
 90
       50
102
RTVSPost2010PropOp42
 70
     0
102
RTVSPost2010Prop43
 90
        3
102
RTVSPost2010PropOp43
 70
     0
102
RTVSPost2010Prop44ColorIndex
 90
        5
102
RTVSPost2010Prop44ColorRGB
 90
      255
102
RTVSPost2010PropOp44
 70
     0
102
RTVSPost2010Prop45
280
     0
102
RTVSPost2010PropOp45
 70
     0
102
RTVSPost2010Prop46
 90
       50
102
RTVSPost2010PropOp46
 70
     0
102
RTVSPost2010Prop47
 90
       50
102
RTVSPost2010PropOp47
 70
     0
102
RTVSPost2010Prop48
 90
       50
102
RTVSPost2010PropOp48
 70
     0
102
RTVSPost2010Prop49
280
     0
102
RTVSPost2010PropOp49
 70
     0
102
RTVSPost2010Prop50
 90
       50
102
RTVSPost2010PropOp50
 70
     0
102
RTVSPost2010Prop51ColorIndex
 90
      256
102
RTVSPost2010Prop51ColorRGB
 90
-16777216
102
RTVSPost2010PropOp51
 70
     0
102
RTVSPost2010Prop52
140
1.0
102
RTVSPost2010PropOp52
 70
     0
102
RTVSPost2010Prop53
 90
        2
102
RTVSPost2010PropOp53
 70
     0
102
RTVSPost2010Prop54
  1
strokes_ogs.tif
102
RTVSPost2010PropOp54
 70
     0
102
RTVSPost2010Prop55
280
     0
102
RTVSPost2010PropOp55
 70
     0
102
RTVSPost2010Prop56
140
1.0
102
RTVSPost2010PropOp56
 70
     0
102
RTVSPost2010Prop57
140
1.0
102
RTVSPost2010PropOp57
 70
     0
  0
XRECORD
  5
3C9
102
{ACAD_REACTORS
330
3C8
102
}
330
3C8
100
AcDbXrecord
280
     1
102
RTVSPropertyOp0
 70
     1
102
RTVSPropertyOp1
 70
     1
102
RTVSPropertyOp2
 70
     1
102
RTVSPropertyOp3
 70
     1
102
RTVSPropertyOp4
 70
     1
102
RTVSPropertyOp5
 70
     1
102
RTVSPropertyOp6
 70
     1
102
RTVSPropertyOp7
 70
     1
102
RTVSPropertyOp8
 70
     1
102
RTVSPropertyOp9
 70
     1
102
RTVSPropertyOp10
 70
     1
102
RTVSPropertyOp11
 70
     1
102
RTVSPropertyOp12
 70
     1
102
RTVSPropertyOp13
 70
     1
102
RTVSPropertyOp14
 70
     1
102
RTVSPropertyOp15
 70
     1
102
RTVSPropertyOp16
 70
     1
102
RTVSPropertyOp17
 70
     1
102
RTVSPropertyOp18
 70
     1
102
RTVSPropertyOp19
 70
     1
102
RTVSPropertyOp20
 70
     1
102
RTVSPropertyOp21
 70
     1
102
RTVSPropertyOp22
 70
     1
102
RTVSPropertyOp23
 70
     1
102
RTVSPropertyOp24
 70
     1
102
RTVSPropertyOp25
 70
     1
102
RTVSPropertyOp26
 70
     1
102
RTVSPropertyOp27
 70
     1
102
RTVSPropertyOp28
 70
     1
102
RTVSPropertyOp29
 70
     1
102
RTVSPropertyOp30
 70
     1
102
RTVSPropertyOp31
 70
     1
102
RTVSPropertyOp32
 70
     1
102
RTVSPropertyOp33
 70
     1
102
RTVSPropertyOp34
 70
     1
102
RTVSPropertyOp35
 70
     1
102
RTVSPropertyOp36
 70
     1
102
RTVSPropertyOp37
 70
     1
102
RTVSPropertyOp38
 70
     1
102
RTVSPropertyOp39
 70
     1
102
RTVSPropertyOp40
 70
     1
102
RTVSPropertyOp41
 70
     1
102
RTVSPropertyOp42
 70
     1
102
RTVSPropertyOp43
 70
     1
102
RTVSPropertyOp44
 70
     1
102
RTVSPropertyOp45
 70
     1
102
RTVSPropertyOp46
 70
     1
102
RTVSPropertyOp47
 70
     1
102
RTVSPropertyOp48
 70
     1
102
RTVSPropertyOp49
 70
     1
102
RTVSPropertyOp50
 70
     1
102
RTVSPropertyOp51
 70
     0
102
RTVSPropertyOp52
 70
     0
102
RTVSPropertyOp53
 70
     1
102
RTVSPropertyOp54
 70
     1
102
RTVSPropertyOp55
 70
     1
102
RTVSPropertyOp56
 70
     1
102
RTVSPropertyOp57
 70
     1
102
RTVSPost2010Prop28
280
     0
102
RTVSPost2010PropOp28
 70
     1
102
RTVSPost2010Prop29
280
     1
102
RTVSPost2010PropOp29
 70
     1
102
RTVSPost2010Prop30
280
     1
102
RTVSPost2010PropOp30
 70
     1
102
RTVSPost2010Prop31
280
     0
102
RTVSPost2010PropOp31
 70
     1
102
RTVSPost2010Prop32
280
     0
102
RTVSPost2010PropOp32
 70
     1
102
RTVSPost2010Prop33
280
     0
102
RTVSPost2010PropOp33
 70
     1
102
RTVSPost2010Prop34
280
     0
102
RTVSPost2010PropOp34
 70
     1
102
RTVSPost2010Prop35
280
     0
102
RTVSPost2010PropOp35
 70
     1
102
RTVSPost2010Prop36
280
     0
102
RTVSPost2010PropOp36
 70
     1
102
RTVSPost2010Prop37
 90
       50
102
RTVSPost2010PropOp37
 70
     1
102
RTVSPost2010Prop38
140
0.0
102
RTVSPost2010PropOp38
 70
     1
102
RTVSPost2010Prop39
140
1.0
102
RTVSPost2010PropOp39
 70
     1
102
RTVSPost2010Prop40
 90
        0
102
RTVSPost2010PropOp40
 70
     1
102
RTVSPost2010Prop41ColorIndex
 90
       18
102
RTVSPost2010Prop41ColorRGB
 90
        0
102
RTVSPost2010PropOp41
 70
     1
102
RTVSPost2010Prop42
 90
       50
102
RTVSPost2010PropOp42
 70
     1
102
RTVSPost2010Prop43
 90
        3
102
RTVSPost2010PropOp43
 70
     1
102
RTVSPost2010Prop44ColorIndex
 90
        5
102
RTVSPost2010Prop44ColorRGB
 90
      255
102
RTVSPost2010PropOp44
 70
     1
102
RTVSPost2010Prop45
280
     0
102
RTVSPost2010PropOp45
 70
     1
102
RTVSPost2010Prop46
 90
       50
102
RTVSPost2010PropOp46
 70
     1
102
RTVSPost2010Prop47
 90
       50
102
RTVSPost2010PropOp47
 70
     1
102
RTVSPost2010Prop48
 90
       50
102
RTVSPost2010PropOp48
 70
     1
102
RTVSPost2010Prop49
280
     0
102
RTVSPost2010PropOp49
 70
     1
102
RTVSPost2010Prop50
 90
       50
102
RTVSPost2010PropOp50
 70
     1
102
RTVSPost2010Prop51ColorIndex
 90
      256
102
RTVSPost2010Prop51ColorRGB
 90
-16777216
102
RTVSPost2010PropOp51
 70
     0
102
RTVSPost2010Prop52
140
1.0
102
RTVSPost2010PropOp52
 70
     0
102
RTVSPost2010Prop53
 90
        2
102
RTVSPost2010PropOp53
 70
     1
102
RTVSPost2010Prop54
  1
strokes_ogs.tif
102
RTVSPost2010PropOp54
 70
     1
102
RTVSPost2010Prop55
280
     0
102
RTVSPost2010PropOp55
 70
     1
102
RTVSPost2010Prop56
140
1.0
102
RTVSPost2010PropOp56
 70
     1
102
RTVSPost2010Prop57
140
1.0
102
RTVSPost2010PropOp57
 70
     1
  0
XRECORD
  5
3AD
102
{ACAD_REACTORS
330
3AC
102
}
330
3AC
100
AcDbXrecord
280
     1
102
RTVSPropertyOp0
 70
     1
102
RTVSPropertyOp1
 70
     1
102
RTVSPropertyOp2
 70
     1
102
RTVSPropertyOp3
 70
     1
102
RTVSPropertyOp4
 70
     1
102
RTVSPropertyOp5
 70
     1
102
RTVSPropertyOp6
 70
     1
102
RTVSPropertyOp7
 70
     1
102
RTVSPropertyOp8
 70
     1
102
RTVSPropertyOp9
 70
     1
102
RTVSPropertyOp10
 70
     1
102
RTVSPropertyOp11
 70
     1
102
RTVSPropertyOp12
 70
     1
102
RTVSPropertyOp13
 70
     1
102
RTVSPropertyOp14
 70
     1
102
RTVSPropertyOp15
 70
     1
102
RTVSPropertyOp16
 70
     1
102
RTVSPropertyOp17
 70
     1
102
RTVSPropertyOp18
 70
     1
102
RTVSPropertyOp19
 70
     1
102
RTVSPropertyOp20
 70
     1
102
RTVSPropertyOp21
 70
     1
102
RTVSPropertyOp22
 70
     1
102
RTVSPropertyOp23
 70
     1
102
RTVSPropertyOp24
 70
     1
102
RTVSPropertyOp25
 70
     1
102
RTVSPropertyOp26
 70
     1
102
RTVSPropertyOp27
 70
     1
102
RTVSPropertyOp28
 70
     1
102
RTVSPropertyOp29
 70
     1
102
RTVSPropertyOp30
 70
     1
102
RTVSPropertyOp31
 70
     1
102
RTVSPropertyOp32
 70
     1
102
RTVSPropertyOp33
 70
     1
102
RTVSPropertyOp34
 70
     1
102
RTVSPropertyOp35
 70
     1
102
RTVSPropertyOp36
 70
     1
102
RTVSPropertyOp37
 70
     1
102
RTVSPropertyOp38
 70
     1
102
RTVSPropertyOp39
 70
     1
102
RTVSPropertyOp40
 70
     1
102
RTVSPropertyOp41
 70
     1
102
RTVSPropertyOp42
 70
     1
102
RTVSPropertyOp43
 70
     1
102
RTVSPropertyOp44
 70
     1
102
RTVSPropertyOp45
 70
     1
102
RTVSPropertyOp46
 70
     1
102
RTVSPropertyOp47
 70
     1
102
RTVSPropertyOp48
 70
     1
102
RTVSPropertyOp49
 70
     1
102
RTVSPropertyOp50
 70
     1
102
RTVSPropertyOp51
 70
     0
102
RTVSPropertyOp52
 70
     0
102
RTVSPropertyOp53
 70
     1
102
RTVSPropertyOp54
 70
     1
102
RTVSPropertyOp55
 70
     1
102
RTVSPropertyOp56
 70
     1
102
RTVSPropertyOp57
 70
     1
102
RTVSPost2010Prop28
280
     0
102
RTVSPost2010PropOp28
 70
     1
102
RTVSPost2010Prop29
280
     1
102
RTVSPost2010PropOp29
 70
     1
102
RTVSPost2010Prop30
280
     1
102
RTVSPost2010PropOp30
 70
     1
102
RTVSPost2010Prop31
280
     0
102
RTVSPost2010PropOp31
 70
     1
102
RTVSPost2010Prop32
280
     0
102
RTVSPost2010PropOp32
 70
     1
102
RTVSPost2010Prop33
280
     0
102
RTVSPost2010PropOp33
 70
     1
102
RTVSPost2010Prop34
280
     0
102
RTVSPost2010PropOp34
 70
     1
102
RTVSPost2010Prop35
280
     0
102
RTVSPost2010PropOp35
 70
     1
102
RTVSPost2010Prop36
280
     0
102
RTVSPost2010PropOp36
 70
     1
102
RTVSPost2010Prop37
 90
       50
102
RTVSPost2010PropOp37
 70
     1
102
RTVSPost2010Prop38
140
0.0
102
RTVSPost2010PropOp38
 70
     1
102
RTVSPost2010Prop39
140
1.0
102
RTVSPost2010PropOp39
 70
     1
102
RTVSPost2010Prop40
 90
        0
102
RTVSPost2010PropOp40
 70
     1
102
RTVSPost2010Prop41ColorIndex
 90
       18
102
RTVSPost2010Prop41ColorRGB
 90
        0
102
RTVSPost2010PropOp41
 70
     1
102
RTVSPost2010Prop42
 90
       50
102
RTVSPost2010PropOp42
 70
     1
102
RTVSPost2010Prop43
 90
        3
102
RTVSPost2010PropOp43
 70
     1
102
RTVSPost2010Prop44ColorIndex
 90
        5
102
RTVSPost2010Prop44ColorRGB
 90
      255
102
RTVSPost2010PropOp44
 70
     1
102
RTVSPost2010Prop45
280
     0
102
RTVSPost2010PropOp45
 70
     1
102
RTVSPost2010Prop46
 90
       50
102
RTVSPost2010PropOp46
 70
     1
102
RTVSPost2010Prop47
 90
       50
102
RTVSPost2010PropOp47
 70
     1
102
RTVSPost2010Prop48
 90
       50
102
RTVSPost2010PropOp48
 70
     1
102
RTVSPost2010Prop49
280
     0
102
RTVSPost2010PropOp49
 70
     1
102
RTVSPost2010Prop50
 90
       50
102
RTVSPost2010PropOp50
 70
     1
102
RTVSPost2010Prop51ColorIndex
 90
      256
102
RTVSPost2010Prop51ColorRGB
 90
-16777216
102
RTVSPost2010PropOp51
 70
     0
102
RTVSPost2010Prop52
140
1.0
102
RTVSPost2010PropOp52
 70
     0
102
RTVSPost2010Prop53
 90
        2
102
RTVSPost2010PropOp53
 70
     1
102
RTVSPost2010Prop54
  1
strokes_ogs.tif
102
RTVSPost2010PropOp54
 70
     1
102
RTVSPost2010Prop55
280
     0
102
RTVSPost2010PropOp55
 70
     1
102
RTVSPost2010Prop56
140
1.0
102
RTVSPost2010PropOp56
 70
     1
102
RTVSPost2010Prop57
140
1.0
102
RTVSPost2010PropOp57
 70
     1
  0
XRECORD
  5
3AF
102
{ACAD_REACTORS
330
3AE
102
}
330
3AE
100
AcDbXrecord
280
     1
102
RTVSPropertyOp0
 70
     1
102
RTVSPropertyOp1
 70
     1
102
RTVSPropertyOp2
 70
     1
102
RTVSPropertyOp3
 70
     1
102
RTVSPropertyOp4
 70
     1
102
RTVSPropertyOp5
 70
     1
102
RTVSPropertyOp6
 70
     1
102
RTVSPropertyOp7
 70
     1
102
RTVSPropertyOp8
 70
     1
102
RTVSPropertyOp9
 70
     1
102
RTVSPropertyOp10
 70
     1
102
RTVSPropertyOp11
 70
     1
102
RTVSPropertyOp12
 70
     1
102
RTVSPropertyOp13
 70
     1
102
RTVSPropertyOp14
 70
     1
102
RTVSPropertyOp15
 70
     1
102
RTVSPropertyOp16
 70
     1
102
RTVSPropertyOp17
 70
     1
102
RTVSPropertyOp18
 70
     1
102
RTVSPropertyOp19
 70
     1
102
RTVSPropertyOp20
 70
     1
102
RTVSPropertyOp21
 70
     1
102
RTVSPropertyOp22
 70
     1
102
RTVSPropertyOp23
 70
     1
102
RTVSPropertyOp24
 70
     1
102
RTVSPropertyOp25
 70
     1
102
RTVSPropertyOp26
 70
     1
102
RTVSPropertyOp27
 70
     1
102
RTVSPropertyOp28
 70
     1
102
RTVSPropertyOp29
 70
     1
102
RTVSPropertyOp30
 70
     1
102
RTVSPropertyOp31
 70
     1
102
RTVSPropertyOp32
 70
     1
102
RTVSPropertyOp33
 70
     1
102
RTVSPropertyOp34
 70
     1
102
RTVSPropertyOp35
 70
     1
102
RTVSPropertyOp36
 70
     1
102
RTVSPropertyOp37
 70
     1
102
RTVSPropertyOp38
 70
     1
102
RTVSPropertyOp39
 70
     1
102
RTVSPropertyOp40
 70
     1
102
RTVSPropertyOp41
 70
     1
102
RTVSPropertyOp42
 70
     1
102
RTVSPropertyOp43
 70
     1
102
RTVSPropertyOp44
 70
     1
102
RTVSPropertyOp45
 70
     1
102
RTVSPropertyOp46
 70
     1
102
RTVSPropertyOp47
 70
     1
102
RTVSPropertyOp48
 70
     1
102
RTVSPropertyOp49
 70
     1
102
RTVSPropertyOp50
 70
     1
102
RTVSPropertyOp51
 70
     0
102
RTVSPropertyOp52
 70
     0
102
RTVSPropertyOp53
 70
     1
102
RTVSPropertyOp54
 70
     1
102
RTVSPropertyOp55
 70
     1
102
RTVSPropertyOp56
 70
     1
102
RTVSPropertyOp57
 70
     1
102
RTVSPost2010Prop28
280
     0
102
RTVSPost2010PropOp28
 70
     1
102
RTVSPost2010Prop29
280
     1
102
RTVSPost2010PropOp29
 70
     1
102
RTVSPost2010Prop30
280
     1
102
RTVSPost2010PropOp30
 70
     1
102
RTVSPost2010Prop31
280
     0
102
RTVSPost2010PropOp31
 70
     1
102
RTVSPost2010Prop32
280
     0
102
RTVSPost2010PropOp32
 70
     1
102
RTVSPost2010Prop33
280
     0
102
RTVSPost2010PropOp33
 70
     1
102
RTVSPost2010Prop34
280
     0
102
RTVSPost2010PropOp34
 70
     1
102
RTVSPost2010Prop35
280
     0
102
RTVSPost2010PropOp35
 70
     1
102
RTVSPost2010Prop36
280
     0
102
RTVSPost2010PropOp36
 70
     1
102
RTVSPost2010Prop37
 90
       50
102
RTVSPost2010PropOp37
 70
     1
102
RTVSPost2010Prop38
140
0.0
102
RTVSPost2010PropOp38
 70
     1
102
RTVSPost2010Prop39
140
1.0
102
RTVSPost2010PropOp39
 70
     1
102
RTVSPost2010Prop40
 90
        0
102
RTVSPost2010PropOp40
 70
     1
102
RTVSPost2010Prop41ColorIndex
 90
       18
102
RTVSPost2010Prop41ColorRGB
 90
        0
102
RTVSPost2010PropOp41
 70
     1
102
RTVSPost2010Prop42
 90
       50
102
RTVSPost2010PropOp42
 70
     1
102
RTVSPost2010Prop43
 90
        3
102
RTVSPost2010PropOp43
 70
     1
102
RTVSPost2010Prop44ColorIndex
 90
        5
102
RTVSPost2010Prop44ColorRGB
 90
      255
102
RTVSPost2010PropOp44
 70
     1
102
RTVSPost2010Prop45
280
     0
102
RTVSPost2010PropOp45
 70
     1
102
RTVSPost2010Prop46
 90
       50
102
RTVSPost2010PropOp46
 70
     1
102
RTVSPost2010Prop47
 90
       50
102
RTVSPost2010PropOp47
 70
     1
102
RTVSPost2010Prop48
 90
       50
102
RTVSPost2010PropOp48
 70
     1
102
RTVSPost2010Prop49
280
     0
102
RTVSPost2010PropOp49
 70
     1
102
RTVSPost2010Prop50
 90
       50
102
RTVSPost2010PropOp50
 70
     1
102
RTVSPost2010Prop51ColorIndex
 90
      256
102
RTVSPost2010Prop51ColorRGB
 90
-16777216
102
RTVSPost2010PropOp51
 70
     0
102
RTVSPost2010Prop52
140
1.0
102
RTVSPost2010PropOp52
 70
     0
102
RTVSPost2010Prop53
 90
        2
102
RTVSPost2010PropOp53
 70
     1
102
RTVSPost2010Prop54
  1
strokes_ogs.tif
102
RTVSPost2010PropOp54
 70
     1
102
RTVSPost2010Prop55
280
     0
102
RTVSPost2010PropOp55
 70
     1
102
RTVSPost2010Prop56
140
1.0
102
RTVSPost2010PropOp56
 70
     1
102
RTVSPost2010Prop57
140
1.0
102
RTVSPost2010PropOp57
 70
     1
  0
XRECORD
  5
3B1
102
{ACAD_REACTORS
330
3B0
102
}
330
3B0
100
AcDbXrecord
280
     1
102
RTVSPropertyOp0
 70
     1
102
RTVSPropertyOp1
 70
     1
102
RTVSPropertyOp2
 70
     1
102
RTVSPropertyOp3
 70
     1
102
RTVSPropertyOp4
 70
     1
102
RTVSPropertyOp5
 70
     1
102
RTVSPropertyOp6
 70
     1
102
RTVSPropertyOp7
 70
     1
102
RTVSPropertyOp8
 70
     1
102
RTVSPropertyOp9
 70
     1
102
RTVSPropertyOp10
 70
     1
102
RTVSPropertyOp11
 70
     1
102
RTVSPropertyOp12
 70
     1
102
RTVSPropertyOp13
 70
     1
102
RTVSPropertyOp14
 70
     1
102
RTVSPropertyOp15
 70
     1
102
RTVSPropertyOp16
 70
     1
102
RTVSPropertyOp17
 70
     1
102
RTVSPropertyOp18
 70
     1
102
RTVSPropertyOp19
 70
     1
102
RTVSPropertyOp20
 70
     1
102
RTVSPropertyOp21
 70
     1
102
RTVSPropertyOp22
 70
     1
102
RTVSPropertyOp23
 70
     1
102
RTVSPropertyOp24
 70
     1
102
RTVSPropertyOp25
 70
     1
102
RTVSPropertyOp26
 70
     1
102
RTVSPropertyOp27
 70
     1
102
RTVSPropertyOp28
 70
     1
102
RTVSPropertyOp29
 70
     1
102
RTVSPropertyOp30
 70
     1
102
RTVSPropertyOp31
 70
     1
102
RTVSPropertyOp32
 70
     1
102
RTVSPropertyOp33
 70
     1
102
RTVSPropertyOp34
 70
     1
102
RTVSPropertyOp35
 70
     1
102
RTVSPropertyOp36
 70
     1
102
RTVSPropertyOp37
 70
     1
102
RTVSPropertyOp38
 70
     1
102
RTVSPropertyOp39
 70
     1
102
RTVSPropertyOp40
 70
     1
102
RTVSPropertyOp41
 70
     1
102
RTVSPropertyOp42
 70
     1
102
RTVSPropertyOp43
 70
     1
102
RTVSPropertyOp44
 70
     1
102
RTVSPropertyOp45
 70
     1
102
RTVSPropertyOp46
 70
     1
102
RTVSPropertyOp47
 70
     1
102
RTVSPropertyOp48
 70
     1
102
RTVSPropertyOp49
 70
     1
102
RTVSPropertyOp50
 70
     1
102
RTVSPropertyOp51
 70
     0
102
RTVSPropertyOp52
 70
     0
102
RTVSPropertyOp53
 70
     1
102
RTVSPropertyOp54
 70
     1
102
RTVSPropertyOp55
 70
     1
102
RTVSPropertyOp56
 70
     1
102
RTVSPropertyOp57
 70
     1
102
RTVSPost2010Prop28
280
     0
102
RTVSPost2010PropOp28
 70
     1
102
RTVSPost2010Prop29
280
     1
102
RTVSPost2010PropOp29
 70
     1
102
RTVSPost2010Prop30
280
     1
102
RTVSPost2010PropOp30
 70
     1
102
RTVSPost2010Prop31
280
     0
102
RTVSPost2010PropOp31
 70
     1
102
RTVSPost2010Prop32
280
     0
102
RTVSPost2010PropOp32
 70
     1
102
RTVSPost2010Prop33
280
     0
102
RTVSPost2010PropOp33
 70
     1
102
RTVSPost2010Prop34
280
     0
102
RTVSPost2010PropOp34
 70
     1
102
RTVSPost2010Prop35
280
     0
102
RTVSPost2010PropOp35
 70
     1
102
RTVSPost2010Prop36
280
     0
102
RTVSPost2010PropOp36
 70
     1
102
RTVSPost2010Prop37
 90
       50
102
RTVSPost2010PropOp37
 70
     1
102
RTVSPost2010Prop38
140
0.0
102
RTVSPost2010PropOp38
 70
     1
102
RTVSPost2010Prop39
140
1.0
102
RTVSPost2010PropOp39
 70
     1
102
RTVSPost2010Prop40
 90
        0
102
RTVSPost2010PropOp40
 70
     1
102
RTVSPost2010Prop41ColorIndex
 90
       18
102
RTVSPost2010Prop41ColorRGB
 90
        0
102
RTVSPost2010PropOp41
 70
     1
102
RTVSPost2010Prop42
 90
       50
102
RTVSPost2010PropOp42
 70
     1
102
RTVSPost2010Prop43
 90
        3
102
RTVSPost2010PropOp43
 70
     1
102
RTVSPost2010Prop44ColorIndex
 90
        5
102
RTVSPost2010Prop44ColorRGB
 90
      255
102
RTVSPost2010PropOp44
 70
     1
102
RTVSPost2010Prop45
280
     0
102
RTVSPost2010PropOp45
 70
     1
102
RTVSPost2010Prop46
 90
       50
102
RTVSPost2010PropOp46
 70
     1
102
RTVSPost2010Prop47
 90
       50
102
RTVSPost2010PropOp47
 70
     1
102
RTVSPost2010Prop48
 90
       50
102
RTVSPost2010PropOp48
 70
     1
102
RTVSPost2010Prop49
280
     0
102
RTVSPost2010PropOp49
 70
     1
102
RTVSPost2010Prop50
 90
       50
102
RTVSPost2010PropOp50
 70
     1
102
RTVSPost2010Prop51ColorIndex
 90
      256
102
RTVSPost2010Prop51ColorRGB
 90
-16777216
102
RTVSPost2010PropOp51
 70
     0
102
RTVSPost2010Prop52
140
1.0
102
RTVSPost2010PropOp52
 70
     0
102
RTVSPost2010Prop53
 90
        2
102
RTVSPost2010PropOp53
 70
     1
102
RTVSPost2010Prop54
  1
strokes_ogs.tif
102
RTVSPost2010PropOp54
 70
     1
102
RTVSPost2010Prop55
280
     0
102
RTVSPost2010PropOp55
 70
     1
102
RTVSPost2010Prop56
140
1.0
102
RTVSPost2010PropOp56
 70
     1
102
RTVSPost2010Prop57
140
1.0
102
RTVSPost2010PropOp57
 70
     1
  0
XRECORD
  5
3B3
102
{ACAD_REACTORS
330
3B2
102
}
330
3B2
100
AcDbXrecord
280
     1
102
RTVSPropertyOp0
 70
     1
102
RTVSPropertyOp1
 70
     1
102
RTVSPropertyOp2
 70
     1
102
RTVSPropertyOp3
 70
     1
102
RTVSPropertyOp4
 70
     1
102
RTVSPropertyOp5
 70
     1
102
RTVSPropertyOp6
 70
     1
102
RTVSPropertyOp7
 70
     1
102
RTVSPropertyOp8
 70
     1
102
RTVSPropertyOp9
 70
     1
102
RTVSPropertyOp10
 70
     1
102
RTVSPropertyOp11
 70
     1
102
RTVSPropertyOp12
 70
     1
102
RTVSPropertyOp13
 70
     1
102
RTVSPropertyOp14
 70
     1
102
RTVSPropertyOp15
 70
     1
102
RTVSPropertyOp16
 70
     1
102
RTVSPropertyOp17
 70
     1
102
RTVSPropertyOp18
 70
     1
102
RTVSPropertyOp19
 70
     1
102
RTVSPropertyOp20
 70
     1
102
RTVSPropertyOp21
 70
     1
102
RTVSPropertyOp22
 70
     1
102
RTVSPropertyOp23
 70
     1
102
RTVSPropertyOp24
 70
     1
102
RTVSPropertyOp25
 70
     1
102
RTVSPropertyOp26
 70
     1
102
RTVSPropertyOp27
 70
     1
102
RTVSPropertyOp28
 70
     1
102
RTVSPropertyOp29
 70
     1
102
RTVSPropertyOp30
 70
     1
102
RTVSPropertyOp31
 70
     1
102
RTVSPropertyOp32
 70
     1
102
RTVSPropertyOp33
 70
     1
102
RTVSPropertyOp34
 70
     1
102
RTVSPropertyOp35
 70
     1
102
RTVSPropertyOp36
 70
     1
102
RTVSPropertyOp37
 70
     1
102
RTVSPropertyOp38
 70
     1
102
RTVSPropertyOp39
 70
     1
102
RTVSPropertyOp40
 70
     1
102
RTVSPropertyOp41
 70
     1
102
RTVSPropertyOp42
 70
     1
102
RTVSPropertyOp43
 70
     1
102
RTVSPropertyOp44
 70
     1
102
RTVSPropertyOp45
 70
     1
102
RTVSPropertyOp46
 70
     1
102
RTVSPropertyOp47
 70
     1
102
RTVSPropertyOp48
 70
     1
102
RTVSPropertyOp49
 70
     1
102
RTVSPropertyOp50
 70
     1
102
RTVSPropertyOp51
 70
     0
102
RTVSPropertyOp52
 70
     0
102
RTVSPropertyOp53
 70
     1
102
RTVSPropertyOp54
 70
     1
102
RTVSPropertyOp55
 70
     1
102
RTVSPropertyOp56
 70
     1
102
RTVSPropertyOp57
 70
     1
102
RTVSPost2010Prop28
280
     0
102
RTVSPost2010PropOp28
 70
     1
102
RTVSPost2010Prop29
280
     1
102
RTVSPost2010PropOp29
 70
     1
102
RTVSPost2010Prop30
280
     1
102
RTVSPost2010PropOp30
 70
     1
102
RTVSPost2010Prop31
280
     0
102
RTVSPost2010PropOp31
 70
     1
102
RTVSPost2010Prop32
280
     0
102
RTVSPost2010PropOp32
 70
     1
102
RTVSPost2010Prop33
280
     0
102
RTVSPost2010PropOp33
 70
     1
102
RTVSPost2010Prop34
280
     0
102
RTVSPost2010PropOp34
 70
     1
102
RTVSPost2010Prop35
280
     0
102
RTVSPost2010PropOp35
 70
     1
102
RTVSPost2010Prop36
280
     0
102
RTVSPost2010PropOp36
 70
     1
102
RTVSPost2010Prop37
 90
       50
102
RTVSPost2010PropOp37
 70
     1
102
RTVSPost2010Prop38
140
0.0
102
RTVSPost2010PropOp38
 70
     1
102
RTVSPost2010Prop39
140
1.0
102
RTVSPost2010PropOp39
 70
     1
102
RTVSPost2010Prop40
 90
        0
102
RTVSPost2010PropOp40
 70
     1
102
RTVSPost2010Prop41ColorIndex
 90
       18
102
RTVSPost2010Prop41ColorRGB
 90
        0
102
RTVSPost2010PropOp41
 70
     1
102
RTVSPost2010Prop42
 90
       50
102
RTVSPost2010PropOp42
 70
     1
102
RTVSPost2010Prop43
 90
        3
102
RTVSPost2010PropOp43
 70
     1
102
RTVSPost2010Prop44ColorIndex
 90
        5
102
RTVSPost2010Prop44ColorRGB
 90
      255
102
RTVSPost2010PropOp44
 70
     1
102
RTVSPost2010Prop45
280
     0
102
RTVSPost2010PropOp45
 70
     1
102
RTVSPost2010Prop46
 90
       50
102
RTVSPost2010PropOp46
 70
     1
102
RTVSPost2010Prop47
 90
       50
102
RTVSPost2010PropOp47
 70
     1
102
RTVSPost2010Prop48
 90
       50
102
RTVSPost2010PropOp48
 70
     1
102
RTVSPost2010Prop49
280
     0
102
RTVSPost2010PropOp49
 70
     1
102
RTVSPost2010Prop50
 90
       50
102
RTVSPost2010PropOp50
 70
     1
102
RTVSPost2010Prop51ColorIndex
 90
      256
102
RTVSPost2010Prop51ColorRGB
 90
-16777216
102
RTVSPost2010PropOp51
 70
     0
102
RTVSPost2010Prop52
140
1.0
102
RTVSPost2010PropOp52
 70
     0
102
RTVSPost2010Prop53
 90
        2
102
RTVSPost2010PropOp53
 70
     1
102
RTVSPost2010Prop54
  1
strokes_ogs.tif
102
RTVSPost2010PropOp54
 70
     1
102
RTVSPost2010Prop55
280
     0
102
RTVSPost2010PropOp55
 70
     1
102
RTVSPost2010Prop56
140
1.0
102
RTVSPost2010PropOp56
 70
     1
102
RTVSPost2010Prop57
140
1.0
102
RTVSPost2010PropOp57
 70
     1
  0
XRECORD
  5
3B9
102
{ACAD_REACTORS
330
3B8
102
}
330
3B8
100
AcDbXrecord
280
     1
102
RTVSPropertyOp0
 70
     1
102
RTVSPropertyOp1
 70
     1
102
RTVSPropertyOp2
 70
     1
102
RTVSPropertyOp3
 70
     1
102
RTVSPropertyOp4
 70
     1
102
RTVSPropertyOp5
 70
     1
102
RTVSPropertyOp6
 70
     1
102
RTVSPropertyOp7
 70
     1
102
RTVSPropertyOp8
 70
     1
102
RTVSPropertyOp9
 70
     1
102
RTVSPropertyOp10
 70
     1
102
RTVSPropertyOp11
 70
     1
102
RTVSPropertyOp12
 70
     1
102
RTVSPropertyOp13
 70
     1
102
RTVSPropertyOp14
 70
     1
102
RTVSPropertyOp15
 70
     1
102
RTVSPropertyOp16
 70
     1
102
RTVSPropertyOp17
 70
     1
102
RTVSPropertyOp18
 70
     1
102
RTVSPropertyOp19
 70
     1
102
RTVSPropertyOp20
 70
     1
102
RTVSPropertyOp21
 70
     1
102
RTVSPropertyOp22
 70
     1
102
RTVSPropertyOp23
 70
     1
102
RTVSPropertyOp24
 70
     1
102
RTVSPropertyOp25
 70
     1
102
RTVSPropertyOp26
 70
     1
102
RTVSPropertyOp27
 70
     1
102
RTVSPropertyOp28
 70
     1
102
RTVSPropertyOp29
 70
     1
102
RTVSPropertyOp30
 70
     1
102
RTVSPropertyOp31
 70
     1
102
RTVSPropertyOp32
 70
     1
102
RTVSPropertyOp33
 70
     1
102
RTVSPropertyOp34
 70
     1
102
RTVSPropertyOp35
 70
     1
102
RTVSPropertyOp36
 70
     1
102
RTVSPropertyOp37
 70
     1
102
RTVSPropertyOp38
 70
     1
102
RTVSPropertyOp39
 70
     1
102
RTVSPropertyOp40
 70
     1
102
RTVSPropertyOp41
 70
     1
102
RTVSPropertyOp42
 70
     1
102
RTVSPropertyOp43
 70
     1
102
RTVSPropertyOp44
 70
     1
102
RTVSPropertyOp45
 70
     1
102
RTVSPropertyOp46
 70
     1
102
RTVSPropertyOp47
 70
     1
102
RTVSPropertyOp48
 70
     1
102
RTVSPropertyOp49
 70
     1
102
RTVSPropertyOp50
 70
     1
102
RTVSPropertyOp51
 70
     0
102
RTVSPropertyOp52
 70
     0
102
RTVSPropertyOp53
 70
     1
102
RTVSPropertyOp54
 70
     1
102
RTVSPropertyOp55
 70
     1
102
RTVSPropertyOp56
 70
     1
102
RTVSPropertyOp57
 70
     1
102
RTVSPost2010Prop28
280
     0
102
RTVSPost2010PropOp28
 70
     1
102
RTVSPost2010Prop29
280
     1
102
RTVSPost2010PropOp29
 70
     1
102
RTVSPost2010Prop30
280
     1
102
RTVSPost2010PropOp30
 70
     1
102
RTVSPost2010Prop31
280
     0
102
RTVSPost2010PropOp31
 70
     1
102
RTVSPost2010Prop32
280
     0
102
RTVSPost2010PropOp32
 70
     1
102
RTVSPost2010Prop33
280
     0
102
RTVSPost2010PropOp33
 70
     1
102
RTVSPost2010Prop34
280
     0
102
RTVSPost2010PropOp34
 70
     1
102
RTVSPost2010Prop35
280
     0
102
RTVSPost2010PropOp35
 70
     1
102
RTVSPost2010Prop36
280
     0
102
RTVSPost2010PropOp36
 70
     1
102
RTVSPost2010Prop37
 90
       50
102
RTVSPost2010PropOp37
 70
     1
102
RTVSPost2010Prop38
140
0.0
102
RTVSPost2010PropOp38
 70
     1
102
RTVSPost2010Prop39
140
1.0
102
RTVSPost2010PropOp39
 70
     1
102
RTVSPost2010Prop40
 90
        0
102
RTVSPost2010PropOp40
 70
     1
102
RTVSPost2010Prop41ColorIndex
 90
       18
102
RTVSPost2010Prop41ColorRGB
 90
        0
102
RTVSPost2010PropOp41
 70
     1
102
RTVSPost2010Prop42
 90
       50
102
RTVSPost2010PropOp42
 70
     1
102
RTVSPost2010Prop43
 90
        3
102
RTVSPost2010PropOp43
 70
     1
102
RTVSPost2010Prop44ColorIndex
 90
        5
102
RTVSPost2010Prop44ColorRGB
 90
      255
102
RTVSPost2010PropOp44
 70
     1
102
RTVSPost2010Prop45
280
     0
102
RTVSPost2010PropOp45
 70
     1
102
RTVSPost2010Prop46
 90
       50
102
RTVSPost2010PropOp46
 70
     1
102
RTVSPost2010Prop47
 90
       50
102
RTVSPost2010PropOp47
 70
     1
102
RTVSPost2010Prop48
 90
       50
102
RTVSPost2010PropOp48
 70
     1
102
RTVSPost2010Prop49
280
     0
102
RTVSPost2010PropOp49
 70
     1
102
RTVSPost2010Prop50
 90
       50
102
RTVSPost2010PropOp50
 70
     1
102
RTVSPost2010Prop51ColorIndex
 90
      256
102
RTVSPost2010Prop51ColorRGB
 90
-16777216
102
RTVSPost2010PropOp51
 70
     0
102
RTVSPost2010Prop52
140
1.0
102
RTVSPost2010PropOp52
 70
     0
102
RTVSPost2010Prop53
 90
        2
102
RTVSPost2010PropOp53
 70
     1
102
RTVSPost2010Prop54
  1
strokes_ogs.tif
102
RTVSPost2010PropOp54
 70
     1
102
RTVSPost2010Prop55
280
     0
102
RTVSPost2010PropOp55
 70
     1
102
RTVSPost2010Prop56
140
1.0
102
RTVSPost2010PropOp56
 70
     1
102
RTVSPost2010Prop57
140
1.0
102
RTVSPost2010PropOp57
 70
     1
  0
XRECORD
  5
3CD
102
{ACAD_REACTORS
330
3CC
102
}
330
3CC
100
AcDbXrecord
280
     1
102
RTVSPropertyOp0
 70
     0
102
RTVSPropertyOp1
 70
     0
102
RTVSPropertyOp2
 70
     0
102
RTVSPropertyOp3
 70
     0
102
RTVSPropertyOp4
 70
     0
102
RTVSPropertyOp5
 70
     0
102
RTVSPropertyOp6
 70
     0
102
RTVSPropertyOp7
 70
     0
102
RTVSPropertyOp8
 70
     0
102
RTVSPropertyOp9
 70
     0
102
RTVSPropertyOp10
 70
     0
102
RTVSPropertyOp11
 70
     0
102
RTVSPropertyOp12
 70
     0
102
RTVSPropertyOp13
 70
     0
102
RTVSPropertyOp14
 70
     2
102
RTVSPropertyOp15
 70
     0
102
RTVSPropertyOp16
 70
     0
102
RTVSPropertyOp17
 70
     0
102
RTVSPropertyOp18
 70
     0
102
RTVSPropertyOp19
 70
     0
102
RTVSPropertyOp20
 70
     0
102
RTVSPropertyOp21
 70
     0
102
RTVSPropertyOp22
 70
     0
102
RTVSPropertyOp23
 70
     0
102
RTVSPropertyOp24
 70
     0
102
RTVSPropertyOp25
 70
     0
102
RTVSPropertyOp26
 70
     0
102
RTVSPropertyOp27
 70
     0
102
RTVSPropertyOp28
 70
     0
102
RTVSPropertyOp29
 70
     0
102
RTVSPropertyOp30
 70
     0
102
RTVSPropertyOp31
 70
     0
102
RTVSPropertyOp32
 70
     0
102
RTVSPropertyOp33
 70
     0
102
RTVSPropertyOp34
 70
     0
102
RTVSPropertyOp35
 70
     0
102
RTVSPropertyOp36
 70
     0
102
RTVSPropertyOp37
 70
     0
102
RTVSPropertyOp38
 70
     0
102
RTVSPropertyOp39
 70
     0
102
RTVSPropertyOp40
 70
     0
102
RTVSPropertyOp41
 70
     0
102
RTVSPropertyOp42
 70
     0
102
RTVSPropertyOp43
 70
     0
102
RTVSPropertyOp44
 70
     0
102
RTVSPropertyOp45
 70
     0
102
RTVSPropertyOp46
 70
     0
102
RTVSPropertyOp47
 70
     0
102
RTVSPropertyOp48
 70
     0
102
RTVSPropertyOp49
 70
     0
102
RTVSPropertyOp50
 70
     0
102
RTVSPropertyOp51
 70
     0
102
RTVSPropertyOp52
 70
     0
102
RTVSPropertyOp53
 70
     0
102
RTVSPropertyOp54
 70
     0
102
RTVSPropertyOp55
 70
     0
102
RTVSPropertyOp56
 70
     0
102
RTVSPropertyOp57
 70
     0
102
RTVSPost2010Prop28
280
     0
102
RTVSPost2010PropOp28
 70
     0
102
RTVSPost2010Prop29
280
     1
102
RTVSPost2010PropOp29
 70
     0
102
RTVSPost2010Prop30
280
     1
102
RTVSPost2010PropOp30
 70
     0
102
RTVSPost2010Prop31
280
     0
102
RTVSPost2010PropOp31
 70
     0
102
RTVSPost2010Prop32
280
     0
102
RTVSPost2010PropOp32
 70
     0
102
RTVSPost2010Prop33
280
     0
102
RTVSPost2010PropOp33
 70
     0
102
RTVSPost2010Prop34
280
     0
102
RTVSPost2010PropOp34
 70
     0
102
RTVSPost2010Prop35
280
     0
102
RTVSPost2010PropOp35
 70
     0
102
RTVSPost2010Prop36
280
     0
102
RTVSPost2010PropOp36
 70
     0
102
RTVSPost2010Prop37
 90
       50
102
RTVSPost2010PropOp37
 70
     0
102
RTVSPost2010Prop38
140
0.0
102
RTVSPost2010PropOp38
 70
     0
102
RTVSPost2010Prop39
140
1.0
102
RTVSPost2010PropOp39
 70
     0
102
RTVSPost2010Prop40
 90
        0
102
RTVSPost2010PropOp40
 70
     0
102
RTVSPost2010Prop41ColorIndex
 90
       18
102
RTVSPost2010Prop41ColorRGB
 90
        0
102
RTVSPost2010PropOp41
 70
     0
102
RTVSPost2010Prop42
 90
       50
102
RTVSPost2010PropOp42
 70
     0
102
RTVSPost2010Prop43
 90
        3
102
RTVSPost2010PropOp43
 70
     0
102
RTVSPost2010Prop44ColorIndex
 90
        5
102
RTVSPost2010Prop44ColorRGB
 90
      255
102
RTVSPost2010PropOp44
 70
     0
102
RTVSPost2010Prop45
280
     0
102
RTVSPost2010PropOp45
 70
     0
102
RTVSPost2010Prop46
 90
       50
102
RTVSPost2010PropOp46
 70
     0
102
RTVSPost2010Prop47
 90
       50
102
RTVSPost2010PropOp47
 70
     0
102
RTVSPost2010Prop48
 90
       50
102
RTVSPost2010PropOp48
 70
     0
102
RTVSPost2010Prop49
280
     0
102
RTVSPost2010PropOp49
 70
     0
102
RTVSPost2010Prop50
 90
       50
102
RTVSPost2010PropOp50
 70
     0
102
RTVSPost2010Prop51ColorIndex
 90
      256
102
RTVSPost2010Prop51ColorRGB
 90
-16777216
102
RTVSPost2010PropOp51
 70
     0
102
RTVSPost2010Prop52
140
1.0
102
RTVSPost2010PropOp52
 70
     0
102
RTVSPost2010Prop53
 90
        2
102
RTVSPost2010PropOp53
 70
     0
102
RTVSPost2010Prop54
  1
strokes_ogs.tif
102
RTVSPost2010PropOp54
 70
     0
102
RTVSPost2010Prop55
280
     0
102
RTVSPost2010PropOp55
 70
     0
102
RTVSPost2010Prop56
140
1.0
102
RTVSPost2010PropOp56
 70
     0
102
RTVSPost2010Prop57
140
1.0
102
RTVSPost2010PropOp57
 70
     0
  0
XRECORD
  5
3C7
102
{ACAD_REACTORS
330
3C6
102
}
330
3C6
100
AcDbXrecord
280
     1
102
RTVSPropertyOp0
 70
     1
102
RTVSPropertyOp1
 70
     1
102
RTVSPropertyOp2
 70
     1
102
RTVSPropertyOp3
 70
     1
102
RTVSPropertyOp4
 70
     1
102
RTVSPropertyOp5
 70
     1
102
RTVSPropertyOp6
 70
     1
102
RTVSPropertyOp7
 70
     1
102
RTVSPropertyOp8
 70
     1
102
RTVSPropertyOp9
 70
     1
102
RTVSPropertyOp10
 70
     1
102
RTVSPropertyOp11
 70
     1
102
RTVSPropertyOp12
 70
     1
102
RTVSPropertyOp13
 70
     1
102
RTVSPropertyOp14
 70
     1
102
RTVSPropertyOp15
 70
     1
102
RTVSPropertyOp16
 70
     1
102
RTVSPropertyOp17
 70
     1
102
RTVSPropertyOp18
 70
     1
102
RTVSPropertyOp19
 70
     1
102
RTVSPropertyOp20
 70
     1
102
RTVSPropertyOp21
 70
     1
102
RTVSPropertyOp22
 70
     1
102
RTVSPropertyOp23
 70
     1
102
RTVSPropertyOp24
 70
     1
102
RTVSPropertyOp25
 70
     1
102
RTVSPropertyOp26
 70
     1
102
RTVSPropertyOp27
 70
     1
102
RTVSPropertyOp28
 70
     1
102
RTVSPropertyOp29
 70
     1
102
RTVSPropertyOp30
 70
     1
102
RTVSPropertyOp31
 70
     1
102
RTVSPropertyOp32
 70
     1
102
RTVSPropertyOp33
 70
     1
102
RTVSPropertyOp34
 70
     1
102
RTVSPropertyOp35
 70
     1
102
RTVSPropertyOp36
 70
     1
102
RTVSPropertyOp37
 70
     1
102
RTVSPropertyOp38
 70
     1
102
RTVSPropertyOp39
 70
     1
102
RTVSPropertyOp40
 70
     1
102
RTVSPropertyOp41
 70
     1
102
RTVSPropertyOp42
 70
     1
102
RTVSPropertyOp43
 70
     1
102
RTVSPropertyOp44
 70
     1
102
RTVSPropertyOp45
 70
     1
102
RTVSPropertyOp46
 70
     1
102
RTVSPropertyOp47
 70
     1
102
RTVSPropertyOp48
 70
     1
102
RTVSPropertyOp49
 70
     1
102
RTVSPropertyOp50
 70
     1
102
RTVSPropertyOp51
 70
     0
102
RTVSPropertyOp52
 70
     0
102
RTVSPropertyOp53
 70
     1
102
RTVSPropertyOp54
 70
     1
102
RTVSPropertyOp55
 70
     1
102
RTVSPropertyOp56
 70
     1
102
RTVSPropertyOp57
 70
     1
102
RTVSPost2010Prop28
280
     0
102
RTVSPost2010PropOp28
 70
     1
102
RTVSPost2010Prop29
280
     1
102
RTVSPost2010PropOp29
 70
     1
102
RTVSPost2010Prop30
280
     1
102
RTVSPost2010PropOp30
 70
     1
102
RTVSPost2010Prop31
280
     0
102
RTVSPost2010PropOp31
 70
     1
102
RTVSPost2010Prop32
280
     0
102
RTVSPost2010PropOp32
 70
     1
102
RTVSPost2010Prop33
280
     0
102
RTVSPost2010PropOp33
 70
     1
102
RTVSPost2010Prop34
280
     0
102
RTVSPost2010PropOp34
 70
     1
102
RTVSPost2010Prop35
280
     0
102
RTVSPost2010PropOp35
 70
     1
102
RTVSPost2010Prop36
280
     0
102
RTVSPost2010PropOp36
 70
     1
102
RTVSPost2010Prop37
 90
       50
102
RTVSPost2010PropOp37
 70
     1
102
RTVSPost2010Prop38
140
0.0
102
RTVSPost2010PropOp38
 70
     1
102
RTVSPost2010Prop39
140
1.0
102
RTVSPost2010PropOp39
 70
     1
102
RTVSPost2010Prop40
 90
        0
102
RTVSPost2010PropOp40
 70
     1
102
RTVSPost2010Prop41ColorIndex
 90
       18
102
RTVSPost2010Prop41ColorRGB
 90
        0
102
RTVSPost2010PropOp41
 70
     1
102
RTVSPost2010Prop42
 90
       50
102
RTVSPost2010PropOp42
 70
     1
102
RTVSPost2010Prop43
 90
        3
102
RTVSPost2010PropOp43
 70
     1
102
RTVSPost2010Prop44ColorIndex
 90
        5
102
RTVSPost2010Prop44ColorRGB
 90
      255
102
RTVSPost2010PropOp44
 70
     1
102
RTVSPost2010Prop45
280
     0
102
RTVSPost2010PropOp45
 70
     1
102
RTVSPost2010Prop46
 90
       50
102
RTVSPost2010PropOp46
 70
     1
102
RTVSPost2010Prop47
 90
       50
102
RTVSPost2010PropOp47
 70
     1
102
RTVSPost2010Prop48
 90
       50
102
RTVSPost2010PropOp48
 70
     1
102
RTVSPost2010Prop49
280
     0
102
RTVSPost2010PropOp49
 70
     1
102
RTVSPost2010Prop50
 90
       50
102
RTVSPost2010PropOp50
 70
     1
102
RTVSPost2010Prop51ColorIndex
 90
      256
102
RTVSPost2010Prop51ColorRGB
 90
-16777216
102
RTVSPost2010PropOp51
 70
     0
102
RTVSPost2010Prop52
140
1.0
102
RTVSPost2010PropOp52
 70
     0
102
RTVSPost2010Prop53
 90
        2
102
RTVSPost2010PropOp53
 70
     1
102
RTVSPost2010Prop54
  1
strokes_ogs.tif
102
RTVSPost2010PropOp54
 70
     1
102
RTVSPost2010Prop55
280
     0
102
RTVSPost2010PropOp55
 70
     1
102
RTVSPost2010Prop56
140
1.0
102
RTVSPost2010PropOp56
 70
     1
102
RTVSPost2010Prop57
140
1.0
102
RTVSPost2010PropOp57
 70
     1
  0
XRECORD
  5
3CF
102
{ACAD_REACTORS
330
3CE
102
}
330
3CE
100
AcDbXrecord
280
     1
102
RTVSPropertyOp0
 70
     0
102
RTVSPropertyOp1
 70
     0
102
RTVSPropertyOp2
 70
     0
102
RTVSPropertyOp3
 70
     0
102
RTVSPropertyOp4
 70
     0
102
RTVSPropertyOp5
 70
     0
102
RTVSPropertyOp6
 70
     0
102
RTVSPropertyOp7
 70
     0
102
RTVSPropertyOp8
 70
     0
102
RTVSPropertyOp9
 70
     0
102
RTVSPropertyOp10
 70
     0
102
RTVSPropertyOp11
 70
     0
102
RTVSPropertyOp12
 70
     0
102
RTVSPropertyOp13
 70
     0
102
RTVSPropertyOp14
 70
     2
102
RTVSPropertyOp15
 70
     0
102
RTVSPropertyOp16
 70
     0
102
RTVSPropertyOp17
 70
     0
102
RTVSPropertyOp18
 70
     0
102
RTVSPropertyOp19
 70
     0
102
RTVSPropertyOp20
 70
     0
102
RTVSPropertyOp21
 70
     0
102
RTVSPropertyOp22
 70
     0
102
RTVSPropertyOp23
 70
     0
102
RTVSPropertyOp24
 70
     0
102
RTVSPropertyOp25
 70
     0
102
RTVSPropertyOp26
 70
     0
102
RTVSPropertyOp27
 70
     0
102
RTVSPropertyOp28
 70
     0
102
RTVSPropertyOp29
 70
     0
102
RTVSPropertyOp30
 70
     0
102
RTVSPropertyOp31
 70
     0
102
RTVSPropertyOp32
 70
     0
102
RTVSPropertyOp33
 70
     0
102
RTVSPropertyOp34
 70
     0
102
RTVSPropertyOp35
 70
     0
102
RTVSPropertyOp36
 70
     0
102
RTVSPropertyOp37
 70
     0
102
RTVSPropertyOp38
 70
     0
102
RTVSPropertyOp39
 70
     0
102
RTVSPropertyOp40
 70
     0
102
RTVSPropertyOp41
 70
     0
102
RTVSPropertyOp42
 70
     0
102
RTVSPropertyOp43
 70
     0
102
RTVSPropertyOp44
 70
     0
102
RTVSPropertyOp45
 70
     0
102
RTVSPropertyOp46
 70
     0
102
RTVSPropertyOp47
 70
     0
102
RTVSPropertyOp48
 70
     0
102
RTVSPropertyOp49
 70
     0
102
RTVSPropertyOp50
 70
     0
102
RTVSPropertyOp51
 70
     0
102
RTVSPropertyOp52
 70
     0
102
RTVSPropertyOp53
 70
     0
102
RTVSPropertyOp54
 70
     0
102
RTVSPropertyOp55
 70
     0
102
RTVSPropertyOp56
 70
     0
102
RTVSPropertyOp57
 70
     0
102
RTVSPost2010Prop28
280
     0
102
RTVSPost2010PropOp28
 70
     0
102
RTVSPost2010Prop29
280
     1
102
RTVSPost2010PropOp29
 70
     0
102
RTVSPost2010Prop30
280
     1
102
RTVSPost2010PropOp30
 70
     0
102
RTVSPost2010Prop31
280
     0
102
RTVSPost2010PropOp31
 70
     0
102
RTVSPost2010Prop32
280
     0
102
RTVSPost2010PropOp32
 70
     0
102
RTVSPost2010Prop33
280
     0
102
RTVSPost2010PropOp33
 70
     0
102
RTVSPost2010Prop34
280
     0
102
RTVSPost2010PropOp34
 70
     0
102
RTVSPost2010Prop35
280
     0
102
RTVSPost2010PropOp35
 70
     0
102
RTVSPost2010Prop36
280
     0
102
RTVSPost2010PropOp36
 70
     0
102
RTVSPost2010Prop37
 90
       50
102
RTVSPost2010PropOp37
 70
     0
102
RTVSPost2010Prop38
140
0.0
102
RTVSPost2010PropOp38
 70
     0
102
RTVSPost2010Prop39
140
1.0
102
RTVSPost2010PropOp39
 70
     0
102
RTVSPost2010Prop40
 90
        0
102
RTVSPost2010PropOp40
 70
     0
102
RTVSPost2010Prop41ColorIndex
 90
       18
102
RTVSPost2010Prop41ColorRGB
 90
        0
102
RTVSPost2010PropOp41
 70
     0
102
RTVSPost2010Prop42
 90
       50
102
RTVSPost2010PropOp42
 70
     0
102
RTVSPost2010Prop43
 90
        3
102
RTVSPost2010PropOp43
 70
     0
102
RTVSPost2010Prop44ColorIndex
 90
        5
102
RTVSPost2010Prop44ColorRGB
 90
      255
102
RTVSPost2010PropOp44
 70
     0
102
RTVSPost2010Prop45
280
     0
102
RTVSPost2010PropOp45
 70
     0
102
RTVSPost2010Prop46
 90
       50
102
RTVSPost2010PropOp46
 70
     0
102
RTVSPost2010Prop47
 90
       50
102
RTVSPost2010PropOp47
 70
     0
102
RTVSPost2010Prop48
 90
       50
102
RTVSPost2010PropOp48
 70
     0
102
RTVSPost2010Prop49
280
     0
102
RTVSPost2010PropOp49
 70
     0
102
RTVSPost2010Prop50
 90
       50
102
RTVSPost2010PropOp50
 70
     0
102
RTVSPost2010Prop51ColorIndex
 90
      256
102
RTVSPost2010Prop51ColorRGB
 90
-16777216
102
RTVSPost2010PropOp51
 70
     0
102
RTVSPost2010Prop52
140
1.0
102
RTVSPost2010PropOp52
 70
     0
102
RTVSPost2010Prop53
 90
        2
102
RTVSPost2010PropOp53
 70
     0
102
RTVSPost2010Prop54
  1
strokes_ogs.tif
102
RTVSPost2010PropOp54
 70
     0
102
RTVSPost2010Prop55
280
     0
102
RTVSPost2010PropOp55
 70
     0
102
RTVSPost2010Prop56
140
1.0
102
RTVSPost2010PropOp56
 70
     0
102
RTVSPost2010Prop57
140
1.0
102
RTVSPost2010PropOp57
 70
     0
  0
XRECORD
  5
3BD
102
{ACAD_REACTORS
330
3BC
102
}
330
3BC
100
AcDbXrecord
280
     1
102
RTVSPropertyOp0
 70
     1
102
RTVSPropertyOp1
 70
     1
102
RTVSPropertyOp2
 70
     1
102
RTVSPropertyOp3
 70
     1
102
RTVSPropertyOp4
 70
     1
102
RTVSPropertyOp5
 70
     1
102
RTVSPropertyOp6
 70
     1
102
RTVSPropertyOp7
 70
     1
102
RTVSPropertyOp8
 70
     1
102
RTVSPropertyOp9
 70
     1
102
RTVSPropertyOp10
 70
     1
102
RTVSPropertyOp11
 70
     1
102
RTVSPropertyOp12
 70
     1
102
RTVSPropertyOp13
 70
     1
102
RTVSPropertyOp14
 70
     1
102
RTVSPropertyOp15
 70
     1
102
RTVSPropertyOp16
 70
     1
102
RTVSPropertyOp17
 70
     1
102
RTVSPropertyOp18
 70
     1
102
RTVSPropertyOp19
 70
     1
102
RTVSPropertyOp20
 70
     1
102
RTVSPropertyOp21
 70
     1
102
RTVSPropertyOp22
 70
     1
102
RTVSPropertyOp23
 70
     1
102
RTVSPropertyOp24
 70
     1
102
RTVSPropertyOp25
 70
     1
102
RTVSPropertyOp26
 70
     1
102
RTVSPropertyOp27
 70
     1
102
RTVSPropertyOp28
 70
     1
102
RTVSPropertyOp29
 70
     1
102
RTVSPropertyOp30
 70
     1
102
RTVSPropertyOp31
 70
     1
102
RTVSPropertyOp32
 70
     1
102
RTVSPropertyOp33
 70
     1
102
RTVSPropertyOp34
 70
     1
102
RTVSPropertyOp35
 70
     1
102
RTVSPropertyOp36
 70
     1
102
RTVSPropertyOp37
 70
     1
102
RTVSPropertyOp38
 70
     1
102
RTVSPropertyOp39
 70
     1
102
RTVSPropertyOp40
 70
     1
102
RTVSPropertyOp41
 70
     1
102
RTVSPropertyOp42
 70
     1
102
RTVSPropertyOp43
 70
     1
102
RTVSPropertyOp44
 70
     1
102
RTVSPropertyOp45
 70
     1
102
RTVSPropertyOp46
 70
     1
102
RTVSPropertyOp47
 70
     1
102
RTVSPropertyOp48
 70
     1
102
RTVSPropertyOp49
 70
     1
102
RTVSPropertyOp50
 70
     1
102
RTVSPropertyOp51
 70
     0
102
RTVSPropertyOp52
 70
     0
102
RTVSPropertyOp53
 70
     1
102
RTVSPropertyOp54
 70
     1
102
RTVSPropertyOp55
 70
     1
102
RTVSPropertyOp56
 70
     1
102
RTVSPropertyOp57
 70
     1
102
RTVSPost2010Prop28
280
     0
102
RTVSPost2010PropOp28
 70
     1
102
RTVSPost2010Prop29
280
     1
102
RTVSPost2010PropOp29
 70
     1
102
RTVSPost2010Prop30
280
     1
102
RTVSPost2010PropOp30
 70
     1
102
RTVSPost2010Prop31
280
     0
102
RTVSPost2010PropOp31
 70
     1
102
RTVSPost2010Prop32
280
     0
102
RTVSPost2010PropOp32
 70
     1
102
RTVSPost2010Prop33
280
     0
102
RTVSPost2010PropOp33
 70
     1
102
RTVSPost2010Prop34
280
     0
102
RTVSPost2010PropOp34
 70
     1
102
RTVSPost2010Prop35
280
     0
102
RTVSPost2010PropOp35
 70
     1
102
RTVSPost2010Prop36
280
     0
102
RTVSPost2010PropOp36
 70
     1
102
RTVSPost2010Prop37
 90
       50
102
RTVSPost2010PropOp37
 70
     1
102
RTVSPost2010Prop38
140
0.0
102
RTVSPost2010PropOp38
 70
     1
102
RTVSPost2010Prop39
140
1.0
102
RTVSPost2010PropOp39
 70
     1
102
RTVSPost2010Prop40
 90
        0
102
RTVSPost2010PropOp40
 70
     1
102
RTVSPost2010Prop41ColorIndex
 90
       18
102
RTVSPost2010Prop41ColorRGB
 90
        0
102
RTVSPost2010PropOp41
 70
     1
102
RTVSPost2010Prop42
 90
       50
102
RTVSPost2010PropOp42
 70
     1
102
RTVSPost2010Prop43
 90
        3
102
RTVSPost2010PropOp43
 70
     1
102
RTVSPost2010Prop44ColorIndex
 90
        5
102
RTVSPost2010Prop44ColorRGB
 90
      255
102
RTVSPost2010PropOp44
 70
     1
102
RTVSPost2010Prop45
280
     0
102
RTVSPost2010PropOp45
 70
     1
102
RTVSPost2010Prop46
 90
       50
102
RTVSPost2010PropOp46
 70
     1
102
RTVSPost2010Prop47
 90
       50
102
RTVSPost2010PropOp47
 70
     1
102
RTVSPost2010Prop48
 90
       50
102
RTVSPost2010PropOp48
 70
     1
102
RTVSPost2010Prop49
280
     0
102
RTVSPost2010PropOp49
 70
     1
102
RTVSPost2010Prop50
 90
       50
102
RTVSPost2010PropOp50
 70
     1
102
RTVSPost2010Prop51ColorIndex
 90
      256
102
RTVSPost2010Prop51ColorRGB
 90
-16777216
102
RTVSPost2010PropOp51
 70
     0
102
RTVSPost2010Prop52
140
1.0
102
RTVSPost2010PropOp52
 70
     0
102
RTVSPost2010Prop53
 90
        2
102
RTVSPost2010PropOp53
 70
     1
102
RTVSPost2010Prop54
  1
strokes_ogs.tif
102
RTVSPost2010PropOp54
 70
     1
102
RTVSPost2010Prop55
280
     0
102
RTVSPost2010PropOp55
 70
     1
102
RTVSPost2010Prop56
140
1.0
102
RTVSPost2010PropOp56
 70
     1
102
RTVSPost2010Prop57
140
1.0
102
RTVSPost2010PropOp57
 70
     1
  0
XRECORD
  5
3DB
102
{ACAD_REACTORS
330
3DA
102
}
330
3DA
100
AcDbXrecord
280
     1
102
RTVSPropertyOp0
 70
     1
102
RTVSPropertyOp1
 70
     1
102
RTVSPropertyOp2
 70
     1
102
RTVSPropertyOp3
 70
     1
102
RTVSPropertyOp4
 70
     1
102
RTVSPropertyOp5
 70
     1
102
RTVSPropertyOp6
 70
     1
102
RTVSPropertyOp7
 70
     1
102
RTVSPropertyOp8
 70
     1
102
RTVSPropertyOp9
 70
     1
102
RTVSPropertyOp10
 70
     1
102
RTVSPropertyOp11
 70
     1
102
RTVSPropertyOp12
 70
     1
102
RTVSPropertyOp13
 70
     1
102
RTVSPropertyOp14
 70
     1
102
RTVSPropertyOp15
 70
     1
102
RTVSPropertyOp16
 70
     1
102
RTVSPropertyOp17
 70
     1
102
RTVSPropertyOp18
 70
     1
102
RTVSPropertyOp19
 70
     1
102
RTVSPropertyOp20
 70
     1
102
RTVSPropertyOp21
 70
     1
102
RTVSPropertyOp22
 70
     1
102
RTVSPropertyOp23
 70
     1
102
RTVSPropertyOp24
 70
     1
102
RTVSPropertyOp25
 70
     1
102
RTVSPropertyOp26
 70
     1
102
RTVSPropertyOp27
 70
     1
102
RTVSPropertyOp28
 70
     1
102
RTVSPropertyOp29
 70
     1
102
RTVSPropertyOp30
 70
     1
102
RTVSPropertyOp31
 70
     1
102
RTVSPropertyOp32
 70
     1
102
RTVSPropertyOp33
 70
     1
102
RTVSPropertyOp34
 70
     1
102
RTVSPropertyOp35
 70
     1
102
RTVSPropertyOp36
 70
     1
102
RTVSPropertyOp37
 70
     1
102
RTVSPropertyOp38
 70
     1
102
RTVSPropertyOp39
 70
     1
102
RTVSPropertyOp40
 70
     1
102
RTVSPropertyOp41
 70
     1
102
RTVSPropertyOp42
 70
     1
102
RTVSPropertyOp43
 70
     1
102
RTVSPropertyOp44
 70
     1
102
RTVSPropertyOp45
 70
     1
102
RTVSPropertyOp46
 70
     1
102
RTVSPropertyOp47
 70
     1
102
RTVSPropertyOp48
 70
     1
102
RTVSPropertyOp49
 70
     1
102
RTVSPropertyOp50
 70
     1
102
RTVSPropertyOp51
 70
     0
102
RTVSPropertyOp52
 70
     0
102
RTVSPropertyOp53
 70
     1
102
RTVSPropertyOp54
 70
     1
102
RTVSPropertyOp55
 70
     1
102
RTVSPropertyOp56
 70
     1
102
RTVSPropertyOp57
 70
     1
102
RTVSPost2010Prop28
280
     0
102
RTVSPost2010PropOp28
 70
     1
102
RTVSPost2010Prop29
280
     1
102
RTVSPost2010PropOp29
 70
     1
102
RTVSPost2010Prop30
280
     1
102
RTVSPost2010PropOp30
 70
     1
102
RTVSPost2010Prop31
280
     0
102
RTVSPost2010PropOp31
 70
     1
102
RTVSPost2010Prop32
280
     0
102
RTVSPost2010PropOp32
 70
     1
102
RTVSPost2010Prop33
280
     0
102
RTVSPost2010PropOp33
 70
     1
102
RTVSPost2010Prop34
280
     0
102
RTVSPost2010PropOp34
 70
     1
102
RTVSPost2010Prop35
280
     0
102
RTVSPost2010PropOp35
 70
     1
102
RTVSPost2010Prop36
280
     0
102
RTVSPost2010PropOp36
 70
     1
102
RTVSPost2010Prop37
 90
       50
102
RTVSPost2010PropOp37
 70
     1
102
RTVSPost2010Prop38
140
0.0
102
RTVSPost2010PropOp38
 70
     1
102
RTVSPost2010Prop39
140
1.0
102
RTVSPost2010PropOp39
 70
     1
102
RTVSPost2010Prop40
 90
        0
102
RTVSPost2010PropOp40
 70
     1
102
RTVSPost2010Prop41ColorIndex
 90
       18
102
RTVSPost2010Prop41ColorRGB
 90
        0
102
RTVSPost2010PropOp41
 70
     1
102
RTVSPost2010Prop42
 90
       50
102
RTVSPost2010PropOp42
 70
     1
102
RTVSPost2010Prop43
 90
        3
102
RTVSPost2010PropOp43
 70
     1
102
RTVSPost2010Prop44ColorIndex
 90
        5
102
RTVSPost2010Prop44ColorRGB
 90
      255
102
RTVSPost2010PropOp44
 70
     1
102
RTVSPost2010Prop45
280
     0
102
RTVSPost2010PropOp45
 70
     1
102
RTVSPost2010Prop46
 90
       50
102
RTVSPost2010PropOp46
 70
     1
102
RTVSPost2010Prop47
 90
       50
102
RTVSPost2010PropOp47
 70
     1
102
RTVSPost2010Prop48
 90
       50
102
RTVSPost2010PropOp48
 70
     1
102
RTVSPost2010Prop49
280
     0
102
RTVSPost2010PropOp49
 70
     1
102
RTVSPost2010Prop50
 90
       50
102
RTVSPost2010PropOp50
 70
     1
102
RTVSPost2010Prop51ColorIndex
 90
      256
102
RTVSPost2010Prop51ColorRGB
 90
-16777216
102
RTVSPost2010PropOp51
 70
     0
102
RTVSPost2010Prop52
140
1.0
102
RTVSPost2010PropOp52
 70
     0
102
RTVSPost2010Prop53
 90
        2
102
RTVSPost2010PropOp53
 70
     1
102
RTVSPost2010Prop54
  1
strokes_ogs.tif
102
RTVSPost2010PropOp54
 70
     1
102
RTVSPost2010Prop55
280
     0
102
RTVSPost2010PropOp55
 70
     1
102
RTVSPost2010Prop56
140
1.0
102
RTVSPost2010PropOp56
 70
     1
102
RTVSPost2010Prop57
140
1.0
102
RTVSPost2010PropOp57
 70
     1
  0
XRECORD
  5
3D9
102
{ACAD_REACTORS
330
3D8
102
}
330
3D8
100
AcDbXrecord
280
     1
102
RTVSPropertyOp0
 70
     1
102
RTVSPropertyOp1
 70
     1
102
RTVSPropertyOp2
 70
     1
102
RTVSPropertyOp3
 70
     1
102
RTVSPropertyOp4
 70
     1
102
RTVSPropertyOp5
 70
     1
102
RTVSPropertyOp6
 70
     1
102
RTVSPropertyOp7
 70
     1
102
RTVSPropertyOp8
 70
     1
102
RTVSPropertyOp9
 70
     1
102
RTVSPropertyOp10
 70
     1
102
RTVSPropertyOp11
 70
     1
102
RTVSPropertyOp12
 70
     1
102
RTVSPropertyOp13
 70
     1
102
RTVSPropertyOp14
 70
     1
102
RTVSPropertyOp15
 70
     1
102
RTVSPropertyOp16
 70
     1
102
RTVSPropertyOp17
 70
     1
102
RTVSPropertyOp18
 70
     1
102
RTVSPropertyOp19
 70
     1
102
RTVSPropertyOp20
 70
     1
102
RTVSPropertyOp21
 70
     1
102
RTVSPropertyOp22
 70
     1
102
RTVSPropertyOp23
 70
     1
102
RTVSPropertyOp24
 70
     1
102
RTVSPropertyOp25
 70
     1
102
RTVSPropertyOp26
 70
     1
102
RTVSPropertyOp27
 70
     1
102
RTVSPropertyOp28
 70
     1
102
RTVSPropertyOp29
 70
     1
102
RTVSPropertyOp30
 70
     1
102
RTVSPropertyOp31
 70
     1
102
RTVSPropertyOp32
 70
     1
102
RTVSPropertyOp33
 70
     1
102
RTVSPropertyOp34
 70
     1
102
RTVSPropertyOp35
 70
     1
102
RTVSPropertyOp36
 70
     1
102
RTVSPropertyOp37
 70
     1
102
RTVSPropertyOp38
 70
     1
102
RTVSPropertyOp39
 70
     1
102
RTVSPropertyOp40
 70
     1
102
RTVSPropertyOp41
 70
     1
102
RTVSPropertyOp42
 70
     1
102
RTVSPropertyOp43
 70
     1
102
RTVSPropertyOp44
 70
     1
102
RTVSPropertyOp45
 70
     1
102
RTVSPropertyOp46
 70
     1
102
RTVSPropertyOp47
 70
     1
102
RTVSPropertyOp48
 70
     1
102
RTVSPropertyOp49
 70
     1
102
RTVSPropertyOp50
 70
     1
102
RTVSPropertyOp51
 70
     0
102
RTVSPropertyOp52
 70
     0
102
RTVSPropertyOp53
 70
     1
102
RTVSPropertyOp54
 70
     1
102
RTVSPropertyOp55
 70
     1
102
RTVSPropertyOp56
 70
     1
102
RTVSPropertyOp57
 70
     1
102
RTVSPost2010Prop28
280
     0
102
RTVSPost2010PropOp28
 70
     1
102
RTVSPost2010Prop29
280
     1
102
RTVSPost2010PropOp29
 70
     1
102
RTVSPost2010Prop30
280
     1
102
RTVSPost2010PropOp30
 70
     1
102
RTVSPost2010Prop31
280
     0
102
RTVSPost2010PropOp31
 70
     1
102
RTVSPost2010Prop32
280
     0
102
RTVSPost2010PropOp32
 70
     1
102
RTVSPost2010Prop33
280
     0
102
RTVSPost2010PropOp33
 70
     1
102
RTVSPost2010Prop34
280
     0
102
RTVSPost2010PropOp34
 70
     1
102
RTVSPost2010Prop35
280
     0
102
RTVSPost2010PropOp35
 70
     1
102
RTVSPost2010Prop36
280
     0
102
RTVSPost2010PropOp36
 70
     1
102
RTVSPost2010Prop37
 90
       50
102
RTVSPost2010PropOp37
 70
     1
102
RTVSPost2010Prop38
140
0.0
102
RTVSPost2010PropOp38
 70
     1
102
RTVSPost2010Prop39
140
1.0
102
RTVSPost2010PropOp39
 70
     1
102
RTVSPost2010Prop40
 90
        0
102
RTVSPost2010PropOp40
 70
     1
102
RTVSPost2010Prop41ColorIndex
 90
       18
102
RTVSPost2010Prop41ColorRGB
 90
        0
102
RTVSPost2010PropOp41
 70
     1
102
RTVSPost2010Prop42
 90
       50
102
RTVSPost2010PropOp42
 70
     1
102
RTVSPost2010Prop43
 90
        3
102
RTVSPost2010PropOp43
 70
     1
102
RTVSPost2010Prop44ColorIndex
 90
        5
102
RTVSPost2010Prop44ColorRGB
 90
      255
102
RTVSPost2010PropOp44
 70
     1
102
RTVSPost2010Prop45
280
     0
102
RTVSPost2010PropOp45
 70
     1
102
RTVSPost2010Prop46
 90
       50
102
RTVSPost2010PropOp46
 70
     1
102
RTVSPost2010Prop47
 90
       50
102
RTVSPost2010PropOp47
 70
     1
102
RTVSPost2010Prop48
 90
       50
102
RTVSPost2010PropOp48
 70
     1
102
RTVSPost2010Prop49
280
     0
102
RTVSPost2010PropOp49
 70
     1
102
RTVSPost2010Prop50
 90
       50
102
RTVSPost2010PropOp50
 70
     1
102
RTVSPost2010Prop51ColorIndex
 90
      256
102
RTVSPost2010Prop51ColorRGB
 90
-16777216
102
RTVSPost2010PropOp51
 70
     0
102
RTVSPost2010Prop52
140
1.0
102
RTVSPost2010PropOp52
 70
     0
102
RTVSPost2010Prop53
 90
        2
102
RTVSPost2010PropOp53
 70
     1
102
RTVSPost2010Prop54
  1
strokes_ogs.tif
102
RTVSPost2010PropOp54
 70
     1
102
RTVSPost2010Prop55
280
     0
102
RTVSPost2010PropOp55
 70
     1
102
RTVSPost2010Prop56
140
1.0
102
RTVSPost2010PropOp56
 70
     1
102
RTVSPost2010Prop57
140
1.0
102
RTVSPost2010PropOp57
 70
     1
  0
XRECORD
  5
3D3
102
{ACAD_REACTORS
330
3D2
102
}
330
3D2
100
AcDbXrecord
280
     1
102
RTVSPropertyOp0
 70
     1
102
RTVSPropertyOp1
 70
     1
102
RTVSPropertyOp2
 70
     1
102
RTVSPropertyOp3
 70
     1
102
RTVSPropertyOp4
 70
     1
102
RTVSPropertyOp5
 70
     1
102
RTVSPropertyOp6
 70
     1
102
RTVSPropertyOp7
 70
     1
102
RTVSPropertyOp8
 70
     1
102
RTVSPropertyOp9
 70
     1
102
RTVSPropertyOp10
 70
     1
102
RTVSPropertyOp11
 70
     1
102
RTVSPropertyOp12
 70
     1
102
RTVSPropertyOp13
 70
     1
102
RTVSPropertyOp14
 70
     1
102
RTVSPropertyOp15
 70
     1
102
RTVSPropertyOp16
 70
     1
102
RTVSPropertyOp17
 70
     1
102
RTVSPropertyOp18
 70
     1
102
RTVSPropertyOp19
 70
     1
102
RTVSPropertyOp20
 70
     1
102
RTVSPropertyOp21
 70
     1
102
RTVSPropertyOp22
 70
     1
102
RTVSPropertyOp23
 70
     1
102
RTVSPropertyOp24
 70
     1
102
RTVSPropertyOp25
 70
     1
102
RTVSPropertyOp26
 70
     1
102
RTVSPropertyOp27
 70
     1
102
RTVSPropertyOp28
 70
     1
102
RTVSPropertyOp29
 70
     1
102
RTVSPropertyOp30
 70
     1
102
RTVSPropertyOp31
 70
     1
102
RTVSPropertyOp32
 70
     1
102
RTVSPropertyOp33
 70
     1
102
RTVSPropertyOp34
 70
     1
102
RTVSPropertyOp35
 70
     1
102
RTVSPropertyOp36
 70
     1
102
RTVSPropertyOp37
 70
     1
102
RTVSPropertyOp38
 70
     1
102
RTVSPropertyOp39
 70
     1
102
RTVSPropertyOp40
 70
     1
102
RTVSPropertyOp41
 70
     1
102
RTVSPropertyOp42
 70
     1
102
RTVSPropertyOp43
 70
     1
102
RTVSPropertyOp44
 70
     1
102
RTVSPropertyOp45
 70
     1
102
RTVSPropertyOp46
 70
     1
102
RTVSPropertyOp47
 70
     1
102
RTVSPropertyOp48
 70
     1
102
RTVSPropertyOp49
 70
     1
102
RTVSPropertyOp50
 70
     1
102
RTVSPropertyOp51
 70
     0
102
RTVSPropertyOp52
 70
     0
102
RTVSPropertyOp53
 70
     1
102
RTVSPropertyOp54
 70
     1
102
RTVSPropertyOp55
 70
     1
102
RTVSPropertyOp56
 70
     1
102
RTVSPropertyOp57
 70
     1
102
RTVSPost2010Prop28
280
     0
102
RTVSPost2010PropOp28
 70
     1
102
RTVSPost2010Prop29
280
     1
102
RTVSPost2010PropOp29
 70
     1
102
RTVSPost2010Prop30
280
     1
102
RTVSPost2010PropOp30
 70
     1
102
RTVSPost2010Prop31
280
     0
102
RTVSPost2010PropOp31
 70
     1
102
RTVSPost2010Prop32
280
     0
102
RTVSPost2010PropOp32
 70
     1
102
RTVSPost2010Prop33
280
     0
102
RTVSPost2010PropOp33
 70
     1
102
RTVSPost2010Prop34
280
     0
102
RTVSPost2010PropOp34
 70
     1
102
RTVSPost2010Prop35
280
     0
102
RTVSPost2010PropOp35
 70
     1
102
RTVSPost2010Prop36
280
     0
102
RTVSPost2010PropOp36
 70
     1
102
RTVSPost2010Prop37
 90
       50
102
RTVSPost2010PropOp37
 70
     1
102
RTVSPost2010Prop38
140
0.0
102
RTVSPost2010PropOp38
 70
     1
102
RTVSPost2010Prop39
140
1.0
102
RTVSPost2010PropOp39
 70
     1
102
RTVSPost2010Prop40
 90
        0
102
RTVSPost2010PropOp40
 70
     1
102
RTVSPost2010Prop41ColorIndex
 90
       18
102
RTVSPost2010Prop41ColorRGB
 90
        0
102
RTVSPost2010PropOp41
 70
     1
102
RTVSPost2010Prop42
 90
       50
102
RTVSPost2010PropOp42
 70
     1
102
RTVSPost2010Prop43
 90
        3
102
RTVSPost2010PropOp43
 70
     1
102
RTVSPost2010Prop44ColorIndex
 90
        5
102
RTVSPost2010Prop44ColorRGB
 90
      255
102
RTVSPost2010PropOp44
 70
     1
102
RTVSPost2010Prop45
280
     0
102
RTVSPost2010PropOp45
 70
     1
102
RTVSPost2010Prop46
 90
       50
102
RTVSPost2010PropOp46
 70
     1
102
RTVSPost2010Prop47
 90
       50
102
RTVSPost2010PropOp47
 70
     1
102
RTVSPost2010Prop48
 90
       50
102
RTVSPost2010PropOp48
 70
     1
102
RTVSPost2010Prop49
280
     0
102
RTVSPost2010PropOp49
 70
     1
102
RTVSPost2010Prop50
 90
       50
102
RTVSPost2010PropOp50
 70
     1
102
RTVSPost2010Prop51ColorIndex
 90
      256
102
RTVSPost2010Prop51ColorRGB
 90
-16777216
102
RTVSPost2010PropOp51
 70
     0
102
RTVSPost2010Prop52
140
1.0
102
RTVSPost2010PropOp52
 70
     0
102
RTVSPost2010Prop53
 90
        2
102
RTVSPost2010PropOp53
 70
     1
102
RTVSPost2010Prop54
  1
strokes_ogs.tif
102
RTVSPost2010PropOp54
 70
     1
102
RTVSPost2010Prop55
280
     0
102
RTVSPost2010PropOp55
 70
     1
102
RTVSPost2010Prop56
140
1.0
102
RTVSPost2010PropOp56
 70
     1
102
RTVSPost2010Prop57
140
1.0
102
RTVSPost2010PropOp57
 70
     1
  0
XRECORD
  5
3D5
102
{ACAD_REACTORS
330
3D4
102
}
330
3D4
100
AcDbXrecord
280
     1
102
RTVSPropertyOp0
 70
     1
102
RTVSPropertyOp1
 70
     1
102
RTVSPropertyOp2
 70
     1
102
RTVSPropertyOp3
 70
     1
102
RTVSPropertyOp4
 70
     1
102
RTVSPropertyOp5
 70
     1
102
RTVSPropertyOp6
 70
     1
102
RTVSPropertyOp7
 70
     1
102
RTVSPropertyOp8
 70
     1
102
RTVSPropertyOp9
 70
     1
102
RTVSPropertyOp10
 70
     1
102
RTVSPropertyOp11
 70
     1
102
RTVSPropertyOp12
 70
     1
102
RTVSPropertyOp13
 70
     1
102
RTVSPropertyOp14
 70
     1
102
RTVSPropertyOp15
 70
     1
102
RTVSPropertyOp16
 70
     1
102
RTVSPropertyOp17
 70
     1
102
RTVSPropertyOp18
 70
     1
102
RTVSPropertyOp19
 70
     1
102
RTVSPropertyOp20
 70
     1
102
RTVSPropertyOp21
 70
     1
102
RTVSPropertyOp22
 70
     1
102
RTVSPropertyOp23
 70
     1
102
RTVSPropertyOp24
 70
     1
102
RTVSPropertyOp25
 70
     1
102
RTVSPropertyOp26
 70
     1
102
RTVSPropertyOp27
 70
     1
102
RTVSPropertyOp28
 70
     1
102
RTVSPropertyOp29
 70
     1
102
RTVSPropertyOp30
 70
     1
102
RTVSPropertyOp31
 70
     1
102
RTVSPropertyOp32
 70
     1
102
RTVSPropertyOp33
 70
     1
102
RTVSPropertyOp34
 70
     1
102
RTVSPropertyOp35
 70
     1
102
RTVSPropertyOp36
 70
     1
102
RTVSPropertyOp37
 70
     1
102
RTVSPropertyOp38
 70
     1
102
RTVSPropertyOp39
 70
     1
102
RTVSPropertyOp40
 70
     1
102
RTVSPropertyOp41
 70
     1
102
RTVSPropertyOp42
 70
     1
102
RTVSPropertyOp43
 70
     1
102
RTVSPropertyOp44
 70
     1
102
RTVSPropertyOp45
 70
     1
102
RTVSPropertyOp46
 70
     1
102
RTVSPropertyOp47
 70
     1
102
RTVSPropertyOp48
 70
     1
102
RTVSPropertyOp49
 70
     1
102
RTVSPropertyOp50
 70
     1
102
RTVSPropertyOp51
 70
     0
102
RTVSPropertyOp52
 70
     0
102
RTVSPropertyOp53
 70
     1
102
RTVSPropertyOp54
 70
     1
102
RTVSPropertyOp55
 70
     1
102
RTVSPropertyOp56
 70
     1
102
RTVSPropertyOp57
 70
     1
102
RTVSPost2010Prop28
280
     0
102
RTVSPost2010PropOp28
 70
     1
102
RTVSPost2010Prop29
280
     1
102
RTVSPost2010PropOp29
 70
     1
102
RTVSPost2010Prop30
280
     1
102
RTVSPost2010PropOp30
 70
     1
102
RTVSPost2010Prop31
280
     0
102
RTVSPost2010PropOp31
 70
     1
102
RTVSPost2010Prop32
280
     0
102
RTVSPost2010PropOp32
 70
     1
102
RTVSPost2010Prop33
280
     0
102
RTVSPost2010PropOp33
 70
     1
102
RTVSPost2010Prop34
280
     0
102
RTVSPost2010PropOp34
 70
     1
102
RTVSPost2010Prop35
280
     0
102
RTVSPost2010PropOp35
 70
     1
102
RTVSPost2010Prop36
280
     0
102
RTVSPost2010PropOp36
 70
     1
102
RTVSPost2010Prop37
 90
       50
102
RTVSPost2010PropOp37
 70
     1
102
RTVSPost2010Prop38
140
0.0
102
RTVSPost2010PropOp38
 70
     1
102
RTVSPost2010Prop39
140
1.0
102
RTVSPost2010PropOp39
 70
     1
102
RTVSPost2010Prop40
 90
        0
102
RTVSPost2010PropOp40
 70
     1
102
RTVSPost2010Prop41ColorIndex
 90
       18
102
RTVSPost2010Prop41ColorRGB
 90
        0
102
RTVSPost2010PropOp41
 70
     1
102
RTVSPost2010Prop42
 90
       50
102
RTVSPost2010PropOp42
 70
     1
102
RTVSPost2010Prop43
 90
        3
102
RTVSPost2010PropOp43
 70
     1
102
RTVSPost2010Prop44ColorIndex
 90
        5
102
RTVSPost2010Prop44ColorRGB
 90
      255
102
RTVSPost2010PropOp44
 70
     1
102
RTVSPost2010Prop45
280
     0
102
RTVSPost2010PropOp45
 70
     1
102
RTVSPost2010Prop46
 90
       50
102
RTVSPost2010PropOp46
 70
     1
102
RTVSPost2010Prop47
 90
       50
102
RTVSPost2010PropOp47
 70
     1
102
RTVSPost2010Prop48
 90
       50
102
RTVSPost2010PropOp48
 70
     1
102
RTVSPost2010Prop49
280
     0
102
RTVSPost2010PropOp49
 70
     1
102
RTVSPost2010Prop50
 90
       50
102
RTVSPost2010PropOp50
 70
     1
102
RTVSPost2010Prop51ColorIndex
 90
      256
102
RTVSPost2010Prop51ColorRGB
 90
-16777216
102
RTVSPost2010PropOp51
 70
     0
102
RTVSPost2010Prop52
140
1.0
102
RTVSPost2010PropOp52
 70
     0
102
RTVSPost2010Prop53
 90
        2
102
RTVSPost2010PropOp53
 70
     1
102
RTVSPost2010Prop54
  1
strokes_ogs.tif
102
RTVSPost2010PropOp54
 70
     1
102
RTVSPost2010Prop55
280
     0
102
RTVSPost2010PropOp55
 70
     1
102
RTVSPost2010Prop56
140
1.0
102
RTVSPost2010PropOp56
 70
     1
102
RTVSPost2010Prop57
140
1.0
102
RTVSPost2010PropOp57
 70
     1
  0
XRECORD
  5
3C5
102
{ACAD_REACTORS
330
3C4
102
}
330
3C4
100
AcDbXrecord
280
     1
102
RTVSPropertyOp0
 70
     1
102
RTVSPropertyOp1
 70
     1
102
RTVSPropertyOp2
 70
     1
102
RTVSPropertyOp3
 70
     1
102
RTVSPropertyOp4
 70
     1
102
RTVSPropertyOp5
 70
     1
102
RTVSPropertyOp6
 70
     1
102
RTVSPropertyOp7
 70
     1
102
RTVSPropertyOp8
 70
     1
102
RTVSPropertyOp9
 70
     1
102
RTVSPropertyOp10
 70
     1
102
RTVSPropertyOp11
 70
     1
102
RTVSPropertyOp12
 70
     1
102
RTVSPropertyOp13
 70
     1
102
RTVSPropertyOp14
 70
     1
102
RTVSPropertyOp15
 70
     1
102
RTVSPropertyOp16
 70
     1
102
RTVSPropertyOp17
 70
     1
102
RTVSPropertyOp18
 70
     1
102
RTVSPropertyOp19
 70
     1
102
RTVSPropertyOp20
 70
     1
102
RTVSPropertyOp21
 70
     1
102
RTVSPropertyOp22
 70
     1
102
RTVSPropertyOp23
 70
     1
102
RTVSPropertyOp24
 70
     1
102
RTVSPropertyOp25
 70
     1
102
RTVSPropertyOp26
 70
     1
102
RTVSPropertyOp27
 70
     1
102
RTVSPropertyOp28
 70
     1
102
RTVSPropertyOp29
 70
     1
102
RTVSPropertyOp30
 70
     1
102
RTVSPropertyOp31
 70
     1
102
RTVSPropertyOp32
 70
     1
102
RTVSPropertyOp33
 70
     1
102
RTVSPropertyOp34
 70
     1
102
RTVSPropertyOp35
 70
     1
102
RTVSPropertyOp36
 70
     1
102
RTVSPropertyOp37
 70
     1
102
RTVSPropertyOp38
 70
     1
102
RTVSPropertyOp39
 70
     1
102
RTVSPropertyOp40
 70
     1
102
RTVSPropertyOp41
 70
     1
102
RTVSPropertyOp42
 70
     1
102
RTVSPropertyOp43
 70
     1
102
RTVSPropertyOp44
 70
     1
102
RTVSPropertyOp45
 70
     1
102
RTVSPropertyOp46
 70
     1
102
RTVSPropertyOp47
 70
     1
102
RTVSPropertyOp48
 70
     1
102
RTVSPropertyOp49
 70
     1
102
RTVSPropertyOp50
 70
     1
102
RTVSPropertyOp51
 70
     0
102
RTVSPropertyOp52
 70
     0
102
RTVSPropertyOp53
 70
     1
102
RTVSPropertyOp54
 70
     1
102
RTVSPropertyOp55
 70
     1
102
RTVSPropertyOp56
 70
     1
102
RTVSPropertyOp57
 70
     1
102
RTVSPost2010Prop28
280
     0
102
RTVSPost2010PropOp28
 70
     1
102
RTVSPost2010Prop29
280
     1
102
RTVSPost2010PropOp29
 70
     1
102
RTVSPost2010Prop30
280
     1
102
RTVSPost2010PropOp30
 70
     1
102
RTVSPost2010Prop31
280
     0
102
RTVSPost2010PropOp31
 70
     1
102
RTVSPost2010Prop32
280
     0
102
RTVSPost2010PropOp32
 70
     1
102
RTVSPost2010Prop33
280
     0
102
RTVSPost2010PropOp33
 70
     1
102
RTVSPost2010Prop34
280
     0
102
RTVSPost2010PropOp34
 70
     1
102
RTVSPost2010Prop35
280
     0
102
RTVSPost2010PropOp35
 70
     1
102
RTVSPost2010Prop36
280
     0
102
RTVSPost2010PropOp36
 70
     1
102
RTVSPost2010Prop37
 90
       50
102
RTVSPost2010PropOp37
 70
     1
102
RTVSPost2010Prop38
140
0.0
102
RTVSPost2010PropOp38
 70
     1
102
RTVSPost2010Prop39
140
1.0
102
RTVSPost2010PropOp39
 70
     1
102
RTVSPost2010Prop40
 90
        0
102
RTVSPost2010PropOp40
 70
     1
102
RTVSPost2010Prop41ColorIndex
 90
       18
102
RTVSPost2010Prop41ColorRGB
 90
        0
102
RTVSPost2010PropOp41
 70
     1
102
RTVSPost2010Prop42
 90
       50
102
RTVSPost2010PropOp42
 70
     1
102
RTVSPost2010Prop43
 90
        3
102
RTVSPost2010PropOp43
 70
     1
102
RTVSPost2010Prop44ColorIndex
 90
        5
102
RTVSPost2010Prop44ColorRGB
 90
      255
102
RTVSPost2010PropOp44
 70
     1
102
RTVSPost2010Prop45
280
     0
102
RTVSPost2010PropOp45
 70
     1
102
RTVSPost2010Prop46
 90
       50
102
RTVSPost2010PropOp46
 70
     1
102
RTVSPost2010Prop47
 90
       50
102
RTVSPost2010PropOp47
 70
     1
102
RTVSPost2010Prop48
 90
       50
102
RTVSPost2010PropOp48
 70
     1
102
RTVSPost2010Prop49
280
     0
102
RTVSPost2010PropOp49
 70
     1
102
RTVSPost2010Prop50
 90
       50
102
RTVSPost2010PropOp50
 70
     1
102
RTVSPost2010Prop51ColorIndex
 90
      256
102
RTVSPost2010Prop51ColorRGB
 90
-16777216
102
RTVSPost2010PropOp51
 70
     0
102
RTVSPost2010Prop52
140
1.0
102
RTVSPost2010PropOp52
 70
     0
102
RTVSPost2010Prop53
 90
        2
102
RTVSPost2010PropOp53
 70
     1
102
RTVSPost2010Prop54
  1
strokes_ogs.tif
102
RTVSPost2010PropOp54
 70
     1
102
RTVSPost2010Prop55
280
     0
102
RTVSPost2010PropOp55
 70
     1
102
RTVSPost2010Prop56
140
1.0
102
RTVSPost2010PropOp56
 70
     1
102
RTVSPost2010Prop57
140
1.0
102
RTVSPost2010PropOp57
 70
     1
  0
XRECORD
  5
3B7
102
{ACAD_REACTORS
330
3B6
102
}
330
3B6
100
AcDbXrecord
280
     1
102
RTVSPropertyOp0
 70
     1
102
RTVSPropertyOp1
 70
     1
102
RTVSPropertyOp2
 70
     1
102
RTVSPropertyOp3
 70
     1
102
RTVSPropertyOp4
 70
     1
102
RTVSPropertyOp5
 70
     1
102
RTVSPropertyOp6
 70
     1
102
RTVSPropertyOp7
 70
     1
102
RTVSPropertyOp8
 70
     1
102
RTVSPropertyOp9
 70
     1
102
RTVSPropertyOp10
 70
     1
102
RTVSPropertyOp11
 70
     1
102
RTVSPropertyOp12
 70
     1
102
RTVSPropertyOp13
 70
     1
102
RTVSPropertyOp14
 70
     1
102
RTVSPropertyOp15
 70
     1
102
RTVSPropertyOp16
 70
     1
102
RTVSPropertyOp17
 70
     1
102
RTVSPropertyOp18
 70
     1
102
RTVSPropertyOp19
 70
     1
102
RTVSPropertyOp20
 70
     1
102
RTVSPropertyOp21
 70
     1
102
RTVSPropertyOp22
 70
     1
102
RTVSPropertyOp23
 70
     1
102
RTVSPropertyOp24
 70
     1
102
RTVSPropertyOp25
 70
     1
102
RTVSPropertyOp26
 70
     1
102
RTVSPropertyOp27
 70
     1
102
RTVSPropertyOp28
 70
     1
102
RTVSPropertyOp29
 70
     1
102
RTVSPropertyOp30
 70
     1
102
RTVSPropertyOp31
 70
     1
102
RTVSPropertyOp32
 70
     1
102
RTVSPropertyOp33
 70
     1
102
RTVSPropertyOp34
 70
     1
102
RTVSPropertyOp35
 70
     1
102
RTVSPropertyOp36
 70
     1
102
RTVSPropertyOp37
 70
     1
102
RTVSPropertyOp38
 70
     1
102
RTVSPropertyOp39
 70
     1
102
RTVSPropertyOp40
 70
     1
102
RTVSPropertyOp41
 70
     1
102
RTVSPropertyOp42
 70
     1
102
RTVSPropertyOp43
 70
     1
102
RTVSPropertyOp44
 70
     1
102
RTVSPropertyOp45
 70
     1
102
RTVSPropertyOp46
 70
     1
102
RTVSPropertyOp47
 70
     1
102
RTVSPropertyOp48
 70
     1
102
RTVSPropertyOp49
 70
     1
102
RTVSPropertyOp50
 70
     1
102
RTVSPropertyOp51
 70
     0
102
RTVSPropertyOp52
 70
     0
102
RTVSPropertyOp53
 70
     1
102
RTVSPropertyOp54
 70
     1
102
RTVSPropertyOp55
 70
     1
102
RTVSPropertyOp56
 70
     1
102
RTVSPropertyOp57
 70
     1
102
RTVSPost2010Prop28
280
     0
102
RTVSPost2010PropOp28
 70
     1
102
RTVSPost2010Prop29
280
     1
102
RTVSPost2010PropOp29
 70
     1
102
RTVSPost2010Prop30
280
     1
102
RTVSPost2010PropOp30
 70
     1
102
RTVSPost2010Prop31
280
     0
102
RTVSPost2010PropOp31
 70
     1
102
RTVSPost2010Prop32
280
     0
102
RTVSPost2010PropOp32
 70
     1
102
RTVSPost2010Prop33
280
     0
102
RTVSPost2010PropOp33
 70
     1
102
RTVSPost2010Prop34
280
     0
102
RTVSPost2010PropOp34
 70
     1
102
RTVSPost2010Prop35
280
     0
102
RTVSPost2010PropOp35
 70
     1
102
RTVSPost2010Prop36
280
     0
102
RTVSPost2010PropOp36
 70
     1
102
RTVSPost2010Prop37
 90
       50
102
RTVSPost2010PropOp37
 70
     1
102
RTVSPost2010Prop38
140
0.0
102
RTVSPost2010PropOp38
 70
     1
102
RTVSPost2010Prop39
140
1.0
102
RTVSPost2010PropOp39
 70
     1
102
RTVSPost2010Prop40
 90
        0
102
RTVSPost2010PropOp40
 70
     1
102
RTVSPost2010Prop41ColorIndex
 90
       18
102
RTVSPost2010Prop41ColorRGB
 90
        0
102
RTVSPost2010PropOp41
 70
     1
102
RTVSPost2010Prop42
 90
       50
102
RTVSPost2010PropOp42
 70
     1
102
RTVSPost2010Prop43
 90
        3
102
RTVSPost2010PropOp43
 70
     1
102
RTVSPost2010Prop44ColorIndex
 90
        5
102
RTVSPost2010Prop44ColorRGB
 90
      255
102
RTVSPost2010PropOp44
 70
     1
102
RTVSPost2010Prop45
280
     0
102
RTVSPost2010PropOp45
 70
     1
102
RTVSPost2010Prop46
 90
       50
102
RTVSPost2010PropOp46
 70
     1
102
RTVSPost2010Prop47
 90
       50
102
RTVSPost2010PropOp47
 70
     1
102
RTVSPost2010Prop48
 90
       50
102
RTVSPost2010PropOp48
 70
     1
102
RTVSPost2010Prop49
280
     0
102
RTVSPost2010PropOp49
 70
     1
102
RTVSPost2010Prop50
 90
       50
102
RTVSPost2010PropOp50
 70
     1
102
RTVSPost2010Prop51ColorIndex
 90
      256
102
RTVSPost2010Prop51ColorRGB
 90
-16777216
102
RTVSPost2010PropOp51
 70
     0
102
RTVSPost2010Prop52
140
1.0
102
RTVSPost2010PropOp52
 70
     0
102
RTVSPost2010Prop53
 90
        2
102
RTVSPost2010PropOp53
 70
     1
102
RTVSPost2010Prop54
  1
strokes_ogs.tif
102
RTVSPost2010PropOp54
 70
     1
102
RTVSPost2010Prop55
280
     0
102
RTVSPost2010PropOp55
 70
     1
102
RTVSPost2010Prop56
140
1.0
102
RTVSPost2010PropOp56
 70
     1
102
RTVSPost2010Prop57
140
1.0
102
RTVSPost2010PropOp57
 70
     1
  0
XRECORD
  5
3D7
102
{ACAD_REACTORS
330
3D6
102
}
330
3D6
100
AcDbXrecord
280
     1
102
RTVSPropertyOp0
 70
     1
102
RTVSPropertyOp1
 70
     1
102
RTVSPropertyOp2
 70
     1
102
RTVSPropertyOp3
 70
     1
102
RTVSPropertyOp4
 70
     1
102
RTVSPropertyOp5
 70
     1
102
RTVSPropertyOp6
 70
     1
102
RTVSPropertyOp7
 70
     1
102
RTVSPropertyOp8
 70
     1
102
RTVSPropertyOp9
 70
     1
102
RTVSPropertyOp10
 70
     1
102
RTVSPropertyOp11
 70
     1
102
RTVSPropertyOp12
 70
     1
102
RTVSPropertyOp13
 70
     1
102
RTVSPropertyOp14
 70
     1
102
RTVSPropertyOp15
 70
     1
102
RTVSPropertyOp16
 70
     1
102
RTVSPropertyOp17
 70
     1
102
RTVSPropertyOp18
 70
     1
102
RTVSPropertyOp19
 70
     1
102
RTVSPropertyOp20
 70
     1
102
RTVSPropertyOp21
 70
     1
102
RTVSPropertyOp22
 70
     1
102
RTVSPropertyOp23
 70
     1
102
RTVSPropertyOp24
 70
     1
102
RTVSPropertyOp25
 70
     1
102
RTVSPropertyOp26
 70
     1
102
RTVSPropertyOp27
 70
     1
102
RTVSPropertyOp28
 70
     1
102
RTVSPropertyOp29
 70
     1
102
RTVSPropertyOp30
 70
     1
102
RTVSPropertyOp31
 70
     1
102
RTVSPropertyOp32
 70
     1
102
RTVSPropertyOp33
 70
     1
102
RTVSPropertyOp34
 70
     1
102
RTVSPropertyOp35
 70
     1
102
RTVSPropertyOp36
 70
     1
102
RTVSPropertyOp37
 70
     1
102
RTVSPropertyOp38
 70
     1
102
RTVSPropertyOp39
 70
     1
102
RTVSPropertyOp40
 70
     1
102
RTVSPropertyOp41
 70
     1
102
RTVSPropertyOp42
 70
     1
102
RTVSPropertyOp43
 70
     1
102
RTVSPropertyOp44
 70
     1
102
RTVSPropertyOp45
 70
     1
102
RTVSPropertyOp46
 70
     1
102
RTVSPropertyOp47
 70
     1
102
RTVSPropertyOp48
 70
     1
102
RTVSPropertyOp49
 70
     1
102
RTVSPropertyOp50
 70
     1
102
RTVSPropertyOp51
 70
     0
102
RTVSPropertyOp52
 70
     0
102
RTVSPropertyOp53
 70
     1
102
RTVSPropertyOp54
 70
     1
102
RTVSPropertyOp55
 70
     1
102
RTVSPropertyOp56
 70
     1
102
RTVSPropertyOp57
 70
     1
102
RTVSPost2010Prop28
280
     0
102
RTVSPost2010PropOp28
 70
     1
102
RTVSPost2010Prop29
280
     1
102
RTVSPost2010PropOp29
 70
     1
102
RTVSPost2010Prop30
280
     1
102
RTVSPost2010PropOp30
 70
     1
102
RTVSPost2010Prop31
280
     0
102
RTVSPost2010PropOp31
 70
     1
102
RTVSPost2010Prop32
280
     0
102
RTVSPost2010PropOp32
 70
     1
102
RTVSPost2010Prop33
280
     0
102
RTVSPost2010PropOp33
 70
     1
102
RTVSPost2010Prop34
280
     0
102
RTVSPost2010PropOp34
 70
     1
102
RTVSPost2010Prop35
280
     0
102
RTVSPost2010PropOp35
 70
     1
102
RTVSPost2010Prop36
280
     0
102
RTVSPost2010PropOp36
 70
     1
102
RTVSPost2010Prop37
 90
       50
102
RTVSPost2010PropOp37
 70
     1
102
RTVSPost2010Prop38
140
0.0
102
RTVSPost2010PropOp38
 70
     1
102
RTVSPost2010Prop39
140
1.0
102
RTVSPost2010PropOp39
 70
     1
102
RTVSPost2010Prop40
 90
        0
102
RTVSPost2010PropOp40
 70
     1
102
RTVSPost2010Prop41ColorIndex
 90
       18
102
RTVSPost2010Prop41ColorRGB
 90
        0
102
RTVSPost2010PropOp41
 70
     1
102
RTVSPost2010Prop42
 90
       50
102
RTVSPost2010PropOp42
 70
     1
102
RTVSPost2010Prop43
 90
        3
102
RTVSPost2010PropOp43
 70
     1
102
RTVSPost2010Prop44ColorIndex
 90
        5
102
RTVSPost2010Prop44ColorRGB
 90
      255
102
RTVSPost2010PropOp44
 70
     1
102
RTVSPost2010Prop45
280
     0
102
RTVSPost2010PropOp45
 70
     1
102
RTVSPost2010Prop46
 90
       50
102
RTVSPost2010PropOp46
 70
     1
102
RTVSPost2010Prop47
 90
       50
102
RTVSPost2010PropOp47
 70
     1
102
RTVSPost2010Prop48
 90
       50
102
RTVSPost2010PropOp48
 70
     1
102
RTVSPost2010Prop49
280
     0
102
RTVSPost2010PropOp49
 70
     1
102
RTVSPost2010Prop50
 90
       50
102
RTVSPost2010PropOp50
 70
     1
102
RTVSPost2010Prop51ColorIndex
 90
      256
102
RTVSPost2010Prop51ColorRGB
 90
-16777216
102
RTVSPost2010PropOp51
 70
     0
102
RTVSPost2010Prop52
140
1.0
102
RTVSPost2010PropOp52
 70
     0
102
RTVSPost2010Prop53
 90
        2
102
RTVSPost2010PropOp53
 70
     1
102
RTVSPost2010Prop54
  1
strokes_ogs.tif
102
RTVSPost2010PropOp54
 70
     1
102
RTVSPost2010Prop55
280
     0
102
RTVSPost2010PropOp55
 70
     1
102
RTVSPost2010Prop56
140
1.0
102
RTVSPost2010PropOp56
 70
     1
102
RTVSPost2010Prop57
140
1.0
102
RTVSPost2010PropOp57
 70
     1
  0
ENDSEC
  0
EOF
